{
    "per_fold": {
        "0": {
            "dice": {
                "mean": 0.708835868211807,
                "median": 0.7165746463261936,
                "std": 0.026926538676931205,
                "min": 0.6516100722350247,
                "max": 0.7659302677590145,
                "95%_CI_mean": [
                    0.6959064807947652,
                    0.7217652556288487
                ]
            },
            "iou": {
                "mean": 0.5496580229159879,
                "median": 0.558331576928109,
                "std": 0.03206052496025228,
                "min": 0.48325047437638863,
                "max": 0.6206539612388028,
                "95%_CI_mean": [
                    0.5342634357030397,
                    0.565052610128936
                ]
            },
            "precision": {
                "mean": 0.7402841310355175,
                "median": 0.7273810800014981,
                "std": 0.061994668297710616,
                "min": 0.6305931389546369,
                "max": 0.8697405510711871,
                "95%_CI_mean": [
                    0.7105159869071817,
                    0.7700522751638533
                ]
            },
            "recall": {
                "mean": 0.6841891418144117,
                "median": 0.6863356741478384,
                "std": 0.03518382183885827,
                "min": 0.6270662724861616,
                "max": 0.7508991698935293,
                "95%_CI_mean": [
                    0.6672948328642418,
                    0.7010834507645816
                ]
            },
            "accuracy": {
                "mean": 0.9483003015716441,
                "median": 0.9474536132812821,
                "std": 0.009424725253286277,
                "min": 0.927022094726607,
                "max": 0.9696173625223844,
                "95%_CI_mean": [
                    0.9437748062764277,
                    0.9528257968668605
                ]
            },
            "f1": {
                "mean": 0.7088353705376436,
                "median": 0.716574150728243,
                "std": 0.026926539748702804,
                "min": 0.651609572791989,
                "max": 0.7659297684572979,
                "95%_CI_mean": [
                    0.6959059826059664,
                    0.7217647584693208
                ]
            },
            "cldice": {
                "mean": 0.8086625527412246,
                "median": 0.8085032008622984,
                "std": 0.023295107346740153,
                "min": 0.7578971495859742,
                "max": 0.858319336079845,
                "95%_CI_mean": [
                    0.7974768793272993,
                    0.8198482261551499
                ]
            }
        },
        "1": {
            "dice": {
                "mean": 0.629981782958363,
                "median": 0.6174437048076591,
                "std": 0.04440277687991461,
                "min": 0.5547489238225793,
                "max": 0.7394519356244907,
                "95%_CI_mean": [
                    0.6086607839409612,
                    0.6513027819757649
                ]
            },
            "iou": {
                "mean": 0.461410150048306,
                "median": 0.44661489596354975,
                "std": 0.04865241288171054,
                "min": 0.3838425952197408,
                "max": 0.5866114561774446,
                "95%_CI_mean": [
                    0.4380485920527203,
                    0.4847717080438917
                ]
            },
            "precision": {
                "mean": 0.504822692450108,
                "median": 0.4842575848771501,
                "std": 0.056016973200916656,
                "min": 0.42355751359242855,
                "max": 0.6425487836528182,
                "95%_CI_mean": [
                    0.47792487401400885,
                    0.5317205108862072
                ]
            },
            "recall": {
                "mean": 0.8436495857795183,
                "median": 0.8436203018701618,
                "std": 0.023323614165860013,
                "min": 0.8036775540717515,
                "max": 0.8774735719275912,
                "95%_CI_mean": [
                    0.8324502241707289,
                    0.8548489473883077
                ]
            },
            "accuracy": {
                "mean": 0.9077884666756078,
                "median": 0.9027615356445906,
                "std": 0.020104101135259702,
                "min": 0.8773980712891374,
                "max": 0.9581099246383202,
                "95%_CI_mean": [
                    0.8981350271686631,
                    0.9174419061825524
                ]
            },
            "f1": {
                "mean": 0.6299813162241401,
                "median": 0.6174432429901758,
                "std": 0.04440276624020532,
                "min": 0.5547484717925084,
                "max": 0.7394514469970348,
                "95%_CI_mean": [
                    0.6086603223156357,
                    0.6513023101326445
                ]
            },
            "cldice": {
                "mean": 0.8016497108539854,
                "median": 0.7938570092533859,
                "std": 0.026233435247593286,
                "min": 0.7671951915801013,
                "max": 0.8741526898789217,
                "95%_CI_mean": [
                    0.7890531327469522,
                    0.8142462889610186
                ]
            }
        },
        "2": {
            "dice": {
                "mean": 0.7056334496007796,
                "median": 0.709902459040681,
                "std": 0.030658968796831804,
                "min": 0.634740338165354,
                "max": 0.7608404673807854,
                "95%_CI_mean": [
                    0.6909118513241751,
                    0.720355047877384
                ]
            },
            "iou": {
                "mean": 0.5460171498104424,
                "median": 0.5502725811931325,
                "std": 0.036320161267243065,
                "min": 0.4649227952095214,
                "max": 0.6139971870878953,
                "95%_CI_mean": [
                    0.5285772017462695,
                    0.5634570978746152
                ]
            },
            "precision": {
                "mean": 0.6729876340752401,
                "median": 0.6559552984147892,
                "std": 0.06240732644804313,
                "min": 0.5590908849162047,
                "max": 0.804588759022837,
                "95%_CI_mean": [
                    0.6430213427895416,
                    0.7029539253609386
                ]
            },
            "recall": {
                "mean": 0.7471467664899467,
                "median": 0.7510886508651693,
                "std": 0.034570106062051194,
                "min": 0.6897089371206302,
                "max": 0.8085827988470892,
                "95%_CI_mean": [
                    0.7305471470703361,
                    0.7637463859095573
                ]
            },
            "accuracy": {
                "mean": 0.9424311759389047,
                "median": 0.9415899658203482,
                "std": 0.011562571214304802,
                "min": 0.9187597656250496,
                "max": 0.9690314344728369,
                "95%_CI_mean": [
                    0.9368791454844683,
                    0.9479832063933411
                ]
            },
            "f1": {
                "mean": 0.7056329527812897,
                "median": 0.7099019612058896,
                "std": 0.030658967118175763,
                "min": 0.63473984732096,
                "max": 0.7608399688596987,
                "95%_CI_mean": [
                    0.69091135531073,
                    0.7203545502518494
                ]
            },
            "cldice": {
                "mean": 0.8258737243858926,
                "median": 0.8269807445497585,