{
    "per_fold": {
        "0": {
            "dice": {
                "mean": 0.35240404503880046,
                "median": 0.3571499587273018,
                "std": 0.014497261002514472,
                "min": 0.32242899879998943,
                "max": 0.3707351389444491,
                "95%_CI_mean": [
                    0.34544285681344317,
                    0.35936523326415776
                ]
            },
            "iou": {
                "mean": 0.2139831006233738,
                "median": 0.21739657576509303,
                "std": 0.010598615341641087,
                "min": 0.19219991200049252,
                "max": 0.22754749569231766,
                "95%_CI_mean": [
                    0.208893935414268,
                    0.2190722658324796
                ]
            },
            "precision": {
                "mean": 0.22649571652602565,
                "median": 0.22795409254014098,
                "std": 0.008464345805562067,
                "min": 0.2042719788219901,
                "max": 0.2362638132293693,
                "95%_CI_mean": [
                    0.22243136917470108,
                    0.23056006387735023
                ]
            },
            "recall": {
                "mean": 0.7954101323422702,
                "median": 0.8147801400026256,
                "std": 0.0546519884960825,
                "min": 0.6470588235384072,
                "max": 0.8655683854337265,
                "95%_CI_mean": [
                    0.769167742228351,
                    0.8216525224561894
                ]
            },
            "accuracy": {
                "mean": 0.9660295941375237,
                "median": 0.9641488647461156,
                "std": 0.0070763731846154344,
                "min": 0.95487854003909,
                "max": 0.9833685268181189,
                "95%_CI_mean": [
                    0.9626317132769642,
                    0.9694274749980831
                ]
            },
            "f1": {
                "mean": 0.35240369969520724,
                "median": 0.3571496221739477,
                "std": 0.014497265535225852,
                "min": 0.3224286410933103,
                "max": 0.37073480236384937,
                "95%_CI_mean": [
                    0.34544250929336595,
                    0.35936489009704853
                ]
            },
            "cldice": {
                "mean": 0.6384475852468403,
                "median": 0.6586713564560587,
                "std": 0.04944184970965021,
                "min": 0.5263662054337167,
                "max": 0.6993235927536731,
                "95%_CI_mean": [
                    0.6147069612780088,
                    0.6621882092156718
                ]
            }
        },
        "1": {
            "dice": {
                "mean": 0.35694165422201085,
                "median": 0.3620005148619274,
                "std": 0.012402367584213004,
                "min": 0.3291851331032931,
                "max": 0.3743120846997479,
                "95%_CI_mean": [
                    0.35098637651963643,
                    0.36289693192438527
                ]
            },
            "iou": {
                "mean": 0.2173111685830776,
                "median": 0.2210016206560413,
                "std": 0.009133551977776792,
                "min": 0.19702071105109073,
                "max": 0.23024842664153367,
                "95%_CI_mean": [
                    0.21292548673101183,
                    0.2216968504351434
                ]
            },
            "precision": {
                "mean": 0.23024602465638422,
                "median": 0.2322244488619962,
                "std": 0.007105431716601867,
                "min": 0.20801711941242074,
                "max": 0.23883673947253564,
                "95%_CI_mean": [
                    0.2268341906835317,
                    0.23365785862923674
                ]
            },
            "recall": {
                "mean": 0.7960970751091286,
                "median": 0.8130752382642057,
                "std": 0.05413443949811119,
                "min": 0.6464216535924554,
                "max": 0.8649213617427374,
                "95%_CI_mean": [
                    0.770103197868786,
                    0.8220909523494713
                ]
            },
            "accuracy": {
                "mean": 0.966610351902145,
                "median": 0.9645233154297091,
                "std": 0.007115326602133203,
                "min": 0.9557489013672145,
                "max": 0.9836085683093853,
                "95%_CI_mean": [
                    0.9631937666758909,
                    0.970026937128399
                ]
            },
            "f1": {
                "mean": 0.3569413058750621,
                "median": 0.36200016342528046,
                "std": 0.01240237283085378,
                "min": 0.32918480275747247,
                "max": 0.3743117455816862,
                "95%_CI_mean": [
                    0.3509860256533943,
                    0.3628965860967299
                ]
            },
            "cldice": {
                "mean": 0.6462706362560178,
                "median": 0.6600298733618737,
                "std": 0.050379579436740055,
                "min": 0.5227319053454277,
                "max": 0.712141147121649,
                "95%_CI_mean": [
                    0.6220797401196607,
                    0.6704615323923748
                ]
            }
        },
        "2": {
            "dice": {
                "mean": 0.3526897305485607,
                "median": 0.35521621319402064,
                "std": 0.011872192917833816,
                "min": 0.32005585555930627,
                "max": 0.36818436730222964,
                "95%_CI_mean": [
                    0.3469890282204133,
                    0.3583904328767081
                ]
            },
            "iou": {
                "mean": 0.21416297591312553,
                "median": 0.21596534564310638,
                "std": 0.008687798099899046,
                "min": 0.19051577198301262,
                "max": 0.22562865554960346,
                "95%_CI_mean": [
                    0.2099913328816033,
                    0.21833461894464776
                ]
            },
            "precision": {
                "mean": 0.22709619842932907,
                "median": 0.23020832254332324,
                "std": 0.007884179958139049,
                "min": 0.19988519324848064,
                "max": 0.23498383296932399,
                "95%_CI_mean": [
                    0.22331043085008245,
                    0.2308819660085757
                ]
            },
            "recall": {
                "mean": 0.7964563305772729,
                "median": 0.8225926339948446,
                "std": 0.07353180173427702,
                "min": 0.6110459781932143,
                "max": 0.8684358853983826,
                "95%_CI_mean": [
                    0.7611483705196335,
                    0.8317642906349124
                ]
            },
            "accuracy": {
                "mean": 0.9657203456099754,
                "median": 0.9636303710937721,
                "std": 0.008211756427190485,
                "min": 0.9530426025390911,
                "max": 0.9851113792519504,
                "95%_CI_mean": [
                    0.9617772847696867,
                    0.9696634064502642
                ]
            },
            "f1": {
                "mean": 0.3526893846347373,
                "median": 0.3552158678500894,
                "std": 0.011872199114414936,
                "min": 0.3200555362854041,
                "max": 0.36818403250902887,
                "95%_CI_mean": [
                    0.3469886793311611,
                    0.3583900899383135
                ]
            },
            "cldice": {
                "mean": 0.6483597155592689,