image,dice_hemorrhages,recall_hemorrhages,dice_microaneurysms,recall_microaneurysms,dice_hard_exudates,recall_hard_exudates,dice_soft_exudates,recall_soft_exudates
IDRiD_01_0_1024,0.3620610655210478,0.9999999999769904,,,,,,
IDRiD_01_0_2048,0.0,0.0,,,,,,
IDRiD_01_0_2560,0.46640073640790425,0.5006587614953453,0.4393358875556404,0.281505728268166,,,,
IDRiD_01_1024_1024,,,,,0.768567639244553,0.7333122429378895,,
IDRiD_01_1024_1536,,,,,0.5427907807657175,0.5378895183945507,,
IDRiD_01_1024_2048,,,0.612224938845368,0.48715953303601867,0.20357244116235973,0.1147331415751124,,
IDRiD_01_1024_2560,0.6176284083311586,0.46871992295777476,0.0,0.0,0.0,0.0,,
IDRiD_01_1024_512,0.3644859812871211,0.2228571428412245,,,0.0,0.0,,
IDRiD_01_1536_1024,0.8915614351528784,0.87688516509732,0.0,0.0,0.6125425376613384,0.5076551168208037,,
IDRiD_01_1536_1536,,,,,0.18207282910615227,0.1001540831894986,,
IDRiD_01_1536_2048,,,0.012644889355885681,0.006362672321700671,0.6099628252765429,0.4517869926733202,,
IDRiD_01_1536_2560,,,,,0.0,0.0,,
IDRiD_01_1536_512,0.0,0.0,0.0,0.0,0.0,0.0,,
IDRiD_01_2048_1024,0.8424370951977851,0.7277678748194912,0.0,0.0,0.7318671034091542,0.7374575631697953,,
IDRiD_01_2048_1536,,,,,0.8131448592465551,0.9138108944717656,,
IDRiD_01_2048_2048,,,0.3978494623442016,0.2525597269452178,0.7605308853341584,0.9272221235242281,,
IDRiD_01_2048_3072,,,0.0,0.0,,,,
IDRiD_01_512_1024,,,0.0,0.0,0.8168940188770082,0.9229401303816557,,
IDRiD_01_512_1536,0.0,0.0,,,0.69677277232408,0.7190270515862918,,
IDRiD_01_512_2048,0.0,0.0,0.0,0.0,0.5643396864715874,0.42114122200940685,,
IDRiD_01_512_2560,0.32024539875335917,0.19065010955510225,,,,,,
IDRiD_02_0_1536,,,,,0.18637306525951217,0.10310734463094796,,
IDRiD_02_0_2048,0.0,0.0,,,0.0,0.0,,
IDRiD_02_0_2560,,,,,0.0,0.0,,
IDRiD_02_0_3072,,,,,0.0,0.0,,
IDRiD_02_1024_1024,,,,,0.0,0.0,,
IDRiD_02_1024_1536,,,,,0.09479768785031241,0.049757281547359554,,
IDRiD_02_1024_2048,0.0,0.0,0.43811303127332496,0.38442622947668637,0.42541877159764135,0.2720163209746342,,
IDRiD_02_1024_2560,0.0,0.0,0.5414154236578415,0.5242778118915625,0.7406789755799675,0.6255323429787305,,
IDRiD_02_1024_3072,0.0,0.0,0.0,0.0,0.6091322017617842,0.4545130217542898,,
IDRiD_02_1024_512,,,,,0.0,0.0,,
IDRiD_02_1536_1024,,,0.0067453625621002765,0.0034013605436392248,,,,
IDRiD_02_1536_1536,0.017158774373211255,0.2675933970227981,0.5726744185214137,0.42919389968862875,0.0,0.0,,
IDRiD_02_1536_2048,0.0,0.0,0.0987166831097022,0.10309278348389839,0.7522167487499454,0.6286537669564161,,
IDRiD_02_1536_2560,0.0,0.0,0.0,0.0,0.7233033597263828,0.602092876026507,,
IDRiD_02_1536_3072,0.02363783626510892,0.7099669343075122,0.5355575065377034,0.3683574878782177,0.04709800190182926,0.024116930571885093,,
IDRiD_02_2048_1024,,,,,0.0,0.0,,
IDRiD_02_2048_1536,0.0,0.0,0.6068052929483171,0.9846625763850727,0.0,0.0,,
IDRiD_02_2048_2048,0.0,0.0,0.0,0.0,,,,
IDRiD_02_2048_2560,,,,,0.18531468528228764,0.10728744937099444,,
IDRiD_02_2048_3072,,,0.5754583920203867,0.4700460828410032,0.0,0.0,,
IDRiD_02_2048_512,,,,,0.6726457398349052,0.5163511186718845,,
IDRiD_02_512_1024,,,0.7358778624830721,0.9305019301426632,0.6804123704325646,0.515624999194336,,
IDRiD_02_512_1536,,,0.40070796458758556,0.9999999998233217,0.7214130434743401,0.5867739368704201,,
IDRiD_02_512_2048,0.6673580502895079,0.5963855421548567,0.42551293486059266,0.41120689651627523,0.8068916928149177,0.7522092190022425,,
IDRiD_02_512_2560,,,0.0,0.0,0.0,0.0,,
IDRiD_02_512_3072,,,,,0.22913719940181937,0.1293929712253366,,
IDRiD_03_0_1024,0.0,0.0,,,0.4147894221250052,0.2637807536510813,,
IDRiD_03_0_1536,0.0,0.0,0.0,0.0,0.46767926526076725,0.30833721470385017,,
IDRiD_03_0_2048,0.11240073304139274,0.06178643384407075,0.0,0.0,0.7376681613936285,0.6081330868199507,,
IDRiD_03_0_2560,0.6769017019775029,0.5884413309946951,0.11811023620884742,0.06818181817407025,0.16828478958955184,0.09318996412430466,,
IDRiD_03_0_512,,,,,0.0,0.0,,
IDRiD_03_1024_0,0.0,0.0,,,,,,
IDRiD_03_1024_1024,0.2856492027269784,0.3260530421047294,0.5717592591930835,0.533477321699033,0.6365875503782781,0.48885195162211925,,
IDRiD_03_1024_1536,0.8286246952412358,0.7373660030439672,0.0,0.0,0.8558597018486229,0.8473086286163658,,
IDRiD_03_1024_2048,0.21963888201287068,0.12982456139971274,0.45956079269097155,0.3749999999672203,0.717993940214539,0.6203891841176133,,
IDRiD_03_1024_2560,0.0,0.0,0.0,0.0,0.6283387500443485,0.4680803695638221,,
IDRiD_03_1024_3072,0.2911454102332157,0.17048806012586348,0.0,0.0,0.11041405268376235,0.05843293491919881,,
IDRiD_03_1536_1024,0.0,0.0,0.3475562451243168,0.2390608324184567,0.5284572535658941,0.3800731579797932,,
IDRiD_03_1536_1536,0.15647226172429074,0.1078431372443291,0.44790547795661084,0.3610389610077022,0.7535866780513374,0.6220788833646256,,
IDRiD_03_1536_2048,0.583770441203833,0.4623655913752509,0.24619640383870037,0.16824196594173121,0.8376377363305876,0.7844501821028599,,
IDRiD_03_1536_2560,0.4594419767973632,0.30740377401865426,0.09449929477471795,0.15839243495073463,0.7438186108527141,0.614849679851525,,
IDRiD_03_1536_3072,,,0.0,0.0,0.0,0.0,,
IDRiD_03_2048_0,,,0.0,0.0,,,,
IDRiD_03_2048_1024,0.7681393551994378,0.811235843920621,0.1672727272119008,0.09349593492134312,0.0,0.0,,
IDRiD_03_2048_1536,0.12933223412982908,0.06913693414162622,,,0.6230964466974663,0.49426978472592326,,
IDRiD_03_2048_2048,,,0.0,0.0,0.6561198063244222,0.5027610008584749,,
IDRiD_03_2048_2560,0.0,0.0,0.4474576269669635,0.4680851060510035,0.31405735777352944,0.1977501480107238,,
IDRiD_03_2048_3072,0.7599902335740214,0.8879802205993157,,,,,,
IDRiD_03_512_0,0.0,0.0,0.0,0.0,0.0,0.0,,
IDRiD_03_512_1024,,,0.0,0.0,0.6826889585272488,0.5900060204340755,,
IDRiD_03_512_1536,0.5655976676281779,0.6288492706390256,0.0,0.0,0.6135782026146802,0.46344513927841446,,
IDRiD_03_512_2048,0.0,0.0,0.0,0.0,0.7027272727208842,0.712573746299547,,
IDRiD_03_512_2560,0.7908363833429465,0.663105251178379,0.5368663593851537,0.517777777662716,0.6603828027252054,0.5394406033856154,,
IDRiD_03_512_3072,0.0,0.0,0.13883677295706628,0.0852534562015545,0.3531844499440371,0.22461862176619574,,
IDRiD_03_512_512,0.3880046136011994,0.4536138079582732,0.35676492816653327,0.4370370369561043,0.0,0.0,,
IDRiD_04_0_1024,,,,,0.5951674438069027,0.6358695651597944,,
IDRiD_04_1024_0,,,,,0.8495934957622777,0.9457013570381442,,
IDRiD_04_1024_1024,0.7609007164712293,0.9970493561964311,0.0,0.0,0.0,0.0,,
IDRiD_04_1024_2560,,,,,0.6787072242700848,0.8341121493378242,,
IDRiD_04_1024_3072,,,,,0.0,0.0,,
IDRiD_04_1024_3584,,,,,0.0,0.0,,
IDRiD_04_1536_1024,0.6746893650261746,0.5094562647678863,,,,,,
IDRiD_04_1536_2560,,,0.47854077248084326,0.9999999995515695,,,,
IDRiD_04_1536_512,0.8275660850742396,0.7341339683121012,0.0,0.0,0.7590759073402389,0.7718120800189181,,
IDRiD_04_2048_512,0.41439886845798135,0.7830549244934303,,,,,,
IDRiD_04_512_1024,,,,,0.4365432098549855,0.31459074730857006,,
IDRiD_04_512_1536,,,,,0.0,0.0,,
IDRiD_04_512_2560,,,,,0.7981220656027979,0.9550561794175819,,
IDRiD_04_512_3072,0.03872623868632028,0.48262548259886234,,,0.5649717510932363,0.39999999968,,
IDRiD_04_512_3584,,,,,0.612244897334444,0.4545454538567493,,
IDRiD_04_512_512,,,,,0.0,0.0,,
IDRiD_05_0_512,0.23995218885223402,0.9999999999377335,0.0,0.0,,,,
IDRiD_05_1024_1024,,,,,0.6051547604965851,0.47593483893972727,,
IDRiD_05_1024_1536,,,0.0,0.0,0.8216286083407663,0.8209212225216995,,
IDRiD_05_1024_2048,0.0,0.0,0.0,0.0,,,,
IDRiD_05_1024_512,,,0.0,0.0,,,,
IDRiD_05_1536_1024,0.0,0.0,0.0,0.0,0.5220500595325328,0.39317773781091964,,
IDRiD_05_1536_1536,,,,,0.0,0.0,,
IDRiD_05_1536_512,0.0,0.0,0.0,0.0,,,,
IDRiD_05_2048_1024,,,0.0,0.0,,,,
IDRiD_05_2048_1536,,,0.0,0.0,,,,
IDRiD_05_2048_512,0.04347826086953082,0.99999999996361,,,,,,
IDRiD_05_512_1536,,,0.20666666659777777,0.11524163564489158,,,,
IDRiD_06_0_1536,0.46589535485294603,0.36439762289669375,0.0,0.0,,,,
IDRiD_06_0_2048,0.8172383242575798,0.773478677518286,0.0,0.0,,,,
IDRiD_06_0_2560,0.36586550827251046,0.9806955722233692,,,0.0,0.0,,
IDRiD_06_0_3072,,,0.0,0.0,,,,
IDRiD_06_0_512,,,0.0,0.0,0.0,0.0,,
IDRiD_06_1024_1024,,,0.3648732219935143,0.22674865486343207,0.6011652161360773,0.42998250848410347,,
IDRiD_06_1024_1536,,,,,0.7475375842362333,0.6043024771782054,,
IDRiD_06_1024_512,0.0,0.0,0.19917012447214524,0.12485549132226269,,,,
IDRiD_06_1536_0,,,,,0.0,0.0,,
IDRiD_06_1536_1024,0.0,0.0,,,,,,
IDRiD_06_1536_512,,,0.0,0.0,0.20523138828868584,0.1143497757591144,,
IDRiD_06_2048_512,,,0.0,0.0,,,,
IDRiD_06_512_0,,,0.0,0.0,,,,
IDRiD_06_512_1024,0.0,0.0,0.0,0.0,0.6000254032751174,0.4296889212278075,,
IDRiD_06_512_1536,0.0,0.0,,,0.4295608605921783,0.27409496943794925,,
IDRiD_06_512_2048,0.13745338305074836,0.07379862699806644,0.0,0.0,0.0,0.0,,
IDRiD_06_512_3072,,,0.0,0.0,,,,
IDRiD_06_512_512,0.0,0.0,0.0,0.0,0.250135943440725,0.1476725521621935,,
IDRiD_07_0_1024,,,0.4341736694069785,0.28650646944796554,0.6932599723943247,0.9230769227387996,,
IDRiD_07_0_1536,0.2873873873809147,0.2651704073040245,,,0.44239631326212064,0.9696969687174779,,
IDRiD_07_0_2048,0.0982503364671433,0.05166312809259284,0.21484555093523075,0.23230309070465574,0.18975332066510878,0.37453183506571835,,
IDRiD_07_0_512,0.9254538431469505,0.9173047472498235,,,,,,
IDRiD_07_1024_0,,,,,0.0,0.0,,
IDRiD_07_1024_1024,,,0.0,0.0,0.5480243161010939,0.44050818469483244,,
IDRiD_07_1024_1536,,,,,0.426503506932898,0.2969659185308195,,
IDRiD_07_1024_2048,0.0,0.0,,,0.019569471620436502,0.01201923076634153,,
IDRiD_07_1024_2560,,,0.7633027522235502,0.8507157462472974,,,,
IDRiD_07_1024_512,,,0.2540540540426102,0.16957306072341713,0.7883523895633103,0.7939032471704125,,
IDRiD_07_1536_0,,,0.0,0.0,0.7379165415680289,0.6588046100064646,,
IDRiD_07_1536_1024,,,,,0.6394222300482675,0.5531850045675618,,
IDRiD_07_1536_1536,,,0.6833976832657533,0.5379939208091203,0.8915473736158257,0.8724214354694765,,
IDRiD_07_1536_2048,0.0,0.0,,,0.8223717187698876,0.7804316258561907,,
IDRiD_07_1536_2560,,,0.0,0.0,0.22300012637403893,0.6881141787498977,,
IDRiD_07_1536_512,0.0,0.0,0.20411160057238534,0.17097170969606745,0.4119534019852785,0.5490549054658391,,
IDRiD_07_2048_0,,,,,0.0,0.0,,
IDRiD_07_2048_1024,,,,,0.7093905309780437,0.6663390663063223,,
IDRiD_07_2048_1536,,,,,0.7610289443541084,0.738829918532553,,
IDRiD_07_2048_2048,0.4109877387759249,0.6537753222726641,0.29428571426469385,0.21525600833696384,0.8040438803957405,0.7886075949200716,,
IDRiD_07_2048_512,0.8214894134776011,0.772956262871846,0.1375565610797486,0.07450980391791619,0.6782776971346834,0.5462337662195783,,
IDRiD_07_512_0,,,0.0,0.0,0.009569377985851972,0.004807692305380917,,
IDRiD_07_512_1024,,,0.0,0.0,,,,
IDRiD_07_512_1536,,,0.6469453376067107,0.665050683091007,0.7239459028859231,0.6509298997638155,,
IDRiD_07_512_2048,0.0,0.0,0.0,0.0,,,,
IDRiD_07_512_2560,0.26226781257936604,0.15523465703461653,,,,,,
IDRiD_07_512_512,,,0.375652173880378,0.34394904453121833,,,,
IDRiD_08_0_1024,0.2898972270671912,0.16973206176010747,,,,,,
IDRiD_08_0_1536,0.6950056327424146,0.6548722666431613,0.0,0.0,,,,
IDRiD_08_1024_1024,0.4066418749424315,0.6605788142551116,0.4153846153555675,0.29376854596500807,0.7588361647967421,0.8647085001840362,,
IDRiD_08_1024_1536,0.6663949792104784,0.7907156672961178,0.0,0.0,0.16192560171511475,0.08980582522092091,0.7292363566831398,0.8994106090302599
IDRiD_08_1024_2048,,,,,0.4944084755697098,0.33303126415572004,,
IDRiD_08_1024_2560,,,,,0.0,0.0,,
IDRiD_08_1024_512,0.7190295678435326,0.7718098958082094,,,0.7450381678820581,0.7960848285813892,,
IDRiD_08_1536_1024,,,,,0.5348258705802456,0.494252873449597,,
IDRiD_08_1536_1536,0.6597222222094962,0.6942752740278411,,,0.8559562016154808,0.8190028901586163,,
IDRiD_08_1536_2048,,,,,0.3712632593842207,0.22794552988585282,,
IDRiD_08_512_1024,,,0.0,0.0,,,,
IDRiD_08_512_1536,,,0.0,0.0,0.0,0.0,0.8478615071254315,0.7553526067451594
IDRiD_08_512_2048,,,0.0,0.0,,,0.19833564493562178,0.11023015086322838
IDRiD_08_512_512,,,0.0,0.0,,,,
IDRiD_09_0_1024,0.4530169914799401,0.3279948337079238,,,,,,
IDRiD_09_0_1536,,,0.0,0.0,,,,
IDRiD_09_0_2560,,,0.0,0.0,,,,
IDRiD_09_0_3072,,,0.0,0.0,,,,
IDRiD_09_0_512,0.29253409906413735,0.2774468085059158,,,,,,
IDRiD_09_1024_1024,0.0,0.0,0.11206077872478488,0.0599441198867172,0.7640294676195003,0.744589977217928,,
IDRiD_09_1024_1536,0.8294332117943027,0.7436110780845879,,,0.8378023402578738,0.8953153481573181,,
IDRiD_09_1024_2048,0.29266803997640445,0.38873125252556284,0.334357174184539,0.20695274306317474,0.730058108815548,0.7440775304963375,,
IDRiD_09_1024_2560,,,,,0.021929092224603538,0.8400852877569206,,
IDRiD_09_1024_3072,,,0.0,0.0,,,,
IDRiD_09_1024_3584,,,0.0,0.0,,,,
IDRiD_09_1024_512,0.32397408206343803,0.19365547767636831,0.17896138481547375,0.10408921932763045,0.7207982357806269,0.6511430437579938,,
IDRiD_09_1536_1024,0.1648745519667804,0.09231244210891286,0.15592972180981224,0.089158643780278,0.6714330642610935,0.5934546532723269,,
IDRiD_09_1536_1536,0.6794462193702618,0.5589953270864779,0.0,0.0,0.8232312691917009,0.8982141114443309,,
IDRiD_09_1536_2048,0.6164383561498243,0.4540709811950567,0.0,0.0,0.0,0.0,,
IDRiD_09_1536_2560,,,0.0,0.0,,,,
IDRiD_09_1536_512,,,0.0,0.0,0.8646124349481449,0.8097424584424129,,
IDRiD_09_2048_1024,,,,,0.6651417367807765,0.7081231518401788,,
IDRiD_09_2048_1536,0.0,0.0,0.3635135134889518,0.2458866544565003,0.6467840864311327,0.5338597306059737,,
IDRiD_09_2048_2048,0.47082740393431943,0.41805054150115345,0.49826989615066863,0.34657039707020815,,,,
IDRiD_09_2048_2560,,,,,0.577015163584317,0.8358381501923887,,
IDRiD_09_2048_512,,,0.03943145345990686,0.02011225444246435,0.0,0.0,,
IDRiD_09_512_0,0.0,0.0,,,,,,
IDRiD_09_512_1024,0.033274039970353934,0.017445687952408976,0.5086747877351666,0.39484240686547734,0.6976288617691808,0.680222841220213,,
IDRiD_09_512_1536,0.0,0.0,0.0,0.0,0.6754515842438723,0.8016165875874045,,
IDRiD_09_512_2048,,,,,0.616319802177866,0.9629748872838708,,
IDRiD_09_512_3072,,,0.0,0.0,,,,
IDRiD_09_512_512,0.2151677945983732,0.12161842416498447,0.0,0.0,0.6783333332768056,0.9621749406708806,,
IDRiD_10_0_1024,,,,,0.719073331119064,0.6284072336129677,,
IDRiD_10_0_1536,,,0.4355555555279012,0.30220264314518036,0.7783860597297927,0.7597835232035842,,
IDRiD_10_0_2048,0.8116599755593835,0.7621076784334826,0.07266435985530585,0.04794520547397886,0.7867034582335232,0.7922401703589453,,
IDRiD_10_0_2560,0.2762615354380889,0.6049011177727902,0.5543006081427324,0.42448436457588257,0.6638801811099986,0.7082868821736051,,
IDRiD_10_0_3072,,,,,0.15421383647604764,0.0836517467237493,,
IDRiD_10_0_512,,,,,0.0,0.0,,
IDRiD_10_1024_0,,,,,0.5265225932167932,0.36314363133790145,,
IDRiD_10_1024_1024,0.6134800550136006,0.7109458023190504,0.03547671840158111,0.01805869074390188,0.7809674027298582,0.7639374614198319,,
IDRiD_10_1024_1536,,,,,0.9398926761996163,0.9991459201747682,,
IDRiD_10_1024_2048,,,0.8658265381122441,0.9182389935663147,0.9396962039808001,0.9928348327205679,,
IDRiD_10_1024_2560,0.6146915447953784,0.5036359629765115,0.247422680406944,0.2287104622778301,0.7306009108058856,0.6465107135811028,,
IDRiD_10_1024_3072,0.5147601475919786,0.9950071325966471,0.4344827585907253,0.316582914541047,0.6746330692253888,0.5501535854194454,,
IDRiD_10_1024_512,,,,,0.5644038687491439,0.4844816883885437,,
IDRiD_10_1536_0,,,0.0,0.0,0.5656819610236872,0.4226939695580933,,
IDRiD_10_1536_1024,,,0.4938797232307674,0.3493975903351357,0.7053824362576846,0.7098775783941818,,
IDRiD_10_1536_1536,,,0.0,0.0,0.7795868400906204,0.8391145370068217,,
IDRiD_10_1536_2048,0.7864235421485247,0.9799775027901018,0.6184511784428491,0.47763677968634,0.755313708240584,0.6548079310443912,,
IDRiD_10_1536_2560,,,0.3088803088564571,0.1848428835318999,0.817218515686247,0.821989528792396,,
IDRiD_10_1536_3072,,,0.0,0.0,0.7435483870767864,0.6782736635273039,,
IDRiD_10_1536_512,0.5371156434357892,0.4757014487350871,,,,,,
IDRiD_10_2048_1024,0.0,0.0,0.0,0.0,0.0,0.0,,
IDRiD_10_2048_1536,0.0,0.0,0.7566844919280291,0.8005657707495664,0.46337734537229497,0.4076791391438572,,
IDRiD_10_2048_2048,0.7363806238268191,0.8962561231473714,0.0,0.0,0.6427439438460182,0.6889104586098299,,
IDRiD_10_2048_2560,0.019917447421739384,0.010059563203110128,,,0.0,0.0,,
IDRiD_10_2048_3072,0.0,0.0,0.0,0.0,0.52001929568162,0.4040479759817055,,
IDRiD_10_2048_512,,,,,0.7294338442061485,0.60571428568282,,
IDRiD_10_512_1024,,,0.3349875930105475,0.20962732915999577,0.7904083159420499,0.865165391658517,,
IDRiD_10_512_1536,,,,,0.7931136946098195,0.8719247024217074,,
IDRiD_10_512_2048,0.6094904219280144,0.5494356659018186,0.10543748274619273,0.08399296393649988,0.8274578162035787,0.9256942277676666,,
IDRiD_10_512_2560,0.2895795246694852,0.19949622165241832,0.6149274602234762,0.4463334179029096,0.7630561548139285,0.7673010008988045,,
IDRiD_10_512_3072,0.5030436471894438,0.4317474432985383,0.11807120323938392,0.06690500510383529,0.693282333251278,0.6005561801041326,,
IDRiD_10_512_512,0.2092305052749025,0.9910605444538375,0.0,0.0,0.04312900965005778,0.6247559546807984,,
IDRiD_11_0_1024,,,0.0,0.0,,,,
IDRiD_11_0_1536,0.131492126117712,0.9999999999482669,0.0,0.0,0.0,0.0,,
IDRiD_11_0_2048,,,0.32812499997669564,0.1962616822263159,,,,
IDRiD_11_0_2560,0.8103023107059064,0.7848549185989941,0.0,0.0,,,,
IDRiD_11_0_3072,,,,,0.0,0.0,,
IDRiD_11_0_512,0.03511206425290124,0.9999999998802396,0.0,0.0,0.0,0.0,,
IDRiD_11_1024_1024,,,0.0,0.0,,,,
IDRiD_11_1024_1536,0.0,0.0,0.0,0.0,0.8013651877098917,0.7406355965559448,,
IDRiD_11_1024_2048,0.0,0.0,0.0,0.0,0.816513761466996,0.7619115724077273,,
IDRiD_11_1024_2560,0.3233264963579466,0.19283807828752586,0.09416445622717742,0.09329829170915924,0.8085233685516413,0.7267993350265822,,
IDRiD_11_1024_3072,0.4457146426772685,0.3923347630023516,,,0.8176352703772274,0.7083333330873842,,
IDRiD_11_1536_1024,,,0.0,0.0,,,,
IDRiD_11_1536_1536,,,0.0,0.0,0.7595927956048083,0.746728252482763,,
IDRiD_11_1536_2048,0.0,0.0,0.0,0.0,0.85326596896222,0.8127320225454295,,
IDRiD_11_1536_2560,0.0,0.0,0.004773269689452669,0.0023923444974645724,0.838623948028054,0.7856620625589629,,
IDRiD_11_1536_3072,,,,,0.5642300304986528,0.40601626015599973,,
IDRiD_11_2048_1024,,,0.024019215371336302,0.01215559157163065,0.19842519681914564,0.11013986012060492,,
IDRiD_11_2048_1536,,,,,0.0,0.0,,
IDRiD_11_2048_2048,,,,,0.7707677321415156,0.6767982176930426,,
IDRiD_11_2048_2560,0.4105876124890356,0.2666025024024941,0.0,0.0,0.6127903642064079,0.5063507108956744,,
IDRiD_11_2048_3072,0.23583732237715155,0.9580462409897712,0.0,0.0,0.2784810126330487,0.16176470586536085,,
IDRiD_11_512_1024,,,,,0.4708545557175521,0.30975428143635486,,
IDRiD_11_512_1536,,,0.4859086491267338,0.321336760884147,0.6418341917240676,0.5435920526788789,,
IDRiD_11_512_2048,,,0.0,0.0,0.8186832970851368,0.8327278054473111,,
IDRiD_11_512_2560,0.0,0.0,0.1771479184962668,0.09930486592856953,0.5966454974711232,0.44885458776860404,,
IDRiD_11_512_3072,0.10665713945431307,0.5074796010764397,0.13000520020124778,0.06975446428182173,0.0,0.0,,
IDRiD_11_512_512,,,0.0,0.0,,,,
IDRiD_12_0_1024,,,,,0.7123449497511904,0.9013452913450904,,
IDRiD_12_0_2560,0.08867254308526941,0.23500697348430913,0.06267806266913419,0.03235294117171281,,,,
IDRiD_12_0_3072,0.0,0.0,0.0,0.0,,,,
IDRiD_12_0_512,0.0,0.0,,,,,,
IDRiD_12_1024_1024,0.37259515570418555,0.9206566346839495,,,,,,
IDRiD_12_1024_2048,0.500678426017593,0.8502304145506381,0.0,0.0,0.061208267088187274,0.5746268652428158,,
IDRiD_12_1024_2560,,,0.029239766073321703,0.014836795247822908,,,,
IDRiD_12_1536_2048,0.0,0.0,,,0.6959942201116159,0.825085649013607,,
IDRiD_12_1536_3072,,,0.0,0.0,,,,
IDRiD_12_2048_1536,,,0.0,0.0,,,,
IDRiD_12_2048_2048,,,0.0,0.0,,,,
IDRiD_12_2048_2560,,,0.0,0.0,,,,
IDRiD_12_2048_3072,,,0.06213017750560205,0.04740406319471691,,,,
IDRiD_12_2048_512,0.6656912947817962,0.5069637882725925,0.0,0.0,,,,
IDRiD_12_512_2560,0.9221364029436014,0.8942163100006117,0.0,0.0,,,,
IDRiD_12_512_512,,,,,0.8050713152448382,0.8382838281061769,,
IDRiD_13_0_1024,0.6605415860655156,0.859660163597871,0.0,0.0,,,,
IDRiD_13_0_1536,,,0.09366076527163558,0.049131216294240186,,,,
IDRiD_13_0_2048,0.728961943885493,0.6294353594375367,0.39278557106357,0.25128205121762,0.0,0.0,,
IDRiD_13_0_2560,0.6868723098872512,0.5426466420928692,0.7243163340456646,0.6230133502464709,,,,
IDRiD_13_0_3072,0.030617946139062362,0.36778523484996173,0.0,0.0,,,,
IDRiD_13_0_512,,,0.22409326423419085,0.13369397216895718,0.0,0.0,0.8029825277263679,0.6913446183283849
IDRiD_13_1024_0,0.0,0.0,0.0,0.0,,,,
IDRiD_13_1024_1024,0.31782945734380946,0.1940063091329648,0.6341463414440809,0.5344295991503376,0.8752452007704961,0.8517539565983818,,
IDRiD_13_1024_1536,0.2747650035954617,0.34545454539173553,0.0,0.0,0.7319073179922534,0.5852890422753008,0.000489316587828337,0.00024471816624321136
IDRiD_13_1024_2048,,,0.3268257411306282,0.19833260200972652,0.0,0.0,0.0,0.0
IDRiD_13_1024_2560,,,,,0.0,0.0,,
IDRiD_13_1024_3072,,,,,0.5451688923759217,0.48241345752144565,,
IDRiD_13_1024_3584,,,0.7385524371139509,0.5854800935397002,0.0,0.0,,
IDRiD_13_1024_512,0.00853606487372872,0.004288164665339273,0.5903307887915537,0.689450222848467,0.5444066020363583,0.38862913782703146,,
IDRiD_13_1536_0,,,0.0,0.0,0.0,0.0,,
IDRiD_13_1536_1024,,,0.4183460736331934,0.26449912124213537,0.7057182705619844,0.7116736989954523,,
IDRiD_13_1536_1536,0.0,0.0,0.08310249307018823,0.05112474437279313,0.27337398372594646,0.1587020648873922,,
IDRiD_13_1536_2048,0.0,0.0,0.0,0.0,0.394777743226771,0.24746687450321642,0.24175824175649394,0.13749999999886922
IDRiD_13_1536_2560,0.12787878787685034,0.06830689543431034,0.1823770491616417,0.15397923872768526,,,,
IDRiD_13_1536_3072,,,0.8065476189275971,0.8943894386487163,0.441692466414686,0.28763440856349,,
IDRiD_13_1536_3584,,,,,0.0,0.0,,
IDRiD_13_1536_512,,,0.10668380462039306,0.05903271692325514,0.1702741702495997,0.09365079363592844,,
IDRiD_13_2048_1024,0.0,0.0,0.0,0.0,0.24844720494322495,0.15209125473357527,0.6504728351446232,0.48200054958829347
IDRiD_13_2048_1536,,,0.2587883320674055,0.1533687943126446,,,0.2952858203387594,0.17514310876073158
IDRiD_13_2048_2048,0.0,0.0,0.0,0.0,0.0,0.0,,
IDRiD_13_2048_2560,0.038562664328859554,0.044372730938105176,0.15873015868816662,0.1056338027797064,,,,
IDRiD_13_2048_512,,,0.16421378774870535,0.09225413402156186,,,0.0,0.0
IDRiD_13_512_0,0.15695067261054918,0.08515815083086176,0.0,0.0,,,,
IDRiD_13_512_1024,0.035152636444481716,0.02076502732013497,0.20923306030494293,0.11876584953006063,0.7842675235025773,0.7632139713698911,,
IDRiD_13_512_1536,,,0.10055865921457251,0.05338450802325944,0.6120828073092379,0.4582140497679325,,
IDRiD_13_512_2048,,,0.0,0.0,0.6057971014317161,0.43944491167201666,,
IDRiD_13_512_2560,0.48529411763154434,0.5468299711421591,0.5679949398755221,0.4325626203822194,,,,
IDRiD_13_512_3072,,,,,0.34092387766161847,0.20549019606231447,,
IDRiD_13_512_3584,,,,,0.0,0.0,,
IDRiD_13_512_512,0.0,0.0,0.0,0.0,0.5056780226952011,0.35673892552513015,0.0,0.0
IDRiD_14_0_1024,,,0.6743610881554525,0.6726973683104116,,,,
IDRiD_14_0_1536,0.4796468857165364,0.3177387914126791,0.0,0.0,0.0,0.0,,
IDRiD_14_0_2048,0.6421841688973098,0.5560319161539117,0.20156657962393906,0.6520270268067476,0.33243347472686335,0.20009285050138845,,
IDRiD_14_0_2560,0.20112570356321854,0.1282051282039016,0.32870599900027997,0.31631679387803835,,,0.8228081497150235,0.943645591024068
IDRiD_14_0_3072,0.0,0.0,,,0.0,0.0,,
IDRiD_14_0_512,,,0.04402935289899737,0.022510231922066148,,,,
IDRiD_14_1024_0,,,0.0,0.0,,,,
IDRiD_14_1024_1024,0.03320561941039555,0.12499999993990385,0.6639344261750872,0.6818181817033977,,,,
IDRiD_14_1024_1536,0.5695341127103554,0.4558659217749758,0.13897837090938894,0.08988095237560231,0.7285921625514054,0.6038630739579057,,
IDRiD_14_1024_2048,,,0.05141388174146351,0.026385224270925434,0.7801088832811378,0.6897158957481518,,
IDRiD_14_1024_2560,,,0.0,0.0,0.7277040058508774,0.5996711728147619,,
IDRiD_14_1024_3072,,,0.0,0.0,0.7731685789895566,0.7212102500697621,,
IDRiD_14_1024_3584,,,,,0.0,0.0,,
IDRiD_14_1024_512,,,0.0,0.0,0.0,0.0,,
IDRiD_14_1536_0,0.0,0.0,,,,,,
IDRiD_14_1536_1024,,,0.0,0.0,,,,
IDRiD_14_1536_1536,0.8427895032467587,0.8580766402413752,0.19971469326680247,0.11290322578824143,0.152185943548639,0.08245877061222014,,
IDRiD_14_1536_2048,0.0,0.0,0.5253563916680216,0.3728026533873034,0.8204369968651153,0.8112410656006744,,
IDRiD_14_1536_2560,,,0.2914880587696578,0.17512877114237463,0.7889757301359733,0.7752627323858019,,
IDRiD_14_1536_3072,0.0,0.0,0.0,0.0,0.4851752020909468,0.374999999921875,,
IDRiD_14_1536_512,,,0.5106082036413997,0.4664082686735907,,,,
IDRiD_14_2048_1024,0.0,0.0,0.0,0.0,,,,
IDRiD_14_2048_1536,,,0.5051094889773563,0.6223021580495316,,,,
IDRiD_14_2048_2048,,,0.0,0.0,0.3028430160505041,0.1784413692513881,,
IDRiD_14_2048_2560,0.7079012345591618,0.9556666666348111,0.17352281225328922,0.09563066775798593,0.638236914593518,0.6428412874441101,,
IDRiD_14_2048_3072,0.5604796050245623,0.770523594028102,0.0880503144619477,0.04643449419376308,0.0,0.0,,
IDRiD_14_2048_512,0.8334914610807995,0.9799219185175726,,,,,,
IDRiD_14_512_1536,0.0,0.0,0.0,0.0,0.5397270756212252,0.37174982430829673,,
IDRiD_14_512_2048,0.23669519909800169,0.16978109983076448,0.3166226912511052,0.3418803417829401,0.7152057705908572,0.5866349709424901,,
IDRiD_14_512_2560,0.43036161831613456,0.2969367588786098,0.4596577016927605,0.37301587299120265,0.5771630051516757,0.4103988274303387,0.0,0.0
IDRiD_14_512_3072,0.0,0.0,0.0,0.0,0.767500330808952,0.7049100631816989,,
IDRiD_14_512_512,,,0.0,0.0,,,,
IDRiD_15_0_1536,,,0.0,0.0,,,,
IDRiD_15_1024_0,,,0.0,0.0,0.41043723552854594,0.2611036339048406,,
IDRiD_15_1024_1024,,,,,0.7313331829378373,0.8973152504595263,,
IDRiD_15_1024_1536,,,,,0.30229357797471806,0.2007921998720051,,
IDRiD_15_1024_512,,,,,0.7646438843123946,0.8591730228789274,,
IDRiD_15_1536_2048,,,0.0,0.0,0.0,0.0,,
IDRiD_15_1536_512,0.0,0.0,,,0.0,0.0,,
IDRiD_15_2048_2048,,,0.0,0.0,,,,
IDRiD_15_512_1024,0.0,0.0,,,0.6967766116898002,0.6811187102994489,,
IDRiD_15_512_512,0.4207370151811516,0.9908883826427842,0.0,0.0,,,,
IDRiD_16_0_2560,,,0.0,0.0,0.8501446480067475,0.9350869749285072,,
IDRiD_16_1024_2048,,,0.6424474186766302,0.47727272720493286,0.07361963189431292,0.03833865814288193,,
IDRiD_16_1024_2560,0.7882368386400389,0.8525986935287533,0.0,0.0,0.37258675274459874,0.25060542797285507,,
IDRiD_16_1024_3072,0.8422720072376453,0.7913087847538794,0.0,0.0,0.7829216497132381,0.7008163918652921,,
IDRiD_16_1024_3584,0.0,0.0,,,,,,
IDRiD_16_1536_2048,,,,,0.0067294751004892675,0.003376097231372309,,
IDRiD_16_1536_2560,,,,,0.5725531753798156,0.5236776516127987,,
IDRiD_16_1536_3072,,,,,0.7329002674762484,0.610594677185654,,
IDRiD_16_2048_1024,,,,,0.056166056159198285,0.029003783098486283,,
IDRiD_16_2048_1536,,,0.0,0.0,,,,
IDRiD_16_2048_2560,,,,,0.0,0.0,,
IDRiD_16_2048_3072,,,,,0.011023622046810094,0.005557761016055667,,
IDRiD_16_2048_512,,,0.11586901760305565,0.06149732618676542,0.0,0.0,,
IDRiD_16_512_1536,,,0.0,0.0,,,,
IDRiD_16_512_2048,,,,,0.6325966849954977,0.4654471543769416,,
IDRiD_16_512_2560,,,,,0.8036747700595726,0.8125336723901202,,
IDRiD_16_512_3072,,,,,0.6863615490533723,0.6312825566573098,,
IDRiD_17_0_1024,0.21689779012709545,0.9999999999758279,0.0,0.0,0.7951170400151326,0.809377401988094,,
IDRiD_17_0_1536,0.55026086956421,0.6095720949072821,0.0,0.0,0.5159826361458367,0.40662416420147235,,
IDRiD_17_0_2048,0.5904048196300963,0.6886622675435399,,,0.35069444444179726,0.22159687112256415,,
IDRiD_17_0_2560,0.6605632367417527,0.5431412530361075,0.0,0.0,0.7545252460859154,0.71912832925429,,
IDRiD_17_0_3072,0.5496915695587784,0.8950892856643365,,,,,,
IDRiD_17_0_512,,,,,0.7104072397386417,0.9905362772900516,0.7736760726673092,0.6432588783493229
IDRiD_17_1024_0,0.07213114754037721,0.04577953260008772,0.0,0.0,0.0,0.0,,
IDRiD_17_1024_1024,0.23047484053699166,0.1317986544530129,0.25954198471481316,0.14912280700565209,0.7663792597797332,0.9198299166453034,,
IDRiD_17_1024_1536,0.7032556560110717,0.7112561174520853,0.2541436463620362,0.14556962022245365,0.6646381480778912,0.7015113350037593,,
IDRiD_17_1024_2048,0.36392606755702184,0.2562453253533564,,,0.5644697458737926,0.8632202476958676,,
IDRiD_17_1024_2560,0.0,0.0,,,0.6798603026511502,0.5891055816685201,,
IDRiD_17_1024_3072,0.20192120579510336,0.6255617669557649,0.0,0.0,,,,
IDRiD_17_1024_3584,,,0.0,0.0,,,,
IDRiD_17_1024_512,0.6808369971218113,0.5288619556258789,0.0,0.0,0.7235973597343152,0.6958476593463111,,
IDRiD_17_1536_0,0.6568255664989804,0.6944798263384322,,,,,,
IDRiD_17_1536_1024,0.0,0.0,,,0.6537224009727409,0.6948113207465234,,
IDRiD_17_1536_1536,0.39740414338575464,0.8512790984547891,0.17408123787735374,0.09677419352757544,0.602502844134215,0.5937219730808583,,
IDRiD_17_1536_2048,0.5061099213205835,0.35361520980643085,0.7968127488452564,0.9433962259700961,0.5284831845896717,0.5978260868636917,0.6329514026057412,0.9983700862799773
IDRiD_17_1536_2560,0.1938547486006445,0.12984097286941365,,,,,,
IDRiD_17_1536_3072,0.848360578876099,0.9204785935198322,0.0,0.0,,,0.6568941823128959,0.49780143484728295
IDRiD_17_1536_512,0.9292556227877242,0.9542867192303225,,,0.5895211267539209,0.5142520149299341,,
IDRiD_17_2048_0,0.0,0.0,,,,,,
IDRiD_17_2048_1024,0.8007172272104263,0.9999999999994272,,,0.23508564676697663,0.1331994645158501,,
IDRiD_17_2048_1536,0.580639912471257,0.9999999999990337,,,0.0,0.0,,
IDRiD_17_2048_2048,0.5051148660449448,0.5618589072622929,,,0.11802656546265605,0.4600591715295771,0.0,0.0
IDRiD_17_2048_2560,0.911234701317983,0.8858992756579098,0.5147679324351511,0.3577712609446083,,,0.0,0.0
IDRiD_17_2048_3072,0.6134297184729124,0.741264659651973,,,,,,
IDRiD_17_2048_512,0.9776752482947445,0.9954479656954164,,,,,,
IDRiD_17_512_0,,,0.0,0.0,0.0,0.0,,
IDRiD_17_512_1024,0.7967571949671929,0.8504672897049071,0.0,0.0,0.7479641415161205,0.7437060557915912,,
IDRiD_17_512_1536,0.5903634270646804,0.44763092268954585,0.5465935786893776,0.42073538274801886,0.7933987039816112,0.9221877031973044,,
IDRiD_17_512_2048,0.6404027035954049,0.5039238293580395,0.0,0.0,0.5059943582421369,0.35607940445766556,,
IDRiD_17_512_2560,0.2866242038198304,0.29488859763702635,0.46074074070661175,0.30792079204872075,0.5985275010775355,0.7241668413178753,,
IDRiD_17_512_3072,0.4355854877230307,0.8799648891621689,0.5507518796474857,0.3805194804700624,,,,
IDRiD_17_512_512,0.1702659695365962,0.11736132873523408,0.10183875529689966,0.06773283160228288,0.5624868059923871,0.4109979947523446,0.47341881572919303,0.31011702528963647
IDRiD_18_0_1024,0.0721841941460993,0.10301953816997877,0.2535331905673005,0.19359058206712945,,,,
IDRiD_18_0_1536,0.2811646951731701,0.39346349743661024,0.0,0.0,0.0,0.0,,
IDRiD_18_0_2048,,,0.05778491171285835,0.03015075376631903,0.7440427280044363,0.7583752093484768,,
IDRiD_18_0_2560,0.7029327103554173,0.8366434955229727,0.24498886412889817,0.17227877837335326,0.5312077003980868,0.42057632768705466,0.7627242234176135,0.6401991186499085
IDRiD_18_0_3072,,,0.0,0.0,,,0.7877635672244403,0.7613161850549305
IDRiD_18_0_512,,,0.0,0.0,,,,
IDRiD_18_1024_0,0.0,0.0,0.467222884330486,0.35507246370379125,0.0,0.0,,
IDRiD_18_1024_1024,0.11315026907529806,0.19468186133928386,0.31640058052856307,0.27629911276599506,0.7165181695166464,0.794208893476792,,
IDRiD_18_1024_1536,0.5274716098842374,0.4964633762928602,0.058139534880340724,0.04191114836195212,0.706053691923365,0.72858431018206,,
IDRiD_18_1024_2048,,,0.3464373464160665,0.2910216717965922,,,,
IDRiD_18_1024_3072,,,,,,,0.7195741592034859,0.7394944052984708
IDRiD_18_1024_512,0.6368735745526818,0.5744467919461,0.09159510798616718,0.12781408858912024,0.7577366308409744,0.7732149463518143,,
IDRiD_18_1536_0,0.0,0.0,0.0,0.0,0.780357142833918,0.6597886260362461,,
IDRiD_18_1536_1024,0.06121183945404299,0.07957292505883214,0.4348404255174588,0.4404040403743835,0.76399613899153,0.8212710765133429,,
IDRiD_18_1536_1536,,,0.0,0.0,0.3177366702765105,0.19010416665429009,,
IDRiD_18_1536_2048,,,0.26556473827737936,0.18025430065966683,0.4044389641918078,0.2892416225239433,,
IDRiD_18_1536_3072,,,0.23045267484970108,0.21374045793368682,,,,
IDRiD_18_1536_3584,0.0,0.0,,,,,,
IDRiD_18_1536_512,0.0,0.0,0.0,0.0,0.7682144205342388,0.8302310163658002,,
IDRiD_18_2048_0,0.1540051679506974,0.41736694666180196,0.0,0.0,,,,
IDRiD_18_2048_1024,0.0,0.0,0.0,0.0,0.7803049555223615,0.8237424547173207,,
IDRiD_18_2048_1536,,,0.0,0.0,0.4841735052471176,0.6393188853499506,0.0,0.0
IDRiD_18_2048_2048,,,0.36856368561688,0.31746031743067593,0.0,0.0,,
IDRiD_18_2048_2560,,,0.0,0.0,,,,
IDRiD_18_2048_3072,0.5715375810541191,0.5765973825576137,0.0,0.0,,,,
IDRiD_18_2048_512,0.572955683682141,0.8642163397393244,0.11919441018827809,0.10788690475387745,0.5237861696653366,0.36326530609773705,,
IDRiD_18_512_1024,0.06546179023672319,0.08220157254888487,0.5340599454555803,0.8828828826177528,0.3083604777304249,0.1858638743374405,,
IDRiD_18_512_1536,0.33057221745853016,0.9165786694341828,,,0.0,0.0,,
IDRiD_18_512_2048,0.3737044714188081,0.29240037070684893,0.0,0.0,,,,
IDRiD_18_512_3072,,,0.0,0.0,0.6693646296774842,0.5509660226148589,,
IDRiD_18_512_512,0.6871694417103396,0.8836272039857115,0.4763076922930367,0.4130202774592839,0.7980657794796864,0.8626349891934113,,
IDRiD_19_0_1024,0.647097625308473,0.4912368552583256,,,,,0.18499278499011554,0.10192399427409884
IDRiD_19_0_1536,,,,,0.0,0.0,,
IDRiD_19_0_2048,,,,,,,0.12411813942216765,0.06616522182475568
IDRiD_19_0_2560,0.5449700199503684,0.5720279719479682,,,,,,
IDRiD_19_1024_0,,,0.0,0.0,,,,
IDRiD_19_1024_1024,,,,,0.7919890759766961,0.7335581786902564,,
IDRiD_19_1024_1536,,,,,0.7625136441484093,0.6969783352138832,,
IDRiD_19_1024_2560,,,0.6004618936257593,0.481481481303155,,,,
IDRiD_19_1024_512,0.0,0.0,0.0,0.0,,,,
IDRiD_19_1536_2048,0.0,0.0,0.24398625425361062,0.14228456910976262,,,,
IDRiD_19_1536_2560,,,0.0,0.0,,,,
IDRiD_19_1536_3072,,,0.0,0.0,0.36808703532474274,0.23659673656916122,,
IDRiD_19_1536_512,0.45174371449911827,0.4338006230191744,,,,,,
IDRiD_19_2048_1024,0.6941054808638807,0.5994998213576336,0.0,0.0,,,,
IDRiD_19_2048_1536,0.38858695649534053,0.2643253234506169,0.0,0.0,,,,
IDRiD_19_2048_2048,0.39080459767750725,0.2428571428388829,0.0,0.0,,,,
IDRiD_19_2048_2560,0.08693957114840274,0.3017591339239839,,,,,,
IDRiD_19_2048_3072,,,0.0,0.0,,,0.9053045596018581,0.8754439434752892
IDRiD_19_2048_512,0.7268224732957218,0.7963371205562771,0.6857142856751021,0.7001166860326585,,,0.8266966936142215,0.8431822927366218
IDRiD_19_512_1024,0.6746288463077496,0.7742242527931806,0.44425956735072714,0.4405940593332353,0.7384464109764776,0.8514739228059554,,
IDRiD_19_512_1536,0.7610663054830971,0.673201546584582,0.17882352939072665,0.12459016391400161,0.7081984334166673,0.6232536764648597,0.665547954043864,0.9554045707108659
IDRiD_19_512_2048,0.6424642464010831,0.4753119912927123,,,,,,
IDRiD_19_512_512,0.0,0.0,0.4070351758538294,0.2563291139037714,,,,
IDRiD_20_0_1024,0.21356852102830978,0.3936968484045174,0.10181311017421107,0.1144200626779906,,,,
IDRiD_20_0_1536,0.6935769553430895,0.5520516435367511,0.0,0.0,0.44518558364233257,0.35397775876212184,,
IDRiD_20_0_2048,0.6842507644998376,0.5352870813076981,0.0,0.0,0.24228877960472558,0.13784333671730195,,
IDRiD_20_0_2560,,,0.0,0.0,,,,
IDRiD_20_0_512,0.0,0.0,,,,,,
IDRiD_20_1024_0,,,0.7967032966595218,0.7338056679419225,,,,
IDRiD_20_1024_1024,0.0,0.0,0.21084337348339138,0.428571428483965,0.8005697240041908,0.8039183937780444,,
IDRiD_20_1024_1536,0.0,0.0,0.0,0.0,0.7928869664450064,0.7253242470832857,,
IDRiD_20_1024_2048,,,0.5087108013760031,0.3560975609582392,0.0,0.0,,
IDRiD_20_1024_2560,,,0.0,0.0,,,,
IDRiD_20_1024_3072,0.4922294433386235,0.8216981131687879,0.7461969575063092,0.915520628503827,,,,
IDRiD_20_1024_512,0.6318871850147808,0.7209425004269221,0.5273833671265876,0.5413846954429263,0.7766776677240551,0.6935166993424836,,
IDRiD_20_1536_1024,0.16963085314727602,0.26679555340421945,0.3879813302103856,0.2937279151813725,0.7193253454652054,0.6147424004522996,,
IDRiD_20_1536_1536,,,0.09467455618500752,0.04968944097835731,0.8124579690618171,0.7034718683986937,,
IDRiD_20_1536_2048,0.0,0.0,,,,,,
IDRiD_20_1536_3072,0.0,0.0,0.4523912106655584,0.305587892880932,0.0,0.0,,
IDRiD_20_1536_512,0.17025171623934776,0.10125204136629003,0.2927120668968724,0.3876582278174321,0.8403051061514827,0.7729019572725632,,
IDRiD_20_2048_1024,,,0.3511720477509433,0.2260820045429338,0.7440622713034926,0.6961284700566654,,
IDRiD_20_2048_1536,0.1999439932735944,0.11114570360799672,0.41686631526512385,0.574636723834262,0.6209825527936067,0.45340261480969823,,
IDRiD_20_2048_2560,0.0,0.0,,,,,,
IDRiD_20_2048_3072,0.0293829578829881,0.014910536778582974,0.0,0.0,0.0,0.0,,
IDRiD_20_2048_512,0.26482059281854875,0.1947232578091562,0.5981220656996187,0.519999999957551,0.9202982135295532,0.8985332088067981,,
IDRiD_20_512_1024,0.0,0.0,0.7697383926285709,0.8391572455889436,0.80680032974941,0.7750119531413608,,
IDRiD_20_512_1536,0.5413052957965924,0.7115923566788332,0.23439733205730354,0.13804713804326468,0.6148409893974676,0.47018484036300384,,
IDRiD_20_512_2048,,,,,0.0,0.0,,
IDRiD_20_512_2560,0.40799492384492403,0.2587525150801307,0.0,0.0,,,,
IDRiD_20_512_3072,,,0.0,0.0,,,,
IDRiD_20_512_512,,,0.028799999995392,0.014610389608017796,0.23083548662955766,0.1304771178061853,,
IDRiD_21_0_1024,0.5229095074381027,0.4634517766379835,0.21743036835422908,0.146489104098488,0.018631314940213854,0.009403254972535144,,
IDRiD_21_0_1536,0.0,0.0,0.15638766518101457,0.08819875775301879,0.26722338201803514,0.17827298047656365,,
IDRiD_21_0_2048,,,0.0,0.0,0.2883584997424083,0.1701149425189589,,
IDRiD_21_0_2560,,,0.45324532450752225,0.3439065108227123,,,,
IDRiD_21_0_3072,,,0.0,0.0,,,,
IDRiD_21_0_512,0.5538361296537899,0.43612108772611285,,,0.0,0.0,,
IDRiD_21_1024_1024,,,0.3874125873854956,0.241710296663027,0.035799963092160915,0.0723340790400944,,
IDRiD_21_1024_1536,0.7657882178229716,0.7677014671404666,0.00631911532285638,0.004098360654897877,0.8123917705920846,0.9046136427932896,,
IDRiD_21_1024_2048,0.44675615212028236,0.3052583307810263,0.04084609773589744,0.02460456941787306,0.7976872059391991,0.7600460895838973,,
IDRiD_21_1024_2560,0.6036554579389899,0.4462193028256608,0.26806398233491097,0.35893648443738013,0.762258418425502,0.6655858511324159,,
IDRiD_21_1024_3072,0.8135925045391302,0.9591163864002784,0.31728045322782994,0.19026047562964207,,,,
IDRiD_21_1536_0,,,,,0.0,0.0,,
IDRiD_21_1536_1024,,,0.0,0.0,0.0,0.0,,
IDRiD_21_1536_1536,0.0,0.0,,,0.8636920843092204,0.9347708478219987,,
IDRiD_21_1536_2048,0.0,0.0,0.11717495986218499,0.0827664398999131,0.7363633231083134,0.7497719458231017,,
IDRiD_21_1536_2560,0.6565197057920305,0.5445376965897134,0.022997620934853386,0.057654075535257636,0.8042159503435901,0.7554343043177179,,
IDRiD_21_1536_3072,,,0.6111908177028421,0.7947761191064268,,,,
IDRiD_21_1536_512,0.0,0.0,,,0.0,0.0,,
IDRiD_21_2048_1024,0.0,0.0,0.0,0.0,0.0,0.0,,
IDRiD_21_2048_1536,0.3670323154353089,0.2304542069906756,0.0,0.0,0.39907362261824625,0.26141807728742544,,
IDRiD_21_2048_2048,0.4005722460614001,0.28999362650908234,0.33956287613748615,0.3123543123361099,0.696516276411489,0.5776262195672178,,
IDRiD_21_2048_2560,0.8314606741488103,0.7898311662955593,0.48574338083066476,0.40595744677396106,0.7105033459205556,0.7737642585060985,,
IDRiD_21_2048_3072,,,0.0,0.0,0.0,0.0,,
IDRiD_21_2048_512,0.0,0.0,0.0,0.0,0.0,0.0,,
IDRiD_21_512_1024,,,0.0,0.0,,,,
IDRiD_21_512_1536,,,0.0,0.0,0.6122156546549845,0.5180357683989684,,
IDRiD_21_512_2048,0.5520476981668258,0.40679919331018727,0.20770045919435887,0.21777777776164609,0.5328430129275572,0.4012605041940172,,
IDRiD_21_512_2560,0.33262164287748486,0.20444812819167774,0.3260663506954471,0.33758586846539884,0.755092373247035,0.737280295953998,,
IDRiD_21_512_3072,0.01097393689948649,0.00563181978156875,0.6490250695926862,0.9999999997854077,,,,
IDRiD_21_512_512,,,0.0,0.0,0.03980099501827513,0.02040816326183535,,
IDRiD_22_0_1024,0.6958341812241756,0.5892953862790423,0.0,0.0,,,0.5461158959756413,0.6543432521725844
IDRiD_22_0_1536,0.0,0.0,0.48706896546475553,0.8793774315644445,,,,
IDRiD_22_0_2048,0.4419564602745719,0.7270697674283336,0.3616109682637865,0.22909880562116192,,,0.8181993259469513,0.7997176470512967
IDRiD_22_0_2560,0.7695782187725694,0.9194523559640261,,,0.6451304139591977,0.4957705038434803,,
IDRiD_22_0_3072,0.355218728894893,0.2928549334964871,,,,,,
IDRiD_22_0_512,0.0,0.0,,,,,,
IDRiD_22_1024_1024,,,0.5254833040190913,0.42201834859407067,,,,
IDRiD_22_1024_1536,,,0.447028423743732,0.32952380949242627,0.7781071835781695,0.6982860066477448,,
IDRiD_22_1024_2048,,,0.4863582443076681,0.34338358453209655,0.7725163338817053,0.8869842605220073,,
IDRiD_22_1024_3072,0.0,0.0,,,,,,
IDRiD_22_1024_512,,,0.37748344358361474,0.23265306112952938,,,,
IDRiD_22_1536_0,,,,,0.09172482551428467,0.05482717520204682,,
IDRiD_22_1536_1024,,,0.8195386701737397,0.6958525344018772,0.6977491960293009,0.5864864863279766,,
IDRiD_22_1536_1536,0.0,0.0,0.0,0.0,0.8508007867298791,0.8084727660945449,,
IDRiD_22_1536_2048,0.5837126959745214,0.5924024640048868,0.2495126705166642,0.1425389754693677,0.8124139232132583,0.8522066099313191,,
IDRiD_22_1536_3072,0.5836792382643998,0.8837628401473969,0.4812442817491999,0.3354591836306812,0.5273459988334097,0.35949764519782196,,
IDRiD_22_1536_3584,0.41741787623927973,0.26375748213771155,,,,,,
IDRiD_22_1536_512,,,0.0,0.0,0.5738866396615919,0.5695630336228246,,
IDRiD_22_2048_1024,0.13064236110827598,0.06988623171418885,0.1531428571253551,0.39411764682698963,,,0.9219361864797786,0.9308005427364862
IDRiD_22_2048_1536,0.8208057113633778,0.7276672694262628,,,,,,
IDRiD_22_2048_2048,,,0.0,0.0,,,,
IDRiD_22_2048_3072,,,0.5681293301228338,0.46590909073261016,,,,
IDRiD_22_2048_512,,,,,0.45302013415217784,0.30133928564702245,0.0,0.0
IDRiD_22_512_1024,0.6567088285758331,0.5463053536006707,,,0.8652312599336033,0.9187129550449862,0.4084819719803702,0.33909506863028027
IDRiD_22_512_1536,,,0.5938650306019798,0.49691991776243943,,,,
IDRiD_22_512_2560,0.18747033696754936,0.10343021733167243,,,,,,
IDRiD_22_512_3072,0.5460221500947127,0.39272221826147136,,,,,0.862775210833857,0.8317761780751729
IDRiD_22_512_512,0.8416248971284385,0.8593033913709242,,,0.724860646591696,0.65425638960245,0.0,0.0
IDRiD_23_0_1024,0.24237410815715865,0.22073641585628836,0.0,0.0,,,,
IDRiD_23_0_1536,,,,,,,0.7271800101942428,0.8675285170970718
IDRiD_23_0_2048,0.24269992012016797,0.47179089026508114,,,,,,
IDRiD_23_0_2560,0.16090343356971107,0.9999999999945908,,,,,,
IDRiD_23_0_3072,0.260984100101035,0.4506172839359774,,,,,,
IDRiD_23_1024_1024,,,,,0.21874999988606772,0.12280701747204269,,
IDRiD_23_1024_1536,,,0.23053892212117683,0.13028764803210025,,,,
IDRiD_23_1024_2560,,,,,,,0.0,0.0
IDRiD_23_1024_3072,,,0.0,0.0,,,,
IDRiD_23_1536_1024,,,0.0,0.0,0.6108071135222023,0.466075156551875,,
IDRiD_23_1536_1536,,,0.5492424241384011,0.37859007823013313,0.731457800449151,0.6559633026519934,,
IDRiD_23_1536_2560,,,,,0.3899821108890887,0.24222222220427983,,
IDRiD_23_1536_3072,,,0.2949308755307326,0.1729729729418067,0.1343351548238995,0.07239263803503332,,
IDRiD_23_1536_3584,,,,,0.0,0.0,,
IDRiD_23_1536_512,,,0.0,0.0,0.11716760060534041,0.06277292576076567,,
IDRiD_23_2048_1024,0.35714285712585037,0.2185314685187336,,,,,,
IDRiD_23_2048_2048,0.16147582986915254,0.08847569726059626,,,,,,
IDRiD_23_2048_2560,0.7177105184243503,0.602364185103089,0.3030303029468236,0.17857142851345081,,,,
IDRiD_23_2048_3072,,,,,0.02097378276996451,0.010598031793293109,,
IDRiD_23_2048_512,0.59263103268818,0.9991251093321923,,,0.0,0.0,,
IDRiD_23_512_1024,0.39363861944063117,0.6088625261476321,,,,,,
IDRiD_23_512_2048,,,0.0,0.0,,,,
IDRiD_23_512_2560,,,,,,,0.5118836466786814,0.3439809296740884
IDRiD_23_512_3072,0.0,0.0,,,,,0.04442702208226281,0.022718161165004434
IDRiD_23_512_512,,,0.0,0.0,,,,
IDRiD_24_0_2048,,,,,0.0,0.0,,
IDRiD_24_1024_1536,,,,,0.0,0.0,,
IDRiD_24_1024_2048,,,,,0.41564347429705223,0.2894236858679727,,
IDRiD_24_1024_2560,,,0.0,0.0,,,,
IDRiD_24_1536_1536,,,,,0.0,0.0,,
IDRiD_24_1536_2048,,,0.4448742745754595,0.28606965167013193,0.0,0.0,,
IDRiD_24_1536_2560,,,0.0,0.0,,,,
IDRiD_24_1536_512,0.4476592515275451,0.9539114614725306,,,0.0,0.0,,
IDRiD_24_2048_1024,0.7793925474170221,0.6869808027875254,,,,,,
IDRiD_24_2048_1536,0.6298890834608906,0.9729486022567223,0.0,0.0,,,,
IDRiD_24_512_1536,,,,,0.0,0.0,,
IDRiD_24_512_2048,,,,,0.21305075291617118,0.11922596753313196,,
IDRiD_24_512_2560,0.40930394028103967,0.25731121780320143,,,,,,
IDRiD_24_512_512,0.7323022010490094,0.5801131008209184,,,,,,
IDRiD_25_0_1024,,,0.2630860263876611,0.17795566501367266,0.7041712576713233,0.600579959184832,0.0,0.0
IDRiD_25_0_1536,0.0,0.0,0.0,0.0,0.7771641893745035,0.6492339972972188,,
IDRiD_25_0_2048,0.2692828146126874,0.155601364798439,0.0,0.0,0.6489519569638078,0.5171853056378255,0.0,0.0
IDRiD_25_0_2560,0.586427656846779,0.5376734258213695,0.0,0.0,0.8646718844064631,0.9338960126915834,,
IDRiD_25_0_3072,0.3016860210866778,0.957292630265845,,,0.19792865360207956,0.11039794607055226,,
IDRiD_25_0_512,0.3219088937065344,0.9048780487363475,0.0,0.0,0.18064334878240423,0.09972084367091004,0.0,0.0
IDRiD_25_1024_0,,,0.0,0.0,,,,
IDRiD_25_1024_1024,0.0,0.0,0.0,0.0,0.0,0.0,,
IDRiD_25_1024_1536,0.46381341668112747,0.6039448966623687,0.0,0.0,0.8709505876725623,0.8320925699337824,,
IDRiD_25_1024_2048,,,0.0,0.0,0.8622154409515641,0.8539289168268207,,
IDRiD_25_1024_2560,0.7452753081670943,0.8236248340922296,0.09440813361696382,0.04984662576304857,0.8581477139498557,0.8735083532200789,,
IDRiD_25_1024_3072,0.0,0.0,,,0.8235820361399666,0.7163087457167947,,
IDRiD_25_1024_512,,,0.06684491977715977,0.03457814660655904,,,,
IDRiD_25_1536_0,,,,,0.7994143483456202,0.9999999996336996,,
IDRiD_25_1536_1024,0.42931471344827504,0.9838870542321774,,,,,0.8853080568667931,0.8845744051037696
IDRiD_25_1536_1536,0.0,0.0,0.0,0.0,0.8530506506259585,0.7720029463004653,,
IDRiD_25_1536_2048,0.04746411483208168,0.03605699331148507,0.5093457943330204,0.6089385473159389,0.8610886085698779,0.7764714067038525,0.0,0.0
IDRiD_25_1536_2560,0.5795917188799994,0.537890562193746,0.0,0.0,0.7841565105774201,0.6875703037023683,0.0,0.0
IDRiD_25_1536_3072,0.504119488528503,0.8373777616762178,0.0,0.0,,,,
IDRiD_25_1536_512,0.0,0.0,0.0,0.0,0.0,0.0,,
IDRiD_25_2048_1024,0.0,0.0,,,,,,
IDRiD_25_2048_1536,0.43699780861743515,0.32938747418906134,0.004576659038552504,0.002332814929834151,0.06055839559337167,0.03127538586387996,,
IDRiD_25_2048_2048,0.1838715034753283,0.19703055880308623,0.36354112098671865,0.23541383987548073,,,,
IDRiD_25_2048_2560,0.0,0.0,0.0,0.0,0.0,0.0,,
IDRiD_25_2048_3072,,,0.0,0.0,0.0,0.0,,
IDRiD_25_512_1024,0.0,0.0,,,0.7384083180990656,0.6425614887262937,,
IDRiD_25_512_1536,0.6358117863226214,0.5133524082008336,0.15739348370138379,0.12132921173714611,0.6487854250982297,0.7016618568942017,,
IDRiD_25_512_2048,0.5238410275434079,0.36641083521361983,0.176139272908957,0.09933583597749536,0.5269903334362225,0.3846519739910472,0.6505581668577367,0.6405843216569196
IDRiD_25_512_2560,0.5721709524210546,0.4118140194724201,0.0,0.0,0.856096122801272,0.9055438539070663,,
IDRiD_25_512_3072,,,0.0,0.0,0.7634875122599346,0.6589066519042135,,
IDRiD_25_512_512,0.7404799999763046,0.5879065040351673,,,,,,
IDRiD_26_0_1024,0.4327823372970433,0.2950354609882579,0.49514563098784053,0.3525345621307524,,,,
IDRiD_26_0_1536,0.6933141279475055,0.5321540445820498,,,,,,
IDRiD_26_0_2048,,,0.0,0.0,,,,
IDRiD_26_0_2560,0.0,0.0,0.33216168715588046,0.2172413792978597,,,,
IDRiD_26_1024_1024,,,0.6240520042660832,0.45497630324565935,,,,
IDRiD_26_1024_1536,,,0.0,0.0,,,,
IDRiD_26_1024_2048,0.09317949466851774,0.5686274509297123,0.0,0.0,,,,
IDRiD_26_1024_2560,0.3424802110727578,0.20662209486766567,0.038301415483904956,0.025219298242848763,,,,
IDRiD_26_1024_3072,0.9531254885989145,0.9158653846098805,0.0,0.0,,,,
IDRiD_26_1536_1024,,,0.0,0.0,,,,
IDRiD_26_1536_1536,,,0.07302231236581924,0.037894736838116345,,,,
IDRiD_26_1536_2048,0.1608020444238097,0.2741286863087045,,,,,,
IDRiD_26_1536_2560,,,0.24874371856171562,0.16865417373617478,,,,
IDRiD_26_1536_3072,0.16381812318078626,0.10015772870267517,0.17332268369914847,0.09488412767403218,,,,
IDRiD_26_2048_1024,,,,,0.6522462561310739,0.4839506171644566,,
IDRiD_26_2048_1536,0.12821391840712695,0.48571428565120595,0.4942528734211917,0.4725274722678421,,,,
IDRiD_26_2048_2048,,,0.0,0.0,,,,
IDRiD_26_2048_3072,0.8732951734798015,0.7780156131858724,,,,,,
IDRiD_26_512_1024,0.7155707022698722,0.5954993490738748,0.0,0.0,,,,
IDRiD_26_512_1536,0.0,0.0,0.5076923076142013,0.38018433170963495,,,,
IDRiD_26_512_2048,0.6768370409939684,0.8557762295845297,0.07798466593476486,0.04110854503369264,0.6989898989722477,0.6587339361894939,,
IDRiD_26_512_2560,,,0.6238185254903678,0.4576976421319211,,,,
IDRiD_26_512_3072,0.6286766377218969,0.4755829149168595,0.0,0.0,,,,
IDRiD_26_512_3584,0.0,0.0,,,,,,
IDRiD_26_512_512,0.7960666951348412,0.8604436228409941,,,,,,
IDRiD_27_0_1024,,,,,0.7481662590772413,0.601178781807234,,
IDRiD_27_0_1536,0.0,0.0,0.38209982781719454,0.34153846143337274,0.23358985965443235,0.14254143645621317,,
IDRiD_27_0_2048,0.5472465196433751,0.7075501751924961,,,,,,
IDRiD_27_0_2560,0.37974914481012656,0.7743675595094054,0.0,0.0,,,,
IDRiD_27_0_3072,,,0.0,0.0,,,,
IDRiD_27_0_512,0.0,0.0,0.0,0.0,,,,
IDRiD_27_1024_0,0.8287997127136295,0.8446477584474904,0.0,0.0,0.058536585360142765,0.11583011578539376,,
IDRiD_27_1024_1024,0.0,0.0,0.6031869412901988,0.4853033145412568,0.7722222222007716,0.7161257083608384,,
IDRiD_27_1024_1536,0.0,0.0,0.5223012281498189,0.6965517240178359,0.7664401578213149,0.8198124267195801,,
IDRiD_27_1024_2048,,,0.7342047929883331,0.7659090908220558,0.6981481481389133,0.6495200590536667,,
IDRiD_27_1024_2560,,,0.0,0.0,,,,
IDRiD_27_1024_512,0.6845124282837367,0.9349970980304703,0.51246424190795,0.4029562981746172,0.7056592933024667,0.7248583569319539,,
IDRiD_27_1536_0,0.7838921412070822,0.8847509210244694,0.0,0.0,,,,
IDRiD_27_1536_1024,0.3469756564223772,0.21011973734762301,0.6135291032928941,0.7166190281455036,0.4999999999903624,0.35437158468977126,,
IDRiD_27_1536_1536,0.0,0.0,0.19745845550366975,0.10954446853475656,0.7882037533448029,0.7605832549269272,,
IDRiD_27_1536_2048,,,0.1531728664872707,0.09043927646241878,0.4701492535559144,0.6774193541103019,,
IDRiD_27_1536_2560,,,0.5211267603798849,0.354066985476523,,,,
IDRiD_27_1536_512,0.7022222222187544,0.7093684525520366,0.4171469740483737,0.5472589791543233,0.7060668710293999,0.6817180616646239,,
IDRiD_27_2048_1024,0.0,0.0,0.6593126855893376,0.7392959085880784,0.714832389396681,0.7603386518801584,,
IDRiD_27_2048_1536,0.0,0.0,0.4190642255036599,0.29793388428520934,0.6828124999933318,0.6690909090781035,,
IDRiD_27_2048_2048,0.7921414537999159,0.7881157153410386,0.7356321834852689,0.7356321830624918,0.45676998366815785,0.37634408599621344,,
IDRiD_27_2048_512,0.3044475011323041,0.19656601538208607,0.3086649311897113,0.25030156813930626,,,,
IDRiD_27_512_1024,0.15053763436813503,0.08139534881354786,0.6246105918516658,0.5845481048710571,0.6557669440946562,0.7280528052324717,,
IDRiD_27_512_1536,,,0.22172949000578496,0.13111888110741968,0.7139878608130751,0.7051340715593929,,
IDRiD_27_512_2048,,,0.1137440758024303,0.10480349340401594,0.7342925162950595,0.8632270625246233,,
IDRiD_27_512_512,0.2426781115871496,0.7929100291498113,0.008175779253542372,0.004217185028770839,,,,
IDRiD_28_0_3072,,,,,0.05389221555272688,0.02769230768378698,,
IDRiD_28_1024_1536,,,0.0,0.0,0.5799378768393946,0.5860413589148434,,
IDRiD_28_1024_2048,,,0.0,0.0,0.0,0.0,,
IDRiD_28_1024_2560,0.5341107871564399,0.6046204620062956,0.06609547122814009,0.1046511627501352,,,,
IDRiD_28_1024_3072,0.0,0.0,0.5045537340159787,0.8005780344507,,,,
IDRiD_28_1536_1536,0.6547854785262447,0.7230320699181463,,,0.0,0.0,,
IDRiD_28_1536_2048,0.45433867849167325,0.8877777777580494,0.7018633538192971,0.6726190472186792,0.5413929040024451,0.3850467288999913,,
IDRiD_28_1536_2560,0.8456946271332303,0.8835095137327323,0.17314487629449737,0.1731448762639064,0.4475655430292541,0.33661971826244796,,
IDRiD_28_1536_3072,,,0.0,0.0,,,,
IDRiD_28_2048_1024,0.0,0.0,,,,,,
IDRiD_28_2048_1536,0.5910407844753501,0.9829503335075648,0.4722222220036008,0.5312499994466147,,,,
IDRiD_28_2048_2048,0.7981991525212342,0.8567367822139433,0.08873720135004486,0.052208835330881755,,,,
IDRiD_28_2048_2560,0.0,0.0,0.4439169139202423,0.8697674416581935,,,,
IDRiD_28_2048_3072,0.7223183390691039,0.5738831614725853,,,,,,
IDRiD_28_2048_512,0.6097794822042397,0.79699248100326,,,,,,
IDRiD_28_512_1536,0.7660270712365607,0.6580628673483756,,,,,,
IDRiD_28_512_2048,0.70551104635335,0.5901705929898388,0.5790108563837141,0.8304498267022664,0.4710920769869182,0.3235294116695501,,
IDRiD_28_512_2560,0.0,0.0,0.2617534942488242,0.18360071297975034,,,,
IDRiD_28_512_3072,0.0,0.0,,,,,,
IDRiD_29_0_1024,,,0.5847589423662894,0.43518518508444787,,,,
IDRiD_29_0_1536,,,0.6344339621893357,0.6255813952033531,,,,
IDRiD_29_0_2560,0.0,0.0,0.3359374999343872,0.20187793422491127,,,,
IDRiD_29_1024_1024,,,,,0.809980806119825,0.72758620686071,,
IDRiD_29_1024_2048,,,0.34432234429081293,0.31490787264406905,,,,
IDRiD_29_1024_2560,,,0.0,0.0,,,,
IDRiD_29_1024_3072,0.0,0.0,,,,,,
IDRiD_29_1536_1024,,,0.0,0.0,0.0,0.0,,
IDRiD_29_1536_1536,,,0.42814371251075695,0.401685393145594,,,,
IDRiD_29_1536_2560,,,0.44736842085641737,0.7183098581432256,,,,
IDRiD_29_1536_3072,0.33317001468235324,0.2131661441872623,0.29342327145136204,0.9775280887892943,,,,
IDRiD_29_2048_1024,,,0.527245949848712,0.5811688309801399,0.6122448967097043,0.46874999853515625,,
IDRiD_29_2048_1536,,,0.4127764126749935,0.26006191942412943,,,,
IDRiD_29_2048_2560,,,0.44495412833831327,0.2878338278077644,0.4226006191623374,0.9999999996336996,,
IDRiD_29_2048_3072,,,0.0,0.0,,,,
IDRiD_29_512_2048,,,0.24586288410263288,0.1440443212897384,,,,
IDRiD_29_512_2560,,,0.3590733590040399,0.2421874999369303,,,,
IDRiD_29_512_3072,,,0.0,0.0,,,,
IDRiD_30_0_1024,,,0.0,0.0,,,,
IDRiD_30_0_2048,0.709771707905282,0.8502777106927657,0.0,0.0,,,,
IDRiD_30_0_2560,0.6052631578812385,0.5225259915085666,0.09768637529622458,0.05671641789351748,,,0.7631469823170236,0.9927422518537392
IDRiD_30_1024_1024,0.7837120094376883,0.6912346450063372,,,0.5165193112995732,0.7416481068711961,,
IDRiD_30_1024_1536,,,,,0.823375730485917,0.8235455920667921,,
IDRiD_30_1024_2048,0.0,0.0,0.6423982868920486,0.48491379305119464,0.47594216637885894,0.3393038188462554,,
IDRiD_30_1024_512,0.37913462429001077,0.2648200880110689,0.0,0.0,0.0,0.0,,
IDRiD_30_1536_1024,,,,,0.5659633208328542,0.5786290322347327,,
IDRiD_30_1536_1536,,,,,0.12930547712791346,0.1793265465795359,,
IDRiD_30_1536_2048,0.6893039049118964,0.5259067357376709,0.7694610777291226,0.6927223717809373,0.6940921744295053,0.6144578312916507,,
IDRiD_30_1536_2560,,,0.03910614524047314,0.019943019937338168,,,,
IDRiD_30_1536_512,0.0,0.0,0.0,0.0,0.6932761853551226,0.6299902628709839,,
IDRiD_30_2048_2048,0.8721876495889316,0.8588667860765639,0.418856904446439,0.32470892624031633,,,,
IDRiD_30_2048_2560,,,,,,,0.0026420079259074415,0.0013227513226930004
IDRiD_30_512_1024,0.0,0.0,,,,,,
IDRiD_30_512_2560,,,0.544464609750956,0.40705563088099656,,,,
IDRiD_30_512_512,0.0,0.0,,,,,,
IDRiD_31_0_1024,,,0.5603174602729907,0.40022675732423735,,,,
IDRiD_31_0_1536,0.7718109549512431,0.8867735470907708,0.1663778162623262,0.09108159391061071,0.6457450904848816,0.5549917264141755,0.9090736657398367,0.8986967935453839
IDRiD_31_0_2048,0.7421328321774475,0.6715391851749654,0.35703630033920847,0.30775825116554834,0.7127945123716612,0.5955644156417199,0.8048149516910342,0.8992979765179065
IDRiD_31_0_2560,0.8507966876899022,0.7894152890225817,0.6819923369034512,0.5204678359529428,0.6833027522810403,0.5800623052778797,0.8190403266920684,0.9567680381491239
IDRiD_31_0_3072,0.8418653989673442,0.7591044353070773,,,,,0.8590112779412131,0.9835255717509129
IDRiD_31_0_512,,,0.0,0.0,,,,
IDRiD_31_1024_0,,,0.0,0.0,,,0.0,0.0
IDRiD_31_1024_1536,0.9386031932599289,0.9160277613121312,0.0,0.0,0.8195437187817531,0.7175925925802882,,
IDRiD_31_1024_2048,,,0.433224755629768,0.31220657269666513,0.7636057995337066,0.6397324179153266,,
IDRiD_31_1024_2560,0.0,0.0,,,,,,
IDRiD_31_1024_3072,0.0,0.0,,,,,,
IDRiD_31_1024_512,0.0,0.0,,,,,0.0,0.0
IDRiD_31_1536_0,0.5675633969416822,0.571532166160038,,,,,0.015247238202748571,0.007707954180467088
IDRiD_31_1536_1024,0.5869565217341847,0.5796305541591008,,,0.7844259948243795,0.8815958815391508,,
IDRiD_31_1536_1536,0.7902984661343911,0.9269940244098858,0.4529616723160412,0.3403141359474795,,,,
IDRiD_31_1536_2048,0.0,0.0,,,0.6350515463699296,0.47287615145993467,,
IDRiD_31_1536_2560,,,,,0.5801916932721983,0.7504132230784782,,
IDRiD_31_1536_512,0.8271550494154786,0.8602492850544421,0.0,0.0,0.0,0.0,0.0,0.0
IDRiD_31_2048_1024,,,0.0,0.0,,,,
IDRiD_31_2048_2048,,,,,0.5728250243819331,0.9865319861998209,,
IDRiD_31_512_0,0.8002502737327272,0.7543497493290636,,,0.0,0.0,,
IDRiD_31_512_1024,0.6097261362771174,0.6052216324687244,,,,,,
IDRiD_31_512_1536,0.5461303016933509,0.4109904573737746,0.5930018415842233,0.8370883880698288,,,,
IDRiD_31_512_2048,0.3572961373198875,0.5540765390093051,0.0,0.0,0.5221360109300714,0.3763157894489266,,
IDRiD_31_512_2560,0.0,0.0,0.8251121074999833,0.968421052291782,0.7911735700099708,0.7754954083911191,,
IDRiD_31_512_3072,0.6797631862156461,0.6093599227949604,,,,,0.015793629902398083,0.01943005181284229
IDRiD_31_512_512,0.6223194748340706,0.5349887133156007,0.5828571426906122,0.4112903224148023,0.0,0.0,,
IDRiD_32_0_1024,0.789662027827769,0.9350282485728967,,,,,,
IDRiD_32_0_2048,,,0.7104316546123712,0.5509065550138206,,,0.09855072463292026,0.05274043433026161
IDRiD_32_0_2560,,,,,,,0.6325953379478116,0.9521432765614392
IDRiD_32_0_512,0.0,0.0,,,,,,
IDRiD_32_1024_2048,,,0.0,0.0,0.7670396744269053,0.9741602065924858,,
IDRiD_32_1024_2560,0.0,0.0,,,0.8441659410361299,0.8963479064823129,,
IDRiD_32_1024_3072,0.0,0.0,0.0,0.0,0.86784736955252,0.8983417677173101,,
IDRiD_32_1536_0,0.0051620896138224025,0.002587723838085211,,,,,,
IDRiD_32_1536_1024,,,,,0.1336191496915463,0.07159264930813199,,
IDRiD_32_1536_2048,,,,,0.49015317281289356,0.8682170539270476,,
IDRiD_32_1536_2560,,,,,0.8176749372620898,0.7998363784892327,,
IDRiD_32_1536_3072,,,,,0.7458432303911462,0.8837957378012146,,
IDRiD_32_1536_512,0.0,0.0,,,,,,
IDRiD_32_2048_0,0.0,0.0,,,,,,
IDRiD_32_2048_1024,0.7921797917032849,0.8776873557598377,,,,,0.890952278106436,0.9971000482843355
IDRiD_32_2048_1536,0.0,0.0,0.0006056935190610027,0.0003056234718733,,,,
IDRiD_32_2048_2048,0.7971946230041732,0.7353099730061827,,,,,0.8191830039802421,0.7855002995747041
IDRiD_32_2048_2560,0.5051683894589433,0.3790342757020386,,,,,,
IDRiD_32_2048_3072,0.0,0.0,0.07692307689618073,0.03999999998545454,,,,
IDRiD_32_2048_512,0.6414158686703085,0.9843852512664429,,,,,0.8410390131296656,0.9990469382654504
IDRiD_32_512_1024,0.4347826086459059,0.277777777737167,,,,,,
IDRiD_32_512_2048,,,,,0.4403100774511147,0.9999999992957747,,
IDRiD_32_512_2560,,,0.5659008463644618,0.40414507765040675,0.7418122902398923,0.7690461907526208,0.7739635595407053,0.9979570990637052
IDRiD_32_512_3072,,,,,0.7926677713256766,0.7658595156940993,,
IDRiD_32_512_512,0.0,0.0,,,,,,
IDRiD_33_0_1024,0.6935789758685024,0.5517241379072533,,,0.7992202728265867,0.6688417617179704,,
IDRiD_33_0_1536,0.6204379562019706,0.9380136182092272,0.5148514850210764,0.440677965914967,,,,
IDRiD_33_0_2048,0.0,0.0,0.8344760038359965,0.7759562840116656,,,,
IDRiD_33_0_2560,0.717708418220849,0.869655376712848,0.590322580549948,0.5228571427077551,,,,
IDRiD_33_0_3072,0.5023928770116595,0.7090794847405253,0.0,0.0,,,,
IDRiD_33_1024_0,0.7707279096901796,0.8995596561061049,,,0.16814159284595506,0.09178743956918481,,
IDRiD_33_1024_1024,0.6987797045550647,0.9685459940461217,0.3981042652141686,0.24852070991211794,0.09402764067011318,0.3989528795393767,,
IDRiD_33_1024_1536,0.6589435120517899,0.8724436287247975,0.6650402537041952,0.6578185327867848,0.6720022866846934,0.6442861057647497,,
IDRiD_33_1024_2048,0.31178275195646193,0.20422744864239017,0.5344934741992776,0.5434439178343304,0.6531402255846416,0.7557924003590394,,
IDRiD_33_1024_2560,0.7112701252210688,0.6444084278726456,0.6061834769284308,0.5657521286481946,0.6239830208591443,0.6492454913268588,,
IDRiD_33_1024_3072,0.8802866684521359,0.8664523249634509,0.4202706288028583,0.3397683397537637,0.7058823525259516,0.5504587150913223,,
IDRiD_33_1024_3584,,,0.0,0.0,,,,
IDRiD_33_1024_512,0.7757464337971071,0.653418215183222,,,0.0,0.0,,
IDRiD_33_1536_0,,,0.0,0.0,0.0,0.0,,
IDRiD_33_1536_1024,0.6515076618802335,0.501140684401119,0.0,0.0,0.18704089463669507,0.34534412954067434,,
IDRiD_33_1536_1536,0.7063664418709982,0.6058823529292965,0.28016877635948656,0.3155893535821683,0.6565283510706312,0.6678945041893636,,
IDRiD_33_1536_2048,0.0,0.0,0.6823184152103948,0.6283783782934624,0.698733754019396,0.6651284907258721,,
IDRiD_33_1536_2560,0.0008576329330678545,0.00044169611305469543,0.32365699031285766,0.38219070130952004,0.6393413907752786,0.5911888564758281,,
IDRiD_33_1536_3072,0.340517532596848,0.2176353743827823,0.5083696722392971,0.40679873929746063,,,,
IDRiD_33_1536_3584,0.0,0.0,,,,,,
IDRiD_33_1536_512,0.8391202470965503,0.8809191032568879,,,0.04142011833094079,0.0211480362473873,,
IDRiD_33_2048_1024,,,0.3614457830599506,0.2205882352400519,0.8362445413934231,0.9364303176194546,,
IDRiD_33_2048_1536,0.5335631349733893,0.4905754795581222,0.49786628733111904,0.42879019906803095,0.5135195530611504,0.43195488720180625,,
IDRiD_33_2048_2048,0.5149000377119031,0.4014705882234862,0.3379073756142446,0.46682464443914107,0.7604957005515901,0.7745009658625306,,
IDRiD_33_2048_2560,0.7824726134449231,0.9150061000034565,0.5748344370099557,0.47692307681825863,0.5741127348043724,0.46452702694855963,,
IDRiD_33_2048_3072,0.520191649519494,0.6859205774935162,0.05167958654995359,0.02652519893195618,,,,
IDRiD_33_2048_512,0.6953016229231442,0.8478613419782695,0.0,0.0,0.0,0.0,0.7394162924892606,0.8276790522199304
IDRiD_33_512_0,0.29279980831085656,0.1919572730098656,,,,,,
IDRiD_33_512_1536,0.8092821513736314,0.9694481970178795,0.29201680670735203,0.1855807743534325,0.4121818940170137,0.2897360703642383,,
IDRiD_33_512_2048,0.8040567519354699,0.8192790691344509,0.2051498522496771,0.14021927292901215,0.6618705035872022,0.5661538461393294,,
IDRiD_33_512_2560,0.5542832909232064,0.6910062856095224,0.2944024791730699,0.34561164163958114,0.2585949177684159,0.35306122441774257,,
IDRiD_33_512_3072,0.4276524417828427,0.293131288035112,0.3892359442388642,0.25829081631005796,,,,
IDRiD_33_512_512,0.6273062730597629,0.5085135756978945,0.0036166365273749305,0.0027472527464980074,,,,
IDRiD_34_0_1024,0.7882947976837928,0.9340753424543289,0.0,0.0,0.0,0.0,,
IDRiD_34_0_1536,,,0.0,0.0,,,,
IDRiD_34_0_2048,0.43591346754760585,0.28468762760077837,,,,,,
IDRiD_34_0_2560,0.2992174313288443,0.17698311853009652,,,0.2857522594326721,0.1677067082657144,,
IDRiD_34_0_3072,,,0.0,0.0,0.0,0.0,,
IDRiD_34_0_512,0.16661543190388517,0.09087860496006443,,,,,,
IDRiD_34_1024_1024,,,,,0.3598435462373086,0.2980561554431844,,
IDRiD_34_1024_1536,,,0.2946175637185115,0.18721872185533583,0.37735849051126874,0.2626262625732068,,
IDRiD_34_1024_2048,,,0.036281179130094966,0.01847575057310029,,,,
IDRiD_34_1024_3072,0.8686035114886508,0.897849933082891,0.0,0.0,0.8068037572783244,0.7577491654383525,,
IDRiD_34_1024_3584,0.0,0.0,,,,,,
IDRiD_34_1024_512,,,,,0.18811881178806,0.13475177295407675,,
IDRiD_34_1536_0,0.17240061161969672,0.09433172976299008,,,,,,
IDRiD_34_1536_1024,0.0,0.0,0.0,0.0,0.6764500348933298,0.5824308061874331,,
IDRiD_34_1536_1536,0.4503709644986892,0.2910080331616738,0.0,0.0,0.0,0.0,,
IDRiD_34_1536_2048,0.0018611576400174735,0.0009529254812092067,0.0,0.0,,,,
IDRiD_34_1536_3072,0.8181147972606396,0.7510575040469144,,,0.5630174792835628,0.5275862068662307,,
IDRiD_34_1536_3584,0.009592326138513648,0.004819277108143416,,,,,,
IDRiD_34_1536_512,0.5705476484107688,0.423143478689748,0.5008441192740098,0.8225508316409333,,,,
IDRiD_34_2048_0,0.0,0.0,,,,,,
IDRiD_34_2048_1024,0.8487394957269966,0.8844133098275985,0.5933993399144093,0.4499499499274299,0.6497109826214039,0.7994310098436087,,
IDRiD_34_2048_1536,0.7503453720133536,0.6788746924820297,,,0.3426613363596424,0.2531645569406612,,
IDRiD_34_2048_2048,0.47237642082378567,0.3135637831143435,0.1913043477983617,0.10819672129373825,0.0,0.0,,
IDRiD_34_2048_2560,0.749313734169399,0.6409634903770087,,,,,,
IDRiD_34_2048_3072,,,,,0.7779135108532149,0.7781036167752637,,
IDRiD_34_2048_512,0.45087133852261446,0.3037721708703284,0.22196124484897467,0.12667560320866786,0.0,0.0,,
IDRiD_34_512_1024,0.7396171734396667,0.7022924480133546,0.0,0.0,0.641200545615116,0.9999999995744681,,
IDRiD_34_512_1536,0.6000601865603352,0.5569832401923472,0.5081081079707815,0.4215246634881055,0.5886722376426488,0.898016996912743,,
IDRiD_34_512_2560,0.18740031897179427,0.10338759348423285,,,0.0,0.0,,
IDRiD_34_512_3072,0.6995112414439901,0.6059887541453425,0.0,0.0,0.0,0.0,,
IDRiD_34_512_3584,0.0,0.0,,,,,,
IDRiD_34_512_512,0.5767395749408987,0.4510126950264027,0.0,0.0,,,,
IDRiD_35_0_1024,,,0.0,0.0,0.0,0.0,,
IDRiD_35_0_1536,0.04067443073155644,0.03224917309782939,,,0.07499999990625,0.03896103891044021,0.0,0.0
IDRiD_35_0_2048,0.3461962134245332,0.2130494650985848,0.18934911238868854,0.11347517727813825,,,0.0,0.0
IDRiD_35_0_2560,0.48832520801844387,0.7961989003012646,,,,,,
IDRiD_35_1024_0,0.6975107784911153,0.8490234423327251,,,,,,
IDRiD_35_1024_1024,0.18692275102333872,0.7958152957961565,,,,,,
IDRiD_35_1024_1536,0.3982164658410791,0.6607363043803,,,0.40327868849153453,0.551569506602787,0.0,0.0
IDRiD_35_1024_2048,0.6832131067325882,0.5738933963174089,0.0,0.0,0.8038197884027268,0.8322120118080717,,
IDRiD_35_1024_2560,0.4345792571219656,0.2913737685204187,0.24989078198995673,0.1535158346670147,0.6361746361581035,0.5166737019621497,,
IDRiD_35_1024_3072,0.5174978920080463,0.9234524419854139,,,,,,
IDRiD_35_1024_512,0.672264096930901,0.5929978118062111,0.0,0.0,,,,
IDRiD_35_1536_0,0.0,0.0,,,,,,
IDRiD_35_1536_1024,,,0.24291497973249848,0.14336917561011123,,,,
IDRiD_35_1536_1536,,,0.10488245929387298,0.05534351143981994,,,,
IDRiD_35_1536_2048,,,0.01314459049478541,0.006615776081088255,0.7230590961641606,0.682499999978672,,
IDRiD_35_1536_2560,0.0,0.0,0.5889570551631063,0.4786324785642974,0.502074688744598,0.5159914711053323,,
IDRiD_35_1536_3072,0.6616915422874743,0.9044785468171246,,,,,,
IDRiD_35_1536_512,0.6916626180251966,0.7333154169993132,,,,,,
IDRiD_35_2048_1024,,,,,,,0.8374348109483482,0.8292584523454428
IDRiD_35_2048_2048,0.8154884547011333,0.9106632814834869,0.0,0.0,0.702898550597301,0.5843373492215851,,
IDRiD_35_2048_512,0.15153777246901678,0.1911847805601106,,,,,0.6398693963967531,0.49474617903592555
IDRiD_35_512_0,0.0,0.0,,,,,,
IDRiD_35_512_1024,,,0.0,0.0,,,,
IDRiD_35_512_1536,0.3817966903016874,0.23593864133973816,,,0.2676240208702595,0.3972868216284328,0.7724003887119067,0.750094375207622
IDRiD_35_512_2048,0.7345436702640646,0.6265302278849341,0.4754820936508132,0.4191355026508434,0.7061611372734214,0.6313559319358661,0.0,0.0
IDRiD_35_512_2560,0.12240994580419479,0.06535057862269059,0.5577630610332771,0.3871297241688325,,,,
IDRiD_35_512_512,0.12381304722994435,0.13890426120257598,0.0,0.0,,,,
IDRiD_36_0_1024,,,0.5991943604934947,0.656008820214332,,,,
IDRiD_36_0_1536,0.6291148500308237,0.9590186785347361,0.06361829024580153,0.03661327230283449,0.7633117882190424,0.6989853438162916,,
IDRiD_36_1024_1024,,,0.0,0.0,0.7716894975407101,0.8164251203785386,,
IDRiD_36_1024_1536,0.8185993111131287,0.6952705996735608,0.10828729280571411,0.07668231610693547,0.13214739515474622,0.07074829931010228,,
IDRiD_36_1024_2048,,,0.6082036774245823,0.4725274724236203,,,,
IDRiD_36_1024_3584,0.22148288972857694,0.12557262193140467,,,,,,
IDRiD_36_1024_512,0.40936170211024,0.26826547683947205,0.16309012874369883,0.36305732472514096,,,,
IDRiD_36_1536_1024,,,0.0,0.0,0.5462012319954688,0.4121900826020465,,
IDRiD_36_1536_1536,0.7886945880835721,0.7179818887399886,,,,,,
IDRiD_36_1536_2048,0.09896249001999352,0.05433829973469158,,,,,,
IDRiD_36_1536_3584,0.0,0.0,,,,,,
IDRiD_36_1536_512,0.0,0.0,0.6092896174031025,0.8643410849363018,0.4025157230172857,0.2559999997952,,
IDRiD_36_2048_1024,,,0.0,0.0,0.7452596866656834,0.7661016947854066,,
IDRiD_36_2048_1536,,,0.18573797675195058,0.10526315787495054,,,,
IDRiD_36_2048_3072,0.39731066087675676,0.2630234321972655,,,,,,
IDRiD_36_2048_512,0.21991541714302354,0.12356880535485917,0.22784810124363697,0.1539473684007964,,,,
IDRiD_36_512_1024,,,0.0,0.0,,,,
IDRiD_36_512_1536,,,0.64690815950798,0.5573770491451843,0.6175316179407967,0.5705076550708696,,
IDRiD_36_512_2048,,,0.6507936507539198,0.5184824902219375,0.494047618900581,0.3280632409770501,,
IDRiD_37_0_1024,0.7996383090930107,0.7405443126273992,,,0.16822429901301422,0.09183673466264056,,
IDRiD_37_0_1536,,,0.7009132419291195,0.7506112467602417,,,,
IDRiD_37_0_2048,,,0.7123287670257085,0.5531914892440017,0.11494252860351434,0.06097560968173706,,
IDRiD_37_1024_1024,,,0.35964912264927673,0.21925133678114903,,,,
IDRiD_37_1024_1536,0.0,0.0,0.6263846927868696,0.6602972397748837,0.8583453583401975,0.8151193330956363,,
IDRiD_37_1024_2048,,,0.6302083331692165,0.4600760454524425,0.8602369852328077,0.8051818181744983,,
IDRiD_37_1024_2560,,,0.0,0.0,0.0,0.0,,
IDRiD_37_1024_3072,,,0.0,0.0,,,,
IDRiD_37_1536_1536,,,0.7785714285158163,0.6898734176341933,,,,
IDRiD_37_1536_2048,0.057962778803642666,0.5629139072537023,,,0.6312499999013672,0.9901960779459823,,
IDRiD_37_1536_2560,,,0.6212624584373608,0.4546191247605657,0.0,0.0,,
IDRiD_37_1536_3072,0.5516146108760395,0.44836488808533864,0.05022831049654928,0.025761124118763336,0.0,0.0,,
IDRiD_37_1536_512,0.008124796879945974,0.004078968836611536,,,,,,
IDRiD_37_2048_3072,,,0.0,0.0,,,,
IDRiD_37_2048_512,0.8433449650994308,0.7761211147978423,,,,,,
IDRiD_37_512_1536,0.0,0.0,,,0.5721649484325418,0.5963161933540816,,
IDRiD_37_512_2048,0.6184436625430124,0.4493994529617148,0.011363636357179753,0.005714285711020409,0.7098884758258753,0.687698069700729,,
IDRiD_37_512_2560,,,0.7148530579257464,0.9554140125360054,0.6934306566812296,0.7364341079562526,,
IDRiD_38_0_2048,,,0.0,0.0,,,,
IDRiD_38_0_2560,,,0.0,0.0,,,,
IDRiD_38_0_512,,,,,0.0,0.0,,
IDRiD_38_1024_1024,,,0.5399610135925964,0.37432432427373996,0.0,0.0,,
IDRiD_38_1024_1536,0.0,0.0,0.0,0.0,,,,
IDRiD_38_1024_2048,,,0.26808510632593935,0.15479115475312255,,,,
IDRiD_38_1024_3072,,,0.0,0.0,,,,
IDRiD_38_1536_1024,,,0.27151935295947316,0.20293609670095542,0.6737777777178864,0.6890909089656199,,
IDRiD_38_1536_1536,,,0.0,0.0,0.645516074443258,0.5142375737065841,,
IDRiD_38_1536_2048,,,0.0,0.0,0.0,0.0,,
IDRiD_38_1536_2560,,,0.0,0.0,,,,
IDRiD_38_1536_3072,,,,,,,0.811292219788176,0.9169990503149668
IDRiD_38_2048_1024,,,0.756183745544867,0.6575943809782621,0.3337423312781061,0.47263249344286423,,
IDRiD_38_2048_1536,,,0.0,0.0,0.04287245444342203,0.021905805035935838,,
IDRiD_38_2048_2048,0.0,0.0,,,,,,
IDRiD_38_512_1024,,,0.0,0.0,0.257197696687678,0.14955357139518893,,
IDRiD_38_512_1536,,,0.5273972601836648,0.35813953480043265,0.05529953916541017,0.028436018954650612,,
IDRiD_38_512_2560,0.8743169398723347,0.9515096065438469,0.0,0.0,0.0,0.0,,
IDRiD_38_512_3072,,,0.0,0.0,,,0.8114774572223945,0.9806807033357431
IDRiD_39_0_1024,0.4795870483116102,0.3177860696319785,0.0,0.0,,,0.5718997361383262,0.5661116552214785
IDRiD_39_0_1536,0.04444444444170096,0.041811846685039275,0.0,0.0,0.0,0.0,,
IDRiD_39_0_2048,0.43732262753210127,0.6843587521515521,0.41835748790249483,0.2913862718511853,,,,
IDRiD_39_0_2560,0.6324010238577202,0.9775313348294488,,,,,0.7082235879219133,0.5667447306526116
IDRiD_39_0_3072,0.6201064829119917,0.455172413772176,,,,,,
IDRiD_39_0_512,0.3472668810227355,0.9614243322491173,0.0,0.0,0.1364077669869804,0.40085592005693926,0.36560664370705276,0.22469812025115526
IDRiD_39_1024_0,0.6779993004499615,0.970753205108759,0.3977401129494079,0.25178826891962974,,,,
IDRiD_39_1024_1024,0.6709282934777396,0.5896433805281073,0.4249291784401608,0.48154093090183936,0.265193370092488,0.21428571419005102,,
IDRiD_39_1024_1536,0.11440677965928561,0.08416833667147254,0.43644198213492025,0.32733148659615274,0.3702445652048151,0.48487544479671923,,
IDRiD_39_1024_2048,0.86910093005737,0.8329481676846171,0.6123627960362586,0.5480868665410459,0.7371695178466994,0.8832298135548783,,
IDRiD_39_1024_3072,0.03324099722070886,0.028301886779102885,0.5664136622122196,0.43198263383270746,0.4449806949592191,0.28615766602817144,,
IDRiD_39_1024_3584,0.822217824389325,0.7565861357198422,,,0.0651465797974868,0.03367003366625477,,
IDRiD_39_1024_512,0.6413078666131222,0.5002525252398926,0.5295517651620478,0.38830715531156756,0.4378881986897689,0.3241379309599683,,
IDRiD_39_1536_0,,,0.0,0.0,,,,
IDRiD_39_1536_1024,0.3734813133208329,0.4208432022698167,0.34977206795069327,0.2982332155266266,0.2594594593192111,0.14906832288877744,,
IDRiD_39_1536_1536,0.08193345616037787,0.15902397979978866,0.12149292148979426,0.06767995411334443,0.43104928730154474,0.7373678025418703,,
IDRiD_39_1536_2048,0.574955178592091,0.7166924531422264,0.3016817593712372,0.18316054036496512,,,,
IDRiD_39_1536_2560,0.39663643234697055,0.638964992370199,0.0062597809071784204,0.0031397174251852652,,,,
IDRiD_39_1536_3072,0.6886966855912825,0.5561420345459792,0.40683760676806197,0.2761020881029925,0.7109634550314015,0.6028169012386431,,
IDRiD_39_1536_512,0.0,0.0,0.35100117783563006,0.5477941175463614,,,,
IDRiD_39_2048_0,0.0,0.0,,,,,,
IDRiD_39_2048_1024,0.6600483857457241,0.6582362728675835,0.15472779368888598,0.1755146261998359,0.2568359374874592,0.17022653720581057,0.00028853783452147054,0.00015291688966929492
IDRiD_39_2048_1536,0.2675569333460408,0.3802100982588882,0.3514804202147583,0.24864864861504749,0.6202898548926695,0.685897435457758,,
IDRiD_39_2048_2048,0.39160839160187133,0.2563208369604115,0.27272727270626135,0.31949458477987464,,,,
IDRiD_39_2048_2560,0.7615309462990221,0.6846971798407006,0.0,0.0,,,,
IDRiD_39_2048_3072,0.7730962283069752,0.8464920545138717,,,,,0.0,0.0
IDRiD_39_2048_512,0.773903106275673,0.8988818276816114,0.6104756170613801,0.4720670390621911,0.3964601769209805,0.24724061804696673,0.25032037590416745,0.1431129925082528
IDRiD_39_512_0,,,0.0,0.0,,,,
IDRiD_39_512_1024,0.6099304865908146,0.5423878488118828,0.5994046686417138,0.6493550576833214,0.5714947856182736,0.4513177159424847,,
IDRiD_39_512_1536,0.6405419683624707,0.5639089516274682,0.35032941849970883,0.3202409007509756,0.48701616853290014,0.35436720141339156,,
IDRiD_39_512_2048,0.5965795824090171,0.6019479144484026,0.3030949839591147,0.3093681916537324,0.5679912504453519,0.808930425710855,,
IDRiD_39_512_2560,0.4326652310678704,0.7029063508771309,0.5748175181957282,0.42915531329303064,,,0.48672964460248636,0.32164090366696546
IDRiD_39_512_512,0.5422152354716564,0.46040044493369964,0.023366967603644876,0.0146276595734955,0.0,0.0,,
IDRiD_40_0_1024,0.7151459008634751,0.9692404268067017,0.0,0.0,,,,
IDRiD_40_0_1536,0.03548387096201873,0.01806239736977629,0.24025289776182795,0.23360655732917898,,,,
IDRiD_40_0_2048,,,0.3647798741679522,0.24126455902807578,0.6783856875319494,0.5416043846447167,,
IDRiD_40_1024_0,,,0.0,0.0,0.0,0.0,,
IDRiD_40_1024_2048,,,0.0,0.0,0.0,0.0,,
IDRiD_40_1024_2560,,,0.6118980169393864,0.4872180450395161,0.0,0.0,,
IDRiD_40_1024_3072,,,0.0,0.0,,,,
IDRiD_40_1536_1536,,,,,0.8531073443917775,0.8678160914552782,,
IDRiD_40_1536_2048,,,0.0,0.0,0.0,0.0,,
IDRiD_40_1536_2560,,,0.6156751651920986,0.5679442507721352,,,,
IDRiD_40_1536_3072,,,0.6971830984688059,0.9753694576476013,,,,
IDRiD_40_1536_512,,,,,0.0,0.0,,
IDRiD_40_2048_1024,,,0.0,0.0,,,,
IDRiD_40_2048_1536,0.0,0.0,0.6816816815793271,0.9458333329392361,,,,
IDRiD_40_2048_2048,,,0.0,0.0,0.0,0.0,,
IDRiD_40_2048_2560,,,0.3026755852589736,0.21521997619319622,,,,
IDRiD_40_2048_3072,,,0.15425531910791082,0.0835734870076157,,,,
IDRiD_40_2048_512,,,0.0,0.0,,,,
IDRiD_40_512_1536,,,0.0,0.0,,,,
IDRiD_40_512_2048,,,,,0.0,0.0,,
IDRiD_40_512_2560,,,0.08438818563620502,0.044742729296478136,0.0,0.0,,
IDRiD_41_0_3072,,,0.6423611109995901,0.4868421051350415,,,,
IDRiD_41_1024_1024,0.0,0.0,0.4898785424770662,0.6823308269394115,,,,
IDRiD_41_1024_1536,,,0.1605351170491861,0.08786610878201537,0.48312611003852113,0.31924882621613876,,
IDRiD_41_1024_2048,,,,,0.5434920634748098,0.3875056586515389,,
IDRiD_41_1024_512,,,,,0.38771031452906285,0.3769559032180717,,
IDRiD_41_1536_1024,,,,,0.8049281313341963,0.8503253794250921,,
IDRiD_41_1536_3072,0.6724611161631995,0.5183356840255052,0.49122807009709285,0.6874999996930804,,,,
IDRiD_41_1536_3584,0.0,0.0,,,,,,
IDRiD_41_1536_512,,,,,0.10029498522115192,0.05279503103950464,,
IDRiD_41_2048_1024,0.0,0.0,0.737727910186695,0.66246851377047,,,,
IDRiD_41_2048_2048,,,0.0,0.0,,,,
IDRiD_41_2048_2560,,,0.847072879280342,0.8187066973650454,,,,
IDRiD_41_512_1536,,,0.0,0.0,0.7666666665753968,0.6851063828329561,,
IDRiD_41_512_2048,,,,,0.4161849709779812,0.2627737225318344,,
IDRiD_41_512_3072,,,,,0.2532751090597052,0.1449999999275,,
IDRiD_42_0_1024,,,,,0.6918918918384639,0.6607669615544591,,
IDRiD_42_0_512,0.0,0.0,0.46088794916260295,0.41444866904393585,,,,
IDRiD_42_1024_0,,,0.0,0.0,0.4099743307513761,0.25831792974776724,,
IDRiD_42_1024_1536,,,0.666666666462793,0.5215311002289325,,,,
IDRiD_42_1024_2048,,,,,0.7456160327773715,0.6467799288563106,,
IDRiD_42_1024_2560,,,,,0.8034913894691732,0.8476854156085694,,
IDRiD_42_1024_3072,,,,,0.6991869916804371,0.7049180324016842,,
IDRiD_42_1024_512,,,,,0.0,0.0,,
IDRiD_42_1536_0,0.8680115273274921,0.9330855017431121,,,,,,
IDRiD_42_1536_1536,,,0.0,0.0,,,,
IDRiD_42_1536_2048,,,0.5812356978074975,0.5404255316849254,0.5579119086156654,0.4010946051289214,,
IDRiD_42_1536_2560,,,,,0.5546819156143901,0.3841584158035487,,
IDRiD_42_2048_1536,,,0.0,0.0,,,,
IDRiD_42_2048_2048,,,,,0.0,0.0,,
IDRiD_42_2048_2560,,,0.8055555554157022,0.7116564414994918,0.0,0.0,,
IDRiD_42_512_1536,,,0.0,0.0,,,,
IDRiD_42_512_2048,,,0.7330316740423005,0.7534883717425636,,,,
IDRiD_42_512_2560,,,,,0.8093525179815679,0.7509734841391528,,
IDRiD_42_512_3072,,,,,0.06438631789448968,0.033264033257117666,,
IDRiD_42_512_512,0.5543328748153523,0.38774855675472264,,,0.0,0.0,,
IDRiD_43_1024_2048,,,,,0.8172412933442593,0.8190585648569905,,
IDRiD_43_1024_2560,,,0.0,0.0,0.7614398282237903,0.7701606294018597,,
IDRiD_43_1024_3072,,,,,0.16156583629318272,0.0880527540695092,,
IDRiD_43_1024_3584,,,,,0.18217821780374474,0.1002178649128303,,
IDRiD_43_1536_2048,,,,,0.6653396367089988,0.7077818951451676,,
IDRiD_43_1536_2560,,,,,0.7772850455729411,0.677765843172097,,
IDRiD_43_512_2048,,,,,0.7313114053666956,0.8708036622140994,,
IDRiD_43_512_2560,,,,,0.0,0.0,,
IDRiD_43_512_3072,,,,,0.0,0.0,,
IDRiD_44_0_1024,,,0.0,0.0,,,,
IDRiD_44_0_2560,,,,,0.8078541374285214,0.778027915318414,,
IDRiD_44_0_3072,,,,,0.5952563121197202,0.4703748487943924,,
IDRiD_44_0_512,,,,,0.3813169984394091,0.23691722167108303,,
IDRiD_44_1024_0,,,,,0.0,0.0,,
IDRiD_44_1024_1024,,,0.0,0.0,0.0,0.0,,
IDRiD_44_1024_1536,,,,,0.13649851631237397,0.0732484076386466,,
IDRiD_44_1024_3072,,,,,0.7631578946364266,0.6401766003001818,,
IDRiD_44_1024_512,,,,,0.0,0.0,,
IDRiD_44_1536_1024,0.6425826287306539,0.4819369715418164,,,0.7704947311882391,0.7142384105723762,,
IDRiD_44_1536_1536,,,,,0.0,0.0,,
IDRiD_44_1536_2560,,,,,0.0,0.0,,
IDRiD_44_1536_3072,,,,,0.0,0.0,,
IDRiD_44_1536_512,,,0.0,0.0,0.08945686899529444,0.0468227424670865,,
IDRiD_44_2048_1024,,,,,0.0,0.0,,
IDRiD_44_2048_1536,0.6180147996780297,0.5058479531952444,,,0.7159142726531731,0.5729927006881027,,
IDRiD_44_2048_512,,,0.8196078429765474,0.7916666663667928,0.5283477978706436,0.3671513921726169,,
IDRiD_44_512_1024,,,0.008928571426578444,0.004494382021461936,,,,
IDRiD_44_512_1536,0.48960543061138717,0.6347634762778038,0.4123711338080561,0.29629629607681757,,,,
IDRiD_44_512_2048,,,,,0.6704225351797924,0.5042372880999832,,
IDRiD_44_512_2560,,,0.0,0.0,0.0,0.0,,
IDRiD_44_512_512,,,0.0,0.0,,,,
IDRiD_45_0_1024,,,0.0,0.0,0.336244541470033,0.20402755695792116,,
IDRiD_45_0_1536,0.8128639010152253,0.7039313007113848,0.0,0.0,0.7665189260748559,0.6455294319491545,,
IDRiD_45_0_2048,,,,,0.6457579412687673,0.4917330067059563,,
IDRiD_45_0_2560,,,,,0.845518118191639,0.73725055424199,,
IDRiD_45_0_512,,,,,0.0,0.0,,
IDRiD_45_1024_1024,0.0,0.0,0.0,0.0,0.0,0.0,,
IDRiD_45_1024_2560,,,,,0.610664718757958,0.579750346713835,,
IDRiD_45_1024_512,,,,,0.6418056918390136,0.4782449725602104,,
IDRiD_45_1536_0,,,0.0,0.0,,,,
IDRiD_45_1536_1024,,,0.49504950470542103,0.3311258275952809,0.5713479977278244,0.4404347825895463,,
IDRiD_45_1536_1536,,,,,0.4335904027234966,0.30047505936457986,,
IDRiD_45_1536_2048,,,0.6507592189477746,0.5084745760988222,,,,
IDRiD_45_1536_2560,,,,,0.4251012144888459,0.2822580644402532,,
IDRiD_45_1536_3072,,,,,0.7122302155711402,0.773437499395752,,
IDRiD_45_1536_512,,,0.7012345677280902,0.6425339363608444,0.6234393033194476,0.4818358741407422,,
IDRiD_45_2048_1024,0.0,0.0,0.3753086418826398,0.3261802573707381,0.0,0.0,,
IDRiD_45_2048_1536,,,0.0,0.0,,,,
IDRiD_45_2048_2560,,,,,0.0,0.0,,
IDRiD_45_2048_512,,,,,0.7727830999706903,0.6685793220628139,,
IDRiD_45_512_1024,,,0.0,0.0,0.618188795076397,0.46160458451399417,,
IDRiD_45_512_1536,,,,,0.13935075216632217,0.0796380090425667,,
IDRiD_45_512_2560,,,,,0.0,0.0,,
IDRiD_45_512_512,,,,,0.5346534653024213,0.4039900248872831,,
IDRiD_46_0_1024,,,0.0,0.0,,,,
IDRiD_46_0_1536,0.6616746085547422,0.6299416720265754,,,,,,
IDRiD_46_1024_1024,0.8272411396688362,0.7246165083826488,0.5240083507124562,0.43702843874422354,0.0,0.0,,
IDRiD_46_1024_1536,0.6285648414971099,0.5686397196822732,0.22154963679046308,0.16531165310159784,0.7621026706658889,0.6329178651285847,,
IDRiD_46_1024_2048,0.7378162987963648,0.6255448997345525,0.07862407861441965,0.04097311139040037,0.0,0.0,,
IDRiD_46_1536_1024,0.5121994530649139,0.8642138063175429,0.7388316150885382,0.7125103561961466,,,,
IDRiD_46_1536_1536,0.7824612402911226,0.8398335933000606,0.4183564567322992,0.603076922891361,0.6534653458876581,0.4999999992424243,,
IDRiD_46_1536_2048,0.755541919147384,0.7396005406106082,0.7319778187186733,0.9705882348183391,,,,
IDRiD_46_1536_512,0.8647485883268745,0.8405017921084191,,,,,,
IDRiD_46_2048_1024,0.8499592320793863,0.8318679086479445,0.5982562038498822,0.6473149491077917,,,0.7369256081774094,0.9758014316761919
IDRiD_46_2048_1536,0.7391600896352025,0.668959435614304,0.0,0.0,,,,
IDRiD_46_2048_2048,0.5650072498655145,0.4096005606023266,0.0,0.0,0.0,0.0,0.8214495592516089,0.8376947662720965
IDRiD_46_2048_2560,,,,,,,0.009708737863488547,0.004878048780190362
IDRiD_46_2048_3072,0.7499464323923295,0.7904245709004754,0.490566037633005,0.32773109234517334,,,0.37678147268222095,0.23211999268195768
IDRiD_46_2048_512,0.8336336336312494,0.7515082761782524,0.0,0.0,0.0,0.0,0.9320493509554859,0.9844833750411709
IDRiD_46_512_1024,0.8350467045826069,0.932734903229975,0.16042780745803426,0.5844155836566032,,,,
IDRiD_46_512_1536,0.7642851649604624,0.6595652895282577,0.1698196216379314,0.38293650786052846,0.7187693834422682,0.7550169402982795,0.8848072400753851,0.9799534351407602
IDRiD_46_512_2048,0.6113960113902052,0.49386314819739396,0.0,0.0,0.2966101694286843,0.17412935319051506,0.8527698969624251,0.9284669159335317
IDRiD_47_0_1024,0.0,0.0,,,0.4231311706330655,0.26833631482394127,,
IDRiD_47_0_1536,,,,,0.6326391259761639,0.5789720356103895,,
IDRiD_47_0_2048,,,0.0,0.0,0.0,0.0,,
IDRiD_47_0_2560,0.2453010512824052,0.14285714285184203,0.3919129081816621,0.24371373302829524,,,0.8361010291840649,0.9962086431059619
IDRiD_47_0_512,,,,,0.0,0.0,,
IDRiD_47_1024_0,,,,,0.7242409158605216,0.5780691298936008,,
IDRiD_47_1024_1024,0.0,0.0,,,,,,
IDRiD_47_1024_2048,,,0.7848537003812645,0.7862068962806182,0.0430681106237482,0.8629842180155678,,
IDRiD_47_1024_3072,0.0,0.0,,,,,,
IDRiD_47_1024_3584,,,0.0,0.0,,,,
IDRiD_47_1024_512,,,0.6420545745357858,0.6493506491398212,0.7536730452205487,0.7028002405887669,,
IDRiD_47_1536_0,,,0.0,0.0,,,,
IDRiD_47_1536_1024,,,,,0.41266335357237877,0.2763125462096053,,
IDRiD_47_1536_1536,,,,,0.0,0.0,,
IDRiD_47_1536_3072,0.6563333942582477,0.7670027341014439,,,,,,
IDRiD_47_1536_512,,,0.0,0.0,,,,
IDRiD_47_2048_0,,,,,0.0,0.0,,
IDRiD_47_2048_1536,0.0,0.0,,,,,,
IDRiD_47_2048_2048,0.0,0.0,,,,,,
IDRiD_47_2048_2560,0.0,0.0,0.428799999931392,0.31090487231765546,,,,
IDRiD_47_2048_512,,,,,0.7387529596891276,0.7999999998632479,,
IDRiD_47_512_0,,,,,0.0,0.0,,
IDRiD_47_512_1024,,,0.7832898171642045,0.9999999997777778,,,,
IDRiD_47_512_1536,,,0.6756097560151696,0.5881104032721634,,,,
IDRiD_47_512_2048,,,,,0.8126315789302604,0.7707667731321579,,
IDRiD_47_512_2560,,,,,0.1072133500802655,0.9053030302344467,,
IDRiD_47_512_512,,,0.0,0.0,0.46955567744186627,0.3669095584926314,,
IDRiD_48_0_1536,,,0.0,0.0,,,,
IDRiD_48_0_2048,0.6507577471123571,0.5196423733358652,0.41310282070854387,0.31353591155890387,0.529182879308796,0.6394984324014111,,
IDRiD_48_0_2560,0.12692307691087276,0.07449209931439141,0.04901960784073433,0.026766595287646328,0.5742652118296051,0.4415054413476193,,
IDRiD_48_0_3072,,,0.0,0.0,,,,
IDRiD_48_1024_0,0.11463239402798249,0.9999999998607243,0.0,0.0,,,,
IDRiD_48_1024_1024,0.0,0.0,0.0,0.0,0.4252427184053162,0.39177101960791216,0.8424860243321217,0.9877182353858692
IDRiD_48_1024_1536,0.20475669764618978,0.2986443381061147,,,0.4150141642765571,0.6078838173012688,,
IDRiD_48_1024_2048,0.06280165145046926,0.06370929683737954,0.0,0.0,0.8282694050085879,0.8900428404402175,,
IDRiD_48_1024_2560,0.0559006211164342,0.038521400776711234,0.2854918245448873,0.2343417128148981,0.8263742443404531,0.9139993301734032,,
IDRiD_48_1024_3072,0.23930468372535676,0.14057181756137313,0.10123669830022328,0.06813782423274728,0.8015283084348626,0.7479579929891358,,
IDRiD_48_1024_512,0.3512877500303877,0.9099221130745032,,,,,,
IDRiD_48_1536_1024,,,,,0.5973642800885388,0.498522652651042,0.7514367815912013,0.6100311041753488
IDRiD_48_1536_1536,0.0,0.0,0.43627031647251746,0.471349352962782,0.8181445412587951,0.831267576289807,,
IDRiD_48_1536_2048,,,,,0.675622248177394,0.5637276953024162,,
IDRiD_48_1536_2560,0.4953198127731935,0.3296988577191226,0.0,0.0,0.8066887507355659,0.749072981625025,,
IDRiD_48_1536_3072,0.464546283628407,0.3525238980909532,0.006309148262993959,0.0032362459536452275,0.4836956521301,0.38639652671687463,0.7507647236191859,0.9595814977867887
IDRiD_48_1536_512,0.0,0.0,0.0,0.0,0.3225152129653897,0.19226118499442194,,
IDRiD_48_2048_1024,,,0.24342105255150623,0.1385767789743158,0.7563215143274994,0.7841241944702951,0.7390994923341125,0.6335095567252256
IDRiD_48_2048_1536,,,,,0.7763649962022164,0.7198335643939204,,
IDRiD_48_2048_2048,0.0,0.0,0.0,0.0,0.8286821705105163,0.9082412913416956,,
IDRiD_48_2048_2560,0.6467034863596245,0.5559347180926419,0.0,0.0,0.8011336796976319,0.7174280879257675,,
IDRiD_48_2048_3072,0.314728682146145,0.22630992193686625,0.0,0.0,,,,
IDRiD_48_2048_512,0.812483409804686,0.7507358093876989,,,0.5482625482323076,0.38172043007820883,,
IDRiD_48_512_1024,0.0,0.0,0.11193339499944804,0.06117290191803979,0.0,0.0,0.0,0.0
IDRiD_48_512_1536,0.13307155322571834,0.10616080751457847,0.045366169796152545,0.02968617472182475,0.7813061713366894,0.9106145250760743,0.5122888479684882,0.3911369193130126
IDRiD_48_512_2048,0.015570934254708395,0.007846556232968914,0.0,0.0,0.7584090546757596,0.8804478578617521,,
IDRiD_48_512_2560,0.5956241253350322,0.5374191561408228,0.13389267610323558,0.08507330075333022,0.7515473032548288,0.6857603872252618,,
IDRiD_48_512_3072,0.5176338028110689,0.41305520589079203,0.006314127860590834,0.005706134093337214,0.0,0.0,,
IDRiD_48_512_512,,,0.0,0.0,,,,
IDRiD_49_0_1024,0.026045996120087393,0.013280587736273507,0.24708624705744917,0.17666666663722222,0.5722465476495074,0.5234134319000797,,
IDRiD_49_0_1536,0.0,0.0,0.0,0.0,0.748693664265605,0.7663379575335728,0.0,0.0
IDRiD_49_0_2048,0.0,0.0,0.2530741769038844,0.14990601503054954,0.5151267374885423,0.35714285710236476,,
IDRiD_49_0_2560,0.24105691056420617,0.3242208857121804,0.0,0.0,0.3936915887620507,0.2824811399595573,,
IDRiD_49_0_3072,0.599315068476047,0.6853785900335915,0.0,0.0,0.514705881974481,0.34653465312224296,,
IDRiD_49_0_512,0.2807399346810947,0.16329113921983657,,,0.7429760665199817,0.6263157893638043,,
IDRiD_49_1024_1024,0.6069066862155101,0.4356540083928635,0.33067729081469605,0.23557237462293543,0.811966976374453,0.7757992294034375,,
IDRiD_49_1024_1536,0.0,0.0,0.0,0.0,0.8375975975959207,0.847437715208234,,
IDRiD_49_1024_2048,,,0.0,0.0,0.7810784387397076,0.7522816166774985,,
IDRiD_49_1024_2560,,,,,0.6208130912651288,0.5336263736029175,,
IDRiD_49_1024_3072,,,0.0,0.0,0.7750915750347918,0.7207084467682959,,
IDRiD_49_1024_512,0.0,0.0,,,0.7144249512612538,0.6477172312128466,,
IDRiD_49_1536_1024,0.5673595579510349,0.784090909083781,0.3268384663528071,0.22260273970696892,0.8205519133889229,0.7090909090722243,,
IDRiD_49_1536_1536,,,,,0.8649479373506502,0.8381019308608971,,
IDRiD_49_1536_2048,,,,,0.741496598387246,0.9999999990825689,,
IDRiD_49_1536_512,0.5232101772870266,0.5027308192392362,0.2838552256899612,0.30994671400444523,0.717507645246225,0.6967334817855705,,
IDRiD_49_2048_1024,0.8014913975077422,0.842876039296647,0.24226804122150333,0.29513343794424907,0.8893408600352961,0.8944394968248512,,
IDRiD_49_2048_1536,0.47096009480557255,0.4269340973906207,0.2915931804649269,0.1850746268518601,0.849365660155082,0.8123364730454452,,
IDRiD_49_2048_2048,0.09194761771825168,0.08933405521985197,0.06896551719381688,0.035714285688775514,0.0511811023521297,0.02626262625732068,,
IDRiD_49_2048_2560,,,0.22375690604644244,0.13477537435361475,,,,
IDRiD_49_2048_3072,0.4562316356499258,0.7784625026031077,0.0,0.0,0.0,0.0,,
IDRiD_49_2048_512,0.42268440769380333,0.6285055704714366,0.0,0.0,0.8076093760839966,0.7503069466833583,,
IDRiD_49_512_0,,,,,0.6172839498552051,0.44642857063137753,,
IDRiD_49_512_1024,0.5794170336007979,0.5097057350716966,,,0.4019801980141163,0.5230033124577474,0.7366186257282966,0.8545850700982636
IDRiD_49_512_1536,0.02585483791372253,0.013596263622140134,0.2905620360397369,0.17700258396789387,0.576643208866872,0.9555981367043656,0.03620571874677366,0.018436614818772366
IDRiD_49_512_2048,,,,,0.7622251705801638,0.7939782823218757,,
IDRiD_49_512_3072,0.3881824667405758,0.9255553331813977,0.561111111033179,0.3953033267328173,,,,
IDRiD_49_512_512,0.6627765197643025,0.6027245366608154,0.6246770025638024,0.6926934096925005,0.01980198017841388,0.009999999990000001,,
IDRiD_50_0_1024,,,,,0.794358806139903,0.7863636363125738,,
IDRiD_50_0_1536,,,,,0.30214067277825474,0.21950677626706272,,
IDRiD_50_0_2048,,,,,0.5549169859470393,0.4319622219406989,,
IDRiD_50_0_2560,,,,,,,0.6218069373445697,0.48915917503448797
IDRiD_50_0_512,,,,,0.0,0.0,,
IDRiD_50_1024_1024,0.7514112481548942,0.8354253835036994,,,0.5343629343216708,0.38189845470398476,,
IDRiD_50_1024_1536,0.005999999999933333,0.003042253521092481,0.0,0.0,0.4751214608772397,0.4192785334059835,0.771519787959933,0.9829623944592024
IDRiD_50_1024_2048,,,,,0.5479577787892312,0.5519260400446248,,
IDRiD_50_1024_2560,0.920340975883005,0.8869688385017857,,,0.45316038706904166,0.3687075969496243,,
IDRiD_50_1024_3072,1.8549606284589405e-05,0.011764705868512111,,,,,,
IDRiD_50_1536_0,,,0.0,0.0,,,,
IDRiD_50_1536_1024,0.0,0.0,,,0.0,0.0,,
IDRiD_50_1536_1536,,,,,0.606981824941647,0.6170494282174792,,
IDRiD_50_1536_2048,,,,,0.46315237344707183,0.45097037791363787,,
IDRiD_50_1536_2560,0.0,0.0,0.18596171374786127,0.10251256280376758,0.6920415224873584,0.7543374402721356,,
IDRiD_50_1536_3072,0.3780746323894174,0.8882915645435346,0.0,0.0,,,0.687509394255646,0.6821266124772043
IDRiD_50_1536_512,0.0,0.0,,,0.0,0.0,,
IDRiD_50_2048_1024,0.28933631617655975,0.2890130353709865,0.0,0.0,0.0,0.0,,
IDRiD_50_2048_1536,,,,,0.0,0.0,,
IDRiD_50_2048_2048,,,,,0.0,0.0,,
IDRiD_50_2048_2560,,,,,0.23493044818625497,0.1700223713266169,,
IDRiD_50_2048_512,,,,,0.0,0.0,,
IDRiD_50_512_1536,,,0.0,0.0,0.6500045168458851,0.5756266666635966,,
IDRiD_50_512_2048,,,0.0,0.0,0.3581622944110496,0.2837910608477782,,
IDRiD_50_512_2560,0.43974763405552847,0.2820720356016968,0.0,0.0,0.18775995245467855,0.10957004160127808,0.8460901153473578,0.8977549364228056
IDRiD_51_0_1024,,,0.7182835820225482,0.6626506022955851,0.8654383025759107,0.83693304526599,,
IDRiD_51_0_1536,0.0,0.0,0.42287694966674577,0.9531249992553711,,,,
IDRiD_51_0_2048,0.0,0.0,0.46844319772311055,0.34575569354598806,,,0.4257635318891514,0.2704571647994446
IDRiD_51_0_3072,,,0.0,0.0,,,,
IDRiD_51_1024_1024,,,0.2867132866932368,0.25624999996796877,0.6271268837808884,0.46469740630657796,,
IDRiD_51_1024_1536,0.5775615340418557,0.4162541253953691,0.033391915638542005,0.028528528524244968,0.6518355850448664,0.6703652788622313,0.8364478253541187,0.7416422287172539
IDRiD_51_1024_2048,,,,,0.0,0.0,,
IDRiD_51_1024_3072,0.5469704474116974,0.388302859817296,,,,,,
IDRiD_51_1024_3584,0.5646319036568509,0.6625365446100162,,,,,,
IDRiD_51_1024_512,0.0,0.0,0.25075987840039815,0.2718286655235867,0.7627604166567349,0.7533436213798008,0.7994259059894986,0.8495562950578927
IDRiD_51_1536_0,,,0.0,0.0,,,,
IDRiD_51_1536_1024,,,0.5348670021374958,0.4572833435490299,,,,
IDRiD_51_1536_1536,,,0.6187134502562156,0.47529200355118667,0.4746215494000614,0.42234548332628,0.1782092772345586,0.09880382774883245
IDRiD_51_1536_512,,,0.5172981877875907,0.3932373199503295,,,,
IDRiD_51_2048_1024,0.4892047740345366,0.3413493028881692,0.35714285712997323,0.3468815697023909,,,,
IDRiD_51_2048_1536,0.0,0.0,0.496888888866805,0.43706020324964345,0.0,0.0,0.9191820432258135,0.9917848805845224
IDRiD_51_2048_2048,,,,,,,0.054520917677340866,0.033136482938545396
IDRiD_51_2048_2560,,,0.5508021389637965,0.43644067787363544,,,,
IDRiD_51_2048_512,0.0,0.0,0.0,0.0,0.06282722509799622,0.03243243241490139,0.317164816393534,0.1925749248139316
IDRiD_51_512_1024,,,0.0,0.0,,,,
IDRiD_51_512_1536,,,,,0.0,0.0,,
IDRiD_51_512_2048,,,0.0,0.0,,,,
IDRiD_52_0_2560,,,0.0,0.0,,,,
IDRiD_52_1024_0,,,,,0.6117850952676096,0.44235588966887773,,
IDRiD_52_1024_2560,0.0,0.0,0.27383367137182213,0.7180851060010186,,,,
IDRiD_52_1024_3072,,,0.0,0.0,,,,
IDRiD_52_1536_2048,,,0.0,0.0,0.005714285712653061,0.0028653295120729715,,
IDRiD_52_1536_2560,,,0.7499999997466216,0.6686746983923647,,,,
IDRiD_52_1536_3072,0.0,0.0,0.0,0.0,,,,
IDRiD_52_2048_2048,0.0,0.0,0.5363128491320496,0.44776119398808195,,,,
IDRiD_52_2048_2560,,,0.6849315068117845,0.6490134994133943,,,,
IDRiD_52_2048_3072,,,0.0,0.0,,,0.6607544852946261,0.8803853844595458
IDRiD_52_512_0,0.0,0.0,,,,,,
IDRiD_52_512_2048,,,0.7683246072795599,0.7525641024676201,0.030156165857288305,0.015325670497245448,,
IDRiD_52_512_2560,,,0.0,0.0,,,0.8769003378285799,0.9774064485531324
IDRiD_52_512_512,0.0,0.0,0.0,0.0,,,,
IDRiD_53_0_1024,0.7162023585681242,0.7060657118727374,0.011009174309906574,0.006249999998697916,,,,
IDRiD_53_0_1536,,,0.2082738944068083,0.14257812497215272,,,,
IDRiD_53_0_2048,,,0.0,0.0,,,,
IDRiD_53_0_2560,,,0.521438450862971,0.38391038692628204,,,,
IDRiD_53_0_3072,,,0.7226463103406303,0.6068376067079406,,,,
IDRiD_53_0_512,0.4084907237103712,0.27374551970712935,0.24586051177893323,0.1781818181688595,,,,
IDRiD_53_1024_1536,,,,,0.0,0.0,,
IDRiD_53_1024_2048,0.13692307691781067,0.07388958073582857,0.0,0.0,0.5620929222691913,0.40170674941192075,,
IDRiD_53_1024_2560,0.6614750343544965,0.5729590318392374,0.28805346699842893,0.2000464144789969,,,,
IDRiD_53_1024_3072,0.7472848973768904,0.6156599225723784,0.47415426250408244,0.34272300468142713,0.4900284899586854,0.34959349586390376,,
IDRiD_53_1536_1536,0.0,0.0,,,,,,
IDRiD_53_1536_2048,0.5722067875983428,0.7240143369075819,0.0,0.0,0.5110712148108275,0.37654320984333833,,
IDRiD_53_1536_2560,0.5269255524452494,0.3679952052631707,0.5003700962065,0.47471910109025844,0.11657559196419388,0.06189555124528133,,
IDRiD_53_1536_3072,0.6821642472776147,0.5408015451385675,0.4950588235061149,0.4667258207216747,0.25108225106413545,0.14380165288067753,0.878141623147342,0.9972289957770202
IDRiD_53_1536_3584,0.6675712347278655,0.9999999999661248,,,,,,
IDRiD_53_1536_512,,,0.7585585584902199,0.74513274323095,,,,
IDRiD_53_2048_1024,0.009188361407474983,0.004615384614674556,0.04040404038363432,0.020618556690402808,0.0,0.0,,
IDRiD_53_2048_1536,0.0,0.0,0.7425968108775552,0.755795981336044,,,,
IDRiD_53_2048_2048,0.0,0.0,0.062126642764381526,0.032059186185935985,0.0,0.0,,
IDRiD_53_2048_2560,0.40871236385622317,0.26728110597958604,0.5714285713197279,0.980392156221966,0.6020710058726279,0.6575121162104182,,
IDRiD_53_2048_3072,0.0,0.0,0.0,0.0,,,,
IDRiD_53_2048_512,,,0.5988538681090467,0.45043103438568294,,,,
IDRiD_53_512_0,,,0.6511627905811874,0.48275862056160246,,,,
IDRiD_53_512_1536,,,0.5820552147016084,0.4120521172414738,,,,
IDRiD_53_512_2560,0.5412921645313455,0.3764801059029456,0.32824665212306925,0.3094539048555811,,,,
IDRiD_53_512_3072,,,,,0.5325443783831099,0.36290322551378773,,
IDRiD_53_512_512,0.0,0.0,0.0,0.0,,,,
IDRiD_54_0_1536,,,0.5412445730041614,0.3755020079567265,,,,
IDRiD_54_0_2048,,,0.0,0.0,,,,
IDRiD_54_0_2560,0.31110190554450906,0.22606863334659638,0.0,0.0,0.704632768345658,0.6355483081681391,,
IDRiD_54_0_3072,0.0,0.0,0.0,0.0,,,,
IDRiD_54_1024_0,0.0,0.0,0.0,0.0,,,,
IDRiD_54_1024_1024,,,0.0,0.0,,,,
IDRiD_54_1024_1536,,,0.0,0.0,,,,
IDRiD_54_1024_2048,0.2300935925092859,0.1513544231833424,0.20496566295800497,0.14212454211413006,0.47084468662284223,0.9976905309474156,,
IDRiD_54_1024_2560,0.3025186435865693,0.2838658568713001,0.16513135448088942,0.12564901349295696,0.5374396135103431,0.7759372274824814,,
IDRiD_54_1024_3072,0.0,0.0,0.30529247910013113,0.23378839589446296,0.6458333331987847,0.49839228279794456,,
IDRiD_54_1024_3584,0.0,0.0,0.0,0.0,,,,
IDRiD_54_1024_512,0.0,0.0,,,,,,
IDRiD_54_1536_0,0.0,0.0,0.0,0.0,,,,
IDRiD_54_1536_1536,,,0.0,0.0,,,,
IDRiD_54_1536_2048,,,0.3427109973986303,0.20679012342487807,,,,
IDRiD_54_1536_2560,0.0,0.0,0.3624664879162216,0.24177396278671143,0.0,0.0,,
IDRiD_54_1536_512,0.15639445299859805,0.08483075636920892,0.0,0.0,,,,
IDRiD_54_2048_0,,,,,,,0.8814251252387933,0.9904086738536111
IDRiD_54_2048_1024,,,,,,,0.5043373312174373,0.9999999999700868
IDRiD_54_2048_1536,,,0.021668472370350113,0.011013215857817928,,,,
IDRiD_54_2048_2048,0.0,0.0,0.5391849529217153,0.5201612902177094,,,,
IDRiD_54_2048_2560,0.34225138818202505,0.6408317579936463,0.12277227721961899,0.06614509245617745,,,,
IDRiD_54_2048_3072,0.01877094972025093,0.043121149892903374,0.07793633369495409,0.04054825813589102,,,,
IDRiD_54_2048_512,,,,,,,0.8001339776984538,0.7780569514165451
IDRiD_54_512_0,0.0,0.0,,,,,,
IDRiD_54_512_1024,,,0.0,0.0,,,,
IDRiD_54_512_1536,,,0.0,0.0,0.6793557832094648,0.6356164381820228,,
IDRiD_54_512_2048,,,0.5880794701207842,0.48791208780485446,,,,
IDRiD_54_512_2560,0.6301301301143611,0.6909989022672338,0.3546558704357718,0.22709989629356725,0.7070932539594854,0.6610248087025035,,
IDRiD_54_512_3072,0.727753536951423,0.6000218031113046,0.24638247945849112,0.1711956521646089,,,,
IDRiD_54_512_512,0.5779169929296039,0.5918203688378653,,,,,,
IDRiD_55_0_1024,,,,,0.6208791207085497,0.4519999998192,,
IDRiD_55_0_1536,,,,,0.8019472809261342,0.8206561360775132,,
IDRiD_55_0_2048,,,0.06249999995117188,0.032258064490114466,0.8389047291297834,0.7934257020606591,,
IDRiD_55_1024_1024,,,0.22062350114613344,0.12398921829542069,0.7498031438631928,0.6198167791676962,,
IDRiD_55_1024_1536,0.0,0.0,0.0,0.0,0.7323164286742945,0.5901559942536156,,
IDRiD_55_1024_2048,,,0.4228571428226239,0.34441489357122146,0.8602071346369488,0.8242247060740399,,
IDRiD_55_1024_2560,,,0.44430051810593907,0.3202614378785937,0.8567699682017266,0.8451185544066542,,
IDRiD_55_1536_1024,,,0.012244897956684713,0.006160164269782307,0.7317223333790078,0.6627631395418547,,
IDRiD_55_1536_1536,,,0.7021857923177511,0.5990675990210514,0.7383034628780019,0.71424235525674,,
IDRiD_55_1536_2048,0.5786739365229223,0.5619942052096913,0.37743055554900296,0.4301543331844023,0.6796679509048748,0.6758293838809176,0.0,0.0
IDRiD_55_1536_2560,0.5230114709438719,0.412389879924719,0.0,0.0,0.8023492962132618,0.7409839440083553,0.0,0.0
IDRiD_55_1536_3072,,,,,0.7371794871597975,0.6362378976193528,,
IDRiD_55_1536_512,,,,,0.5014204545098423,0.33459715636638887,,
IDRiD_55_2048_1024,,,,,0.9146451032421702,0.904085257388262,,
IDRiD_55_2048_1536,,,0.35986159157098213,0.25615763534179425,0.33904109587589726,0.2085308056762227,,
IDRiD_55_2048_2048,,,0.005649717512528328,0.0028653295120729715,0.8311449950527238,0.7895654506331872,,
IDRiD_55_2048_2560,,,,,0.8411663082154879,0.8094042610882792,,
IDRiD_55_512_1024,0.33872755485837447,0.359868111146497,0.07431133888056941,0.038589487688716596,0.827254354728728,0.7902187902163688,,
IDRiD_55_512_1536,0.6179240057536509,0.46221411997908163,0.6813725488526047,0.5627530362094117,0.8634890113271065,0.8244265825605493,,
IDRiD_55_512_2048,0.7773577100297883,0.6754263349161799,0.38450502146563775,0.23971377455461293,0.8251867160205287,0.8367108753293456,,
IDRiD_55_512_2560,,,,,0.09090909086776859,0.04761904759637188,,
IDRiD_56_0_1024,,,0.0,0.0,,,,
IDRiD_56_0_1536,,,0.0,0.0,,,,
IDRiD_56_0_2048,0.23264652930353422,0.14588559959676511,0.0,0.0,,,,
IDRiD_56_0_2560,0.8421238469334832,0.7357704766292977,,,,,,
IDRiD_56_0_3072,0.7052121333231461,0.5852202040259996,,,,,0.8266969650005566,0.9912070673671103
IDRiD_56_0_512,,,0.7058823526217727,0.5454545450731088,,,,
IDRiD_56_1024_0,0.0,0.0,,,,,,
IDRiD_56_1024_1024,,,0.0,0.0,,,,
IDRiD_56_1024_1536,,,0.0,0.0,,,,
IDRiD_56_1024_2048,,,,,0.5695120153282507,0.7290054727169465,,
IDRiD_56_1024_2560,0.0,0.0,0.0,0.0,0.43329658211503325,0.7514340342731484,,
IDRiD_56_1024_3072,0.18583162217522856,0.10992538608268328,0.07576449109649638,0.06928213688904156,,,,
IDRiD_56_1536_1024,0.0,0.0,,,,,,
IDRiD_56_1536_1536,,,0.5966228891938794,0.49532710264943075,,,,
IDRiD_56_1536_2048,0.22265172013772289,0.16791371100798838,,,0.7226478700360819,0.7462025315983416,,
IDRiD_56_1536_2560,0.3973613946851365,0.3582554517032496,0.0,0.0,,,0.0,0.0
IDRiD_56_1536_512,0.0,0.0,,,,,,
IDRiD_56_2048_1024,0.7694285255194876,0.7976384364791322,,,0.24409448814092627,0.14452214448845638,,
IDRiD_56_2048_1536,,,0.010471204185740522,0.005263157893351801,,,,
IDRiD_56_2048_2048,0.5295975382579189,0.3704542879758643,0.0,0.0,,,,
IDRiD_56_2048_2560,0.634572242767736,0.4840440292272498,,,,,0.8826630222483144,0.8927725118307115
IDRiD_56_2048_3072,,,0.3717647058386159,0.2408536584998699,,,,
IDRiD_56_2048_512,0.0,0.0,,,,,,
IDRiD_56_512_1024,0.7151905415353362,0.8942713833039299,0.004333694474070023,0.002171552659916227,,,,
IDRiD_56_512_1536,,,0.0,0.0,0.5554335894011599,0.6782841821237844,,
IDRiD_56_512_2048,,,,,0.6849656893253798,0.8600522192986931,,
IDRiD_56_512_2560,0.5064254137940453,0.3978355677564381,0.0,0.0,,,,
IDRiD_56_512_3072,0.259510468886703,0.2215731695012431,0.0,0.0,0.6365795723961536,0.8720173533900178,0.9076509975836727,0.9125828719779059
IDRiD_57_0_1024,,,,,0.23622047240374483,0.1348920863066741,,
IDRiD_57_0_1536,0.5942995754642632,0.45036764701742943,,,0.11310084824570207,0.14388489205182617,,
IDRiD_57_0_2048,,,,,0.1299756295588972,0.07098491569911403,,
IDRiD_57_0_512,,,,,0.6839899412670586,0.7611940297087325,,
IDRiD_57_1024_0,,,,,0.0,0.0,,
IDRiD_57_1024_1024,,,0.0,0.0,0.5590918735353374,0.4054469918386606,,
IDRiD_57_1024_1536,,,0.0,0.0,0.7713409714253455,0.7714654615632194,,
IDRiD_57_1024_2048,,,,,0.8392857141608207,0.7343749998087564,,
IDRiD_57_1024_512,,,,,0.1381365113722065,0.07445255474235175,,
IDRiD_57_1536_0,0.008525030694738733,0.9999999998641305,,,0.0,0.0,,
IDRiD_57_1536_1024,,,,,0.7276895943498439,0.6119845743012164,,
IDRiD_57_1536_1536,,,,,0.6907301066334581,0.5689189189035427,,
IDRiD_57_1536_2048,,,,,0.0,0.0,,
IDRiD_57_1536_512,,,0.0,0.0,0.3183568677689873,0.19344773790197162,,
IDRiD_57_2048_1024,,,,,0.4973876697494893,0.3449275361818946,,
IDRiD_57_2048_1536,,,,,0.5048835461679276,0.3421588594356254,,
IDRiD_57_2048_512,,,0.0,0.0,0.009925558311834113,0.004987531171655234,,
IDRiD_57_512_0,,,,,0.17990430621148784,0.09894736841584487,,
IDRiD_57_512_1024,,,0.0,0.0,0.3602771362170581,0.22478386163908015,,
IDRiD_57_512_1536,0.0,0.0,,,0.5915697673988685,0.9292237440800859,,
IDRiD_57_512_512,,,0.0,0.0,0.6193895870550752,0.4796107506728633,,
IDRiD_58_0_1536,0.0,0.0,0.2273901808491744,0.12827988336322452,,,,
IDRiD_58_0_2048,,,0.4632152587924775,0.4218362281831672,0.7278003482227916,0.7462804998860091,,
IDRiD_58_0_2560,,,0.5857247976022277,0.49812265325430255,0.8365671641478893,0.9241549875577778,,
IDRiD_58_0_3072,,,0.0,0.0,,,,
IDRiD_58_0_512,,,0.0,0.0,,,,
IDRiD_58_1024_0,,,,,0.8679646017545494,0.97728178553299,,
IDRiD_58_1024_1024,,,0.7245614034452139,0.9951807226517636,,,,
IDRiD_58_1024_1536,0.004077933846758542,0.0027898326099569178,0.0,0.0,0.8087276848851129,0.7477076237687266,,
IDRiD_58_1024_2048,,,,,0.6856980810975923,0.7833693304366444,,
IDRiD_58_1024_2560,0.0,0.0,0.0765957446645541,0.03982300884074712,0.6146279260350247,0.9859731151085338,,
IDRiD_58_1024_3584,,,,,0.5371428569893877,0.36718749985656735,,
IDRiD_58_1536_0,,,,,0.2569859473408416,0.14784871294351964,,
IDRiD_58_1536_1536,0.0174114915834352,0.008782201404638043,,,,,,
IDRiD_58_1536_2048,0.0,0.0,,,0.1515151514003673,0.08196721304756786,,
IDRiD_58_1536_2560,0.17948717948606244,0.09899086977346748,0.0,0.0,,,,
IDRiD_58_1536_3072,0.02984556654468427,0.015172900493733718,,,,,,
IDRiD_58_1536_512,,,0.0,0.0,0.46187258686144134,0.3045830680997905,,
IDRiD_58_2048_1024,,,,,0.0,0.0,,
IDRiD_58_2048_1536,0.0,0.0,,,,,,
IDRiD_58_2048_2048,,,0.026981450248401106,0.020565552693942016,,,,
IDRiD_58_2048_2560,0.8280166435362688,0.7139013452701375,,,,,,
IDRiD_58_2048_3072,0.10905999514076924,0.0576750160557781,,,0.6645588678008949,0.5228618810584491,,
IDRiD_58_512_1024,0.6038077149160954,0.44575015022737696,,,,,,
IDRiD_58_512_1536,0.0,0.0,0.5674603174040218,0.48556876052876596,0.7295943797006395,0.8657204010315099,,
IDRiD_58_512_2048,,,,,0.6712834718340449,0.625346458944611,,
IDRiD_58_512_2560,0.8284477427283337,0.7234042553113359,0.09791216701958876,0.05492730209572477,0.38218390799106555,0.2362344582173651,,
IDRiD_58_512_3072,,,0.1878829135338405,0.6634615381425666,0.8643639426399019,0.939560439388359,,
IDRiD_58_512_512,0.8603222647479718,0.8053333333199111,,,,,,
IDRiD_59_0_1024,,,0.0,0.0,,,,
IDRiD_59_0_1536,0.6208291203172818,0.48537549406347236,0.20307692305609468,0.11301369861723588,0.4012158053491745,0.9565217377441715,0.7454438830730209,0.9356245045808197
IDRiD_59_0_2048,,,,,,,0.9438292061467405,0.9695829198995122
IDRiD_59_1024_1024,0.04491073071884943,0.07214665877751941,0.16161616160709225,0.0913126188908489,0.6350032530491214,0.8092868987049275,0.23815620995670217,0.13818722137619804
IDRiD_59_1024_1536,,,0.0,0.0,0.8387781872679143,0.8463380814284367,,
IDRiD_59_1024_2048,0.7862068965433824,0.6784471708354066,,,0.6165587419038605,0.6235528008383606,,
IDRiD_59_1024_512,0.0,0.0,0.0,0.0,,,,
IDRiD_59_1536_0,,,0.07100591715136025,0.03680981594640371,,,,
IDRiD_59_1536_1024,0.0,0.0,,,0.6791720569148108,0.8834134615172257,,
IDRiD_59_1536_1536,,,0.4181240063260632,0.264321608013636,0.6818659252352063,0.9382758034188357,,
IDRiD_59_1536_2048,0.7611408199575656,0.8153523009200812,0.0,0.0,0.8187117022744177,0.8381272949559937,,
IDRiD_59_1536_2560,,,,,0.0,0.0,,
IDRiD_59_1536_3072,,,,,0.0,0.0,,
IDRiD_59_1536_512,0.8945114640152335,0.8208559752062655,0.1541899441168503,0.12321428569228317,,,,
IDRiD_59_2048_1024,0.1801827941363676,0.0990114795902581,,,,,,
IDRiD_59_2048_1536,,,0.11764705879881364,0.06965174127620603,,,,
IDRiD_59_2048_2048,0.45267202233836284,0.5644599302644199,0.7442949092601349,0.69055374585336,,,0.0,0.0
IDRiD_59_2048_2560,,,,,0.6607852882621672,0.5490398513204824,0.9020149623323228,0.9931976694096232
IDRiD_59_2048_3072,,,,,0.6061455525541116,0.45463367296693136,,
IDRiD_59_2048_512,,,0.106402164102218,0.0562977099182922,,,,
IDRiD_59_512_1024,0.5672732382451536,0.5246263807599139,0.3036963036861906,0.2186001917440748,0.7171094580157586,0.816949152522592,0.9313725490190031,0.9860326363385353
IDRiD_59_512_1536,0.7446564008239731,0.7246376811529375,0.0,0.0,0.7872701555847602,0.7699756529395198,0.46400733607727335,0.30208955223279427
IDRiD_59_512_512,0.2239063038159178,0.12606671838145592,0.0,0.0,,,0.53309469573533,0.9953821849435486
IDRiD_60_0_1536,,,0.42592592582733196,0.27058823521453285,,,,
IDRiD_60_0_512,,,,,,,0.18941048034417549,0.10461260174541416
IDRiD_60_1024_0,,,,,0.6330128204959131,0.537171350836937,,
IDRiD_60_1024_1024,,,,,0.6669638876356004,0.8607594936213602,,
IDRiD_60_1024_1536,0.0,0.0,0.0,0.0,0.8159697415389117,0.8466032964084188,,
IDRiD_60_1024_2048,0.16938110748266116,0.14272644097504789,0.0,0.0,0.5095785439636823,0.40672782862179574,0.9012982949960692,0.8961119750887679
IDRiD_60_1024_2560,0.8329894725660848,0.9575529068236736,0.5011876484262953,0.3476112026072808,0.1825503355582181,0.10326499619565185,0.02090843547148852,0.010564663023294549
IDRiD_60_1024_3072,,,,,0.0,0.0,,
IDRiD_60_1536_1024,,,0.0,0.0,0.012325126317929529,0.6994475137348677,,
IDRiD_60_1536_1536,0.3537873679399014,0.21638713224590633,,,0.5808580858023968,0.736501079893723,,
IDRiD_60_1536_2048,,,0.09873417720269188,0.052419354831664065,0.4943934760196537,0.6432360741852472,,
IDRiD_60_1536_2560,0.7110573042632958,0.6092669432707722,0.1696306429316511,0.09717868337034817,0.7085502877452141,0.729131415669358,,
IDRiD_60_1536_3072,,,0.0,0.0,,,,
IDRiD_60_1536_512,,,,,0.5876591576309834,0.4160887655456188,,
IDRiD_60_2048_0,,,,,0.0,0.0,,
IDRiD_60_2048_1024,0.38232123606243906,0.34322580642946926,,,0.4241245136143341,0.27485069674485935,,
IDRiD_60_2048_1536,,,0.0,0.0,,,,
IDRiD_60_2048_2048,,,0.0,0.0,0.591158488786713,0.5125730596640944,0.0,0.0
IDRiD_60_2048_2560,0.6235678027533591,0.4769273433140492,0.6638954869161552,0.5927889713365435,0.7144498047159556,0.6550126368721562,0.8321411764686303,0.9685600043765757
IDRiD_60_2048_512,0.0,0.0,0.7821782176281736,0.6422764225031397,0.12499999998372396,0.0666666666574074,,
IDRiD_60_512_0,,,,,0.0,0.0,,
IDRiD_60_512_1024,,,0.2925416364741099,0.22419533848788065,,,,
IDRiD_60_512_1536,,,0.0,0.0,0.18653342849901183,0.10386857445405755,,
IDRiD_60_512_2048,0.6175173282534645,0.4474885844340193,0.6777920410348015,0.5505735140197525,,,0.9071007698574102,0.9999999999952586
IDRiD_60_512_2560,0.24940277112998555,0.14246724890052034,,,0.014814814803840878,0.009259259250685872,0.8827191413222134,0.9913609514968
IDRiD_60_512_3072,,,,,,,0.7787270680125921,0.9546930821540323
IDRiD_61_0_1024,0.715179626306877,0.5995158095512072,,,,,,
IDRiD_61_0_1536,0.45434286481284913,0.372813395019287,0.17494089833136792,0.09585492227151511,,,,
IDRiD_61_0_2048,0.5745216515573104,0.4269810085094304,0.0,0.0,,,,
IDRiD_61_0_2560,,,0.0,0.0,,,,
IDRiD_61_0_512,0.8292978896857676,0.7083765224128389,,,,,,
IDRiD_61_1024_0,0.5599089500180164,0.43375980189684554,0.0,0.0,,,,
IDRiD_61_1024_1024,0.6536103162502588,0.5312525171153216,0.7499999998557693,0.5999999998153845,0.19705751225158016,0.41231343275889676,,
IDRiD_61_1024_1536,0.5184216781523745,0.38009759497751744,0.06309148263989094,0.032573289896975034,0.7564456053753377,0.6796766342082782,,
IDRiD_61_1024_2048,0.005822416302341891,0.003194888178658555,0.0,0.0,0.7862919808033838,0.749509996070175,,
IDRiD_61_1024_2560,0.5780093591298728,0.4600348671326534,0.3286555002114688,0.20802292262418207,,,,
IDRiD_61_1024_3072,0.6002957121586916,0.5109060402470258,0.08682170541289587,0.04786324785506611,,,,
IDRiD_61_1536_0,0.0,0.0,,,,,,
IDRiD_61_1536_1024,0.42740899356991563,0.3597692862206256,,,0.0,0.0,,
IDRiD_61_1536_1536,0.0,0.0,0.0,0.0,0.07949412826743503,0.041984732820421304,,
IDRiD_61_1536_2048,0.0,0.0,0.16279069762709572,0.08860759490866847,0.7266462001082222,0.6888809693432064,,
IDRiD_61_1536_2560,0.000759474443679202,0.0005258176464346848,0.18250539955818004,0.10355392156228223,,,,
IDRiD_61_1536_512,0.5719590655888165,0.4599944436711349,0.0,0.0,,,,
IDRiD_61_2048_1024,0.7564682963212717,0.6273667169017464,,,,,,
IDRiD_61_2048_1536,0.4904629319405187,0.40090090090052233,,,,,,
IDRiD_61_2048_2048,0.6358464141910516,0.5587662171163545,,,,,,
IDRiD_61_2048_2560,0.46435711948647945,0.64313764977703,0.058658095618374526,0.03021523178682884,,,,
IDRiD_61_2048_512,0.4723303564606178,0.42002660801927716,,,,,,
IDRiD_61_512_0,0.6808602335875497,0.680361757100083,,,,,,
IDRiD_61_512_1024,0.581330651917913,0.4267086552171758,,,0.0,0.0,,
IDRiD_61_512_1536,0.6004758814600891,0.5355971445074564,0.0,0.0,0.6877985236349198,0.5637010675755373,,
IDRiD_61_512_2048,0.5859218276828311,0.45277355397923974,0.0,0.0,0.5653188180184557,0.40344062150924304,,
IDRiD_61_512_2560,0.4365039601739316,0.2943146697329198,0.0,0.0,,,,
IDRiD_61_512_3072,0.0,0.0,,,,,,
IDRiD_61_512_512,0.8389726594835494,0.7962007799673153,,,,,,
IDRiD_62_0_1024,0.8024771838243971,0.993008873326351,0.0,0.0,0.0,0.0,,
IDRiD_62_0_1536,,,,,0.0,0.0,,
IDRiD_62_0_512,0.0,0.0,,,0.5429234338432178,0.4390243902027181,,
IDRiD_62_1024_0,,,0.37246963547673295,0.23589743577646285,,,,
IDRiD_62_1024_2048,,,0.0,0.0,,,,
IDRiD_62_1024_2560,,,,,0.7399267396557044,0.6474358970208745,,
IDRiD_62_1024_3072,0.0,0.0,0.23196881089357027,0.14066193851765227,,,,
IDRiD_62_1536_0,,,0.0,0.0,,,,
IDRiD_62_1536_1024,,,0.0,0.0,,,,
IDRiD_62_1536_2560,,,,,0.8177234964083098,0.8163901885606637,,
IDRiD_62_1536_3072,,,0.0,0.0,,,,
IDRiD_62_2048_2048,,,,,0.7607821383891169,0.7073233625397802,,
IDRiD_62_2048_2560,,,,,0.7612279348920217,0.8550894278450459,,
IDRiD_62_2048_512,,,,,0.0,0.0,,
IDRiD_62_512_1536,,,0.0,0.0,0.4082125603371724,0.25762195118024056,,
IDRiD_62_512_512,,,,,0.0,0.0,,
IDRiD_63_0_1024,,,,,0.5473417721449704,0.38614038220421254,,
IDRiD_63_0_1536,,,,,0.376552625836205,0.23238300160752065,,
IDRiD_63_0_2560,0.15938469493175164,0.6962168266122971,0.6570093457636912,0.8419161675638424,,,,
IDRiD_63_0_3072,,,0.0,0.0,,,,
IDRiD_63_1024_1024,,,,,0.7646346386681001,0.6388935739477333,,
IDRiD_63_1024_1536,,,,,0.7107545816167041,0.5970198312633174,,
IDRiD_63_1024_3072,0.4018843782691527,0.957063711884846,,,,,,
IDRiD_63_1024_3584,0.31392193695859066,0.7704918031997448,,,,,,
IDRiD_63_1024_512,0.3466397170272101,0.7597664115835729,,,,,,
IDRiD_63_1536_1536,,,0.0,0.0,0.3756682027580522,0.9999999999018646,,
IDRiD_63_1536_2048,,,,,0.0,0.0,,
IDRiD_63_1536_2560,,,,,0.0,0.0,,
IDRiD_63_1536_3072,,,,,0.3609246830588768,0.23102625297226606,,
IDRiD_63_1536_512,0.019199184034664127,0.9999999999218749,,,,,,
IDRiD_63_2048_1536,,,,,0.0,0.0,,
IDRiD_63_2048_2048,,,,,0.39460020767407583,0.26407227240222125,,
IDRiD_63_512_1024,,,,,0.7438716740426867,0.7201511451052018,,
IDRiD_63_512_1536,,,,,0.796707362189238,0.857391693829205,,
IDRiD_64_0_1024,,,0.3637992831432557,0.24806517310598514,0.7262872626758029,0.5851528381724224,0.898045269724733,0.9904556354868563
IDRiD_64_0_1536,0.5949276400602047,0.4439692044450815,0.48297703875827575,0.46707503821331164,0.5836008170241144,0.8888888888098765,,
IDRiD_64_0_2048,0.08997844827343808,0.0632815460377688,,,0.8565337881018384,0.8907774164876531,,
IDRiD_64_0_2560,,,,,0.14062499999001243,0.07563025209506262,,
IDRiD_64_0_3072,,,,,0.0669144981288263,0.03461538460872781,,
IDRiD_64_0_512,,,0.0,0.0,0.0,0.0,,
IDRiD_64_1024_1536,,,0.7154471542776566,0.7213114750156768,0.35175879388146764,0.23333333325555553,,
IDRiD_64_1024_2048,,,0.591381872170031,0.6982456139125885,0.2240601503590932,0.1674157303182679,,
IDRiD_64_1024_2560,,,0.0,0.0,0.7120280948155523,0.5972017672985777,,
IDRiD_64_1024_3072,,,0.8231292514207043,0.7423312878881403,0.6963733483174533,0.6936432371690383,,
IDRiD_64_1536_0,,,0.8802992518154427,0.8673218672153168,,,,
IDRiD_64_1536_2048,0.0019837812479029772,0.056531703586208425,0.0,0.0,0.4872340425013581,0.3490853658004443,,
IDRiD_64_1536_2560,0.0,0.0,,,0.5379525106940842,0.4504563233229969,,
IDRiD_64_1536_3072,,,0.0,0.0,0.8449197860317097,0.7606602474882174,,
IDRiD_64_2048_1536,,,0.6581280787528938,0.988165680181016,0.7705180701304875,0.7652050919107071,,
IDRiD_64_2048_2560,0.5741591162892621,0.5496673003671657,0.0034013605439284556,0.0021367521365238513,0.0,0.0,0.8519354072641536,0.9558382734899364
IDRiD_64_2048_3072,0.02201257861462165,0.011299435027336607,0.03931847968029902,0.0204918032758891,0.7946058090462027,0.7393822392395015,,
IDRiD_64_512_1024,,,0.0,0.0,,,,
IDRiD_64_512_1536,,,,,0.6717611940258402,0.6086768365183525,,
IDRiD_64_512_2048,,,0.019933554813964527,0.010067114092270619,0.6109696829414064,0.6990908288401527,,
IDRiD_64_512_2560,,,0.3287671232721414,0.27707006367220777,0.771131561002291,0.7133848336636704,,
IDRiD_64_512_3072,,,0.0,0.0,0.2265372168040413,0.12773722626183245,,
IDRiD_65_0_1024,,,0.6614785989644052,0.5821917804231563,0.0,0.0,,
IDRiD_65_0_1536,,,0.8625698323540464,0.9613947694942223,,,,
IDRiD_65_0_2048,0.6285169289161413,0.4589136489931118,0.0,0.0,0.5640378548824727,0.8430780837101819,,
IDRiD_65_0_2560,0.838179519577788,0.935119887121057,0.5542725172783469,0.4633204632608339,0.6747244933994055,0.5638740344287656,,
IDRiD_65_0_3072,0.2746105118939461,0.2630370613229571,0.0,0.0,0.0,0.0,,
IDRiD_65_0_3584,0.18355744066254345,0.9931640624030112,0.0,0.0,,,,
IDRiD_65_0_512,,,0.0,0.0,0.0,0.0,,
IDRiD_65_1024_1024,,,0.4371184370650649,0.33901515145094413,0.45915402000454786,0.3102094240702352,,
IDRiD_65_1024_1536,0.4987303199543044,0.8041270880837168,0.02994011975935853,0.015197568388480336,0.2747027470162074,0.7097457625614945,,
IDRiD_65_1024_2048,0.6556923850131228,0.6553629741106415,0.14022787027693007,0.08056394762532085,0.8295682273619294,0.8994123746931044,,
IDRiD_65_1024_2560,0.5553857008433949,0.4500238208627915,0.5705816969036465,0.6169871794377414,0.3717518859938862,0.763996554628424,,
IDRiD_65_1024_3072,0.7407049734248985,0.767767767729341,0.3977546110346628,0.2605042016533084,0.6562499999873409,0.7792029317096105,,
IDRiD_65_1024_3584,0.6358868286870364,0.959429335689714,0.0,0.0,,,,
IDRiD_65_1536_1024,,,0.6573875802294018,0.6476793247578735,0.6862007961003295,0.6083120956555909,,
IDRiD_65_1536_1536,,,0.2813067150379939,0.16613076096826038,0.7968227424582605,0.755749405203975,,
IDRiD_65_1536_2048,0.15494636470143666,0.08397932815452464,0.0,0.0,0.6367068128593079,0.5119976871780284,,
IDRiD_65_1536_2560,,,0.0,0.0,0.0,0.0,,
IDRiD_65_1536_3072,0.7333078977209726,0.9629258516069213,0.0,0.0,0.7431264728402885,0.6166883962690106,,
IDRiD_65_1536_3584,0.13198036874829566,0.9999999998994975,0.0,0.0,,,,
IDRiD_65_1536_512,,,,,0.5208333333152488,0.35211267603980695,,
IDRiD_65_2048_1536,,,0.6629526460548878,0.5085470083296808,,,,
IDRiD_65_2048_2048,,,,,0.3861271675854188,0.9999999994011977,,
IDRiD_65_2048_2560,0.7403471484171064,0.9515137718881969,,,,,,
IDRiD_65_2048_3072,,,0.4098360655065843,0.25773195870974597,0.8132942325695705,0.9952153107666949,,
IDRiD_65_512_1024,,,0.0,0.0,,,,
IDRiD_65_512_1536,,,,,0.6843747132733078,0.9222304648748488,,
IDRiD_65_512_2048,0.0,0.0,,,0.751138494504414,0.8038990825595882,,
IDRiD_65_512_2560,0.6616541352672767,0.5451327432663482,0.14874815905196068,0.08774978279375545,0.726343417594099,0.7996958174783316,,
IDRiD_65_512_3072,,,0.6466715434786633,0.5609137055125745,0.5128395980456703,0.6980749745999925,,
IDRiD_65_512_3584,0.8824093611954267,0.9523809523415164,0.0,0.0,,,,
IDRiD_66_0_1024,,,0.0,0.0,0.5889154704826771,0.42948531548620283,,
IDRiD_66_0_1536,,,0.7242105262395568,0.6013986012934618,0.7121515115784948,0.5938787521955292,,
IDRiD_66_0_2048,,,0.5318066157084216,0.4003831416857504,0.05814843152034627,0.029944838454296897,,
IDRiD_66_0_2560,,,,,0.0,0.0,,
IDRiD_66_0_512,,,0.8426395937660509,0.8615916952036015,,,,
IDRiD_66_1024_0,,,,,0.5533707865013099,0.3991085899352063,,
IDRiD_66_1024_1024,,,0.0,0.0,0.9019603105080792,0.9451182458088918,,
IDRiD_66_1024_1536,0.0071301247765481164,0.004587155962776703,0.3995908625843986,0.3042575285407966,0.8124442419740477,0.7965830417598578,,
IDRiD_66_1024_2048,,,0.40065681438412865,0.3753846152691124,0.8558345921445663,0.9029384096055526,,
IDRiD_66_1024_2560,,,,,0.808427729948327,0.7842637362602889,,
IDRiD_66_1024_512,0.0,0.0,0.005361930294187409,0.006116207949199936,0.7631289019393763,0.6746753246643722,,
IDRiD_66_1536_1024,0.4436921688006389,0.4286960313812169,0.3086014445072685,0.1939744118780861,0.8498680224859796,0.7856158345016507,,
IDRiD_66_1536_1536,,,0.0,0.0,0.8922761033760778,0.9696567217412324,,
IDRiD_66_1536_2048,,,,,0.8757988743654348,0.8201839977682949,,
IDRiD_66_1536_2560,,,0.7330779053980744,0.779891304135899,0.5676812669990675,0.6476566910983819,,
IDRiD_66_1536_512,,,,,0.7661909989005887,0.6329249787163369,,
IDRiD_66_2048_1024,,,,,0.8637196226887153,0.8377320488688028,,
IDRiD_66_2048_1536,,,,,0.8373736382345752,0.7981788698964813,,
IDRiD_66_2048_512,,,,,0.778469028921329,0.9277885234733856,,
IDRiD_66_512_0,,,,,0.0,0.0,,
IDRiD_66_512_1024,0.0,0.0,0.0,0.0,0.7841450477376949,0.8166897687763581,,
IDRiD_66_512_1536,,,0.27726432529784983,0.16648168699595098,0.8641034067254402,0.9468503936998782,,
IDRiD_66_512_2048,,,0.834755624450368,0.8472440943547648,0.7288908986262344,0.5981210679879941,,
IDRiD_66_512_2560,,,,,0.4866477272658147,0.3218714768823399,,
IDRiD_66_512_512,,,,,0.7944792132275676,0.7578083359902162,,
IDRiD_67_0_1024,0.8315571059456042,0.9168547170505593,0.0,0.0,0.5942982455488708,0.9999999996309962,,
IDRiD_67_0_1536,0.20312979441421827,0.2572272303348271,0.206859592700597,0.3769531249263764,0.35858786194531583,0.30053191487363484,0.7432035986679802,0.9498643050924878
IDRiD_67_0_2048,0.6505014090945302,0.84627410109117,0.023809523803854874,0.012048192768181159,,,,
IDRiD_67_0_512,,,0.0,0.0,,,,
IDRiD_67_1024_1024,0.6858837705038192,0.7021539045383608,0.29022324864163884,0.5143246929721249,,,,
IDRiD_67_1024_1536,0.04060377358475244,0.051945544075968464,,,0.5204651162669659,0.3786802030328704,,
IDRiD_67_1024_2048,0.021493212668467578,0.01177199504264114,0.2423529411479585,0.13788487280617337,,,,
IDRiD_67_1024_2560,,,0.5895316803595687,0.607954545281831,0.4208494208087983,0.2742138364434951,,
IDRiD_67_1024_512,0.44651330410100754,0.3288507475876809,0.31398562740110636,0.27815866794533217,,,,
IDRiD_67_1536_1024,0.49451277896078283,0.4254752851657101,,,0.587791793524898,0.7427629167921304,,
IDRiD_67_1536_1536,0.0,0.0,0.34485666103099255,0.3955512572151304,0.5902422224759724,0.9781599573778391,,
IDRiD_67_1536_2048,0.0,0.0,0.7812781277424592,0.7508650517732068,0.8311688311396571,0.8059904696524172,,
IDRiD_67_1536_2560,0.46374939447389185,0.4762852404564464,,,0.0,0.0,,
IDRiD_67_1536_512,0.0,0.0,0.6465256797387757,0.6939040207072695,,,,
IDRiD_67_2048_1024,0.6258025439108849,0.5098445595829764,0.7022201876698966,0.5902270103659013,0.7080745340515413,0.7284345045596056,,
IDRiD_67_2048_1536,0.5930004525547103,0.5342121356218372,,,0.6740384615060558,0.8305687202807384,,
IDRiD_67_2048_2048,0.10153221340037785,0.20190895740074088,0.3099337747933863,0.33913043468431,,,,
IDRiD_67_2048_2560,0.17422368782393208,0.6090297790000931,,,,,,
IDRiD_67_2048_512,0.46939090207810796,0.5224854102210352,,,,,,
IDRiD_67_512_1024,0.8832116788286876,0.8849295884160512,0.8312958434530321,0.9289617484646701,0.719391634926282,0.6551246536488747,,
IDRiD_67_512_1536,0.45018931975159815,0.4582668793134202,0.5842696628928056,0.8482269502342941,0.7194029849672533,0.9563492059697027,,
IDRiD_67_512_2048,0.6672260001736853,0.6180970301839311,0.0,0.0,,,,
IDRiD_67_512_2560,,,0.7085201792133362,0.6422764225031397,,,,
IDRiD_67_512_512,0.4721345179493932,0.6074060079235328,0.7635327633152328,0.676767676425875,0.7642857142174745,0.8842975204784509,,
IDRiD_68_0_1536,,,0.0,0.0,,,,
IDRiD_68_0_2560,0.7699133967669736,0.8304693806846907,,,,,,
IDRiD_68_1024_0,0.8013780555595601,0.7942728335268087,,,,,,
IDRiD_68_1024_1536,0.003950439935285501,0.04583333331423611,0.0,0.0,,,,
IDRiD_68_1024_2048,0.0,0.0,0.0,0.0,0.0,0.0,,
IDRiD_68_1024_2560,0.0,0.0,,,0.6571828358055695,0.6722328243954088,,
IDRiD_68_1024_3072,0.3059115336895004,0.18980848153052488,0.0,0.0,,,,
IDRiD_68_1024_512,0.0,0.0,,,,,,
IDRiD_68_1536_0,0.3573044257592194,0.28612440191191985,,,,,,
IDRiD_68_1536_1536,0.2499465011756369,0.14451868349329053,,,,,,
IDRiD_68_1536_2048,0.021308200583817504,0.010884923334497436,,,,,,
IDRiD_68_1536_2560,0.3883365113951826,0.38480745006211803,,,0.4166440032578645,0.6436974789645505,,
IDRiD_68_1536_3072,0.10257306874134046,0.9999999999810606,,,,,,
IDRiD_68_1536_512,0.5540884559229011,0.40773304026172574,,,,,,
IDRiD_68_2048_0,0.0,0.0,,,,,,
IDRiD_68_2048_1536,,,0.0,0.0,0.6706181201803032,0.7346938774147136,,
IDRiD_68_2048_2048,0.5879962615291398,0.5503784565039352,0.0,0.0,0.357894736465374,0.9999999941176471,,
IDRiD_68_2048_2560,,,,,0.01411535653426484,0.13711583921108372,0.6179258972607673,0.6787270215668966
IDRiD_68_2048_512,0.7113305124579332,0.9228110599047071,,,,,,
IDRiD_68_512_1536,,,0.0,0.0,,,,
IDRiD_68_512_2048,0.6135499934450988,0.4798114367665518,0.006224066389718668,0.003121748178817807,0.7638271182545945,0.8082864038551223,0.31384546170213956,0.811540251270224
IDRiD_68_512_2560,0.7016926201728653,0.7618347544765085,0.0,0.0,0.7151702785824171,0.6209677418520205,,
IDRiD_68_512_3072,0.044147016572495194,0.19230769230182213,0.5510455103873253,0.42344045360615495,,,,
IDRiD_69_0_1024,0.34657249031350557,0.26987645199577276,,,,,,
IDRiD_69_0_1536,0.828308268551709,0.862877997913043,,,,,,
IDRiD_69_0_2048,0.7962985811203075,0.8303634609145683,0.0,0.0,0.7905877178492754,0.9688721196538952,,
IDRiD_69_0_2560,0.2443181817950456,0.14144736840554306,0.4637336503886008,0.3831041256991057,0.27070063689956997,0.25222551921298947,,
IDRiD_69_0_3072,0.13571670282832232,0.9999999999706659,,,,,,
IDRiD_69_0_512,0.6157407407229242,0.5293532338045097,0.0,0.0,,,,
IDRiD_69_1024_1024,,,0.24583333328211804,0.16480446922770825,0.0,0.0,,
IDRiD_69_1024_1536,0.4962643834842326,0.4962914485111661,0.1676123963261627,0.18461538459763313,0.40934328929472624,0.4936884236377203,,
IDRiD_69_1024_2048,0.41758241757901843,0.561391989482132,0.0,0.0,0.5600960384126766,0.6625766871090368,,
IDRiD_69_1024_2560,0.4366005525527335,0.3348937246942377,0.24981702853745263,0.3820895522102918,0.4887573964352439,0.5346278316806066,,
IDRiD_69_1024_3072,0.0,0.0,,,0.10196078430039729,0.19306930683511422,,
IDRiD_69_1536_0,0.2573430342191142,0.8414096915558229,0.0,0.0,,,,
IDRiD_69_1536_1536,,,0.2737920936842026,0.3482309124118751,0.23167028199063622,0.29164391041553006,,
IDRiD_69_1536_2048,0.7131103003931029,0.694984492013806,0.0,0.0,0.576604237019088,0.68740849192213,,
IDRiD_69_1536_2560,0.3720875221718263,0.4612903225671176,,,,,,
IDRiD_69_1536_3072,,,0.0,0.0,,,,
IDRiD_69_2048_1024,0.5612545903300185,0.47012253542196497,,,,,,
IDRiD_69_2048_1536,0.6235547221032621,0.5856167343750851,,,0.0,0.0,,
IDRiD_69_2048_2048,0.48608458390111037,0.8897268141592681,0.5484051482625403,0.47160731468030725,0.033628318581094836,0.020719738274730674,,
IDRiD_69_2048_2560,,,0.22983425413094838,0.22365591395444562,,,,
IDRiD_69_2048_3072,,,0.0,0.0,,,,
IDRiD_69_512_1024,0.40952719515802477,0.8930232557447269,0.7335329340768313,0.6019656018916505,0.0,0.0,,
IDRiD_69_512_1536,0.6437681525363838,0.6106851940438265,0.30555555549492946,0.23333333326262626,0.37386138613121067,0.5031982942162474,,
IDRiD_69_512_2048,0.7320716893761018,0.8582139659755024,0.0,0.0,0.25047080976925884,0.2224080267186609,,
IDRiD_69_512_2560,0.5230501135329697,0.6713888700557759,0.4151389709985133,0.39661016944671074,0.0,0.0,,
IDRiD_69_512_3072,0.48821260179502557,0.47756813416189586,,,0.0,0.0,,
IDRiD_69_512_512,,,0.0,0.0,,,,
IDRiD_70_0_1536,0.7560627674660477,0.6160402944475777,,,0.1367837338243028,0.0742398518278401,,
IDRiD_70_1024_1024,0.0,0.0,0.0,0.0,0.4658634537528965,0.30366492141297297,0.0,0.0
IDRiD_70_1024_1536,0.7976124580235455,0.7803068592043677,0.7119314435918305,0.670807453332819,0.0,0.0,,
IDRiD_70_1024_2048,0.7166706992412694,0.6042431660423451,0.0,0.0,0.0,0.0,,
IDRiD_70_1024_512,0.5325651302471802,0.6434624696947057,0.012345679009805415,0.006211180122937644,,,0.5342496120574365,0.3860942005746764
IDRiD_70_1536_0,,,0.0,0.0,,,,
IDRiD_70_1536_1024,0.0,0.0,,,0.3181818174586777,0.20588235233564015,,
IDRiD_70_1536_1536,0.7474952363367524,0.8651205804875498,0.0,0.0,,,,
IDRiD_70_1536_2048,0.9034070951561852,0.8695064232001686,0.0,0.0,0.027035508243350867,0.013702987740686364,,
IDRiD_70_1536_512,,,0.0,0.0,,,,
IDRiD_70_2048_512,,,0.5668276971712033,0.42307692297522187,,,,
IDRiD_70_512_0,0.7257936507792502,0.8840019332583856,,,,,,
IDRiD_70_512_1024,,,0.0,0.0,,,,
IDRiD_70_512_1536,0.6614709677385214,0.5433731874794931,0.1500664010574347,0.08194343727041539,0.19571192962951386,0.10930975190236662,,
IDRiD_70_512_2048,,,,,0.0,0.0,,
IDRiD_70_512_512,0.5948517750323916,0.4877951180374591,0.0,0.0,,,0.0,0.0
IDRiD_71_0_1024,0.0,0.0,0.0,0.0,0.36120401331752444,0.22978723399366227,,
IDRiD_71_0_1536,,,0.0,0.0,,,,
IDRiD_71_0_2048,,,0.0,0.0,0.8615384608757397,0.9655172397146254,,
IDRiD_71_0_2560,0.6240588214478275,0.5266392220003183,,,,,,
IDRiD_71_0_512,,,0.0,0.0,0.6165533786238884,0.5184936112630468,,
IDRiD_71_1024_0,0.6286799619535915,0.9969879515069313,0.3826998688882438,0.2370129869745109,0.5615141955245516,0.4231378763196295,,
IDRiD_71_1024_1024,0.0,0.0,0.19980787702211258,0.15592203895713314,0.826621324906514,0.866408464536874,0.0,0.0
IDRiD_71_1024_1536,,,0.0,0.0,0.8046005238997846,0.7932370268679425,,
IDRiD_71_1024_2048,,,0.0,0.0,0.0,0.0,,
IDRiD_71_1024_512,,,0.24514200297121508,0.20172201719536015,0.749906668926693,0.6853172880051775,0.03526357104018318,0.01794824512866219
IDRiD_71_1536_0,0.0,0.0,,,0.0,0.0,,
IDRiD_71_1536_1024,0.5338489127968289,0.39324636723585493,0.3620546810123424,0.37223168651003136,0.8599885135178004,0.9449912126522687,,
IDRiD_71_1536_1536,,,0.06490872210690025,0.03407155025408554,0.7643885758301681,0.9166570405399291,,
IDRiD_71_1536_2048,,,0.03995793900946593,0.020386266093326916,0.8211213289764081,0.7906312482035043,,
IDRiD_71_1536_2560,,,,,0.018237082061326113,0.009202453984907223,,
IDRiD_71_1536_3072,,,0.36746987940738857,0.22592592584224963,,,,
IDRiD_71_1536_512,0.0,0.0,0.6390658173419251,0.8292011016999445,0.831579269099435,0.9714823014092897,,
IDRiD_71_2048_0,,,,,0.0,0.0,,
IDRiD_71_2048_1024,0.0,0.0,0.016583747925656405,0.008361204012678829,0.692127934147075,0.5839905826922661,,
IDRiD_71_2048_1536,,,,,0.7324483500012505,0.7148722627672001,,
IDRiD_71_2048_2048,,,0.4660766961376946,0.31077891421630377,0.687680160416796,0.5940883499286045,,
IDRiD_71_2048_3072,0.25123748762236014,0.3137362637276446,,,,,,
IDRiD_71_2048_512,0.33739958345395815,0.81115879824458,0.0,0.0,0.7399790136256038,0.6605470213315644,,
IDRiD_71_512_0,,,,,0.0,0.0,,
IDRiD_71_512_1024,0.6115896632673101,0.44469750889046694,0.6762804574502098,0.6367041197905707,0.7968097931892942,0.7897784722787959,,
IDRiD_71_512_1536,0.15672417376518968,0.18812375248562255,0.0,0.0,0.7336377473319109,0.6994427675795282,,
IDRiD_71_512_2048,0.0,0.0,0.07200811358661216,0.03768577494492113,0.5166240408876839,0.3713235293776357,,
IDRiD_71_512_512,0.11420258228561189,0.09056821459213822,0.0,0.0,0.7575974258065999,0.6987633965259891,0.017348203220734312,0.008749999999453124
IDRiD_72_0_1024,,,0.6021798364917514,0.4734868773179707,,,,
IDRiD_72_0_1536,,,0.0,0.0,0.0,0.0,,
IDRiD_72_0_2048,0.0,0.0,0.0,0.0,0.4469273742789778,0.29790115096155034,,
IDRiD_72_0_2560,,,0.04784688992925986,0.02450980390955402,0.0,0.0,0.0,0.0
IDRiD_72_0_3072,,,0.0,0.0,0.0,0.0,,
IDRiD_72_0_512,,,0.0,0.0,,,,
IDRiD_72_1024_0,,,,,0.0,0.0,,
IDRiD_72_1024_2048,0.0,0.0,,,0.7220246970190694,0.868481559819107,,
IDRiD_72_1024_2560,0.7059333044506145,0.5861903620094416,,,0.9139630646340343,0.8891654021190338,,
IDRiD_72_1024_3072,0.0,0.0,0.21490467933883803,0.12678936602724145,0.76742127228067,0.642660453280181,,
IDRiD_72_1024_512,,,,,0.02377414561487562,0.012030075187065408,,
IDRiD_72_1536_1024,,,0.0,0.0,0.7792549305948977,0.6647557327850261,,
IDRiD_72_1536_1536,,,0.6517690874019052,0.4874651809227116,0.8756438557440896,0.8873974645124982,,
IDRiD_72_1536_2048,,,0.015810276676717337,0.007968127488452563,0.9077249084929748,0.8826331281729588,,
IDRiD_72_1536_2560,,,,,0.8386430721346478,0.7734477671965309,,
IDRiD_72_1536_3072,0.0,0.0,0.8776796972411501,0.7927107059697698,0.8851295398070431,0.8604697967256247,,
IDRiD_72_2048_1024,,,,,0.02989898989778186,0.015176374076489895,,
IDRiD_72_2048_1536,0.0,0.0,,,0.7151607962972757,0.7302580140163989,,
IDRiD_72_2048_2048,0.0,0.0,0.0,0.0,,,,
IDRiD_72_2048_2560,,,0.0,0.0,0.0,0.0,,
IDRiD_72_2048_3072,,,0.3333333333061002,0.22491730978777097,0.028169014080539578,0.01430615164316078,,
IDRiD_72_512_0,,,,,0.808946877901625,0.7359496123852726,,
IDRiD_72_512_1536,,,,,0.4261381232447774,0.3033509700042614,,
IDRiD_72_512_2048,0.3709787816310076,0.26542605286332754,0.46590141792937867,0.43893129765408,0.726914724190743,0.7696835908709242,,
IDRiD_72_512_2560,,,0.688144329852568,0.5816993463418628,0.014265335233343035,0.06849315059110528,,
IDRiD_72_512_3072,,,,,0.6638069704737904,0.6044921874409676,,
IDRiD_72_512_512,,,0.0,0.0,0.7692307692229834,0.7449519701873172,,
IDRiD_73_0_1024,,,0.0,0.0,,,,
IDRiD_73_0_1536,,,0.0,0.0,0.7302904561285102,0.5789473680401662,,
IDRiD_73_1024_1024,,,0.03409090908768078,0.017341040460757125,,,,
IDRiD_73_1024_1536,,,0.5296922409826749,0.444363636331319,0.7581618443330007,0.9128166914712066,,
IDRiD_73_1024_2048,,,0.0,0.0,0.7820738136395365,0.643994211194791,,
IDRiD_73_1024_2560,,,0.0,0.0,,,,
IDRiD_73_1536_1024,0.8795758646750846,0.8124999999905258,0.7374199450377474,0.8574468083282027,0.807751937953188,0.8668885190626548,0.8724386371941081,0.9684958247426065
IDRiD_73_1536_1536,0.7304347825919809,0.8151174667612299,0.5437499999575195,0.37991266371398336,0.6471169686771955,0.9636898919564584,,
IDRiD_73_1536_2048,,,0.0,0.0,0.0,0.0,,
IDRiD_73_1536_2560,,,0.0,0.0,,,,
IDRiD_73_1536_3072,0.0,0.0,,,,,,
IDRiD_73_1536_512,0.0,0.0,,,,,,
IDRiD_73_2048_1024,,,,,,,0.6197905535238344,0.5457282649399425
IDRiD_73_2048_1536,,,0.0,0.0,,,,
IDRiD_73_2048_2048,0.0,0.0,0.0,0.0,,,,
IDRiD_73_2048_2560,0.6075715604707976,0.43691899069418066,0.0,0.0,,,0.8450353931428636,0.7894548704059079
IDRiD_73_2048_3072,0.8129042435651292,0.7294733861731388,0.5592920352992404,0.6528925617136808,,,,
IDRiD_73_512_1024,,,0.3917373662710536,0.26913329953020104,,,,
IDRiD_73_512_1536,0.14988066825060237,0.2205056179465582,0.1059125963955829,0.07726931732353567,0.6849927660044063,0.8651162790410261,,
IDRiD_73_512_2048,0.0,0.0,0.5536723163320458,0.5675675674579985,0.0,0.0,,
IDRiD_73_512_2560,0.0,0.0,,,,,,
IDRiD_74_0_2048,0.0,0.0,0.3293736500902066,0.22181818180204957,0.0,0.0,,
IDRiD_74_0_2560,,,0.6332453825523353,0.6060606059993878,0.7653758540397777,0.7999999996190477,,
IDRiD_74_0_3072,,,0.0,0.0,,,,
IDRiD_74_0_512,,,0.0,0.0,,,,
IDRiD_74_1024_1024,,,0.5142857142083781,0.385135135048393,,,,
IDRiD_74_1024_1536,,,0.0,0.0,,,0.6315401960304102,0.7428014721720848
IDRiD_74_1024_2048,0.0017866258294991493,0.058577405845485896,0.4730999145625021,0.3453865336227698,0.6308539944034637,0.5452380951082766,0.7027151403427816,0.612760834646358
IDRiD_74_1024_2560,0.7234753550499852,0.6454429301464497,0.3598875351368349,0.25455750744930206,0.7603863609826558,0.678222960334685,,
IDRiD_74_1024_3072,0.5549360891993816,0.5600384245840533,0.01601971657325818,0.022222222218423553,0.8354994429848589,0.7942110836288666,,
IDRiD_74_1536_0,,,0.24882629102140227,0.14209115277691925,,,,
IDRiD_74_1536_1024,,,0.6844660192513432,0.9929577457796073,,,,
IDRiD_74_1536_2048,,,0.0,0.0,0.8130487313667897,0.8154790757664327,,
IDRiD_74_1536_2560,0.3715041046307812,0.24263904034675898,0.1611154143949562,0.10601427114107907,0.11347517727813825,0.06091370556829601,,
IDRiD_74_1536_3072,0.2575795963157032,0.1521045282250937,0.23252279633491466,0.6923076919944309,0.5516403401516841,0.48400852868144806,,
IDRiD_74_2048_1536,0.2833187335717267,0.9999999999116607,0.8376963348592418,0.9876543203779912,,,,
IDRiD_74_2048_2048,0.5698930750681862,0.4988239905870362,0.41659646165929665,0.46497414196215453,,,,
IDRiD_74_2048_2560,0.6996164857108529,0.6237418733415664,0.09523809523027602,0.2829268291302796,0.6837606836771966,0.5374280229294764,,
IDRiD_74_2048_3072,0.8453280317923394,0.7773308957668252,0.3854389720802058,0.2445652173248464,,,,
IDRiD_74_2048_512,,,0.47798742123333726,0.31404958664708693,,,,
IDRiD_74_512_1024,,,0.0,0.0,,,,
IDRiD_74_512_1536,,,0.22672906915097613,0.13077384522310895,,,,
IDRiD_74_512_2048,0.0,0.0,0.0,0.0,0.4329192546449404,0.28837401736498247,,
IDRiD_74_512_2560,0.5685666587101291,0.4135299219355849,0.20372778499333646,0.2588105726587213,0.6121191372765138,0.5474586650252992,,
IDRiD_74_512_3072,,,0.4039497306639183,0.33482142852160396,,,,
IDRiD_74_512_512,,,0.0,0.0,,,,
IDRiD_75_0_1024,0.0002808594298514133,0.0001410039481085589,0.46881011265543254,0.43564862101962976,,,,
IDRiD_75_0_1536,0.5380442473676209,0.3790376179690347,0.3063683304515332,0.18117048345133993,0.46086191731278625,0.43329658211503325,,
IDRiD_75_0_2048,0.7404935645897088,0.6301173240100467,,,0.21111945904541252,0.1220147633468513,,
IDRiD_75_0_2560,0.26688232915127535,0.15659601391716868,0.0,0.0,,,,
IDRiD_75_0_512,0.4931377188714355,0.8741610737521677,0.0,0.0,,,,
IDRiD_75_1024_0,,,0.0,0.0,0.0,0.0,,
IDRiD_75_1024_1024,0.7005705780159974,0.7542735042634312,0.26146164320193094,0.16561242092204642,0.7068965516964383,0.6776859503623075,,
IDRiD_75_1024_1536,0.0,0.0,0.16376306617356046,0.09978768575376057,0.5080385850456467,0.35909090892768597,,
IDRiD_75_1024_2048,,,0.7978478093160762,0.7960122698165626,0.5091863516614885,0.34684147790860054,,
IDRiD_75_1024_512,0.0,0.0,0.0,0.0,,,,
IDRiD_75_1536_0,,,0.6241830064339571,0.4986945168410719,,,,
IDRiD_75_1536_1024,0.571875698623477,0.42393105732767883,0.23878984331503025,0.14058524172133682,0.39107229498345114,0.275273224024913,,
IDRiD_75_1536_1536,,,0.0,0.0,0.5308924483911001,0.7073170727394409,,
IDRiD_75_1536_2048,,,0.0074074074046639226,0.0037174721175771475,0.0,0.0,,
IDRiD_75_1536_2560,0.009836065573708473,0.04024767801649909,0.1209213051707369,0.47014925338048563,,,,
IDRiD_75_1536_3072,0.3363272565554795,0.40371477368907527,,,,,,
IDRiD_75_1536_512,,,0.5324074073765968,0.4737384139573905,,,,
IDRiD_75_2048_1024,0.8020115175537187,0.8333052418534754,0.3690651003245685,0.2451235370451805,0.0,0.0,0.7376884422075248,0.5999999999953289
IDRiD_75_2048_1536,0.37124220078883663,0.416746259139868,0.42320665616318404,0.4070069203976208,,,,
IDRiD_75_2048_2048,0.6767068272752657,0.8798955612428335,0.4130320546288475,0.2825305535382796,,,,
IDRiD_75_2048_2560,0.4147300679225111,0.3893924135485266,0.0,0.0,,,,
IDRiD_75_2048_3072,0.703254264586808,0.971750126451766,0.01724137930848692,0.008695652172967864,,,,
IDRiD_75_2048_512,0.49379735242488637,0.951700898572662,0.21353383457041097,0.11973018548737518,0.29357798138203856,0.1720430105676957,0.0,0.0
IDRiD_75_512_0,,,0.0,0.0,,,,
IDRiD_75_512_1024,0.6580846498863069,0.6495956873190297,0.23703142748061223,0.21705963937468378,0.7808478938048161,0.7485068813198065,,
IDRiD_75_512_1536,,,0.4381443298807753,0.4134815844049005,0.4447949526463095,0.2980972515541124,,
IDRiD_75_512_2048,0.6002738475527131,0.855804268587824,0.0,0.0,0.652222532839639,0.8911382734571758,,
IDRiD_75_512_2560,0.8005568210545829,0.7553132213583116,,,,,,
IDRiD_75_512_512,,,0.4668874171412438,0.36061381064945935,,,,
IDRiD_76_0_1024,0.2652861887035498,0.1540031753197096,0.0,0.0,,,,
IDRiD_76_0_1536,0.36884376420483483,0.26851511362603137,0.0,0.0,,,,
IDRiD_76_0_2560,0.0,0.0,0.0,0.0,,,,
IDRiD_76_0_512,0.0068610634644447645,0.003442340791540887,,,,,,
IDRiD_76_1024_0,,,0.0,0.0,,,,
IDRiD_76_1024_1024,0.18472364755630077,0.11742777259799762,0.26466447676525895,0.1916411824603588,0.7885351465736287,0.836406190290235,,
IDRiD_76_1024_1536,,,0.5884615383483728,0.4383954153471646,0.8693915400465839,0.7797824695997468,,
IDRiD_76_1024_2048,0.25631216525415795,0.2639873916261633,0.0,0.0,0.5549380076837337,0.43194675539327965,,
IDRiD_76_1024_3072,,,0.0,0.0,,,,
IDRiD_76_1024_3584,,,0.18897637780395563,0.10434782599621929,,,,
IDRiD_76_1024_512,0.2261733141081824,0.13859442481078535,0.11492479752738431,0.1013605442107918,0.5506021550755271,0.8439119170711169,,
IDRiD_76_1536_0,,,0.07490636703558753,0.03891050583354782,,,,
IDRiD_76_1536_1024,,,0.32084690551133166,0.21506550215992737,0.8782437006352094,0.8372322308789348,,
IDRiD_76_1536_1536,,,0.0,0.0,,,,
IDRiD_76_1536_2048,0.3411910669869358,0.2056843679803409,0.18691588780679536,0.3539823005716971,,,,
IDRiD_76_1536_2560,0.9293415479309843,0.9201296225520372,0.6293103445563317,0.7448979584235735,,,,
IDRiD_76_1536_3072,,,,,0.0,0.0,,
IDRiD_76_1536_512,0.2675431388638657,0.15534351144889938,0.6324909747178251,0.70023980812549,0.7465737146419505,0.8252189141711871,,
IDRiD_76_2048_1024,,,0.7624499140948797,0.7717265352524072,,,,
IDRiD_76_2048_1536,,,0.0,0.0,,,,
IDRiD_76_2048_2560,,,0.0,0.0,0.0,0.0,,
IDRiD_76_2048_3072,,,0.15303430075117827,0.08285714283346939,,,,
IDRiD_76_2048_512,0.6337023011896759,0.5054013241897386,0.47362978281717927,0.35068912708776473,,,,
IDRiD_76_512_0,0.7414330217932668,0.8397675383628158,0.0,0.0,,,,
IDRiD_76_512_1024,0.6002654279986711,0.6416512980473592,0.0032867707476053097,0.0016501650164335742,0.4589426321580725,0.30033124768861497,,
IDRiD_76_512_1536,0.7200899760899748,0.6595415915359376,0.1731707316861987,0.09479305739722389,,,,
IDRiD_76_512_2048,,,0.0,0.0,,,,
IDRiD_76_512_3072,,,0.6094609460275621,0.4489465153243199,,,,
IDRiD_76_512_512,0.5039229960324846,0.6466680506405093,0.055893074115680855,0.02944942381373563,0.6783295710678143,0.7815344602364716,,
IDRiD_77_0_1024,,,0.13681592038099305,0.07343124164573682,0.018927444788981878,0.009554140124345814,,
IDRiD_77_0_1536,0.0,0.0,0.0,0.0,0.6154976129043153,0.4637520752372024,,
IDRiD_77_0_2048,0.002158273381256146,0.001080302484676264,,,0.0,0.0,,
IDRiD_77_0_2560,0.7594238430862725,0.7497163603301586,0.2018348622001515,0.11224489784464807,0.745160646562659,0.6356826693688906,,
IDRiD_77_0_3072,,,0.3969849245233706,0.2492113563882614,0.0,0.0,,
IDRiD_77_0_512,,,0.0,0.0,,,,
IDRiD_77_1024_0,,,0.0,0.0,,,,
IDRiD_77_1024_1024,,,0.0,0.0,0.0,0.0,,
IDRiD_77_1024_1536,0.0,0.0,0.5210526315446675,0.4057377048764613,0.8519761066992554,0.7780213211080103,,
IDRiD_77_1024_2048,0.0,0.0,,,0.34441205052780544,0.21025154247246675,,
IDRiD_77_1024_2560,,,,,0.0,0.0,,
IDRiD_77_1024_3072,0.5473209814585047,0.440193314521136,0.8308351175951102,0.9797979793031324,0.02427184465430295,0.012285012281993853,,
IDRiD_77_1024_3584,,,,,0.10739299610059198,0.056743421047965176,,
IDRiD_77_1024_512,,,0.0,0.0,,,,
IDRiD_77_1536_1024,0.0142653352346997,0.007183908045632955,0.08376193974402925,0.06426155579884311,0.0,0.0,,
IDRiD_77_1536_1536,,,,,0.5164363982602936,0.3652291104875182,,
IDRiD_77_1536_2048,,,0.7077534790548953,0.6654205606232859,0.0,0.0,,
IDRiD_77_1536_512,0.74121565361581,0.6404316546670442,0.28701961837444184,0.16952380951842783,0.509453781503686,0.3545321637340514,,
IDRiD_77_2048_0,,,0.0,0.0,,,,
IDRiD_77_2048_1024,0.0,0.0,0.34782608690437394,0.21052631575126565,0.5082843399206459,0.3468693009076368,,
IDRiD_77_2048_1536,,,0.5301775147301565,0.9999999995535714,0.46420917272901396,0.30370162646372123,,
IDRiD_77_2048_2048,,,0.004761904760770975,0.002392344497035324,0.6961918194443952,0.5697137580531065,,
IDRiD_77_2048_512,,,0.33590308368194366,0.20776566756077888,0.1085960657490084,0.05743195097538219,,
IDRiD_77_512_1024,,,0.0,0.0,0.0,0.0,,
IDRiD_77_512_1536,0.0,0.0,0.1359570661774636,0.12418300651565638,0.6662238949130461,0.5346440838532829,,
IDRiD_77_512_2048,,,,,0.45467336683112447,0.29635776050051216,,
IDRiD_77_512_2560,0.0,0.0,,,0.1763042111851618,0.0968744603678661,,
IDRiD_77_512_3072,,,0.5644171778563991,0.45999999992333335,0.0,0.0,,
IDRiD_77_512_512,0.0,0.0,0.0,0.0,,,,
IDRiD_78_0_1024,,,0.0,0.0,,,,
IDRiD_78_0_1536,,,0.533134772856803,0.43236714970623585,,,,
IDRiD_78_0_2048,0.0,0.0,0.3586142321929488,0.23114061555635843,0.2647887323197778,0.15259740254785797,,
IDRiD_78_0_2560,0.6627882817231916,0.49719451370021217,0.06060606058310376,0.031249999987792966,0.6330329443002435,0.4892110971516244,,
IDRiD_78_0_3072,,,0.0,0.0,0.06882591091724172,0.03563941299043199,,
IDRiD_78_0_512,0.7744840525037717,0.7083047357097937,,,,,,
IDRiD_78_1024_0,,,0.0,0.0,,,,
IDRiD_78_1024_1024,,,,,0.2739726026980255,0.158730158702164,,
IDRiD_78_1024_1536,,,,,0.0,0.0,,
IDRiD_78_1024_2048,0.6537032070181736,0.5031110848972218,0.37083333325607637,0.23989218322374872,0.6266053964813644,0.4753307114680849,,
IDRiD_78_1024_2560,0.33279548204585724,0.20390509144582422,0.12266411115847321,0.16601815821452423,0.7062491765811504,0.6867366982604258,,
IDRiD_78_1024_3072,,,0.0,0.0,,,,
IDRiD_78_1024_512,,,0.7551669315774907,0.7341576505820467,,,,
IDRiD_78_1536_1536,,,0.5033707864037369,0.4827586204815696,,,,
IDRiD_78_1536_2048,0.04962002682052705,0.02544121017590096,0.5697770437184329,0.4233128833836426,0.5901759530575449,0.4817474565839768,,
IDRiD_78_1536_2560,0.0,0.0,0.0,0.0,0.05941704035541384,0.030867792659821328,,
IDRiD_78_1536_3072,,,0.029354207433526985,0.01489572988928543,0.0,0.0,,
IDRiD_78_2048_1024,,,0.0,0.0,,,,
IDRiD_78_2048_2048,,,0.41986455977202436,0.27232796482103544,,,,
IDRiD_78_2048_2560,0.0,0.0,0.0,0.0,,,,
IDRiD_78_2048_3072,0.0,0.0,,,0.5384615382026627,0.3809523806932297,,
IDRiD_78_2048_512,,,0.0,0.0,0.0,0.0,,
IDRiD_78_512_0,,,0.0,0.0,,,,
IDRiD_78_512_1536,,,0.8114104594593645,0.7641791042494988,,,,
IDRiD_78_512_2048,,,0.9358226370515855,0.947990543623169,0.845179299976877,0.86821207988743,,
IDRiD_78_512_2560,0.3991975927758325,0.2593678722689853,0.6561461793474961,0.5716353110605449,0.7682559753690116,0.7899601458469997,,
IDRiD_78_512_3072,,,,,0.41487400121650664,0.307657247023352,,
IDRiD_78_512_512,,,0.542372881224607,0.37583892604837615,0.6956521738010222,0.797047970185591,,
IDRiD_79_0_1024,,,0.0,0.0,0.42379679141552157,0.2758920800456143,,
IDRiD_79_0_1536,0.49043704728175763,0.668070953421994,0.0,0.0,0.35958904108049705,0.2839756592100084,,
IDRiD_79_0_2048,0.7253792166574192,0.7159243259240887,0.0,0.0,,,,
IDRiD_79_0_2560,0.6130346929668378,0.5610581745200535,0.0,0.0,0.6123456789619468,0.5670731706452633,,
IDRiD_79_0_512,0.8515187260332385,0.9844868734915703,0.44680851055907655,0.2950819671440089,,,,
IDRiD_79_1024_0,0.6573681018749441,0.5027246376753307,,,,,,
IDRiD_79_1024_1024,0.0,0.0,0.0,0.0,0.7388764693103131,0.6970068027116053,,
IDRiD_79_1024_1536,0.6203346202547833,0.4590476189601814,,,0.787551717930158,0.8190321775901842,,
IDRiD_79_1024_2048,,,0.0,0.0,0.7335289410470337,0.8670702484441031,,
IDRiD_79_1024_2560,0.0,0.0,0.2823275861916849,0.1782312925048822,0.8795392477601072,0.9206385146557192,,
IDRiD_79_1024_3072,,,,,0.7805523590288805,0.673718712746586,,
IDRiD_79_1536_0,,,,,0.6791582588446481,0.6374458874113936,,
IDRiD_79_1536_1024,0.20561983470394646,0.12435025989106957,0.5138408304053771,0.3847150258569022,0.7036569987212192,0.5861344537568851,,
IDRiD_79_1536_1536,0.4237824161654786,0.26886035310843814,0.06260296539846763,0.03345070422240751,0.8451572024714432,0.7987198017724604,,
IDRiD_79_1536_2048,,,0.31115660181052646,0.1862745097810938,0.7987947485460954,0.862009166354323,,
IDRiD_79_1536_2560,0.2851731601654445,0.169018601662315,0.21195652172761104,0.12029611350275779,0.9302975233904596,0.9614739848473814,,
IDRiD_79_1536_3072,0.7610278204038837,0.6943846043322247,0.29577464786996627,0.18274111673801732,0.7600191448615826,0.6760423466617204,,
IDRiD_79_1536_512,,,,,0.0,0.0,,
IDRiD_79_2048_1024,0.0,0.0,0.0,0.0,0.8005447567066913,0.7582082551416931,,
IDRiD_79_2048_1536,,,0.6589018301732277,0.6644295299783793,0.7718406506106746,0.7627778475401056,,
IDRiD_79_2048_2048,0.0,0.0,0.0,0.0,0.7323365785788166,0.6475435036546299,,
IDRiD_79_2048_2560,0.3562469257233384,0.21672776239831879,,,0.8651311502464312,0.9646026271923033,,
IDRiD_79_2048_3072,0.0,0.0,0.0,0.0,0.68949196918237,0.5674622907295916,,
IDRiD_79_2048_512,0.0,0.0,0.0,0.0,0.8815331009685075,0.9267399265701942,,
IDRiD_79_512_0,0.8359243489371628,0.794915254222318,,,0.7112970708320933,0.5704697982748526,,
IDRiD_79_512_1024,0.0,0.0,0.08368200836236526,0.0438596491196009,0.7853773584821464,0.793200519688324,,
IDRiD_79_512_1536,,,0.0,0.0,0.5764757838867,0.4301405975300936,,
IDRiD_79_512_2048,0.1618062088276758,0.08802456498587262,0.0,0.0,0.6901384948992134,0.7978395061420587,,
IDRiD_79_512_2560,0.6977564910335832,0.5358110723756946,0.0,0.0,0.7747362418005321,0.7843210029247213,,
IDRiD_79_512_3072,0.8549783549552225,0.914351851798938,0.0,0.0,0.6627807790636511,0.5012903225698647,,
IDRiD_79_512_512,,,0.4338896020399907,0.2813150228763498,0.5565081839005059,0.9469496018708355,,
IDRiD_80_0_2048,0.8658406189041266,0.799094444762297,,,,,,
IDRiD_80_0_2560,,,0.0,0.0,0.29787234037678034,0.17533718686409688,,
IDRiD_80_0_3072,,,,,0.5061728391937205,0.34453781483652285,,
IDRiD_80_1024_2048,,,,,0.4527043125934548,0.3231292516896895,,
IDRiD_80_1024_2560,,,,,0.0,0.0,,
IDRiD_80_1536_1536,,,0.8888888886537331,0.8358208951065568,,,,
IDRiD_80_1536_2048,,,,,0.0,0.0,,
IDRiD_80_1536_2560,,,,,0.0,0.0,,
IDRiD_80_1536_3072,,,,,0.4522968197560214,0.32128514052999146,,
IDRiD_80_2048_1536,,,,,0.0,0.0,,
IDRiD_80_2048_2048,,,0.0,0.0,,,,
IDRiD_80_2048_3072,,,0.0,0.0,0.6069930069081129,0.438383838295276,,
IDRiD_80_512_2560,,,,,0.0,0.0,,
