image,dice_hemorrhages,recall_hemorrhages,dice_microaneurysms,recall_microaneurysms,dice_hard_exudates,recall_hard_exudates,dice_soft_exudates,recall_soft_exudates
IDRiD_01_0_1024,0.4458121762299543,0.9999999999769904,,,,,,
IDRiD_01_0_2048,0.0,0.0,,,,,,
IDRiD_01_0_2560,0.29299111549273466,0.48880105398624496,0.32142857138441916,0.19148936167078734,,,,
IDRiD_01_1024_1024,,,,,0.7902283589876044,0.7061056627426098,,
IDRiD_01_1024_1536,,,,,0.4799583550109329,0.32648725211308477,,
IDRiD_01_1024_2048,,,0.5253132831816886,0.4077821011355811,0.05591798695073259,0.02876318312467999,,
IDRiD_01_1024_2560,0.054307116099783975,0.027911453317814104,0.0,0.0,0.3297924497439958,0.19827078011202326,,
IDRiD_01_1024_512,0.8570493948034986,0.935714285647449,,,0.0,0.0,,
IDRiD_01_1536_1024,0.8891928864524031,0.8649581074335637,0.0,0.0,0.39047925376679066,0.2445608380239903,,
IDRiD_01_1536_1536,,,,,0.1377331420175419,0.07395993835532205,,
IDRiD_01_1536_2048,,,0.10452261305482186,0.05514316012140582,0.7269749041886296,0.6476678231144465,,
IDRiD_01_1536_2560,,,,,0.0,0.0,,
IDRiD_01_1536_512,0.0,0.0,0.0,0.0,0.0,0.0,,
IDRiD_01_2048_1024,0.9462950373849359,0.9649435531692915,0.0,0.0,0.6876964996783934,0.6188230856163934,,
IDRiD_01_2048_1536,,,,,0.8331343748356435,0.8717753760882432,,
IDRiD_01_2048_2048,,,0.3361534122765847,0.2034129692693916,0.7922678121748004,0.7918221116811991,,
IDRiD_01_2048_3072,,,0.0,0.0,,,,
IDRiD_01_512_1024,,,0.0,0.0,0.8311428571309837,0.862181387052099,,
IDRiD_01_512_1536,0.0,0.0,,,0.7031578947281343,0.6453739486100165,,
IDRiD_01_512_2048,0.0,0.0,0.0,0.0,0.6344716104199386,0.5285305504034922,,
IDRiD_01_512_2560,0.0,0.0,,,,,,
IDRiD_02_0_1536,,,,,0.13049925852478994,0.06991525423605376,,
IDRiD_02_0_2048,0.0,0.0,,,0.0,0.0,,
IDRiD_02_0_2560,,,,,0.0,0.0,,
IDRiD_02_0_3072,,,,,0.0,0.0,,
IDRiD_02_1024_1024,,,,,0.0,0.0,,
IDRiD_02_1024_1536,,,,,0.24068157611920324,0.1371359223134544,,
IDRiD_02_1024_2048,0.0,0.0,0.2748625687019059,0.22540983604709755,0.31867504282811715,0.18973138387980737,,
IDRiD_02_1024_2560,0.0,0.0,0.5386049981149346,0.44376152425053705,0.7542554918033412,0.6623352670925483,,
IDRiD_02_1024_3072,0.023602484471561026,0.045636509203712046,0.0,0.0,0.3444232742145035,0.20959686050286128,,
IDRiD_02_1024_512,,,,,0.0,0.0,,
IDRiD_02_1536_1024,,,0.0,0.0,,,,
IDRiD_02_1536_1536,0.14937858508425694,0.5430060816209378,0.27118644062689523,0.15686274506386433,0.0,0.0,,
IDRiD_02_1536_2048,0.0,0.0,0.0,0.0,0.7084398976800911,0.570193495242067,,
IDRiD_02_1536_2560,0.1370114942465742,0.07354392892035815,0.0,0.0,0.7061473055252071,0.57215208728793,,
IDRiD_02_1536_3072,0.005813628486747087,0.024563060934125507,0.67522658605172,0.5398550723985682,0.001946945728840425,0.0009744214372478826,,
IDRiD_02_2048_1024,,,,,0.007797270954405723,0.003913894324470265,,
IDRiD_02_2048_1536,0.016381236038515993,0.25095057024678685,0.4085480829410089,0.9969325150316157,0.0,0.0,,
IDRiD_02_2048_2048,0.0,0.0,0.0,0.0,,,,
IDRiD_02_2048_2560,,,,,0.5222551928008524,0.3562753035716042,,
IDRiD_02_2048_3072,,,0.425307557043004,0.2788018432537323,0.0,0.0,,
IDRiD_02_2048_512,,,,,0.7999999999248826,0.7332185885140761,,
IDRiD_02_512_1024,,,0.8205980065082064,0.953667953299742,0.0,0.0,,
IDRiD_02_512_1536,,,0.40414137806482897,0.9999999998233217,0.6822170387610673,0.5430112280033329,,
IDRiD_02_512_2048,0.6957277694896209,0.6489805375197178,0.29115341543722545,0.2241379310151605,0.7920575145443884,0.6907093384202208,,
IDRiD_02_512_2560,,,0.26856561543554774,0.16901408448540153,0.0,0.0,,
IDRiD_02_512_3072,,,,,0.22159090905943313,0.12460063895773153,,
IDRiD_03_0_1024,0.0,0.0,,,0.34426229507314904,0.20928059793804796,,
IDRiD_03_0_1536,0.0,0.0,0.0,0.0,0.5867984879154755,0.4699580810214272,,
IDRiD_03_0_2048,0.3667855323297613,0.24177300199853774,0.0,0.0,0.7590233545244679,0.6608133086265422,,
IDRiD_03_0_2560,0.7012654172650928,0.6609698653260404,0.07651434643182632,0.04090909090444215,0.4560439559186692,0.2974910393198957,,
IDRiD_03_0_512,,,,,0.0,0.0,,
IDRiD_03_1024_0,0.0,0.0,,,,,,
IDRiD_03_1024_1024,0.21478873238491247,0.12688507539641783,0.5081300812663868,0.8099352050086532,0.5883934218825569,0.4265489768990282,,
IDRiD_03_1024_1536,0.8405194805085647,0.8259315977328757,0.0,0.0,0.8525834772588762,0.8011563429794408,,
IDRiD_03_1024_2048,0.2971190558782173,0.25029239765350025,0.5537867824141927,0.5017482517043926,0.721779704951874,0.5983901219107597,,
IDRiD_03_1024_2560,0.022444646647787544,0.011349693251185592,0.0,0.0,0.6865682137809895,0.5433850948931742,,
IDRiD_03_1024_3072,0.3788010425691452,0.26962230044458546,0.0,0.0,0.021024967145726024,0.010624169985308875,,
IDRiD_03_1536_1024,0.0,0.0,0.369515011518898,0.2561366061626322,0.5484526227679716,0.3997561400383251,,
IDRiD_03_1536_1536,0.0,0.0,0.4914788344974448,0.3870129869794794,0.7622807017527939,0.6432272390798941,,
IDRiD_03_1536_2048,0.5778985507071891,0.4677419354610097,0.3879668049390076,0.353497164394424,0.8322985916517112,0.7770805191238871,,
IDRiD_03_1536_2560,0.5073574121346331,0.3611287437223087,0.21254801535130932,0.39243498808689475,0.8100904331251545,0.7217063138671004,,
IDRiD_03_1536_3072,,,0.0,0.0,0.0,0.0,,
IDRiD_03_2048_0,,,0.0,0.0,,,,
IDRiD_03_2048_1024,0.7374146014715676,0.6805795954666901,0.0,0.0,0.0,0.0,,
IDRiD_03_2048_1536,0.19805246296762125,0.11006910167779554,,,0.6803883132610828,0.5644262041151895,,
IDRiD_03_2048_2048,,,0.0,0.0,0.6195514663564143,0.4647972389951268,,
IDRiD_03_2048_2560,0.0,0.0,0.5899999997050001,0.418439716015291,0.3548530721203283,0.23593842509662705,,
IDRiD_03_2048_3072,0.607607679581451,0.8035374667021009,,,,,,
IDRiD_03_512_0,0.0,0.0,0.0,0.0,0.0,0.0,,
IDRiD_03_512_1024,,,0.0,0.0,0.7060766182065364,0.6435881998408436,,
IDRiD_03_512_1536,0.5353247189035858,0.6462722852250296,0.0,0.0,0.6312726240284529,0.5056281978339325,,
IDRiD_03_512_2048,0.0,0.0,0.0,0.0,0.6594462540662911,0.7464970501337298,,
IDRiD_03_512_2560,0.8242818671361727,0.8349624914563546,0.6194111231603696,0.6311111109708641,0.691323152964151,0.6153362664893882,,
IDRiD_03_512_3072,0.0,0.0,0.0440366972396263,0.02764976957888254,0.36287973365114945,0.229352972107872,,
IDRiD_03_512_512,0.3195772521308612,0.34250269685315515,0.28739867352340465,0.3611111110442387,0.0,0.0,,
IDRiD_04_0_1024,,,,,0.48725701941739713,0.5108695651711168,,
IDRiD_04_1024_0,,,,,0.8289738428915545,0.9321266964108025,,
IDRiD_04_1024_1024,0.7565421036477289,0.9965128755097502,0.0,0.0,0.0,0.0,,
IDRiD_04_1024_2560,,,,,0.748400852798678,0.8200934577523146,,
IDRiD_04_1024_3072,,,,,0.0,0.0,,
IDRiD_04_1024_3584,,,,,0.0,0.0,,
IDRiD_04_1536_1024,0.8526165627986139,0.8389479905313394,,,,,,
IDRiD_04_1536_2560,,,0.5278106508251111,0.9999999995515695,,,,
IDRiD_04_1536_512,0.8263674940369332,0.7358939848769448,0.0,0.0,0.7811447808817694,0.778523489410387,,
IDRiD_04_2048_512,0.8360603322432251,0.8037150875295905,,,,,,
IDRiD_04_512_1024,,,,,0.3361064891660506,0.21565836297397448,,
IDRiD_04_512_1536,,,,,0.0,0.0,,
IDRiD_04_512_2560,,,,,0.7861445781948578,0.9775280895215249,,
IDRiD_04_512_3072,0.0,0.0,,,0.615384615046492,0.44799999964160003,,
IDRiD_04_512_3584,,,,,0.6326530605789255,0.46969696898530766,,
IDRiD_04_512_512,,,,,0.0,0.0,,
IDRiD_05_0_512,0.4129596297195557,0.9999999999377335,0.0,0.0,,,,
IDRiD_05_1024_1024,,,,,0.5350351654006898,0.38022954460606756,,
IDRiD_05_1024_1536,,,0.0,0.0,0.8099516240311,0.7567800257960922,,
IDRiD_05_1024_2048,0.0,0.0,0.0,0.0,,,,
IDRiD_05_1024_512,,,0.18965517233204518,0.10476190471201814,,,,
IDRiD_05_1536_1024,0.0,0.0,0.0,0.0,0.5307599516850712,0.39497306994704257,,
IDRiD_05_1536_1536,,,,,0.0,0.0,,
IDRiD_05_1536_512,0.0,0.0,0.16209773537996452,0.0960451977265473,,,,
IDRiD_05_2048_1024,,,0.06858407078887345,0.03555045871151945,,,,
IDRiD_05_2048_1536,,,0.0,0.0,,,,
IDRiD_05_2048_512,0.760412371118342,0.671033478869322,,,,,,
IDRiD_05_512_1536,,,0.0,0.0,,,,
IDRiD_06_0_1536,0.48376868487869895,0.4327390599558958,0.0,0.0,,,,
IDRiD_06_0_2048,0.8099561876893139,0.7640153330047434,0.0,0.0,,,,
IDRiD_06_0_2560,0.33894607294601997,0.9282978397283852,,,0.0,0.0,,
IDRiD_06_0_3072,,,0.0,0.0,,,,
IDRiD_06_0_512,,,0.6444007858124164,0.4876114964828928,0.0,0.0,,
IDRiD_06_1024_1024,,,0.44065871661325046,0.29823212910851404,0.8178434197837545,0.7007922625712439,,
IDRiD_06_1024_1536,,,,,0.885107239951238,0.8185881914619241,,
IDRiD_06_1024_512,0.0,0.0,0.19190541154197793,0.12196531791202513,,,,
IDRiD_06_1536_0,,,,,0.0,0.0,,
IDRiD_06_1536_1024,0.0,0.0,,,,,,
IDRiD_06_1536_512,,,0.16923076920473373,0.09581881531431728,0.4432809772350295,0.2847533631648535,,
IDRiD_06_2048_512,,,0.0,0.0,,,,
IDRiD_06_512_0,,,0.0,0.0,,,,
IDRiD_06_512_1024,0.0,0.0,0.012012012011110209,0.01391304347584121,0.7680529916365293,0.6433509186799921,,
IDRiD_06_512_1536,0.08010680906807653,0.04213483145475635,,,0.7318385650183192,0.6138222849025499,,
IDRiD_06_512_2048,0.6824380740138482,0.7013729976715462,0.0,0.0,0.0,0.0,,
IDRiD_06_512_3072,,,0.025568181816365894,0.013034033308252422,,,,
IDRiD_06_512_512,0.0,0.0,0.0,0.0,0.4215143120862993,0.2930979133132232,,
IDRiD_07_0_1024,,,0.3989569751761464,0.2828096117776692,0.6649810365783843,0.9633699630170806,,
IDRiD_07_0_1536,0.22173641473386208,0.14754779716759986,,,0.4342105262205678,0.999999998989899,,
IDRiD_07_0_2048,0.7454471873433652,0.651804670866822,0.27669902910382693,0.1704885343798117,0.18181818179699089,0.29213483135126034,,
IDRiD_07_0_512,0.9152793192410182,0.9471669218264037,,,,,,
IDRiD_07_1024_0,,,,,0.0,0.0,,
IDRiD_07_1024_1024,,,0.0,0.0,0.47494479360497804,0.3415587588482395,,
IDRiD_07_1024_1536,,,,,0.319266055040546,0.19887780548215134,,
IDRiD_07_1024_2048,0.0,0.0,,,0.2205323193497087,0.13942307688956176,,
IDRiD_07_1024_2560,,,0.7584940311516534,0.8445807769233986,,,,
IDRiD_07_1024_512,,,0.3242542152907802,0.22549609138752277,0.7610216639908874,0.7478462557861524,,
IDRiD_07_1536_0,,,0.0,0.0,0.6324816240701351,0.4843205574783082,,
IDRiD_07_1536_1024,,,,,0.6010103394523346,0.48498933251687754,,
IDRiD_07_1536_1536,,,0.25925925919067216,0.1489361701674966,0.8792971030062374,0.8132636244791349,,
IDRiD_07_1536_2048,0.0,0.0,,,0.8279382717155412,0.7660774790099543,,
IDRiD_07_1536_2560,,,0.0,0.0,0.20269159520542404,0.6442832631364507,,
IDRiD_07_1536_512,0.0,0.0,0.05986394557415891,0.054120541198755166,0.5477707006229867,0.4837983798162107,,
IDRiD_07_2048_0,,,,,0.0,0.0,,
IDRiD_07_2048_1024,,,,,0.6806790622290305,0.6206388206083224,,
IDRiD_07_2048_1536,,,,,0.7565459147651084,0.750102855255903,,
IDRiD_07_2048_2048,0.42852346739791497,0.5342374016317724,0.1982248520563443,0.14002089862695707,0.7904051172623624,0.782067510532024,,
IDRiD_07_2048_512,0.8216513761417635,0.7690634302636928,0.18432385873452525,0.10490196077917147,0.6921040336288412,0.5771428571278664,,
IDRiD_07_512_0,,,0.0,0.0,0.0,0.0,,
IDRiD_07_512_1024,,,0.0,0.0,,,,
IDRiD_07_512_1536,,,0.6166103331574937,0.5628029968901366,0.7477840450646427,0.6638054362426602,,
IDRiD_07_512_2048,0.0,0.0,0.0,0.0,,,,
IDRiD_07_512_2560,0.21317715958380157,0.11946176566723132,,,,,,
IDRiD_07_512_512,,,0.4025974025538315,0.29617834390188247,,,,
IDRiD_08_0_1024,0.4809584937913482,0.3190281562179947,,,,,,
IDRiD_08_0_1536,0.6953216964292358,0.731512277965243,0.0,0.0,,,,
IDRiD_08_1024_1024,0.5137760158471006,0.3641472323584112,0.31627430909333293,0.30563798216561444,0.7453551912405387,0.7587894970734852,,
IDRiD_08_1024_1536,0.7159286946452373,0.7224371373167807,0.0,0.0,0.05568445474346068,0.029126213585163537,0.8532500918073697,0.9129273084407628
IDRiD_08_1024_2048,,,,,0.7215256697853931,0.6192795650133747,,
IDRiD_08_1024_2560,,,,,0.1278863232454909,0.08490566035733356,,
IDRiD_08_1024_512,0.7048599935515794,0.712890624976794,,,0.78216989059864,0.758564437070381,,
IDRiD_08_1536_1024,,,,,0.5270049098973806,0.37011494244365173,,
IDRiD_08_1536_1536,0.3328938694682632,0.20503451075091214,,,0.8446831755203507,0.837969653164054,,
IDRiD_08_1536_2048,,,,,0.6710273181734888,0.5162818235336719,,
IDRiD_08_512_1024,,,0.0,0.0,,,,
IDRiD_08_512_1536,,,0.0,0.0,0.24761904750113378,0.14130434774929113,0.8408134886117128,0.7314019595939796
IDRiD_08_512_2048,,,0.004511278195149527,0.00226073850774222,,,0.612544192743169,0.7727122563509226
IDRiD_08_512_512,,,0.41610738241070216,0.26271186429546106,,,,
IDRiD_09_0_1024,0.474881065649501,0.32231191475413423,,,,,,
IDRiD_09_0_1536,,,0.09784172661588945,0.05143721633732414,,,,
IDRiD_09_0_2560,,,0.0,0.0,,,,
IDRiD_09_0_3072,,,0.0,0.0,,,,
IDRiD_09_0_512,0.3360796149740103,0.35063829786637213,,,,,,
IDRiD_09_1024_1024,0.0,0.0,0.3431813735014052,0.22275844551123297,0.7133472506833292,0.7575252196519788,,
IDRiD_09_1024_1536,0.8373271258329636,0.7268513015484743,,,0.8513183702078939,0.8742617571985521,,
IDRiD_09_1024_2048,0.5703849395817592,0.4114308877095373,0.39156180605508656,0.2873438348567439,0.701904761898077,0.6613424264059343,,
IDRiD_09_1024_2560,,,,,0.01590812420244448,0.5980810233903965,,
IDRiD_09_1024_3072,,,0.0,0.0,,,,
IDRiD_09_1024_3584,,,0.0,0.0,,,,
IDRiD_09_1024_512,0.5262312633692122,0.36259682772546675,0.22198731500470437,0.13011152415953806,0.7114860577075983,0.6224689745223875,,
IDRiD_09_1536_1024,0.0,0.0,0.2088859416376364,0.13185433235111535,0.6376899412682071,0.5070605240706161,,
IDRiD_09_1536_1536,0.7131083812670952,0.6696845794196938,0.34976367317017126,0.2230835486457292,0.8092602396868184,0.8204352493386017,,
IDRiD_09_1536_2048,0.8485934420202725,0.8239387612796125,0.24395857304442364,0.13892529487038988,0.0,0.0,,
IDRiD_09_1536_2560,,,0.0,0.0,,,,
IDRiD_09_1536_512,,,0.0,0.0,0.8619477980272331,0.8085624871721512,,
IDRiD_09_2048_1024,,,,,0.7119357306741398,0.6474169420656216,,
IDRiD_09_2048_1536,0.0,0.0,0.19595141698818205,0.11060329066630682,0.6400817995891321,0.5088248954922953,,
IDRiD_09_2048_2048,0.37313432834749904,0.23465703970271998,0.23794871792431296,0.1395908543755005,,,,
IDRiD_09_2048_2560,,,,,0.5021236432042415,0.6150289016630025,,
IDRiD_09_2048_512,,,0.052823315115991656,0.027128157154951912,0.0,0.0,,
IDRiD_09_512_0,0.0,0.0,,,,,,
IDRiD_09_512_1024,0.4841341795067684,0.3515470704372224,0.5987967067669602,0.5418338108727269,0.7020689655142152,0.6481496219606195,,
IDRiD_09_512_1536,0.0,0.0,0.0791556728127763,0.05535055349532278,0.7310326062276947,0.7081356527788777,,
IDRiD_09_512_2048,,,,,0.740424076594726,0.6970379909627483,,
IDRiD_09_512_3072,,,0.0,0.0,,,,
IDRiD_09_512_512,0.2465586145634627,0.17517154349573963,0.0,0.0,0.7075664620953409,0.8179669028799132,,
IDRiD_10_0_1024,,,,,0.7114142792156695,0.6186007275762186,,
IDRiD_10_0_1536,,,0.4954545454263946,0.3841409691291505,0.7709024232880546,0.7743820633495364,,
IDRiD_10_0_2048,0.7886133032657431,0.6878636400828659,0.24832855776042706,0.14840182646707742,0.7798807491506967,0.8186256687226997,,
IDRiD_10_0_2560,0.1745805795618984,0.7381771280852031,0.05863607392870388,0.03060545575312006,0.5904294478382717,0.44704570789866055,,
IDRiD_10_0_3072,,,,,0.06750164798856294,0.03493449781611716,,
IDRiD_10_0_512,,,,,0.0,0.0,,
IDRiD_10_1024_0,,,,,0.7697262478631681,0.6476964767892421,,
IDRiD_10_1024_1024,0.5438919582510344,0.70616365566668,0.07368967306311937,0.04006772008803229,0.802182493610389,0.710759103057902,,
IDRiD_10_1024_1536,,,,,0.9395856065417633,0.9988973447034311,,
IDRiD_10_1024_2048,,,0.8783685359884654,0.9481132073980955,0.9337299509041452,0.9951059103001368,,
IDRiD_10_1024_2560,0.6531694972081191,0.590072719256335,0.24859022555806884,0.2145174371364754,0.7602153272279581,0.7051307253756433,,
IDRiD_10_1024_3072,0.45623169540422664,0.9999999999286733,0.5693989070727105,0.5236180903996364,0.6953175112206843,0.574091727565151,,
IDRiD_10_1024_512,,,,,0.5475590804321978,0.3964152700155461,,
IDRiD_10_1536_0,,,0.0,0.0,0.5437475550848384,0.3916964117904998,,
IDRiD_10_1536_1024,,,0.5306122448694622,0.37198795177921773,0.6818266024421923,0.617222874386909,,
IDRiD_10_1536_1536,,,0.09230769226035503,0.0489130434516777,0.7755364806853084,0.7142998319968564,,
IDRiD_10_1536_2048,0.622458646064108,0.9608548931167412,0.44403215831100756,0.2987310172602719,0.7772093772642045,0.6843897421321449,,
IDRiD_10_1536_2560,,,0.34146341460812013,0.2070240295557279,0.8104782524795591,0.785506523723155,,
IDRiD_10_1536_3072,,,0.0,0.0,0.6644736841906557,0.5448749386687163,,
IDRiD_10_1536_512,0.5709996246644439,0.4184852374762794,,,,,,
IDRiD_10_2048_1024,0.0,0.0,0.0,0.0,0.0,0.0,,
IDRiD_10_2048_1536,0.0,0.0,0.7673048600318626,0.7369165486935054,0.4073751956791203,0.2863780875449651,,
IDRiD_10_2048_2048,0.7713666639854637,0.8407977606570889,0.0,0.0,0.6677528220567002,0.6961902450692504,,
IDRiD_10_2048_2560,0.05508719994816212,0.02832561217717852,,,0.0,0.0,,
IDRiD_10_2048_3072,0.0,0.0,0.0,0.0,0.4561586638592819,0.327586206871995,,
IDRiD_10_2048_512,,,,,0.6245564229728688,0.45714285711910946,,
IDRiD_10_512_1024,,,0.3970588234807526,0.2515527949919949,0.8162600580707614,0.8208598211381944,,
IDRiD_10_512_1536,,,,,0.7966212103405523,0.7615304518247381,,
IDRiD_10_512_2048,0.5592889659596868,0.5823927765105554,0.11553561413024298,0.09058927000481139,0.8436659914601438,0.8739313572529268,,
IDRiD_10_512_2560,0.4820175438490786,0.5536523929192114,0.5690685412905261,0.4108094392181982,0.7520602569766237,0.7291550324295324,,
IDRiD_10_512_3072,0.5031016584314077,0.4417518897189473,0.16077738515190915,0.09295199182364902,0.6572828770379996,0.5277202532363309,,
IDRiD_10_512_512,0.2352490054151596,0.9971556277530615,0.0,0.0,0.025298878992066075,0.2916829363415977,,
IDRiD_11_0_1024,,,0.0,0.0,,,,
IDRiD_11_0_1536,0.41346153844911476,0.3559234350565999,0.06631989596447854,0.034297242768372746,0.007029876975917421,0.003527336860048089,,
IDRiD_11_0_2048,,,0.1061946902569433,0.05607476635037597,,,,
IDRiD_11_0_2560,0.8063497790132015,0.7908704883087249,0.0,0.0,,,,
IDRiD_11_0_3072,,,,,0.0,0.0,,
IDRiD_11_0_512,0.12290134971883132,0.6706586825544122,0.0,0.0,0.0,0.0,,
IDRiD_11_1024_1024,,,0.0,0.0,,,,
IDRiD_11_1024_1536,0.0,0.0,0.0,0.0,0.7916023928635705,0.8295875719515055,,
IDRiD_11_1024_2048,0.10579345086828798,0.055851063822360235,0.0,0.0,0.814749262535983,0.7618298463534614,,
IDRiD_11_1024_2560,0.3968621857657896,0.24755338077741207,0.034696406439318914,0.01839684625251027,0.8088962108720543,0.7322266770958042,,
IDRiD_11_1024_3072,0.45667876274250324,0.3633014406666485,,,0.4761904760644998,0.312499999891493,,
IDRiD_11_1536_1024,,,0.0,0.0,,,,
IDRiD_11_1536_1536,,,0.0,0.0,0.7766477347671821,0.7544264818898018,,
IDRiD_11_1536_2048,0.0,0.0,0.0,0.0,0.8468405391191847,0.7760667308273703,,
IDRiD_11_1536_2560,0.0,0.0,0.0,0.0,0.8325588180123444,0.7894560041085433,,
IDRiD_11_1536_3072,,,,,0.5393592677283826,0.38325203251409345,,
IDRiD_11_2048_1024,,,0.014302741358192185,0.00729335494297839,0.3126843657355923,0.18531468528228764,,
IDRiD_11_2048_1536,,,,,0.0,0.0,,
IDRiD_11_2048_2048,,,,,0.775368911570453,0.6950588796916969,,
IDRiD_11_2048_2560,0.126239855724253,0.0673724735313162,0.0,0.0,0.5567937191303229,0.4167772511808836,,
IDRiD_11_2048_3072,0.6458164094166753,0.48690858979502516,0.0,0.0,0.24493554325553077,0.1397058823382662,,
IDRiD_11_512_1024,,,,,0.51329354310834,0.35219657480624,,
IDRiD_11_512_1536,,,0.5079662604959732,0.3483290487984153,0.6058204768562208,0.48623853210735496,,
IDRiD_11_512_2048,,,0.13147410357256234,0.07036247334004665,0.7715598352166213,0.6667447992948528,,
IDRiD_11_512_2560,0.0,0.0,0.06159769008069319,0.03177755709714225,0.5818791946259909,0.4248438074185368,,
IDRiD_11_512_3072,0.142345429060155,0.3107434270101826,0.04366812226835873,0.022321428570182954,0.0,0.0,,
IDRiD_11_512_512,,,0.0,0.0,,,,
IDRiD_12_0_1024,,,,,0.7949965253095902,0.8550074737137507,,
IDRiD_12_0_2560,0.0,0.0,0.1796874999859619,0.1691176470339533,,,,
IDRiD_12_0_3072,0.0,0.0,0.0,0.0,,,,
IDRiD_12_0_512,0.0,0.0,,,,,,
IDRiD_12_1024_1024,0.3467179610441606,0.9863201093716607,,,,,,
IDRiD_12_1024_2048,0.7315010570051268,0.7972350228577799,0.6912751676692491,0.7953667950597039,0.05450901803388742,0.5074626861884607,,
IDRiD_12_1024_2560,,,0.3520782395227192,0.21364985156864988,,,,
IDRiD_12_1536_2048,0.0,0.0,,,0.6766485647736489,0.8300342595959262,,
IDRiD_12_1536_3072,,,0.0,0.0,,,,
IDRiD_12_2048_1536,,,0.0,0.0,,,,
IDRiD_12_2048_2048,,,0.0,0.0,,,,
IDRiD_12_2048_2560,,,0.0,0.0,,,,
IDRiD_12_2048_3072,,,0.0,0.0,,,,
IDRiD_12_2048_512,0.7118184896474156,0.5855153203016426,0.0,0.0,,,,
IDRiD_12_512_2560,0.9379556866834862,0.9561017929383684,0.0,0.0,,,,
IDRiD_12_512_512,,,,,0.822399999868416,0.8481848182019192,,
IDRiD_13_0_1024,0.7685012700970618,0.7139710509529903,0.0,0.0,,,,
IDRiD_13_0_1536,,,0.06716850028563008,0.03475134811056013,,,,
IDRiD_13_0_2048,0.5707743546925318,0.42301758715140336,0.3297644538908427,0.19743589738527284,0.0,0.0,,
IDRiD_13_0_2560,0.46468085105394297,0.30943610086966744,0.7054317548500895,0.6439923712241581,,,,
IDRiD_13_0_3072,0.06093888396757361,0.46174496638097384,0.0,0.0,,,,
IDRiD_13_0_512,,,0.13758865247251142,0.0749613601178546,0.0,0.0,0.5542691083511496,0.3837751517062678
IDRiD_13_1024_0,0.08510638293345406,0.044444444419753086,0.0,0.0,,,,
IDRiD_13_1024_1024,0.027993779158009813,0.014195583595094985,0.5219726562372565,0.549331962972799,0.8696048632211503,0.8402349486036217,,
IDRiD_13_1024_1536,0.0,0.0,0.02898550724482096,0.014705882352140202,0.764468511622284,0.6333908541819094,0.0,0.0
IDRiD_13_1024_2048,,,0.480354879579203,0.3326020184145414,0.08118081179813275,0.04417670682139536,0.0,0.0
IDRiD_13_1024_2560,,,,,0.0,0.0,,
IDRiD_13_1024_3072,,,,,0.5362426035453379,0.4031697483608624,,
IDRiD_13_1024_3584,,,0.9058971140645048,0.845433255071327,0.0,0.0,,
IDRiD_13_1024_512,0.2324364723381003,0.1333619210920514,0.6013097836753064,0.7503714709880945,0.5454545454476775,0.40508696464550054,,
IDRiD_13_1536_0,,,0.0,0.0,0.0,0.0,,
IDRiD_13_1536_1024,,,0.3398978847308608,0.20474516694158654,0.6921632234814382,0.5701828410528782,,
IDRiD_13_1536_1536,0.0,0.0,0.07858546168444103,0.040899795498234505,0.3125933299993731,0.18525073745219758,,
IDRiD_13_1536_2048,0.0,0.0,0.5302491102888346,0.44834503506034656,0.4422442244091736,0.2872174590690874,0.14845831747127172,0.08018092105197219
IDRiD_13_1536_2560,0.21823402727612012,0.1230171576542082,0.045212765951434475,0.029411764700793815,,,,
IDRiD_13_1536_3072,,,0.7852564101305679,0.8085808578189502,0.3729552889451521,0.22983870964652706,,
IDRiD_13_1536_3584,,,,,0.0,0.0,,
IDRiD_13_1536_512,,,0.007022471909619208,0.003556187766461153,0.01886792452533523,0.009523809522297809,,
IDRiD_13_2048_1024,0.15571473060866664,0.08443093549191386,0.05354752341987316,0.029368575619769667,0.12790697672931314,0.06970849175288867,0.012561441834719786,0.0063204176969958665
IDRiD_13_2048_1536,,,0.33788641262847685,0.20833333331486406,,,0.0,0.0
IDRiD_13_2048_2048,0.0,0.0,0.0,0.0,0.0,0.0,,
IDRiD_13_2048_2560,0.0,0.0,0.03546099290151401,0.035211267593235465,,,,
IDRiD_13_2048_512,,,0.2454373819858126,0.16971279371891096,,,0.0,0.0
IDRiD_13_512_0,0.0,0.0,0.0,0.0,,,,
IDRiD_13_512_1024,0.0,0.0,0.49050160084331906,0.48562975483999876,0.7888123226581312,0.7437114930264889,,
IDRiD_13_512_1536,,,0.6330935251678703,0.5833914863718287,0.7707223422118832,0.7367136460384337,,
IDRiD_13_512_2048,,,0.2518518517896662,0.14406779656947236,0.6855312332972362,0.5399495374037028,,
IDRiD_13_512_2560,0.638334778810133,0.5302593659560332,0.5533290238814913,0.41233140651133604,,,,
IDRiD_13_512_3072,,,,,0.37060702873031265,0.22745098037431755,,
IDRiD_13_512_3584,,,,,0.0,0.0,,
IDRiD_13_512_512,0.0,0.0,0.048298572991405206,0.024746906633886737,0.4925876010615705,0.34448633363126835,0.0,0.0
IDRiD_14_0_1024,,,0.61732851979988,0.5624999999074836,,,,
IDRiD_14_0_1536,0.857442347993406,0.7972709551397898,0.0,0.0,0.0,0.0,,
IDRiD_14_0_2048,0.47488584474505413,0.35298320828447083,0.04834510970441261,0.21959459452040722,0.7431842965991499,0.6327762302398897,,
IDRiD_14_0_2560,0.2739662020070558,0.16829314963482306,0.3726812816110312,0.4217557251707178,,,0.8479599692030024,0.9316980334010181
IDRiD_14_0_3072,0.0,0.0,,,0.0,0.0,,
IDRiD_14_0_512,,,0.05827814569150475,0.030013642562754867,,,,
IDRiD_14_1024_0,,,0.0,0.0,,,,
IDRiD_14_1024_1024,0.12781186093416094,0.6009615381726147,0.0,0.0,,,,
IDRiD_14_1024_1536,0.23523717327601074,0.13575418994034208,0.07258064515919987,0.07499999999553571,0.7257692940565831,0.6063376409086724,,
IDRiD_14_1024_2048,,,0.028608582571052203,0.014511873349008988,0.7875578052731103,0.739756985205624,,
IDRiD_14_1024_2560,,,0.0,0.0,0.7638034293199528,0.6803069053683584,,
IDRiD_14_1024_3072,,,0.0,0.0,0.73780936044635,0.6197386024429377,,
IDRiD_14_1024_3584,,,,,0.0,0.0,,
IDRiD_14_1024_512,,,0.0,0.0,0.01768901569136408,0.008923431202967087,,
IDRiD_14_1536_0,0.4570957095332429,0.2965738757712448,,,,,,
IDRiD_14_1536_1024,,,0.0,0.0,,,,
IDRiD_14_1536_1536,0.8584208634495849,0.8780946155659931,0.0,0.0,0.19913885898280037,0.11094452773280526,,
IDRiD_14_1536_2048,0.0,0.0,0.5036664571442768,0.3986733001526145,0.7927507625911941,0.717673814141726,,
IDRiD_14_1536_2560,,,0.31802525830550943,0.2038263428841923,0.786082474209921,0.739692805143909,,
IDRiD_14_1536_3072,0.0,0.0,0.0,0.0,0.4710526315169668,0.37291666658897565,,
IDRiD_14_1536_512,,,0.5317647058406458,0.4379844960674439,,,,
IDRiD_14_2048_1024,0.0,0.0,0.19119496852940945,0.1068917018133767,,,,
IDRiD_14_2048_1536,,,0.439588688889513,0.6151079134478029,,,,
IDRiD_14_2048_2048,,,0.0,0.0,0.285892634189395,0.16678805534109337,,
IDRiD_14_2048_2560,0.5117599351072231,0.42066666665264446,0.049751243777558546,0.028854080789047477,0.6607251861718871,0.6006659267347244,,
IDRiD_14_2048_3072,0.5769230769148587,0.6544925662361185,0.5337546681834601,0.38515754558933846,0.0,0.0,,
IDRiD_14_2048_512,0.6898550724387734,0.5309537088382067,,,,,,
IDRiD_14_512_1536,0.0,0.0,0.0,0.0,0.6224135868840759,0.4571328179821305,,
IDRiD_14_512_2048,0.0,0.0,0.17728055075927016,0.2934472933636902,0.7725812209902041,0.6858954041168204,,
IDRiD_14_512_2560,0.0,0.0,0.3330642991570335,0.4093915343644582,0.728115487499474,0.6089254030679282,0.0,0.0
IDRiD_14_512_3072,0.0,0.0,0.0,0.0,0.7662948528320617,0.692999513838284,,
IDRiD_14_512_512,,,0.0,0.0,,,,
IDRiD_15_0_1536,,,0.0,0.0,,,,
IDRiD_15_1024_0,,,0.0,0.0,0.07927617405948832,0.041274113950593355,,
IDRiD_15_1024_1024,,,,,0.44257242653703366,0.298090229717739,,
IDRiD_15_1024_1536,,,,,0.0,0.0,,
IDRiD_15_1024_512,,,,,0.6887855987245094,0.5383781613788102,,
IDRiD_15_1536_2048,,,0.0,0.0,0.0,0.0,,
IDRiD_15_1536_512,0.0,0.0,,,0.0,0.0,,
IDRiD_15_2048_2048,,,0.0,0.0,,,,
IDRiD_15_512_1024,0.0,0.0,,,0.5601754237955623,0.4055935515338838,,
IDRiD_15_512_512,0.4831444957269108,0.7867881548616498,0.0,0.0,,,,
IDRiD_16_0_2560,,,0.0,0.0,0.8628348980796237,0.7993211709461467,,
IDRiD_16_1024_2048,,,0.7706167705633667,0.7897727271605437,0.0,0.0,,
IDRiD_16_1024_2560,0.0,0.0,0.0,0.0,0.25810991485287377,0.1531524008337941,,
IDRiD_16_1024_3072,0.49587833088059374,0.32996003061204215,0.0,0.0,0.7731557005601478,0.6828077477161725,,
IDRiD_16_1024_3584,0.34935622316097187,0.21164846592763137,,,,,,
IDRiD_16_1536_2048,,,,,0.0,0.0,,
IDRiD_16_1536_2560,,,,,0.2709523809491553,0.15757407920025515,,
IDRiD_16_1536_3072,,,,,0.5776906628601417,0.4128358589021669,,
IDRiD_16_2048_1024,,,,,0.08767772510809506,0.04665825976713011,,
IDRiD_16_2048_1536,,,0.0,0.0,,,,
IDRiD_16_2048_2560,,,,,0.0,0.0,,
IDRiD_16_2048_3072,,,,,0.0,0.0,,
IDRiD_16_2048_512,,,0.597014925261751,0.427807486516629,0.0,0.0,,
IDRiD_16_512_1536,,,0.0,0.0,,,,
IDRiD_16_512_2048,,,,,0.0,0.0,,
IDRiD_16_512_2560,,,,,0.7965086705193104,0.7423873456441558,,
IDRiD_16_512_3072,,,,,0.6417486752399532,0.4774039138325017,,
IDRiD_17_0_1024,0.3618789363175215,0.9999999999758279,0.0,0.0,0.7935273282811756,0.7318729182586232,,
IDRiD_17_0_1536,0.5879454754463214,0.5808152504539411,0.2678899082323037,0.18790218787800486,0.5918973278393262,0.48048515005068815,,
IDRiD_17_0_2048,0.5575982285381026,0.6959465249777361,,,0.26839411388141077,0.16006868262749147,,
IDRiD_17_0_2560,0.6911121903826325,0.6359598893867882,0.0,0.0,0.7756854971663137,0.7106537529836165,,
IDRiD_17_0_3072,0.48320659061338395,0.8510044642382252,,,,,,
IDRiD_17_0_512,,,,,0.7429577463480709,0.6656151417458627,0.7424577634717293,0.5932026353800963
IDRiD_17_1024_0,0.018606618035536454,0.009390673353864147,0.0,0.0,0.0,0.0,,
IDRiD_17_1024_1024,0.2469526892070315,0.1453351706237713,0.39488966315941404,0.27113237637391285,0.7776031858355292,0.9127618833044808,,
IDRiD_17_1024_1536,0.677741575922409,0.6786726195557711,0.5186335402921377,0.35232067503115594,0.686929708635788,0.6874055415530553,,
IDRiD_17_1024_2048,0.3092614745305719,0.18369483919084745,,,0.6177243710043397,0.5905582480597639,,
IDRiD_17_1024_2560,0.0,0.0,,,0.22807858169402895,0.8002689979286974,,
IDRiD_17_1024_3072,0.10963643225528483,0.19105557382230565,0.0,0.0,,,,
IDRiD_17_1024_3584,,,0.10909090906887052,0.05769230767998027,,,,
IDRiD_17_1024_512,0.7568223542933167,0.6245377978603917,0.0,0.0,0.7473776607400759,0.7506391607125511,,
IDRiD_17_1536_0,0.8370389949617225,0.9658061391059259,,,,,,
IDRiD_17_1536_1024,0.0,0.0,,,0.657079246641452,0.6438679245207091,,
IDRiD_17_1536_1536,0.3406458068730696,0.7280579090176189,0.2302158272967238,0.13763440857255174,0.6105955143019084,0.7080717488630477,,
IDRiD_17_1536_2048,0.47374633946962186,0.33397881125318635,0.7704918031208008,0.8867924524118904,0.0,0.0,0.8217261904721144,0.7941514860901806
IDRiD_17_1536_2560,0.3245397087067252,0.2209541627648091,,,,,,
IDRiD_17_1536_3072,0.8354968581851253,0.903670844862847,0.01901140684049213,0.009596928980883507,,,0.0,0.0
IDRiD_17_1536_512,0.9192351598170994,0.9818682768115709,,,0.2673496364793895,0.15903282877611494,,
IDRiD_17_2048_0,0.15085490962236583,0.08158089400738051,,,,,,
IDRiD_17_2048_1024,0.8000843129750795,0.9999999999994272,,,0.10766307789058498,0.05689424363742341,,
IDRiD_17_2048_1536,0.569840338980094,0.9999903368561931,,,0.0,0.0,,
IDRiD_17_2048_2048,0.5047980172421361,0.3563204641276464,,,0.0,0.0,0.0,0.0
IDRiD_17_2048_2560,0.9085806138843598,0.9125153751521926,0.6019801979602,0.44574780052115137,,,0.0,0.0
IDRiD_17_2048_3072,0.6540725967281148,0.619544190543406,,,,,,
IDRiD_17_2048_512,0.9136389346373971,0.9999863438966324,,,,,,
IDRiD_17_512_0,,,0.0,0.0,0.0,0.0,,
IDRiD_17_512_1024,0.7452413324205877,0.7589131187130683,0.0,0.0,0.7257138705206575,0.679609888860605,,
IDRiD_17_512_1536,0.44216766543951175,0.2852036575204887,0.6211555555445128,0.5265220011896768,0.7906021548210844,0.9317607109279251,,
IDRiD_17_512_2048,0.7059876118359578,0.5722840034195995,0.0,0.0,0.416554959778543,0.30843672455810334,,
IDRiD_17_512_2560,0.3233093322015861,0.30013106159501796,0.3640737770357599,0.22475247522527203,0.42157935886752806,0.28254034792952126,,
IDRiD_17_512_3072,0.6037018674549355,0.8016238753390033,0.7327868851858371,0.5805194804440884,,,,
IDRiD_17_512_512,0.092549680499315,0.10325916640389754,0.0,0.0,0.5450034313437945,0.3981181551720028,0.22214765100484773,0.12495281238085171
IDRiD_18_0_1024,0.2764003672967677,0.5346358791235105,0.2445625906116693,0.16546762588845862,,,,
IDRiD_18_0_1536,0.08548387096429501,0.044991511033744,0.0,0.0,0.0,0.0,,
IDRiD_18_0_2048,,,0.24070317780657854,0.14907872695568855,0.7180841033241923,0.7973199329649364,,
IDRiD_18_0_2560,0.7328926210437159,0.8146971201507974,0.23429179977453185,0.17227877837335326,0.5545480305957134,0.4660633484051902,0.8791644016429325,0.923861596205942
IDRiD_18_0_3072,,,0.0,0.0,,,0.8166707208236709,0.8411558376341882
IDRiD_18_0_512,,,0.0,0.0,,,,
IDRiD_18_1024_0,0.0,0.0,0.4608599778984719,0.378623188337206,0.0,0.0,,
IDRiD_18_1024_1024,0.13100208767925361,0.1191832858442933,0.2011036174003002,0.20785804813588618,0.7458958606065772,0.7658738366001461,,
IDRiD_18_1024_1536,0.4856710682290762,0.4668343288237438,0.053887605848580156,0.05867560770673297,0.7029857509656966,0.6994289149313753,,
IDRiD_18_1024_2048,,,0.3537338573636309,0.32507739934725727,,,,
IDRiD_18_1024_3072,,,,,,,0.7275707499808404,0.9013675922013976
IDRiD_18_1024_512,0.6362654233222372,0.6221505615444115,0.09937565036161874,0.138707334775693,0.7693917449107321,0.7383859204019957,,
IDRiD_18_1536_0,0.0,0.0,0.0,0.0,0.7549831339848212,0.6195269249814027,,
IDRiD_18_1536_1024,0.1165951359063556,0.06567284447893487,0.38885793870783125,0.4700336700020179,0.793532178053253,0.7988326848145417,,
IDRiD_18_1536_1536,,,0.0,0.0,0.10253242741800293,0.05403645832981533,,
IDRiD_18_1536_2048,,,0.37606112052733187,0.33133881822503075,0.2995594713216506,0.17989417986245254,,
IDRiD_18_1536_3072,,,0.28952380946866213,0.2900763357671464,,,,
IDRiD_18_1536_3584,0.0,0.0,,,,,,
IDRiD_18_1536_512,0.0,0.0,0.0,0.0,0.7807438369809986,0.8382375439806301,,
IDRiD_18_2048_0,0.0817307692111224,0.047619047605708946,0.0,0.0,,,,
IDRiD_18_2048_1024,0.0,0.0,0.0,0.0,0.7575684184986826,0.8391683433824391,,
IDRiD_18_2048_1536,,,0.0,0.0,0.7127555987621464,0.5665634674045568,0.0,0.0
IDRiD_18_2048_2048,,,0.4028697571521595,0.34080298782999036,0.0,0.0,,
IDRiD_18_2048_2560,,,0.0,0.0,,,,
IDRiD_18_2048_3072,0.5668753557038454,0.7667436489017133,0.0,0.0,,,,
IDRiD_18_2048_512,0.5956552527569371,0.8276518758279207,0.1360284075352082,0.18526785712907232,0.4588969822862176,0.2999999999795918,,
IDRiD_18_512_1024,0.07817800032178682,0.08649035024708755,0.40573318628382216,0.5525525523866208,0.3319209039430819,0.205061082015486,,
IDRiD_18_512_1536,0.4142724745086391,0.9440337908688472,,,0.0,0.0,,
IDRiD_18_512_2048,0.6373626373546784,0.5912882298287468,0.0,0.0,,,,
IDRiD_18_512_3072,,,0.0,0.0,0.38217928070949114,0.2371752165065173,,
IDRiD_18_512_512,0.663558663545774,0.8604534004604305,0.467405307898289,0.4839914620873003,0.8260115851303285,0.8438876889775906,,
IDRiD_19_0_1024,0.6657997399003316,0.5127691537049189,,,,,0.0,0.0
IDRiD_19_0_1536,,,,,0.0,0.0,,
IDRiD_19_0_2048,,,,,,,0.5143939393890682,0.34625191228523394
IDRiD_19_0_2560,0.0,0.0,,,,,,
IDRiD_19_1024_0,,,0.0,0.0,,,,
IDRiD_19_1024_1024,,,,,0.8410022778660137,0.7782462056679387,,
IDRiD_19_1024_1536,,,,,0.7380317061569921,0.6701824401177258,,
IDRiD_19_1024_2560,,,0.5708245241922146,0.4999999998148148,,,,
IDRiD_19_1024_512,0.0,0.0,0.0,0.0,,,,
IDRiD_19_1536_2048,0.0,0.0,0.2050359711861446,0.11422845689093618,,,,
IDRiD_19_1536_2560,,,0.0,0.0,,,,
IDRiD_19_1536_3072,,,0.0,0.0,0.6574009728521611,0.5512820512177993,,
IDRiD_19_1536_512,0.0,0.0,,,,,,
IDRiD_19_2048_1024,0.38303145852828374,0.2392521138473353,0.0,0.0,,,,
IDRiD_19_2048_1536,0.0,0.0,0.0,0.0,,,,
IDRiD_19_2048_2048,0.45078625506984354,0.29097744358714456,0.0,0.0,,,,
IDRiD_19_2048_2560,0.0,0.0,,,,,,
IDRiD_19_2048_3072,,,0.0,0.0,,,0.8477797944850756,0.7470844563090424
IDRiD_19_2048_512,0.7554117939723363,0.7722570798580252,0.6015981734816439,0.6149358225653517,,,0.6330014224661024,0.4646063896332302
IDRiD_19_512_1024,0.7095261358015679,0.6912240624273516,0.2193268186634459,0.33333333327832787,0.6988764044551192,0.7052154194211774,,
IDRiD_19_512_1536,0.6908534149890465,0.5651581985483572,0.0,0.0,0.7274839622128227,0.6618566176409756,0.3642990838305162,0.2284126003677775
IDRiD_19_512_2048,0.7515036403687401,0.6440586000735725,,,,,,
IDRiD_19_512_512,0.0,0.0,0.5191100969469988,0.3599683544019012,,,,
IDRiD_20_0_1024,0.0,0.0,0.16047238623965016,0.3620689654604908,,,,
IDRiD_20_0_1536,0.5571656899277722,0.38799436075990207,0.0,0.0,0.45781057810014997,0.31839178784741845,,
IDRiD_20_0_2048,0.0,0.0,0.2532467532056418,0.144981412612457,0.22821203952254215,0.12919633773503578,,
IDRiD_20_0_2560,,,0.0,0.0,,,,
IDRiD_20_0_512,0.0,0.0,,,,,,
IDRiD_20_1024_0,,,0.5992982455719791,0.43218623477407025,,,,
IDRiD_20_1024_1024,0.006051437215881131,0.0033585222499279157,0.1762820512726345,0.33673469380882964,0.79919689465721,0.8056455094947882,,
IDRiD_20_1024_1536,0.0,0.0,0.0,0.0,0.7713160261754557,0.6833369971384736,,
IDRiD_20_1024_2048,,,0.43639053252824,0.28780487803474125,0.0,0.0,,
IDRiD_20_1024_2560,,,0.0,0.0,,,,
IDRiD_20_1024_3072,0.6500576701118788,0.6646226414780839,0.7905544147032285,0.7563850686136768,,,,
IDRiD_20_1024_512,0.5342196423505831,0.5016704765165875,0.4148230088419096,0.5856324830512424,0.7858942065095267,0.7662082513982114,,
IDRiD_20_1536_1024,0.5704690943405893,0.6568390526745186,0.34891118178740127,0.3149293286079978,0.7178916745070681,0.5986870272541838,,
IDRiD_20_1536_1536,,,0.1859154929053759,0.10248447201786196,0.8241435562772261,0.73542470339373,,
IDRiD_20_1536_2048,0.0,0.0,,,,,,
IDRiD_20_1536_3072,0.0,0.0,0.06966292134440095,0.03608847496879578,0.0,0.0,,
IDRiD_20_1536_512,0.06729758148962683,0.034839412083024525,0.2576714801385905,0.4517405062933749,0.8570506912402901,0.8310841004483771,,
IDRiD_20_2048_1024,,,0.34895628198704387,0.2522779043136516,0.7551281650980202,0.7527075812227517,,
IDRiD_20_2048_1536,0.31498413882599396,0.26276463261946564,0.2841131969659817,0.6697490091585536,0.753472901577446,0.645491116315027,,
IDRiD_20_2048_2560,0.0,0.0,,,,,,
IDRiD_20_2048_3072,0.13617415469494332,0.07306163021505657,0.0,0.0,0.0,0.0,,
IDRiD_20_2048_512,0.06358381502737033,0.037854889588819766,0.47944444443112655,0.7044897958608579,0.9244092337087163,0.9294621765591965,,
IDRiD_20_512_1024,0.0,0.0,0.7840670859356146,0.8648509763173252,0.8027707808551594,0.7618933779561263,,
IDRiD_20_512_1536,0.49137388237947754,0.49707006368793544,0.3705074810987119,0.33698092030479854,0.708435667383318,0.641900177116845,,
IDRiD_20_512_2048,,,,,0.0,0.0,,
IDRiD_20_512_2560,0.0,0.0,0.0,0.0,,,,
IDRiD_20_512_3072,,,0.0,0.0,,,,
IDRiD_20_512_512,,,0.33102081265302075,0.2711038960598858,0.2981878088716484,0.17624148002178758,,
IDRiD_21_0_1024,0.2387125614609139,0.13553299492041795,0.20979020977553914,0.18159806293200992,0.04593639575809412,0.023508137431337863,,
IDRiD_21_0_1536,0.0,0.0,0.7831398899949211,0.7962732918265499,0.28066914495532813,0.2103064066559462,,
IDRiD_21_0_2048,,,0.0,0.0,0.36781609193711196,0.22988505745805257,,
IDRiD_21_0_2560,,,0.4802825191006308,0.340567612659385,,,,
IDRiD_21_0_3072,,,0.0,0.0,,,,
IDRiD_21_0_512,0.7535945869642854,0.6857362749952352,,,0.0,0.0,,
IDRiD_21_1024_1024,,,0.37906647804957094,0.23385689352235103,0.008995937318499769,0.023117076806628105,,
IDRiD_21_1024_1536,0.7369711042264127,0.6073782691834214,0.0,0.0,0.8411678050072968,0.8889046136396515,,
IDRiD_21_1024_2048,0.15261382799110998,0.08300214001707426,0.03456967950901802,0.042179261859210955,0.8147919988389354,0.8096284027048479,,
IDRiD_21_1024_2560,0.5961779750960516,0.4610733746326709,0.2940108892744095,0.35893648443738013,0.7989205747152001,0.8072218128105052,,
IDRiD_21_1024_3072,0.8296185489840716,0.9142762940831805,0.27707317070467574,0.1608154020202927,,,,
IDRiD_21_1536_0,,,,,0.0,0.0,,
IDRiD_21_1536_1024,,,0.0,0.0,0.0,0.0,,
IDRiD_21_1536_1536,0.07838070628430747,0.04078888390673291,,,0.8842458315566066,0.8286060231320591,,
IDRiD_21_1536_2048,0.0,0.0,0.18992654773400175,0.20521541947786673,0.72079093598643,0.7008630973215854,,
IDRiD_21_1536_2560,0.651940545001437,0.5568093659598222,0.11562897077142222,0.3618290257729962,0.8112992328491617,0.7980726920672442,,
IDRiD_21_1536_3072,,,0.6399999999051852,0.8059701489529961,,,,
IDRiD_21_1536_512,0.30533781260525056,0.18017621144580723,,,0.0,0.0,,
IDRiD_21_2048_1024,0.09325513196207463,0.04890802829748053,0.0,0.0,0.0,0.0,,
IDRiD_21_2048_1536,0.0,0.0,0.0,0.0,0.48310139164476357,0.3492494410675623,,
IDRiD_21_2048_2048,0.0,0.0,0.2617685877637095,0.3467365967163906,0.7729808682307953,0.7644690726495952,,
IDRiD_21_2048_2560,0.8277446986229212,0.768872501440542,0.46161934803040905,0.3736170212447985,0.721419975910908,0.7598225601546373,,
IDRiD_21_2048_3072,,,0.0,0.0,0.0,0.0,,
IDRiD_21_2048_512,0.0,0.0,0.0,0.0,0.0,0.0,,
IDRiD_21_512_1024,,,0.0,0.0,,,,
IDRiD_21_512_1536,,,0.0,0.0,0.5214341387271739,0.4055774476991338,,
IDRiD_21_512_2048,0.3111217069935496,0.1879861711295306,0.18920953575434857,0.27925925923857337,0.6187439613466788,0.6115355232885498,,
IDRiD_21_512_2560,0.48513652035704835,0.3595800524884711,0.27656123275439737,0.3346418056590146,0.6247589664240356,0.7493061978955313,,
IDRiD_21_512_3072,0.0,0.0,0.7409200967925004,0.9849785405611634,,,,
IDRiD_21_512_512,,,0.7329949237834523,0.6006655573043818,0.0,0.0,,
IDRiD_22_0_1024,0.724608501116542,0.6379437687693242,0.0,0.0,,,0.6313619496970481,0.6904117823796171
IDRiD_22_0_1536,0.06540084387840712,0.04036458333070543,0.5659722221239631,0.6342412448894003,,,,
IDRiD_22_0_2048,0.4691612903195538,0.6764651162664844,0.40875912405443965,0.2736156351494446,,,0.8252987780277279,0.8676705882271277
IDRiD_22_0_2560,0.7895304212824166,0.9149053115429225,,,0.5851282051132018,0.41963957335712987,,
IDRiD_22_0_3072,0.41270373599700616,0.38063717908827316,,,,,,
IDRiD_22_0_512,0.0022185246809640308,0.001110494169843948,,,,,,
IDRiD_22_1024_1024,,,0.5106382978514469,0.44036697244598677,,,,
IDRiD_22_1024_1536,,,0.47041847038452966,0.3104761904466213,0.7673492933349658,0.6805832693748755,,
IDRiD_22_1024_2048,,,0.5045871559054372,0.36850921266859143,0.8204703167392773,0.8848809899362537,,
IDRiD_22_1024_3072,0.0,0.0,,,,,,
IDRiD_22_1024_512,,,0.3219178081089322,0.19183673461557685,,,,
IDRiD_22_1536_0,,,,,0.23721881388167498,0.13825983311820503,,
IDRiD_22_1536_1024,,,0.8668407309573315,0.7649769583490836,0.5985401458761789,0.44324324312344776,,
IDRiD_22_1536_1536,0.0,0.0,0.0,0.0,0.809668901068356,0.709505161966723,,
IDRiD_22_1536_2048,0.46816143495658474,0.5359342915260847,0.0,0.0,0.816103415119091,0.9070651098321509,,
IDRiD_22_1536_3072,0.6556733982263263,0.8132996936348292,0.5116681071295014,0.37755102036000626,0.4137931034354212,0.26138147565693165,,
IDRiD_22_1536_3584,0.7451973658545563,0.6154341249879935,,,,,,
IDRiD_22_1536_512,,,0.0,0.0,0.5011832763475892,0.47865394271829964,,
IDRiD_22_2048_1024,0.32985305490468186,0.19804968655216973,0.1295774647522317,0.13529411756747406,,,0.9382284661203403,0.917091657694675
IDRiD_22_2048_1536,0.8246818824396618,0.7383363471837553,,,,,,
IDRiD_22_2048_2048,,,0.0,0.0,,,,
IDRiD_22_2048_3072,,,0.6206896550386445,0.5454545452479338,,,,
IDRiD_22_2048_512,,,,,0.0,0.0,0.0,0.0
IDRiD_22_512_1024,0.7198232130189715,0.6846265697272053,,,0.8647589180374458,0.9339542759581748,0.3259429379015725,0.23449415353180925
IDRiD_22_512_1536,,,0.6651162789924283,0.5872689937192466,,,,
IDRiD_22_512_2560,0.0,0.0,,,,,,
IDRiD_22_512_3072,0.7566849673194701,0.6447180839677726,,,,,0.8447703956656569,0.7703834175709134
IDRiD_22_512_512,0.7265413690219394,0.8001833180446046,,,0.7144952058577044,0.6373515797819008,0.0,0.0
IDRiD_23_0_1024,0.0,0.0,0.0,0.0,,,,
IDRiD_23_0_1536,,,,,,,0.7156220243056314,0.9715589353464402
IDRiD_23_0_2048,0.457499220452401,0.31642512077021717,,,,,,
IDRiD_23_0_2560,0.1256568751446233,0.38156542435018354,,,,,,
IDRiD_23_0_3072,0.23269230769070953,0.5503573749008981,,,,,,
IDRiD_23_1024_1024,,,,,0.21874999988606772,0.12280701747204269,,
IDRiD_23_1024_1536,,,0.48667439160061715,0.3553299491784552,,,,
IDRiD_23_1024_2560,,,,,,,0.0,0.0
IDRiD_23_1024_3072,,,0.8394912173931258,0.7491891891081958,,,,
IDRiD_23_1536_1024,,,0.0,0.0,0.6192268217372827,0.47233820456824954,,
IDRiD_23_1536_1536,,,0.6746987950645957,0.5117493471248696,0.7401709401076777,0.6620795106021286,,
IDRiD_23_1536_2560,,,,,0.49077697034707785,0.3251851851610974,,
IDRiD_23_1536_3072,,,0.5953259531863068,0.43603603595747104,0.5481777333907776,0.40417177913118596,,
IDRiD_23_1536_3584,,,,,0.0,0.0,,
IDRiD_23_1536_512,,,0.0,0.0,0.5163834951299641,0.46451965062966594,,
IDRiD_23_2048_1024,0.7276626161283896,0.5932400932055221,,,,,,
IDRiD_23_2048_2048,0.03837091888241372,0.019560741249081047,,,,,,
IDRiD_23_2048_2560,0.6693440428324184,0.5030181086455858,0.6611226609852136,0.5162337660661578,,,,
IDRiD_23_2048_3072,,,,,0.1592312971750699,0.0878122634301429,,
IDRiD_23_2048_512,0.6602614896923508,0.9720034995342082,,,0.0,0.0,,
IDRiD_23_512_1024,0.6467965266217602,0.48080949056242817,,,,,,
IDRiD_23_512_2048,,,0.0,0.0,,,,
IDRiD_23_512_2560,,,,,,,0.17628518639086743,0.09666269368180377
IDRiD_23_512_3072,0.0,0.0,,,,,0.0,0.0
IDRiD_23_512_512,,,0.0,0.0,,,,
IDRiD_24_0_2048,,,,,0.6309523805768141,0.46086956481663516,,
IDRiD_24_1024_1536,,,,,0.0,0.0,,
IDRiD_24_1024_2048,,,,,0.4359634745859058,0.29480683976267236,,
IDRiD_24_1024_2560,,,0.0,0.0,,,,
IDRiD_24_1536_1536,,,,,0.0,0.0,,
IDRiD_24_1536_2048,,,0.49438202237932927,0.3283582088735427,0.0,0.0,,
IDRiD_24_1536_2560,,,0.0,0.0,,,,
IDRiD_24_1536_512,0.5751024123739746,0.5108146351220777,,,0.0,0.0,,
IDRiD_24_2048_1024,0.7105592981328899,0.6332286212870281,,,,,,
IDRiD_24_2048_1536,0.646747352471757,0.7709648331135288,0.0,0.0,,,,
IDRiD_24_512_1536,,,,,0.0,0.0,,
IDRiD_24_512_2048,,,,,0.6850914752555434,0.5493133582678331,,
IDRiD_24_512_2560,0.7942155106117966,0.6772151898586378,,,,,,
IDRiD_24_512_512,0.7635410599661171,0.6178133835712624,,,,,,
IDRiD_25_0_1024,,,0.17039868923154566,0.09605911329457764,0.6940810364514985,0.5868864783557787,0.0,0.0
IDRiD_25_0_1536,0.0,0.0,0.0,0.0,0.704058837048307,0.5503147365690116,,
IDRiD_25_0_2048,0.4605018833865961,0.3085015638306191,0.0,0.0,0.6667384840766434,0.5718456648659478,0.0,0.0
IDRiD_25_0_2560,0.06943303204530163,0.03607257203803551,0.0,0.0,0.8661936295727926,0.9041277602922151,,
IDRiD_25_0_3072,0.5397234389715733,0.48442799875910536,,,0.22095671979260176,0.1245186135912043,,
IDRiD_25_0_512,0.5363865709191464,0.6741463414305295,0.0,0.0,0.2926192031313832,0.1736972704687702,0.0,0.0
IDRiD_25_1024_0,,,0.0,0.0,,,,
IDRiD_25_1024_1024,0.0,0.0,0.0,0.0,0.0,0.0,,
IDRiD_25_1024_1536,0.5922801096690091,0.4395742016142901,0.0,0.0,0.862741650088623,0.8139269643099477,,
IDRiD_25_1024_2048,,,0.0,0.0,0.828680882801079,0.7387451644091649,,
IDRiD_25_1024_2560,0.56062927775932,0.40466007963278033,0.0,0.0,0.8656899057099373,0.8518136274681205,,
IDRiD_25_1024_3072,0.0,0.0,,,0.803496908218942,0.6841477331637922,,
IDRiD_25_1024_512,,,0.32768361578218264,0.20055325031804244,,,,
IDRiD_25_1536_0,,,,,0.0,0.0,,
IDRiD_25_1536_1024,0.7124445896125123,0.8460072253355659,,,,,0.16149744259264884,0.08784183733766021
IDRiD_25_1536_1536,0.0,0.0,0.0,0.0,0.832460625474001,0.7283114456627772,,
IDRiD_25_1536_2048,0.23997257456016485,0.1526606571655618,0.5647668393050821,0.6089385473159389,0.8587542346765115,0.7759496312759985,0.0,0.0
IDRiD_25_1536_2560,0.5267908309446153,0.3941261589570874,0.0,0.0,0.7869774919550886,0.6882733408227183,0.0,0.0
IDRiD_25_1536_3072,0.7859652830965521,0.7695969369236322,0.03929273084093392,0.02004008015831262,,,,
IDRiD_25_1536_512,0.0,0.0,0.0,0.0,0.0,0.0,,
IDRiD_25_2048_1024,0.0,0.0,,,,,,
IDRiD_25_2048_1536,0.5163986124230668,0.45079146592945085,0.17904509282632325,0.1049766718425368,0.1369137670144889,0.07351746547223731,,
IDRiD_25_2048_2048,0.2709459459454075,0.3466212437059713,0.48201127002678756,0.37720488464198065,,,,
IDRiD_25_2048_2560,0.0,0.0,0.0,0.0,0.0,0.0,,
IDRiD_25_2048_3072,,,0.0,0.0,0.0,0.0,,
IDRiD_25_512_1024,0.0,0.0,,,0.719809832167217,0.6007936236424561,,
IDRiD_25_512_1536,0.517817413928659,0.36380013776197795,0.13834269662435594,0.1522411128166738,0.6721664604213201,0.7297243506743981,,
IDRiD_25_512_2048,0.38324641697898826,0.2372234762974329,0.12626531699184163,0.0684377707170535,0.45414535505585646,0.30267956238619503,0.7278399910817993,0.9447497830352221
IDRiD_25_512_2560,0.6799844429491921,0.6201070484257425,0.0,0.0,0.8659840032595996,0.86902108341165,,
IDRiD_25_512_3072,,,0.0,0.0,0.7317440202741728,0.6016344870230793,,
IDRiD_25_512_512,0.525842696609519,0.3567073170550453,,,,,,
IDRiD_26_0_1024,0.4923991313236667,0.3394799054320019,0.419080068071707,0.28341013818354605,,,,
IDRiD_26_0_1536,0.7036948748426257,0.5439469319966105,,,,,,
IDRiD_26_0_2048,,,0.0,0.0,,,,
IDRiD_26_0_2560,0.0,0.0,0.3648236830489846,0.24080459768731008,,,,
IDRiD_26_1024_1024,,,0.4174999999478125,0.2638230647292539,,,,
IDRiD_26_1024_1536,,,0.0,0.0,,,,
IDRiD_26_1024_2048,0.698645598154704,0.5516934045854105,0.0,0.0,,,,
IDRiD_26_1024_2560,0.2873500545177931,0.16778096147189492,0.0,0.0,,,,
IDRiD_26_1024_3072,0.945996850585278,0.9206129807636982,0.0,0.0,,,,
IDRiD_26_1536_1024,,,0.3283582088327021,0.2009132419173912,,,,
IDRiD_26_1536_1536,,,0.059244126653805504,0.03052631578626039,,,,
IDRiD_26_1536_2048,0.0,0.0,,,,,,
IDRiD_26_1536_2560,,,0.2011173184076652,0.1226575808990362,,,,
IDRiD_26_1536_3072,0.015963511972027233,0.00828075709746527,0.060220525866826954,0.031045037165236336,,,,
IDRiD_26_2048_1024,,,,,0.7812041114858731,0.6567901232946197,,
IDRiD_26_2048_1536,0.2727272726977568,0.16363636361511216,0.0,0.0,,,,
IDRiD_26_2048_2048,,,0.07444168732644127,0.03865979380446912,,,,
IDRiD_26_2048_3072,0.8008117859230245,0.6707378493997641,,,,,,
IDRiD_26_512_1024,0.7366867140473664,0.6264645713164733,0.0,0.0,,,,
IDRiD_26_512_1536,0.0,0.0,0.4742268040422291,0.3179723501571492,,,,
IDRiD_26_512_2048,0.6402608109096894,0.8883227617667846,0.1102596849699817,0.059815242492844915,0.7168054874885643,0.6963350785008884,,
IDRiD_26_512_2560,,,0.1652892561878392,0.0901525658744693,,,,
IDRiD_26_512_3072,0.7191035067860593,0.6995666827130491,0.0,0.0,,,,
IDRiD_26_512_3584,0.0,0.0,,,,,,
IDRiD_26_512_512,0.7722772276880164,0.7929759703518506,,,,,,
IDRiD_27_0_1024,,,,,0.8229988725114996,0.7170923377766026,,
IDRiD_27_0_1536,0.0,0.0,0.45597484269560146,0.446153846016568,0.46502384735830593,0.32320441987164616,,
IDRiD_27_0_2048,0.050656087884488006,0.05288308378296008,,,,,,
IDRiD_27_0_2560,0.49989072630217896,0.6382068452262238,0.003010536878925713,0.0015282730513740054,,,,
IDRiD_27_0_3072,,,0.0,0.0,,,,
IDRiD_27_0_512,0.0,0.0,0.024630541868887867,0.012468827928619848,,,,
IDRiD_27_1024_0,0.703296703288568,0.5562671546101323,0.0,0.0,0.14489990465730218,0.29343629332299753,,
IDRiD_27_1024_1024,0.0,0.0,0.5490196078211678,0.4290181363083791,0.7392277559949852,0.6805770221184658,,
IDRiD_27_1024_1536,0.0,0.0,0.5776997365603423,0.5672413792125446,0.7625231910904587,0.819109026954055,,
IDRiD_27_1024_2048,,,0.6599645179976366,0.6340909090188533,0.6807902880185576,0.7039133644916585,,
IDRiD_27_1024_2560,,,0.0,0.0,,,,
IDRiD_27_1024_512,0.6948356807369905,0.987811955833557,0.46391752575326817,0.34704370177718225,0.7020049436919664,0.6033994334206397,,
IDRiD_27_1536_0,0.8384975153433262,0.9189492231225456,0.6360856268724107,0.48689138572220114,,,,
IDRiD_27_1536_1024,0.3339762460629989,0.21179348525541658,0.5478095237990893,0.587178440155689,0.32504948316857163,0.2019125683004942,,
IDRiD_27_1536_1536,0.0,0.0,0.0,0.0,0.7899874055353433,0.7867670115900476,,
IDRiD_27_1536_2048,,,0.3991853359675793,0.2532299740947726,0.6202531641643968,0.5268817198635681,,
IDRiD_27_1536_2560,,,0.36718749985656735,0.22488038266752136,,,,
IDRiD_27_1536_512,0.6419898158986682,0.4905716851193198,0.21031746031149895,0.35066162567574083,0.5411170362003824,0.39812775329848393,,
IDRiD_27_2048_1024,0.0,0.0,0.512768817187071,0.7259752615864914,0.6896551724008686,0.5991533702181976,,
IDRiD_27_2048_1536,0.0,0.0,0.3898956617136218,0.29338842973994267,0.6493002349509724,0.6082296650601295,,
IDRiD_27_2048_2048,0.7745279525814688,0.8178264268320699,0.5629629625459533,0.43678160869335453,0.25832846287210237,0.1485215053663628,,
IDRiD_27_2048_512,0.0893854748553416,0.047365304911346044,0.28939130433776034,0.2509047044480757,,,,
IDRiD_27_512_1024,0.0,0.0,0.5373134327993682,0.5772594751345103,0.6359703337257117,0.679207920747247,,
IDRiD_27_512_1536,,,0.2151983859976329,0.13986013984791432,0.6873627178177021,0.644367163900024,,
IDRiD_27_512_2048,,,0.544927536073934,0.4104803491657291,0.7103367724283596,0.8880506205673387,,
IDRiD_27_512_512,0.2659240309566856,0.9212474758599676,0.020865936357805637,0.010542962571927097,,,,
IDRiD_28_0_3072,,,,,0.0,0.0,,
IDRiD_28_1024_1536,,,0.0,0.0,0.46788754190178267,0.33493353026828165,,
IDRiD_28_1024_2048,,,0.0,0.0,0.0,0.0,,
IDRiD_28_1024_2560,0.5824018343197936,0.6706270626620048,0.07387140901862224,0.1046511627501352,,,,
IDRiD_28_1024_3072,0.05084745761850044,0.02608695651720227,0.5285412261597737,0.7225433523923285,,,,
IDRiD_28_1536_1536,0.601419878265648,0.4322157434087306,,,0.0,0.0,,
IDRiD_28_1536_2048,0.864925206509657,0.860888888869758,0.655367231453286,0.6904761900651928,0.5175202155636766,0.3588785046058171,,
IDRiD_28_1536_2560,0.7456003128629957,0.8061310782155799,0.11171960568939103,0.3604240281411929,0.45780969475244077,0.3591549295268796,,
IDRiD_28_1536_3072,,,0.0,0.0,,,,
IDRiD_28_2048_1024,0.0,0.0,,,,,,
IDRiD_28_2048_1536,0.678078691857995,0.983691623351839,0.3636363634789453,0.4374999995442709,,,,
IDRiD_28_2048_2048,0.7869494290118451,0.6856168277040582,0.0,0.0,,,,
IDRiD_28_2048_2560,0.0,0.0,0.42816901405435426,0.7069767440216332,,,,
IDRiD_28_2048_3072,0.743710021290247,0.5993127147354423,,,,,,
IDRiD_28_2048_512,0.3235294116967375,0.19298245609198433,,,,,,
IDRiD_28_512_1536,0.8028747433161849,0.7993866598313472,,,,,,
IDRiD_28_512_2048,0.7875329235999224,0.7286758732441643,0.6222222221358025,0.7750865049221153,0.0,0.0,,
IDRiD_28_512_2560,0.0,0.0,0.16103059578727366,0.08912655969890793,,,,
IDRiD_28_512_3072,0.7820171546648325,0.7227993438642537,,,,,,
IDRiD_29_0_1024,,,0.2823061629657443,0.16435185181380743,,,,
IDRiD_29_0_1536,,,0.5947955389597528,0.558139534753921,,,,
IDRiD_29_0_2560,0.0,0.0,0.18723404251335446,0.10328638495228018,,,,
IDRiD_29_1024_1024,,,,,0.7468805703877932,0.6192118226295954,,
IDRiD_29_1024_2048,,,0.37226827427488557,0.4137353433142822,,,,
IDRiD_29_1024_2560,,,0.0,0.0,,,,
IDRiD_29_1024_3072,0.0,0.0,,,,,,
IDRiD_29_1536_1024,,,0.0,0.0,0.0,0.0,,
IDRiD_29_1536_1536,,,0.4612850081612381,0.39325842685582624,,,,
IDRiD_29_1536_2560,,,0.5128205123822047,0.4225352106724857,,,,
IDRiD_29_1536_3072,0.20786516852764803,0.11598746080777507,0.526666666491111,0.8876404484408534,,,,
IDRiD_29_2048_1024,,,0.603174603087565,0.6785714283511132,0.7532467522685108,0.9062499971679687,,
IDRiD_29_2048_1536,,,0.4976744184889129,0.33126934974264105,,,,
IDRiD_29_2048_2560,,,0.464692482809865,0.30267062305558734,0.6006600659405215,0.9999999996336996,,
IDRiD_29_2048_3072,,,0.0,0.0,,,,
IDRiD_29_512_2048,,,0.49800796802828523,0.3462603877157173,,,,
IDRiD_29_512_2560,,,0.11510791364146093,0.06249999998372396,,,,
IDRiD_29_512_3072,,,0.0,0.0,,,,
IDRiD_30_0_1024,,,0.0,0.0,,,,
IDRiD_30_0_2048,0.7522660098503638,0.9219391451284596,0.0,0.0,,,,
IDRiD_30_0_2560,0.5940028557688243,0.4805544859268173,0.0,0.0,,,0.8498666222038601,0.9999019223126725
IDRiD_30_1024_1024,0.8096045506710626,0.7704559650138407,,,0.511524399928286,0.7167037861596124,,
IDRiD_30_1024_1536,,,,,0.7675939790309119,0.6697840737082962,,
IDRiD_30_1024_2048,0.0,0.0,0.6909547738259451,0.592672413729238,0.4726756564827851,0.33761405879224016,,
IDRiD_30_1024_512,0.3760187353594752,0.2597721977703887,0.07407407406971933,0.051894563422413956,0.0,0.0,,
IDRiD_30_1536_1024,,,,,0.2658880109836521,0.15604838709048194,,
IDRiD_30_1536_1536,,,,,0.17888935989067872,0.16523101016717062,,
IDRiD_30_1536_2048,0.7922734937790545,0.6694300517961288,0.7935723113975807,0.8652291102789139,0.7118451024854259,0.6845564074104843,,
IDRiD_30_1536_2560,,,0.0,0.0,,,,
IDRiD_30_1536_512,0.0,0.0,0.0,0.0,0.5883887801504114,0.4391431353242871,,
IDRiD_30_2048_2048,0.843783391029432,0.9306118600836182,0.3672685362901549,0.30918499351169565,,,,
IDRiD_30_2048_2560,,,,,,,0.0,0.0
IDRiD_30_512_1024,0.0,0.0,,,,,,
IDRiD_30_512_2560,,,0.5495798318865899,0.4436906376602862,,,,
IDRiD_30_512_512,0.0,0.0,,,,,,
IDRiD_31_0_1024,,,0.5514018691159344,0.40136054417218137,,,,
IDRiD_31_0_1536,0.6593622033539512,0.8036072144257607,0.0,0.0,0.5591495823799608,0.4061776061731254,0.8606956972260175,0.8566004125217672
IDRiD_31_0_2048,0.7255546710022999,0.7584485129115098,0.34993773348848267,0.24089155592623698,0.6667130628389817,0.5968103663020582,0.7861844726721184,0.7274792047645345
IDRiD_31_0_2560,0.8665423392946368,0.8248640852056759,0.7833827890850495,0.7719298241099826,0.5804325437573546,0.4389408099551732,0.2464108587803914,0.14072748956260098
IDRiD_31_0_3072,0.824748177869033,0.7135468329267851,,,,,0.8356232450099543,0.7974108462148569
IDRiD_31_0_512,,,0.0,0.0,,,,
IDRiD_31_1024_0,,,0.0,0.0,,,0.0,0.0
IDRiD_31_1024_1536,0.7969444603976832,0.6632315545940707,0.06263982101506939,0.0323325635029255,0.7250327082345722,0.57013031549091,,
IDRiD_31_1024_2048,,,0.6999999999054054,0.6079812205145584,0.7217032370154154,0.5848076753755408,,
IDRiD_31_1024_2560,0.0,0.0,,,,,,
IDRiD_31_1024_3072,0.0,0.0,,,,,,
IDRiD_31_1024_512,0.0,0.0,,,,,0.0,0.0
IDRiD_31_1536_0,0.4899818742933915,0.5180772816687239,,,,,0.0,0.0
IDRiD_31_1536_1024,0.6852270749896883,0.6553503078606199,,,0.20327498587220355,0.11583011582266214,,
IDRiD_31_1536_1536,0.7935249421826146,0.9360872953892428,0.04784688992925986,0.026178010457498426,,,,
IDRiD_31_1536_2048,0.0,0.0,,,0.6359573736460654,0.4733879221866229,,
IDRiD_31_1536_2560,,,,,0.7075812274048926,0.6479338842439724,,
IDRiD_31_1536_512,0.718555149428023,0.6311444450405701,0.0,0.0,0.0,0.0,0.0,0.0
IDRiD_31_2048_1024,,,0.0,0.0,,,,
IDRiD_31_2048_2048,,,,,0.788617886072003,0.9797979794680814,,
IDRiD_31_512_0,0.7330455862311059,0.6093581047811918,,,0.0,0.0,,
IDRiD_31_512_1024,0.6701238484493311,0.7878353177336418,,,,,,
IDRiD_31_512_1536,0.5589307411794465,0.45409674233451475,0.6671554251710297,0.7885615249933169,,,,
IDRiD_31_512_2048,0.5766590388576156,0.6289517469835355,0.0,0.0,0.2785956964734657,0.1618421052525104,,
IDRiD_31_512_2560,0.0,0.0,0.6976744185092101,0.8947368417913203,0.7794084443352968,0.8342194296560121,,
IDRiD_31_512_3072,0.5979419671771767,0.5186555162348239,,,,,0.0,0.0
IDRiD_31_512_512,0.7430813021724996,0.7791823426095852,0.18315018308309516,0.10080645157225547,0.0,0.0,,
IDRiD_32_0_1024,0.7650514877707685,0.9502510985412704,,,,,,
IDRiD_32_0_2048,,,0.5471124619506472,0.3765690376043837,,,0.6990957280729936,0.5796277145512084
IDRiD_32_0_2560,,,,,,,0.6104787033523917,0.7925229986221126
IDRiD_32_0_512,0.0,0.0,,,,,,
IDRiD_32_1024_2048,,,0.0,0.0,0.6124794744981543,0.48191214464057985,,
IDRiD_32_1024_2560,0.0,0.0,,,0.8471144560244311,0.8399815083844935,,
IDRiD_32_1024_3072,0.0,0.0,0.0,0.0,0.8587477986262544,0.9001559565839137,,
IDRiD_32_1536_0,0.0,0.0,,,,,,
IDRiD_32_1536_1024,,,,,0.0,0.0,,
IDRiD_32_1536_2048,,,,,0.5975308640499923,0.4689922478802355,,
IDRiD_32_1536_2560,,,,,0.7810556529934451,0.6678483774020222,,
IDRiD_32_1536_3072,,,,,0.7664407400482426,0.8411741053139858,,
IDRiD_32_1536_512,0.0,0.0,,,,,,
IDRiD_32_2048_0,0.0,0.0,,,,,,
IDRiD_32_2048_1024,0.759576846992759,0.8939228308802222,,,,,0.9466158245722923,0.9598840018869076
IDRiD_32_2048_1536,0.0,0.0,0.0,0.0,,,,
IDRiD_32_2048_2048,0.6964224871994404,0.5509433961967146,,,,,0.49991695731329283,0.33815158777457943
IDRiD_32_2048_2560,0.698661693721486,0.7967225418964633,,,,,,
IDRiD_32_2048_3072,0.0,0.0,0.0,0.0,,,,
IDRiD_32_2048_512,0.7717351858532234,0.9766434850941262,,,,,0.8757705568814568,0.9985704074100888
IDRiD_32_512_1024,0.07052186176720425,0.03654970759699566,,,,,,
IDRiD_32_512_2048,,,,,0.7808988761851408,0.9788732387472724,,
IDRiD_32_512_2560,,,0.5404878048253182,0.47841105345796014,0.7205920880225268,0.6599880023916017,0.7812628972267719,0.6445352400298854
IDRiD_32_512_3072,,,,,0.8227249874225969,0.8186912147124537,,
IDRiD_32_512_512,0.0,0.0,,,,,,
IDRiD_33_0_1024,0.7013469577171076,0.6508620689374629,,,0.7295336786808774,0.5742251222554282,,
IDRiD_33_0_1536,0.5414085799474596,0.831181028400667,0.6575342463951961,0.5084745760557311,,,,
IDRiD_33_0_2048,0.02714373843273111,0.5882352938030827,0.874184529275472,0.8542805098626084,,,,
IDRiD_33_0_2560,0.621312797129999,0.7355913235221501,0.2587064675973367,0.1485714285289796,,,,
IDRiD_33_0_3072,0.5864951768413312,0.7163053722677881,0.0,0.0,,,,
IDRiD_33_1024_0,0.8448569667494114,0.8143566086474148,,,0.4552238804271552,0.2946859901958039,,
IDRiD_33_1024_1024,0.7615812229712663,0.9756676557670492,0.4056603771671413,0.2544378696719303,0.015198208372384437,0.41570680623919304,,
IDRiD_33_1024_1536,0.709042174931847,0.8496329312945775,0.5385532591307919,0.6539575289259674,0.5866895874191221,0.6546999177677528,,
IDRiD_33_1024_2048,0.2700037921846795,0.15897588567789556,0.5641580941991857,0.6584518167248514,0.6121001295913505,0.6930800123464153,,
IDRiD_33_1024_2560,0.7325258141357807,0.717471636948347,0.5560369184299108,0.4654683065132303,0.6340234023288205,0.6481413323280036,,
IDRiD_33_1024_3072,0.8545225030248228,0.7958635251173479,0.3813364055226318,0.4259974259791507,0.8761061943026079,0.9082568799006818,,
IDRiD_33_1024_3584,,,0.0,0.0,,,,
IDRiD_33_1024_512,0.713507473108278,0.5859142005013425,,,0.0,0.0,,
IDRiD_33_1536_0,,,0.0,0.0,0.0,0.0,,
IDRiD_33_1536_1024,0.39977388354550847,0.33612167299741214,0.0,0.0,0.3839559093575029,0.25384615383587666,,
IDRiD_33_1536_1536,0.7159880834071998,0.5654901960673433,0.4896030245515311,0.49239543721555173,0.6165458485866785,0.6077795785972038,,
IDRiD_33_1536_2048,0.36582109474421615,0.2790224032018284,0.6746268656212965,0.6108108107282688,0.6924933524209756,0.6734028164478207,,
IDRiD_33_1536_2560,0.0,0.0,0.3770539060139218,0.5153664302194353,0.6700436681105669,0.6213151927236373,,
IDRiD_33_1536_3072,0.2461203770830593,0.1465584247331673,0.5221052631517882,0.5024763619877876,,,,
IDRiD_33_1536_3584,0.7502347417488153,0.6160370084336132,,,,,,
IDRiD_33_1536_512,0.5982867949705227,0.4509979314573405,,,0.0,0.0,,
IDRiD_33_2048_1024,,,0.7450980391033035,0.6053921567143646,0.8521739129508507,0.9584352075896246,,
IDRiD_33_2048_1536,0.5118624452301243,0.5164303586235791,0.40250742328600286,0.37366003061642694,0.4063368537963775,0.2748120300648567,,
IDRiD_33_2048_2048,0.40968801312788,0.29352941175607267,0.2780748662889171,0.4312796207508816,0.7072158365224179,0.8557630392677944,,
IDRiD_33_2048_2560,0.7503999999849921,0.762911752713993,0.5516224187976958,0.4109890108986837,0.5384615384006265,0.4020270269591171,,
IDRiD_33_2048_3072,0.0,0.0,0.48126232732125,0.3236074269698654,,,,
IDRiD_33_2048_512,0.71471120093417,0.6810257449793177,0.36342857138703677,0.257698541287245,0.3498674744282519,0.8571428569838325,0.7797180390837894,0.8736313049564955
IDRiD_33_512_0,0.0006073489219464417,0.0003141690229294036,,,,,,
IDRiD_33_512_1536,0.8794066749029448,0.9241400810462003,0.2119958634843849,0.1368491321670995,0.4363916730749271,0.33196480936469414,,
IDRiD_33_512_2048,0.7805755889816876,0.7705931812613019,0.15889628924077565,0.0963646855108849,0.6829481029120084,0.6023076922922486,,
IDRiD_33_512_2560,0.5683421078758112,0.6722081889169229,0.2485723883062047,0.33651659843853954,0.1370967741751214,0.10408163263182008,,
IDRiD_33_512_3072,0.18151026100636072,0.1131536455084691,0.3175735949902956,0.22704081631205095,,,,
IDRiD_33_512_512,0.5502549936222362,0.3972235005338455,0.006666666665555556,0.005494505492996015,,,,
IDRiD_34_0_1024,0.874525727212444,0.80344911936395,0.0,0.0,0.0,0.0,,
IDRiD_34_0_1536,,,0.0,0.0,,,,
IDRiD_34_0_2048,0.4579124579096546,0.30543078807427165,,,,,,
IDRiD_34_0_2560,0.0,0.0,,,0.23869413968104503,0.13915756630048118,,
IDRiD_34_0_3072,,,0.0,0.0,0.0,0.0,,
IDRiD_34_0_512,0.20954668267158372,0.11703554660908667,,,,,,
IDRiD_34_1024_1024,,,,,0.24574669182500064,0.14038876886816656,,
IDRiD_34_1024_1536,,,0.29473684208310247,0.17641764174829722,0.3764705881799308,0.258585858533619,,
IDRiD_34_1024_2048,,,0.07126948773468385,0.03695150114620058,,,,
IDRiD_34_1024_3072,0.6617274072883452,0.5172293029474088,0.0,0.0,0.7187878787660974,0.5655698616802304,,
IDRiD_34_1024_3584,0.0,0.0,,,,,,
IDRiD_34_1024_512,,,,,0.0,0.0,,
IDRiD_34_1536_0,0.41013135287695984,0.2579655581101724,,,,,,
IDRiD_34_1536_1024,0.0,0.0,0.0,0.0,0.583767684245438,0.47172081823445,,
IDRiD_34_1536_1536,0.46865079364149503,0.3060378336277264,0.0,0.0,0.0,0.0,,
IDRiD_34_1536_2048,0.2794362782197388,0.1757194587349777,0.0,0.0,,,,
IDRiD_34_1536_3072,0.4328641497370326,0.27838340866723454,,,0.48457869632799433,0.43793103445759013,,
IDRiD_34_1536_3584,0.5373134328171707,0.46626506021287556,,,,,,
IDRiD_34_1536_512,0.5980880527468555,0.4585681795697158,0.4398171660518122,0.8003696856191553,,,,
IDRiD_34_2048_0,0.0,0.0,,,,,,
IDRiD_34_2048_1024,0.5405921680735152,0.9912434324008331,0.52563642880869,0.36686686684850517,0.7652645861081909,0.8022759600565753,,
IDRiD_34_2048_1536,0.7929817007517912,0.7307753352879502,,,0.23293768544266039,0.1324894514656127,,
IDRiD_34_2048_2048,0.46006198140097904,0.40375504473760737,0.08652900687448092,0.07213114752915883,0.0019230769228920116,0.0009643201541982332,,
IDRiD_34_2048_2560,0.6674867839190495,0.506892895013347,,,,,,
IDRiD_34_2048_3072,,,,,0.7657011757738543,0.6524926685898097,,
IDRiD_34_2048_512,0.601787292544431,0.459255558328957,0.2550960978302215,0.1467828418132183,0.20537124799283235,0.11443661969816257,,
IDRiD_34_512_1024,0.7344278439341033,0.6289030425409359,0.0,0.0,0.8644400784156306,0.9361702123675871,,
IDRiD_34_512_1536,0.686408504158785,0.75754189939902,0.6042154565329706,0.578475336063464,0.8140703516224338,0.688385268926803,,
IDRiD_34_512_2560,0.39250353605401334,0.24417069950531586,,,0.0,0.0,,
IDRiD_34_512_3072,0.5346441507101244,0.3850010161887067,0.0,0.0,0.0,0.0,,
IDRiD_34_512_3584,0.0,0.0,,,,,,
IDRiD_34_512_512,0.5744288434061922,0.46782633975933796,0.1063964534448134,0.06840390878921791,,,,
IDRiD_35_0_1024,,,0.0,0.0,0.0,0.0,,
IDRiD_35_0_1536,0.10198893375154783,0.0939911797124771,,,0.0,0.0,0.0,0.0
IDRiD_35_0_2048,0.8872837543292438,0.8925749390935439,0.0,0.0,,,0.0,0.0
IDRiD_35_0_2560,0.5747987429481476,0.7979918718527612,,,,,,
IDRiD_35_1024_0,0.6881311257925341,0.9758645443944455,,,,,,
IDRiD_35_1024_1024,0.512524084772611,0.543771043757966,,,,,,
IDRiD_35_1024_1536,0.3107968975200027,0.1994010921243667,,,0.4479166665889034,0.28923766809658347,0.00019436345966769325,9.719117504036163e-05
IDRiD_35_1024_2048,0.7790628115614204,0.8025059053014018,0.0,0.0,0.8082654978050166,0.7943058746242672,,
IDRiD_35_1024_2560,0.5655290467519605,0.4144040557127175,0.3130544993563671,0.2651637144248436,0.6382978723238636,0.5192064161874543,,
IDRiD_35_1024_3072,0.9229973685107121,0.8952319386529608,,,,,,
IDRiD_35_1024_512,0.30872101294197296,0.18262918700248057,0.0,0.0,,,,
IDRiD_35_1536_0,0.0,0.0,,,,,,
IDRiD_35_1536_1024,,,0.21136590227204727,0.12664277178893157,,,,
IDRiD_35_1536_1536,,,0.0038022813680984257,0.0019083969462006878,,,,
IDRiD_35_1536_2048,,,0.10681926561245497,0.05699745546783728,0.6874665715691306,0.6024999999811719,,
IDRiD_35_1536_2560,0.0,0.0,0.5276190475687982,0.39458689453068563,0.2888086642077963,0.17057569292738256,,
IDRiD_35_1536_3072,0.4467519076093558,0.9692183794865141,,,,,,
IDRiD_35_1536_512,0.6716939116335044,0.5944638538000785,,,,,,
IDRiD_35_2048_1024,,,,,,,0.5878164556928808,0.4196723957038677
IDRiD_35_2048_2048,0.7296722009321311,0.9519200253736605,0.0,0.0,0.4593967516335506,0.29819277099452024,,
IDRiD_35_2048_512,0.38524967400401694,0.6306900232270315,,,,,0.3216665733307853,0.19596069868861926
IDRiD_35_512_0,0.0,0.0,,,,,,
IDRiD_35_512_1024,,,0.0,0.0,,,,
IDRiD_35_512_1536,0.28176968935861674,0.16398831263396663,,,0.003649635036163354,0.0038759689914969054,0.7197132616315481,0.5685164212695917
IDRiD_35_512_2048,0.8059840138250097,0.7807353464314966,0.5098866332583737,0.46964545893785115,0.6616915421239573,0.563559321795102,0.0,0.0
IDRiD_35_512_2560,0.5239272073573595,0.39686861809404805,0.5314581790872347,0.3667007149778651,,,,
IDRiD_35_512_512,0.1334906455396344,0.1095738793550201,0.0,0.0,,,,
IDRiD_36_0_1024,,,0.7186659493965214,0.7364939359717206,,,,
IDRiD_36_0_1536,0.6474496575626346,0.8829105101510201,0.19718309856069124,0.1441647596924108,0.7498467197808141,0.6894024802317135,,
IDRiD_36_1024_1024,,,0.0,0.0,0.6560509552050793,0.4975845408224229,,
IDRiD_36_1024_1536,0.823630136962796,0.7035592393611136,0.0,0.0,0.2562277579767227,0.14693877549021242,,
IDRiD_36_1024_2048,,,0.8065268064328057,0.7604395602724309,,,,
IDRiD_36_1024_3584,0.5505251720291466,0.4095931015788307,,,,,,
IDRiD_36_1024_512,0.0,0.0,0.15153203341774193,0.4331210189703436,,,,
IDRiD_36_1536_1024,,,0.0,0.0,0.3355704697705058,0.2066115702265897,,
IDRiD_36_1536_1536,0.8729399255684106,0.885079775759055,,,,,,
IDRiD_36_1536_2048,0.0,0.0,,,,,,
IDRiD_36_1536_3584,0.0,0.0,,,,,,
IDRiD_36_1536_512,0.0,0.0,0.7334754795877451,0.6666666664082687,0.0,0.0,,
IDRiD_36_2048_1024,,,0.0,0.0,0.728164867445715,0.6288135592154553,,
IDRiD_36_2048_1536,,,0.0,0.0,,,,
IDRiD_36_2048_3072,0.5631548089409285,0.4409404814161473,,,,,,
IDRiD_36_2048_512,0.0,0.0,0.12443438912619521,0.07236842104310942,,,,
IDRiD_36_512_1024,,,0.0,0.0,,,,
IDRiD_36_512_1536,,,0.6281708945050678,0.5933165195086181,0.5869249394388899,0.4883158742555748,,
IDRiD_36_512_2048,,,0.2880258899443345,0.1731517509559191,0.3833865813471608,0.23715415010389165,,
IDRiD_37_0_1024,0.7692307692287762,0.6906257269100227,,,0.0,0.0,,
IDRiD_37_0_1536,,,0.6543778800838129,0.5207823959606889,,,,
IDRiD_37_0_2048,,,0.7900621117030979,0.6765957445368945,0.0,0.0,,
IDRiD_37_1024_1024,,,0.0,0.0,,,,
IDRiD_37_1024_1536,0.0,0.0,0.551446945293292,0.7282377917774442,0.84890776698514,0.7987895397876122,,
IDRiD_37_1024_2048,,,0.6098191212894524,0.44866920135031585,0.8616110947139687,0.7963636363563966,,
IDRiD_37_1024_2560,,,0.0,0.0,0.0,0.0,,
IDRiD_37_1024_3072,,,0.01562499999593099,0.0078947368400277,,,,
IDRiD_37_1536_1536,,,0.7074235807345397,0.6151898733398494,,,,
IDRiD_37_1536_2048,0.22526934376957544,0.12693156732191327,,,0.7919999998416,0.9705882348183391,,
IDRiD_37_1536_2560,,,0.6702014845880062,0.5121555915306194,0.13903743308072866,0.09629629622496572,,
IDRiD_37_1536_3072,0.4973791496507059,0.3674698794864483,0.05217391303780718,0.028103044493196366,0.0,0.0,,
IDRiD_37_1536_512,0.19592605675031288,0.13574808288243193,,,,,,
IDRiD_37_2048_3072,,,0.0,0.0,,,,
IDRiD_37_2048_512,0.36600449774769483,0.22399357724252786,,,,,,
IDRiD_37_512_1536,0.0,0.0,,,0.46032482596471813,0.38066001531998,,
IDRiD_37_512_2048,0.608437216208962,0.43822095373482906,0.19999999991666667,0.1371428570644898,0.6561326658220255,0.60414866031103,,
IDRiD_37_512_2560,,,0.6881077037630435,0.9766454350368056,0.7811447808817694,0.8992248055044769,,
IDRiD_38_0_2048,,,0.0,0.0,,,,
IDRiD_38_0_2560,,,0.0,0.0,,,,
IDRiD_38_0_512,,,,,0.0,0.0,,
IDRiD_38_1024_1024,,,0.17283950615150132,0.09459459458181155,0.0,0.0,,
IDRiD_38_1024_1536,0.0,0.0,0.044943820220510876,0.024539877298104307,,,,
IDRiD_38_1024_2048,,,0.25695931472013717,0.14742014738392625,,,,
IDRiD_38_1024_3072,,,0.0,0.0,,,,
IDRiD_38_1536_1024,,,0.17927527017296405,0.12176165802057325,0.5098743267046791,0.5163636362697521,,
IDRiD_38_1536_1536,,,0.0,0.0,0.658573596351456,0.5484414490219303,,
IDRiD_38_1536_2048,,,0.0,0.0,0.4317180615789167,0.2899408283165855,,
IDRiD_38_1536_2560,,,0.0,0.0,,,,
IDRiD_38_1536_3072,,,,,,,0.7519023462210533,0.9008547008375907
IDRiD_38_2048_1024,,,0.49118223380201287,0.3301141351773385,0.42743854082365434,0.46828844478989673,,
IDRiD_38_2048_1536,,,0.0,0.0,0.4237288135234128,0.273822562949198,,
IDRiD_38_2048_2048,0.13599568267307083,0.07468879667828428,,,,,,
IDRiD_38_512_1024,,,0.0,0.0,0.39553429020804876,0.2767857142239317,,
IDRiD_38_512_1536,,,0.8593073592143607,0.9232558137387776,0.7532314923176714,0.6075829383310347,,
IDRiD_38_512_2560,0.8565191506081262,0.987191216789241,0.059225512514982794,0.030516431917719147,0.0,0.0,,
IDRiD_38_512_3072,,,0.0,0.0,,,0.8837883717609146,0.9429477020531057
IDRiD_39_0_1024,0.530427631557137,0.4011194029601294,0.0,0.0,,,0.5974171813476059,0.5210577864668281
IDRiD_39_0_1536,0.021364985161936797,0.020905923342519638,0.0,0.0,0.0,0.0,,
IDRiD_39_0_2048,0.42399503061119886,0.5175476603007464,0.3552833077919712,0.2341857334970265,,,,
IDRiD_39_0_2560,0.7723295440754967,0.9202333506560374,,,,,0.8462287104416977,0.8145199062850342
IDRiD_39_0_3072,0.22882736155420086,0.12919540229291057,,,,,,
IDRiD_39_0_512,0.10348544735843393,0.9970326408509365,0.0,0.0,0.4897595725298522,0.39229671891693346,0.767757965501551,0.6539275488528081
IDRiD_39_1024_0,0.8030316701181717,0.891426282033425,0.7900641025007961,0.7052932760078264,,,,
IDRiD_39_1024_1024,0.752393272943017,0.7103077674298823,0.5176470587626297,0.3531300159946822,0.26219512187128197,0.1919642856285874,,
IDRiD_39_1024_1536,0.06307065599056699,0.09997773324204014,0.39390519186247447,0.32225300090848324,0.33545108003661794,0.35231316722844186,,
IDRiD_39_1024_2048,0.8909338786487571,0.8629910861385609,0.7094339622259065,0.6804550154415249,0.7192546583404189,0.7192546582957448,,
IDRiD_39_1024_3072,0.0,0.0,0.5044949761763884,0.3451519536653291,0.26458938473027227,0.31098696459894554,,
IDRiD_39_1024_3584,0.7127747721367024,0.8877018331809189,,,0.006711409395222438,0.003367003366625477,,
IDRiD_39_1024_512,0.5801870453657744,0.42297979796911667,0.6035465484388293,0.5543920884073766,0.589080459685477,0.4712643677077553,,
IDRiD_39_1536_0,,,0.0,0.0,,,,
IDRiD_39_1536_1024,0.13105950653025356,0.08555187115030267,0.3506548373320383,0.29328621906054514,0.15999999990857144,0.08695652168512018,,
IDRiD_39_1536_1536,0.0866308106027342,0.3794699200513475,0.34988713317494613,0.22225408660102514,0.6132869161411869,0.6210340775193282,,
IDRiD_39_1536_2048,0.549318463441454,0.7620766718108634,0.34184184183328725,0.21457744265741197,,,,
IDRiD_39_1536_2560,0.5357491591566046,0.7515981734931021,0.0,0.0,,,,
IDRiD_39_1536_3072,0.7437255643815622,0.6288121134536745,0.6409903713011018,0.5406032481344307,0.6323119776278118,0.6394366195381869,,
IDRiD_39_1536_512,0.07413945277804827,0.03849679193282931,0.33523375140620104,0.5404411763712424,,,,
IDRiD_39_2048_0,0.0,0.0,,,,,,
IDRiD_39_2048_1024,0.6464452171291969,0.7269550748631123,0.24448034462873017,0.24593716140347377,0.4435302916812442,0.3838187702016946,0.005624809972593304,0.002828962458881956
IDRiD_39_2048_1536,0.1785607644059528,0.40528634359860094,0.49816849812287833,0.36756756751789627,0.3553008594970484,0.39743589718113087,,
IDRiD_39_2048_2048,0.5605912703868277,0.43809938970274415,0.3583934088199389,0.31407942232597846,,,,
IDRiD_39_2048_2560,0.8040061337920835,0.775681923252348,0.0,0.0,,,,
IDRiD_39_2048_3072,0.55430487622428,0.8150241818930027,,,,,0.7265345292115065,0.6620476254496027
IDRiD_39_2048_512,0.8058755988406942,0.8186791086733273,0.6157826649152315,0.6648044692118431,0.43942133811578465,0.5364238409411868,0.0,0.0
IDRiD_39_512_0,,,0.0,0.0,,,,
IDRiD_39_512_1024,0.6466784807670546,0.5961674319975612,0.5125874984586444,0.7084181941375283,0.5751633986798476,0.4670571010077944,,
IDRiD_39_512_1536,0.5850400712360194,0.5392317793798466,0.3334946756978038,0.3608274417292268,0.6471537220408584,0.5005347593404444,,
IDRiD_39_512_2048,0.5499735589576946,0.5504975650952679,0.0,0.0,0.6907993966643842,0.7133956385922432,,
IDRiD_39_512_2560,0.27497116493021984,0.32077502689339205,0.5979760809017501,0.44277929149280937,,,0.8332044341110285,0.9607609987538192
IDRiD_39_512_512,0.5431198833658006,0.5387096774133625,0.017688679244240054,0.009973404254656024,0.0,0.0,,
IDRiD_40_0_1024,0.7215686274332949,0.9240426866965447,0.0,0.0,,,,
IDRiD_40_0_1536,0.24566088114210136,0.1510673234563108,0.32288037162335886,0.2848360655154024,,,,
IDRiD_40_0_2048,,,0.5721605464925567,0.557404326030382,0.7146516393381603,0.695067264562447,,
IDRiD_40_1024_0,,,0.0,0.0,0.0,0.0,,
IDRiD_40_1024_2048,,,0.34999999987499997,0.28994082823080425,0.0,0.0,,
IDRiD_40_1024_2560,,,0.6727145847402153,0.7248120299661938,0.0,0.0,,
IDRiD_40_1024_3072,,,0.0,0.0,,,,
IDRiD_40_1536_1536,,,,,0.8118811878508643,0.7068965513178755,,
IDRiD_40_1536_2048,,,0.0,0.0,0.0,0.0,,
IDRiD_40_1536_2560,,,0.5495011511473905,0.6236933796822834,,,,
IDRiD_40_1536_3072,,,0.6554621847637879,0.9605911325317286,,,,
IDRiD_40_1536_512,,,,,0.0,0.0,,
IDRiD_40_2048_1024,,,0.4380403456950892,0.29230769219526626,,,,
IDRiD_40_2048_1536,0.0,0.0,0.7888307153946195,0.9416666662743056,,,,
IDRiD_40_2048_2048,,,0.0,0.0,0.0,0.0,,
IDRiD_40_2048_2560,,,0.3078260869297542,0.21046373362539075,,,,
IDRiD_40_2048_3072,,,0.2295918366761245,0.12968299708078299,,,,
IDRiD_40_2048_512,,,0.0,0.0,,,,
IDRiD_40_512_1536,,,0.0,0.0,,,,
IDRiD_40_512_2048,,,,,0.0,0.0,,
IDRiD_40_512_2560,,,0.017738359197840718,0.008948545859295626,0.0,0.0,,
IDRiD_41_0_3072,,,0.760601915080629,0.7315789471759002,,,,
IDRiD_41_1024_1024,0.0,0.0,0.49325418238028845,0.8590225562295071,,,,
IDRiD_41_1024_1536,,,0.5834133845474412,0.4764644351215238,0.6226415093360627,0.46478873228526085,,
IDRiD_41_1024_2048,,,,,0.6455399060843445,0.497962879108286,,
IDRiD_41_1024_512,,,,,0.41163310957364285,0.2617354195929253,,
IDRiD_41_1536_1024,,,,,0.7621419675265079,0.66377440332673,,
IDRiD_41_1536_3072,0.8144087705241031,0.7334273624306469,0.5593220337403044,0.44196428551698025,,,,
IDRiD_41_1536_3584,0.0,0.0,,,,,,
IDRiD_41_1536_512,,,,,0.0,0.0,,
IDRiD_41_2048_1024,0.0,0.0,0.5471698112738276,0.4017632241307603,,,,
IDRiD_41_2048_2048,,,0.0,0.0,,,,
IDRiD_41_2048_2560,,,0.8415999999551146,0.9110854502412142,,,,
IDRiD_41_512_1536,,,0.0,0.0,0.8408071747936315,0.7978723402557718,,
IDRiD_41_512_2048,,,,,0.0,0.0,,
IDRiD_41_512_3072,,,,,0.0,0.0,,
IDRiD_42_0_1024,,,,,0.7274052477603932,0.7359882004814177,,
IDRiD_42_0_512,0.0,0.0,0.5898617510161609,0.48669201502407144,,,,
IDRiD_42_1024_0,,,0.0,0.0,0.14169171317553922,0.07624768946043219,,
IDRiD_42_1024_1536,,,0.5762711862453318,0.40669856439870883,,,,
IDRiD_42_1024_2048,,,,,0.6766726023740354,0.5254839983988351,,
IDRiD_42_1024_2560,,,,,0.7864653545324014,0.725983076139224,,
IDRiD_42_1024_3072,,,,,0.38766519806710786,0.24043715833855894,,
IDRiD_42_1024_512,,,,,0.0,0.0,,
IDRiD_42_1536_0,0.1596351197081374,0.08674101609829728,,,,,,
IDRiD_42_1536_1536,,,0.0,0.0,,,,
IDRiD_42_1536_2048,,,0.5958333332092014,0.6085106380389317,0.42594859238519284,0.272087568391549,,
IDRiD_42_1536_2560,,,,,0.37620578775110886,0.23168316829389277,,
IDRiD_42_2048_1536,,,0.0,0.0,,,,
IDRiD_42_2048_2048,,,,,0.0,0.0,,
IDRiD_42_2048_2560,,,0.3699999999075,0.22699386496104482,0.0,0.0,,
IDRiD_42_512_1536,,,0.0,0.0,,,,
IDRiD_42_512_2048,,,0.6997389032115564,0.6232558136636019,,,,
IDRiD_42_512_2560,,,,,0.771405536142051,0.6653068792817975,,
IDRiD_42_512_3072,,,,,0.09881422922948335,0.05197505196424635,,
IDRiD_42_512_512,0.5015568862155316,0.33579217446004517,,,0.0,0.0,,
IDRiD_43_1024_2048,,,,,0.8219761269613829,0.7621926843855577,,
IDRiD_43_1024_2560,,,0.0,0.0,0.7515794680379712,0.6848877233212387,,
IDRiD_43_1024_3072,,,,,0.02072936660189139,0.010473235065536338,,
IDRiD_43_1024_3584,,,,,0.07949790794147511,0.04139433550747339,,
IDRiD_43_1536_2048,,,,,0.6953447259665485,0.624669137076513,,
IDRiD_43_1536_2560,,,,,0.8192967160661476,0.7570354457491187,,
IDRiD_43_512_2048,,,,,0.8008948545662219,0.8194303153194593,,
IDRiD_43_512_2560,,,,,0.0,0.0,,
IDRiD_43_512_3072,,,,,0.0,0.0,,
IDRiD_44_0_1024,,,0.0,0.0,,,,
IDRiD_44_0_2560,,,,,0.8159043897766972,0.7991895542188568,,
IDRiD_44_0_3072,,,,,0.0,0.0,,
IDRiD_44_0_512,,,,,0.3383399209218703,0.20361560416711552,,
IDRiD_44_1024_0,,,,,0.0,0.0,,
IDRiD_44_1024_1024,,,0.0,0.0,0.0,0.0,,
IDRiD_44_1024_1536,,,,,0.0,0.0,,
IDRiD_44_1024_3072,,,,,0.8158844764361151,0.7483443706957297,,
IDRiD_44_1024_512,,,,,0.0,0.0,,
IDRiD_44_1536_1024,0.7725238373074037,0.7628747117308657,,,0.7344942281210234,0.6215231787873668,,
IDRiD_44_1536_1536,,,,,0.0,0.0,,
IDRiD_44_1536_2560,,,,,0.0,0.0,,
IDRiD_44_1536_3072,,,,,0.0,0.0,,
IDRiD_44_1536_512,,,0.0,0.0,0.0,0.0,,
IDRiD_44_2048_1024,,,,,0.0,0.0,,
IDRiD_44_2048_1536,0.7639123102705753,0.7568922305448249,,,0.7923710446123811,0.6671532846228355,,
IDRiD_44_2048_512,,,0.7957371224163877,0.8484848481634526,0.564581578741562,0.4156239431809759,,
IDRiD_44_512_1024,,,0.18473895578619698,0.10337078649362454,,,,
IDRiD_44_512_1536,0.5798864557753494,0.7865786577792543,0.3124999998046875,0.185185185048011,,,,
IDRiD_44_512_2048,,,,,0.6527117031088149,0.4844632768019447,,
IDRiD_44_512_2560,,,0.0,0.0,0.0,0.0,,
IDRiD_44_512_512,,,0.0,0.0,,,,
IDRiD_45_0_1024,,,0.0,0.0,0.35202760999344146,0.216216216204758,,
IDRiD_45_0_1536,0.8723653838843896,0.9081383439619621,0.0,0.0,0.7977145052057535,0.7128024712483885,,
IDRiD_45_0_2048,,,,,0.6589364254034812,0.5045927740046177,,
IDRiD_45_0_2560,,,,,0.905681818130359,0.8835920176404001,,
IDRiD_45_0_512,,,,,0.0,0.0,,
IDRiD_45_1024_1024,0.0,0.0,0.0,0.0,0.0,0.0,,
IDRiD_45_1024_2560,,,,,0.47535667962142164,0.33888118352571056,,
IDRiD_45_1024_512,,,,,0.6257121624814043,0.461791590476717,,
IDRiD_45_1536_0,,,0.0,0.0,,,,
IDRiD_45_1536_1024,,,0.15853658526918502,0.08609271517477304,0.6217228464253151,0.5052173912823819,,
IDRiD_45_1536_1536,,,,,0.26178933449705644,0.17636579571399252,,
IDRiD_45_1536_2048,,,0.6150341684248214,0.45762711848893994,,,,
IDRiD_45_1536_2560,,,,,0.1446384039539555,0.07795698922635565,,
IDRiD_45_1536_3072,,,,,0.6927710841286834,0.8984374992980958,,
IDRiD_45_1536_512,,,0.4100719422985352,0.25791855191949387,0.6154323541516814,0.4824845929211404,,
IDRiD_45_2048_1024,0.44239631326212064,0.37944664016622665,0.5230769229159763,0.36480686679622026,0.0,0.0,,
IDRiD_45_2048_1536,,,0.0,0.0,,,,
IDRiD_45_2048_2560,,,,,0.0,0.0,,
IDRiD_45_2048_512,,,,,0.8226110065284984,0.7893953883669175,,
IDRiD_45_512_1024,,,0.0,0.0,0.6465833945509445,0.5042979942548912,,
IDRiD_45_512_1536,,,,,0.10726072606375736,0.058823529406441304,,
IDRiD_45_512_2560,,,,,0.0,0.0,,
IDRiD_45_512_512,,,,,0.48167539262812603,0.3441396508299078,,
IDRiD_46_0_1024,,,0.009049773754291135,0.00454545454476584,,,,
IDRiD_46_0_1536,0.030631780470285145,0.015554115358680873,,,,,,
IDRiD_46_1024_1024,0.8570253598237557,0.7611395178777419,0.5106526885184088,0.43818920484978585,0.0,0.0,,
IDRiD_46_1024_1536,0.6147468602810666,0.5227130521815262,0.1074727119976933,0.057813911467225476,0.7842934260120377,0.677916267173679,,
IDRiD_46_1024_2048,0.4108857001464083,0.25856271017400323,0.21436716075092735,0.12035851470930109,0.0,0.0,,
IDRiD_46_1536_1024,0.5387236323244182,0.8432406519553781,0.6873265494594206,0.6155758077369033,,,,
IDRiD_46_1536_1536,0.7205882352764562,0.764430577183337,0.4374999999405571,0.4953846152321893,0.0,0.0,,
IDRiD_46_1536_2048,0.7613565650220803,0.7349451869539729,0.8975609753908388,0.9019607838715878,,,,
IDRiD_46_1536_512,0.8836934441333936,0.8932945041749305,,,,,,
IDRiD_46_2048_1024,0.8179037582132311,0.7837265314390652,0.396890040710963,0.7779390419770771,,,0.25303081611748707,0.14534702769883795
IDRiD_46_2048_1536,0.6586538461463065,0.5074074073984585,0.0,0.0,,,,
IDRiD_46_2048_2048,0.09542876209224463,0.0501051156254343,0.0,0.0,0.0,0.0,0.3644531569030102,0.2228326008767196
IDRiD_46_2048_2560,,,,,,,0.0,0.0
IDRiD_46_2048_3072,0.7031946508128826,0.8550135501226286,0.815674891028204,0.7871148457178949,,,0.3530409619300851,0.21571855374540747
IDRiD_46_2048_512,0.7599455453009833,0.6476563708521237,0.0,0.0,0.0,0.0,0.6773377467769776,0.5121201287075005
IDRiD_46_512_1024,0.8755912440827434,0.9279552343095364,0.0,0.0,,,,
IDRiD_46_512_1536,0.7479714084350186,0.616359714615509,0.28420123563246236,0.3194444443810626,0.45877327314855504,0.7417253062094937,0.0,0.0
IDRiD_46_512_2048,0.6986803519010361,0.7310524700716317,0.15617128459542284,0.08933717576676162,0.5814360769559657,0.4129353232803643,0.046511627906240915,0.02389855308041134
IDRiD_47_0_1024,0.0,0.0,,,0.0071301247765481164,0.003577817530985884,,
IDRiD_47_0_1536,,,,,0.5665253799176416,0.42805811591270027,,
IDRiD_47_0_2048,,,0.0,0.0,0.0,0.0,,
IDRiD_47_0_2560,0.7158371040562028,0.5870129869912055,0.5605381165290877,0.4835589941037604,,,0.8858210642502417,0.9864044311454447
IDRiD_47_0_512,,,,,0.0,0.0,,
IDRiD_47_1024_0,,,,,0.7227572224854851,0.5665474771328348,,
IDRiD_47_1024_1024,0.0,0.0,,,,,,
IDRiD_47_1024_2048,,,0.8108974357674844,0.8724137928026159,0.04066345639372095,0.8177905307878198,,
IDRiD_47_1024_3072,0.0,0.0,,,,,,
IDRiD_47_1024_3584,,,0.0,0.0,,,,
IDRiD_47_1024_512,,,0.7017543858702087,0.8441558438817676,0.6961122432955945,0.5935307090784365,,
IDRiD_47_1536_0,,,0.0,0.0,,,,
IDRiD_47_1536_1024,,,,,0.2800084086550345,0.1641607098801045,,
IDRiD_47_1536_1536,,,,,0.0,0.0,,
IDRiD_47_1536_3072,0.8235688944250475,0.7338516746348782,,,,,,
IDRiD_47_1536_512,,,0.0,0.0,,,,
IDRiD_47_2048_0,,,,,0.0,0.0,,
IDRiD_47_2048_1536,0.0,0.0,,,,,,
IDRiD_47_2048_2048,0.0,0.0,,,,,,
IDRiD_47_2048_2560,0.0,0.0,0.4617647058144464,0.3642691414468053,,,,
IDRiD_47_2048_512,,,,,0.7874564459244375,0.7726495725174959,,
IDRiD_47_512_0,,,,,0.0,0.0,,
IDRiD_47_512_1024,,,0.6488824801262522,0.9999999997777778,,,,
IDRiD_47_512_1536,,,0.6933614330143982,0.698513800276324,,,,
IDRiD_47_512_2048,,,,,0.7887773722447816,0.6904952076401559,,
IDRiD_47_512_2560,,,,,0.661808829804466,0.5848484848041781,,
IDRiD_47_512_512,,,0.0,0.0,0.3654419066413293,0.23660522930833242,,
IDRiD_48_0_1536,,,0.0,0.0,,,,
IDRiD_48_0_2048,0.5159788626036992,0.3703603359489717,0.3600782778512644,0.2541436463737371,0.6391437307891218,0.6551724135877202,,
IDRiD_48_0_2560,0.3549589858049993,0.26862302480038114,0.03264876250486315,0.016595289078340722,0.3991987745917379,0.2560459492101565,,
IDRiD_48_0_3072,,,0.0,0.0,,,,
IDRiD_48_1024_0,0.1641391614605391,0.7688022283051807,0.0,0.0,,,,
IDRiD_48_1024_1024,0.0,0.0,0.0,0.0,0.4409302325171227,0.42397137738390495,0.9042000460676609,0.9728479374292403
IDRiD_48_1024_1536,0.2062359128436094,0.21889952152237244,,,0.39787234038320507,0.38796680489876206,,
IDRiD_48_1024_2048,0.051944495161347706,0.06713072203790549,0.0,0.0,0.8525579305420594,0.8621316370133437,,
IDRiD_48_1024_2560,0.051412573172527044,0.03929961089341247,0.3740148077293047,0.3336173838801186,0.8414865193091553,0.8287641739609857,,
IDRiD_48_1024_3072,0.2640932543448873,0.15679600635174953,0.008578027053494622,0.005032907471737015,0.8047551883887114,0.7767405678623527,,
IDRiD_48_1024_512,0.663535439780881,0.5262444971037507,,,,,,
IDRiD_48_1536_1024,,,,,0.4538528787254421,0.29826001312708045,0.840430107508808,0.7597200621788601
IDRiD_48_1536_1536,0.0,0.0,0.5459317584824206,0.5767097965662275,0.8072507253185031,0.8476721174833471,,
IDRiD_48_1536_2048,,,,,0.579677730897272,0.4275003748655908,,
IDRiD_48_1536_2560,0.7890394814145835,0.6952232606077247,0.0,0.0,0.8338941572328062,0.8040620259531263,,
IDRiD_48_1536_3072,0.14286287571675083,0.07699294952170511,0.0,0.0,0.31653225803260765,0.22720694642153302,0.6489100513306383,0.48028634360704525
IDRiD_48_1536_512,0.0,0.0,0.0,0.0,0.04952830188387215,0.025392986697376482,,
IDRiD_48_2048_1024,,,0.0,0.0,0.7503415300418316,0.6435266549313554,0.8016709044642132,0.7180154534305163
IDRiD_48_2048_1536,,,,,0.7297527706112742,0.5936199721784161,,
IDRiD_48_2048_2048,0.05630354956471193,0.028967254404412186,0.07399347115625751,0.03868031853939928,0.8280834914296743,0.9269328801251543,,
IDRiD_48_2048_2560,0.4121140142477027,0.3089020771467522,0.0,0.0,0.8334756617919097,0.825719120065506,,
IDRiD_48_2048_3072,0.23559539051893483,0.5128205127633422,0.0,0.0,,,,
IDRiD_48_2048_512,0.6257453151607294,0.61776454099293,,,0.49167145315958233,0.32872503837721007,,
IDRiD_48_512_1024,0.0,0.0,0.07306380905635344,0.03791708796572714,0.0,0.0,0.0,0.0
IDRiD_48_512_1536,0.009698649116394228,0.004872955099029831,0.0,0.0,0.8285618052937501,0.8589385474260517,0.5268378798683249,0.3830684596553602
IDRiD_48_512_2048,0.00521739130389414,0.002615518744322971,0.0,0.0,0.7826086956488958,0.8644397149915384,,
IDRiD_48_512_2560,0.6117449099760668,0.5598398521677866,0.26302956415326073,0.1916925810708198,0.6799909152695891,0.6038725292213041,,
IDRiD_48_512_3072,0.5244062090843051,0.5042258586494475,0.0,0.0,0.0,0.0,,
IDRiD_48_512_512,,,0.0,0.0,,,,
IDRiD_49_0_1024,0.011794439763779994,0.00593387962684561,0.1944444444219393,0.13999999997666668,0.5420560747584396,0.571780653093907,,
IDRiD_49_0_1536,0.0,0.0,0.0,0.0,0.7193428515478256,0.6147417683333655,0.0,0.0
IDRiD_49_0_2048,0.0,0.0,0.3345864661528351,0.20911654134355656,0.5305466237515637,0.374149659821525,,
IDRiD_49_0_2560,0.24210311798976764,0.32476763256835606,0.0,0.0,0.34011818776492986,0.21709974851491198,,
IDRiD_49_0_3072,0.5395913154361561,0.5515665795984617,0.0,0.0,0.0,0.0,,
IDRiD_49_0_512,0.0,0.0,,,0.7380457379690182,0.6228070174345953,,
IDRiD_49_1024_1024,0.012578616350882746,0.006329113923383005,0.3236111110886381,0.2204351939242729,0.8062235538363525,0.7986046027241559,,
IDRiD_49_1024_1536,0.0,0.0,0.0,0.0,0.8331440232546578,0.8765647154106682,,
IDRiD_49_1024_2048,,,0.004338394792985163,0.002173913043005671,0.7814511410124235,0.7738664348721734,,
IDRiD_49_1024_2560,,,,,0.2457142857055102,0.15120879120214467,,
IDRiD_49_1024_3072,,,0.0,0.0,0.6717948717374533,0.5354223432513049,,
IDRiD_49_1024_512,0.3420052616094123,0.2110389610313478,,,0.6133460438454399,0.4737849779017116,,
IDRiD_49_1536_1024,0.5395414305273195,0.66209090908489,0.3354192740716258,0.22945205477487565,0.8047574914920489,0.6864295124983814,,
IDRiD_49_1536_1536,,,,,0.8605917908334612,0.8194960345319429,,
IDRiD_49_1536_2048,,,,,0.8524590160440741,0.9541284394916253,,
IDRiD_49_1536_512,0.5097897026794068,0.45708712613189745,0.2604513503418257,0.31261101240562955,0.6620349618856559,0.5482553823107552,,
IDRiD_49_2048_1024,0.6991838620237943,0.857993197270805,0.29535232381594057,0.3092621663564738,0.8886033202323737,0.8275075141911735,,
IDRiD_49_2048_1536,0.45632141539047844,0.4434097420885809,0.25378346913540256,0.1626865671520383,0.8545460734559194,0.8210361067450219,,
IDRiD_49_2048_2048,0.22733812949095114,0.2566323768133929,0.0,0.0,0.027888446209583972,0.014141414138557289,,
IDRiD_49_2048_2560,,,0.19856115105056676,0.11480865222715331,,,,
IDRiD_49_2048_3072,0.4741096325563019,0.7014831836149834,0.0,0.0,0.0,0.0,,
IDRiD_49_2048_512,0.477595628408776,0.6715328466895301,0.0,0.0,0.8117865493026688,0.7628432956331964,,
IDRiD_49_512_0,,,,,0.3529411759515571,0.21428571390306123,,
IDRiD_49_512_1024,0.6140530060404485,0.5224307048793118,,,0.5634441087471439,0.4118513065729904,0.8801920127988972,0.9379973474756631
IDRiD_49_512_1536,0.6883532977321739,0.6187856772152631,0.46459747815399627,0.30943152452781447,0.8176890156905727,0.8521589745255801,0.947267166532786,0.9542811707948403
IDRiD_49_512_2048,,,,,0.7537907421372503,0.8367226061121744,,
IDRiD_49_512_3072,0.3850479655954968,0.9317590554146136,0.5261669023301038,0.3639921721401189,,,,
IDRiD_49_512_512,0.5940268088061924,0.600190083944239,0.6685592618641392,0.6747851002381958,0.0,0.0,,
IDRiD_50_0_1024,,,,,0.7919143876102285,0.8649350648789003,,
IDRiD_50_0_1536,,,,,0.4143029977091773,0.3423683625784855,,
IDRiD_50_0_2048,,,,,0.5490037258986796,0.4211507394007562,,
IDRiD_50_0_2560,,,,,,,0.5620058408678538,0.41723955578617405
IDRiD_50_0_512,,,,,0.0,0.0,,
IDRiD_50_1024_1024,0.7397557666013636,0.6336587633364176,,,0.5142405062884303,0.3587196467595232,,
IDRiD_50_1024_1536,0.48312710910796447,0.38715492957310244,0.0,0.0,0.494340232854994,0.45195150797676004,0.9203606310975179,0.9401381427330754
IDRiD_50_1024_2048,,,,,0.5372536945730103,0.5377503851914407,,
IDRiD_50_1024_2560,0.9305636257854364,0.90736543906778,,,0.5010376251906049,0.4651143311815683,,
IDRiD_50_1024_3072,0.0016422768996110083,0.32941176431833913,,,,,,
IDRiD_50_1536_0,,,0.04951560817550962,0.025386313462981643,,,,
IDRiD_50_1536_1024,0.0,0.0,,,0.0,0.0,,
IDRiD_50_1536_1536,,,,,0.5909270583844701,0.6004630942226611,,
IDRiD_50_1536_2048,,,,,0.46322378715536716,0.4535240040626392,,
IDRiD_50_1536_2560,0.0,0.0,0.18761384333446138,0.10351758792929472,0.685081637213794,0.7701785265178505,,
IDRiD_50_1536_3072,0.7906576337134009,0.8350067198922048,0.6529914528798305,0.48974358961801445,,,0.9170802818336153,0.9850868689807987
IDRiD_50_1536_512,0.0,0.0,,,0.0,0.0,,
IDRiD_50_2048_1024,0.137336093853094,0.07411545623560092,0.0,0.0,0.0,0.0,,
IDRiD_50_2048_1536,,,,,0.0,0.0,,
IDRiD_50_2048_2048,,,,,0.0,0.0,,
IDRiD_50_2048_2560,,,,,0.3105756358352643,0.25950782991957316,,
IDRiD_50_2048_512,,,,,0.0010587612493195913,0.0005296610169398012,,
IDRiD_50_512_1536,,,0.0,0.0,0.6588843395166278,0.6050666666634397,,
IDRiD_50_512_2048,,,0.0,0.0,0.42577171122393226,0.3661820139971332,,
IDRiD_50_512_2560,0.32588075879654876,0.19465803317706767,0.0,0.0,0.2114285714185034,0.15395284326255526,0.3974859124360914,0.24803895049705113
IDRiD_51_0_1024,,,0.7530201341776496,0.9655765919164241,0.774368231011987,0.9265658746299605,,
IDRiD_51_0_1536,0.0,0.0,0.4584837544298766,0.9921874992248536,,,,
IDRiD_51_0_2048,0.0,0.0,0.31460674154778434,0.2028985507036337,,,0.0,0.0
IDRiD_51_0_3072,,,0.36742800393570724,0.24732620317549117,,,,
IDRiD_51_1024_1024,,,0.31785995276806767,0.2524999999684375,0.8066383635350584,0.7528818443261612,,
IDRiD_51_1024_1536,0.6228260869395972,0.472772277208219,0.0,0.0,0.5629381993752011,0.5952474469698031,0.0,0.0
IDRiD_51_1024_2048,,,,,0.9126213591125459,0.9353233828519095,,
IDRiD_51_1024_3072,0.3166617342377758,0.18811533051818896,,,,,,
IDRiD_51_1024_3584,0.48829678970775925,0.36739523875306423,,,,,,
IDRiD_51_1024_512,0.0,0.0,0.26262626260585653,0.2784184513544616,0.7264322734174754,0.6669238682956038,0.3919189670503566,0.24410704381417006
IDRiD_51_1536_0,,,0.36444444428246914,0.2228260868354206,,,,
IDRiD_51_1536_1024,,,0.4948232773832623,0.4259373079025238,,,,
IDRiD_51_1536_1536,,,0.552828174997181,0.4654088049896308,0.543760129637611,0.5316957210355233,0.0,0.0
IDRiD_51_1536_512,,,0.5041289814980681,0.40137758294293185,,,,
IDRiD_51_2048_1024,0.5095775387004094,0.3634322073513293,0.3696128560858432,0.3545900490291107,,,,
IDRiD_51_2048_1536,0.0,0.0,0.4682048395909845,0.3252541047439207,0.0,0.0,0.0,0.0
IDRiD_51_2048_2048,,,,,,,0.0,0.0
IDRiD_51_2048_2560,,,0.5390624999298096,0.4385593219409832,,,,
IDRiD_51_2048_512,0.0,0.0,0.3973256924166833,0.27733333329635557,0.4609053496045657,0.3027027025390796,0.0,0.0
IDRiD_51_512_1024,,,0.0,0.0,,,,
IDRiD_51_512_1536,,,,,0.0,0.0,,
IDRiD_51_512_2048,,,0.0,0.0,,,,
IDRiD_52_0_2560,,,0.0,0.0,,,,
IDRiD_52_1024_0,,,,,0.4504854368494674,0.2907268170061746,,
IDRiD_52_1024_2560,0.009523809522675737,0.00478468899464298,0.3507246376303298,0.6436170209342463,,,,
IDRiD_52_1024_3072,,,0.0,0.0,,,,
IDRiD_52_1536_2048,,,0.0,0.0,0.0,0.0,,
IDRiD_52_1536_2560,,,0.5565217388884688,0.3855421684424445,,,,
IDRiD_52_1536_3072,0.0,0.0,0.0,0.0,,,,
IDRiD_52_2048_2048,0.0,0.0,0.4968474148488747,0.3675373133985506,,,,
IDRiD_52_2048_2560,,,0.6620434581293554,0.7435098649279844,,,,
IDRiD_52_2048_3072,,,0.15962441312055956,0.08673469386280022,,,0.7318167254026609,0.8303944737169534
IDRiD_52_512_0,0.0,0.0,,,,,,
IDRiD_52_512_2048,,,0.6842751842331526,0.7141025640110126,0.32888888887427165,0.20251778871360054,,
IDRiD_52_512_2560,,,0.3199999998577778,0.19047619037540942,,,0.928296765427185,0.965874323347473
IDRiD_52_512_512,0.0,0.0,0.025883524140075484,0.013292433537152738,,,,
IDRiD_53_0_1024,0.6380984265122276,0.642291491148759,0.0221343873500289,0.029166666660590278,,,,
IDRiD_53_0_1536,,,0.0,0.0,,,,
IDRiD_53_0_2048,,,0.0,0.0,,,,
IDRiD_53_0_2560,,,0.522999369847322,0.4226069246005492,,,,
IDRiD_53_0_3072,,,0.0,0.0,,,,
IDRiD_53_0_512,0.5894604767805588,0.526209677407567,0.23036649213453578,0.15999999998836362,,,,
IDRiD_53_1024_1536,,,,,0.0,0.0,,
IDRiD_53_1024_2048,0.46237864076267055,0.3163138231500077,0.01930501930129247,0.015105740176705214,0.5645281412856205,0.41163692784466044,,
IDRiD_53_1024_2560,0.6900063966917039,0.6955163178221628,0.17118215055619027,0.10594105360749662,,,,
IDRiD_53_1024_3072,0.7627125904949548,0.650208165943684,0.45846240494343954,0.31846635366516174,0.5500705217841931,0.39634146333407694,,
IDRiD_53_1536_1536,0.0,0.0,,,,,,
IDRiD_53_1536_2048,0.7214617686335935,0.7810862972045618,0.0,0.0,0.20365535246712432,0.1375661375540065,,
IDRiD_53_1536_2560,0.5936445943441568,0.5010488462540891,0.5663858804425839,0.49578651681911606,0.44963144957621237,0.3539651836839526,,
IDRiD_53_1536_3072,0.7864061172405572,0.7448897472920507,0.4558521560340938,0.39396628213008283,0.3747440272909644,0.4537190082269653,0.38345798503842093,0.24152072710882816
IDRiD_53_1536_3584,0.8707413114043702,0.8614498644694631,,,,,,
IDRiD_53_1536_512,,,0.6225961537713226,0.45840707956488375,,,,
IDRiD_53_2048_1024,0.0,0.0,0.0,0.0,0.0,0.0,,
IDRiD_53_2048_1536,0.0,0.0,0.7342192690420083,0.6831530138047678,,,,
IDRiD_53_2048_2048,0.0,0.0,0.0,0.0,0.0,0.0,,
IDRiD_53_2048_2560,0.33356070940199317,0.2048596564639774,0.47906197646916887,0.9346405222649409,0.5403001667292774,0.7851373181284108,,
IDRiD_53_2048_3072,0.0,0.0,0.0,0.0,,,,
IDRiD_53_2048_512,,,0.4350758852554678,0.2780172413193928,,,,
IDRiD_53_512_0,,,0.6943005180148013,0.5331564985323192,,,,
IDRiD_53_512_1536,,,0.11864406779069571,0.064603691636015,,,,
IDRiD_53_512_2560,0.626653102743796,0.49834522320733726,0.2999999999903846,0.2748091602892067,,,,
IDRiD_53_512_3072,,,,,0.10687022892605326,0.05645161285770031,,
IDRiD_53_512_512,0.0,0.0,0.0,0.0,,,,
IDRiD_54_0_1536,,,0.5756358767636365,0.4317269075438299,,,,
IDRiD_54_0_2048,,,0.0,0.0,,,,
IDRiD_54_0_2560,0.3507911744963051,0.23690547862020153,0.0,0.0,0.0,0.0,,
IDRiD_54_0_3072,0.0,0.0,0.06820682067456471,0.03530751708026111,,,,
IDRiD_54_1024_0,0.0,0.0,0.0,0.0,,,,
IDRiD_54_1024_1024,,,0.0,0.0,,,,
IDRiD_54_1024_1536,,,0.23505976090935063,0.14898989895227527,,,,
IDRiD_54_1024_2048,0.023956578700655876,0.012123508239967351,0.19819193323372072,0.20879120877591273,0.643042350851941,0.8591224016491634,,
IDRiD_54_1024_2560,0.404731457794042,0.33430155795261945,0.21850393700070525,0.17289719625270522,0.6309029089296977,0.727986050503227,,
IDRiD_54_1024_3072,0.0,0.0,0.23943245639256777,0.17278156995849908,0.43324937016794723,0.276527331100795,,
IDRiD_54_1024_3584,0.0,0.0,0.0,0.0,,,,
IDRiD_54_1024_512,0.0,0.0,,,,,,
IDRiD_54_1536_0,0.0,0.0,0.20242914977708207,0.11441647595944893,,,,
IDRiD_54_1536_1536,,,0.0,0.0,,,,
IDRiD_54_1536_2048,,,0.3697478991152764,0.2376543209509793,,,,
IDRiD_54_1536_2560,0.0,0.0,0.15516107822780006,0.08440629470068624,0.0,0.0,,
IDRiD_54_1536_512,0.28888094385810226,0.1688257417397064,0.0,0.0,,,,
IDRiD_54_2048_0,,,,,,,0.8024968788813359,0.6701417847927381
IDRiD_54_2048_1024,,,,,,,0.4665920119360472,0.3739156446193863
IDRiD_54_2048_1536,,,0.6086956521325614,0.4933920704302432,,,,
IDRiD_54_2048_2048,0.0,0.0,0.5890227576186048,0.4435483870073491,,,,
IDRiD_54_2048_2560,0.4058202750174957,0.7996219281159658,0.3607666290664731,0.2275960170535138,,,,
IDRiD_54_2048_3072,0.14511712807810895,0.489733059497974,0.10497835497267433,0.055396916044808855,,,,
IDRiD_54_2048_512,,,,,,,0.7879670975286112,0.7800111669385816
IDRiD_54_512_0,0.13524264119846915,0.08220502900558944,,,,,,
IDRiD_54_512_1024,,,0.0,0.0,,,,
IDRiD_54_512_1536,,,0.008168028004190897,0.005028735631822648,0.5227272726282713,0.3780821916772377,,
IDRiD_54_512_2048,,,0.6115214179303514,0.454945054845067,,,,
IDRiD_54_512_2560,0.3605715203024471,0.6163556530946017,0.29087779689354915,0.17525060490234184,0.7022149302611127,0.5954092279017991,,
IDRiD_54_512_3072,0.7756858526042932,0.7074021585009549,0.186999109519724,0.11413043477640596,,,,
IDRiD_54_512_512,0.6416122004007836,0.4723336006036621,,,,,,
IDRiD_55_0_1024,,,,,0.5204678361051264,0.3559999998576,,
IDRiD_55_0_1536,,,,,0.8007699711209446,0.7582017010843474,,
IDRiD_55_0_2048,,,0.2535211265820274,0.1451612902055151,0.8340466436252167,0.8471731448723862,,
IDRiD_55_1024_1024,,,0.6247755833707764,0.4690026952913739,0.718332022027724,0.572275795561368,,
IDRiD_55_1024_1536,0.0,0.0,0.0,0.0,0.6491050775891564,0.482747102247248,,
IDRiD_55_1024_2048,,,0.4477401129627302,0.4215425531354332,0.8585632547604282,0.8291518076529744,,
IDRiD_55_1024_2560,,,0.5789775990477325,0.47058823525017845,0.8620581266008245,0.8345153664283067,,
IDRiD_55_1536_1024,,,0.10090090088272057,0.057494866517968195,0.6341507392658299,0.4903108880455833,,
IDRiD_55_1536_1536,,,0.6489459211434947,0.550116550073806,0.704104428574602,0.6098338265375989,,
IDRiD_55_1536_2048,0.4273517662707474,0.545109401533169,0.32869565216819663,0.3739612188217665,0.6785345504081676,0.6488151658716523,0.0,0.0
IDRiD_55_1536_2560,0.7617698784480696,0.767250838634457,0.0,0.0,0.8353586525823258,0.7789831206241684,0.9014482514693943,0.9444855661773142
IDRiD_55_1536_3072,,,,,0.7517886626100223,0.6297833102522,,
IDRiD_55_1536_512,,,,,0.49500713263231044,0.32890995257545874,,
IDRiD_55_2048_1024,,,,,0.8551448550594262,0.7602131437370847,,
IDRiD_55_2048_1536,,,0.2696245733328286,0.389162561384649,0.23255813952427917,0.13428120062484036,,
IDRiD_55_2048_2048,,,0.25358851668574434,0.15186246413986748,0.8284049212113935,0.7721298283158244,,
IDRiD_55_2048_2560,,,,,0.8323727518893397,0.813339666163568,,
IDRiD_55_512_1024,0.0,0.0,0.003984063744755374,0.0019960079838991346,0.8333868275760152,0.795642581354429,,
IDRiD_55_512_1536,0.7395390070856424,0.6912495856696843,0.7663865544930443,0.9230769227032077,0.8750461458384774,0.8507996657751865,,
IDRiD_55_512_2048,0.8977883246313263,0.9443468189605329,0.5807909603863514,0.4597495526905636,0.8238875750892605,0.8039787798387162,,
IDRiD_55_512_2560,,,,,0.26446280980807324,0.15238095230839002,,
IDRiD_56_0_1024,,,0.0,0.0,,,,
IDRiD_56_0_1536,,,0.0,0.0,,,,
IDRiD_56_0_2048,0.09524810765248898,0.05682388359186122,0.0,0.0,,,,
IDRiD_56_0_2560,0.9053037352108131,0.8754434675282137,,,,,,
IDRiD_56_0_3072,0.7352899340916254,0.6431118852065761,,,,,0.8795128805604131,0.9689564068652206
IDRiD_56_0_512,,,0.6964285711176659,0.5454545450731088,,,,
IDRiD_56_1024_0,0.0,0.0,,,,,,
IDRiD_56_1024_1024,,,0.0,0.0,,,,
IDRiD_56_1024_1536,,,0.0,0.0,,,,
IDRiD_56_1024_2048,,,,,0.6009064688866839,0.6880543498643508,,
IDRiD_56_1024_2560,0.0,0.0,0.47395833327162,0.37995824626723207,0.4418377321387176,0.8642447417085575,,
IDRiD_56_1024_3072,0.31591402090109827,0.20848516397528644,0.08279430788597708,0.05342237061323686,,,,
IDRiD_56_1536_1024,0.0,0.0,,,,,,
IDRiD_56_1536_1536,,,0.6021897809120093,0.5140186914286545,,,,
IDRiD_56_1536_2048,0.15059755113900875,0.09979593819745607,,,0.6862672124791118,0.5835443037605351,,
IDRiD_56_1536_2560,0.31296121096853435,0.23421127158781618,0.0,0.0,,,0.0,0.0
IDRiD_56_1536_512,0.0,0.0,,,,,,
IDRiD_56_2048_1024,0.7493091475930892,0.7828694107166758,,,0.1709741550355916,0.10023310020973587,,
IDRiD_56_2048_1536,,,0.032036613264980175,0.018421052626731303,,,,
IDRiD_56_2048_2048,0.23636363636127508,0.1340206185551827,0.0,0.0,,,,
IDRiD_56_2048_2560,0.400131839154764,0.25265932846058337,,,,,0.8411929645607851,0.9774881516394651
IDRiD_56_2048_3072,,,0.5641025640489931,0.45274390237000856,,,,
IDRiD_56_2048_512,0.0,0.0,,,,,,
IDRiD_56_512_1024,0.48512431520872207,0.37988384371198675,0.0021691973967278527,0.0010857763299581135,,,,
IDRiD_56_512_1536,,,0.0,0.0,0.6759388038002867,0.6514745306564411,,
IDRiD_56_512_2048,,,,,0.7206912657552464,0.8057441253053331,,
IDRiD_56_512_2560,0.4690702490284656,0.3567275076695467,0.0,0.0,,,,
IDRiD_56_512_3072,0.4387920551254621,0.4360962836092648,0.0,0.0,0.6051873198411248,0.9110629065268844,0.8894777446050733,0.9062265053591263
IDRiD_57_0_1024,,,,,0.33137829907164545,0.20323741003538898,,
IDRiD_57_0_1536,0.5637998875614446,0.9218749999152688,,,0.15209580837412598,0.304556354843032,,
IDRiD_57_0_2048,,,,,0.026269702274407204,0.01330967169358388,,
IDRiD_57_0_512,,,,,0.7952840299254786,0.6921641789753425,,
IDRiD_57_1024_0,,,,,0.0,0.0,,
IDRiD_57_1024_1024,,,0.0,0.0,0.5670775924524285,0.42114171410338297,,
IDRiD_57_1024_1536,,,0.0,0.0,0.7569995508196287,0.8160103292183342,,
IDRiD_57_1024_2048,,,,,0.7718120804505804,0.8984374997660318,,
IDRiD_57_1024_512,,,,,0.3176669076809432,0.19240875911846983,,
IDRiD_57_1536_0,0.007760193161325686,0.9999999998641305,,,0.0,0.0,,
IDRiD_57_1536_1024,,,,,0.6972246245719221,0.6576683476615593,,
IDRiD_57_1536_1536,,,,,0.7332024762081655,0.6562162161984807,,
IDRiD_57_1536_2048,,,,,0.0,0.0,,
IDRiD_57_1536_512,,,0.0,0.0,0.4088365242883995,0.27067082682251675,,
IDRiD_57_2048_1024,,,,,0.34929906540015776,0.4333333332705314,,
IDRiD_57_2048_1536,,,,,0.6710268148678203,0.5224032586026066,,
IDRiD_57_2048_512,,,0.0,0.0,0.16335877861348405,0.08894430589451834,,
IDRiD_57_512_0,,,,,0.08467741935057069,0.0442105263134626,,
IDRiD_57_512_1024,,,0.0,0.0,0.46775745905026395,0.3501440921685672,,
IDRiD_57_512_1536,0.0,0.0,,,0.3006896551620452,0.9954337897270699,,
IDRiD_57_512_512,,,0.0,0.0,0.5971267957340061,0.4430027803316496,,
IDRiD_58_0_1536,0.0,0.0,0.0,0.0,,,,
IDRiD_58_0_2048,,,0.46776232611027024,0.4590570718463878,0.657639359053739,0.5780599087367971,,
IDRiD_58_0_2560,,,0.4054794520177644,0.2778473091016462,0.862745098000769,0.7980214343942273,,
IDRiD_58_0_3072,,,0.0,0.0,,,,
IDRiD_58_0_512,,,0.0,0.0,,,,
IDRiD_58_1024_0,,,,,0.5167011528076648,0.3483459545496873,,
IDRiD_58_1024_1024,,,0.8347107437154224,0.9734939756690375,,,,
IDRiD_58_1024_1536,0.0,0.0,0.019417475723442358,0.00980392156622453,0.7366447984889621,0.6177626408012113,,
IDRiD_58_1024_2048,,,,,0.71567840347843,0.6738660906981887,,
IDRiD_58_1024_2560,0.0,0.0,0.23121387278782007,0.1327433628024904,0.8808131439587745,0.924313267068255,,
IDRiD_58_1024_3584,,,,,0.5495750706658428,0.37890624985198973,,
IDRiD_58_1536_0,,,,,0.43395679280532146,0.2781340024135477,,
IDRiD_58_1536_1536,0.0,0.0,,,,,,
IDRiD_58_1536_2048,0.0,0.0,,,0.0,0.0,,
IDRiD_58_1536_2560,0.3244995450391009,0.19585364179174947,0.0,0.0,,,,
IDRiD_58_1536_3072,0.0,0.0,,,,,,
IDRiD_58_1536_512,,,0.0,0.0,0.6689895470246159,0.5194143857250346,,
IDRiD_58_2048_1024,,,,,0.0,0.0,,
IDRiD_58_2048_1536,0.0,0.0,,,,,,
IDRiD_58_2048_2048,,,0.41418439710437105,0.3753213366644418,,,,
IDRiD_58_2048_2560,0.8475609755954004,0.7479820627579079,,,,,,
IDRiD_58_2048_3072,0.2978025582125527,0.17495183044091264,,,0.21522198731046044,0.12058753849512942,,
IDRiD_58_512_1024,0.68821127616763,0.5289443813812583,,,,,,
IDRiD_58_512_1536,0.0,0.0,0.48148148143455344,0.41935483863847967,0.7468898063208365,0.7591528669552824,,
IDRiD_58_512_2048,,,,,0.5999142104258844,0.46783905189269004,,
IDRiD_58_512_2560,0.8840112966314025,0.963494977848974,0.17295188555442445,0.10743134086369698,0.58866995066642,0.42451154521767115,,
IDRiD_58_512_3072,,,0.2542510121251618,0.754807691944804,0.8693957114162382,0.8168498167002107,,
IDRiD_58_512_512,0.777647975070311,0.6656666666555723,,,,,,
IDRiD_59_0_1024,,,0.0,0.0,,,,
IDRiD_59_0_1536,0.731095606253714,0.6129644268677792,0.12620320854265207,0.06735159816582745,0.0833333332175926,0.043478260806553246,0.890576301918483,0.8898199524352292
IDRiD_59_0_2048,,,,,,,0.9322441473920853,0.9019742019334794
IDRiD_59_1024_1024,0.3644665836295365,0.2596096983879592,0.39149618931442054,0.30944831957454355,0.7482269502882777,0.699834162404671,0.0,0.0
IDRiD_59_1024_1536,,,0.0,0.0,0.8280213706686901,0.7554098911687238,,
IDRiD_59_1024_2048,0.7600040937390236,0.6799121039978042,,,0.6798997435951718,0.6899777803725297,,
IDRiD_59_1024_512,0.0,0.0,0.0,0.0,,,,
IDRiD_59_1536_0,,,0.06413301661946164,0.03312883435176334,,,,
IDRiD_59_1536_1024,0.0,0.0,,,0.6408643325951742,0.563221153832615,,
IDRiD_59_1536_1536,,,0.7001959503135078,0.5386934672825434,0.7828650995103377,0.8126169018736165,,
IDRiD_59_1536_2048,0.7046835895539445,0.7527210234723559,0.0,0.0,0.7764198418292392,0.8261933904275951,,
IDRiD_59_1536_2560,,,,,0.0,0.0,,
IDRiD_59_1536_3072,,,,,0.2733918128455123,0.1774193548218767,,
IDRiD_59_1536_512,0.9285922471561809,0.9300309875558898,0.3188405796771387,0.27499999995089286,,,,
IDRiD_59_2048_1024,0.4203500818483774,0.2661033163222879,,,,,,
IDRiD_59_2048_1536,,,0.33590733584248894,0.21641791039392588,,,,
IDRiD_59_2048_2048,0.5503556720123416,0.640243902383254,0.76321138207504,0.8154180237985431,,,0.0,0.0
IDRiD_59_2048_2560,,,,,0.5679012345597487,0.40842453024141184,0.8965042372869485,0.9716139031572814
IDRiD_59_2048_3072,,,,,0.06504568685047164,0.033964095098916965,,
IDRiD_59_2048_512,,,0.09627611261614204,0.05057251907914384,,,,
IDRiD_59_512_1024,0.3646910466551938,0.2818713450255767,0.30931564665935135,0.24592521571208414,0.7338544798468568,0.7387409200789652,0.9361392194708301,0.9099819908979667
IDRiD_59_512_1536,0.7511346765609708,0.7920916085096431,0.0,0.0,0.7945897407094101,0.7834218680788876,0.0,0.0
IDRiD_59_512_512,0.12304331998095948,0.06555469355835708,0.0,0.0,,,0.7383223522433949,0.9123830355946969
IDRiD_60_0_1536,,,0.41281138785138655,0.5117647057318339,,,,
IDRiD_60_0_512,,,,,,,0.0,0.0
IDRiD_60_1024_0,,,,,0.466445182708756,0.3182230280907424,,
IDRiD_60_1024_1024,,,,,0.7529777317257127,0.8365937859127391,,
IDRiD_60_1024_1536,0.0,0.0,0.0,0.0,0.8128102205498173,0.8211389203730606,,
IDRiD_60_1024_2048,0.0,0.0,0.39514731362302474,0.2676056337399987,0.15877437323693952,0.17431192655219818,0.072541966424684,0.037636080869746937
IDRiD_60_1024_2560,0.7820863966134155,0.989783507650331,0.6033578173870221,0.4736408566331432,0.4077555816446677,0.26347760058743525,0.0,0.0
IDRiD_60_1024_3072,,,,,0.0,0.0,,
IDRiD_60_1536_1024,,,0.0,0.0,0.0028104259596863778,0.21546961323585972,,
IDRiD_60_1536_1536,0.11749482401352239,0.06241407753471504,,,0.6223041997641557,0.5920626349732164,,
IDRiD_60_1536_2048,,,0.2411831626574308,0.14247311826042028,0.5553797467915047,0.46551724131757066,,
IDRiD_60_1536_2560,0.4774163351163722,0.35269709542348904,0.004711425205569914,0.003134796237753167,0.7047985700487777,0.7227862380044728,,
IDRiD_60_1536_3072,,,0.0,0.0,,,,
IDRiD_60_1536_512,,,,,0.5641527913257441,0.39944521492379403,,
IDRiD_60_2048_0,,,,,0.0,0.0,,
IDRiD_60_2048_1024,0.32410018244610883,0.6303225806044953,,,0.5415491034810089,0.3948241539430017,,
IDRiD_60_2048_1536,,,0.0,0.0,,,,
IDRiD_60_2048_2048,,,0.0,0.0,0.5964229589119477,0.5416610031189117,0.0,0.0
IDRiD_60_2048_2560,0.42808912896510765,0.28130892956028114,0.6344827586024574,0.5853658536274992,0.7273093989365206,0.7594776747784551,0.3361130097956887,0.20200471052088512
IDRiD_60_2048_512,0.0,0.0,0.7607052894809306,0.6138211379618613,0.2044887780293655,0.113888888873071,,
IDRiD_60_512_0,,,,,0.0,0.0,,
IDRiD_60_512_1024,,,0.2930914165880606,0.23307436179433139,,,,
IDRiD_60_512_1536,,,0.03840472672992545,0.019578313250063508,0.19268467606519998,0.10678325383924793,,
IDRiD_60_512_2048,0.0,0.0,0.0,0.0,,,0.9109568058794267,0.8459532501974968
IDRiD_60_512_2560,0.0,0.0,,,0.0,0.0,0.817350405015043,0.6912846064182453
IDRiD_60_512_3072,,,,,,,0.7761003070574711,0.9850600844270045
IDRiD_61_0_1024,0.7400379301583989,0.6279986794800198,,,,,,
IDRiD_61_0_1536,0.5692736688339682,0.4722626129082517,0.2347560975430826,0.13298791017849845,,,,
IDRiD_61_0_2048,0.7664332741103227,0.6861259238405264,0.0,0.0,,,,
IDRiD_61_0_2560,,,0.0,0.0,,,,
IDRiD_61_0_512,0.7382703939824704,0.585125680226143,,,,,,
IDRiD_61_1024_0,0.49172211871042926,0.3465651146199431,0.0,0.0,,,,
IDRiD_61_1024_1024,0.6917676609096493,0.5545912202969098,0.8719723181882402,0.7753846151460354,0.03757711721711786,0.12499999997667911,,
IDRiD_61_1024_1536,0.4723769213607018,0.3695538515129875,0.5753158405660528,0.48208469047523056,0.7028723404217933,0.5743219749602371,,
IDRiD_61_1024_2048,0.13508442775890653,0.08626198082378099,0.09792843690534034,0.05196535642558525,0.7774750227011984,0.7270351496050302,,
IDRiD_61_1024_2560,0.6238978605043014,0.5214749854692722,0.31213351374325066,0.1982808022809008,,,,
IDRiD_61_1024_3072,0.5402141092357888,0.41275167783503564,0.2589285713900404,0.14871794869252686,,,,
IDRiD_61_1536_0,0.0,0.0,,,,,,
IDRiD_61_1536_1024,0.5409047160666397,0.5402547464421953,,,0.0,0.0,,
IDRiD_61_1536_1536,0.0,0.0,0.0,0.0,0.23404255317233694,0.13645038166636922,,
IDRiD_61_1536_2048,0.0,0.0,0.25895316797274015,0.1487341771681221,0.7363004544190302,0.6544309812229219,,
IDRiD_61_1536_2560,0.0,0.0,0.43363209558541904,0.3112745097848484,,,,
IDRiD_61_1536_512,0.5374708638416466,0.3963744964564649,0.0,0.0,,,,
IDRiD_61_2048_1024,0.7515000339778177,0.6186073141995653,,,,,,
IDRiD_61_2048_1536,0.44414059145615326,0.31747785521340444,,,,,,
IDRiD_61_2048_2048,0.6875046657802771,0.5903158812361029,,,,,,
IDRiD_61_2048_2560,0.5663804026447755,0.8101903131526513,0.0033057851238303395,0.00165562913900432,,,,
IDRiD_61_2048_512,0.40911788176953795,0.2714289592998522,,,,,,
IDRiD_61_512_0,0.5130689272352756,0.43789836347598704,,,,,,
IDRiD_61_512_1024,0.4161686774149356,0.27242533090519994,,,0.0,0.0,,
IDRiD_61_512_1536,0.6447956403246329,0.5707119428865476,0.0018099547509674249,0.0009057971013672285,0.7721976697158619,0.6839857650758728,,
IDRiD_61_512_2048,0.6546115121572775,0.5443827879686716,0.0,0.0,0.5460342765824618,0.3801331853285165,,
IDRiD_61_512_2560,0.609477183880193,0.47960899877743174,0.0,0.0,,,,
IDRiD_61_512_3072,0.0,0.0,,,,,,
IDRiD_61_512_512,0.8672445820406587,0.8809913196573091,,,,,,
IDRiD_62_0_1024,0.7541038525836834,0.6052702339175782,0.0,0.0,0.0,0.0,,
IDRiD_62_0_1536,,,,,0.0,0.0,,
IDRiD_62_0_512,0.23567824279502292,0.1335800807492066,,,0.44861111107995755,0.30300187614418367,,
IDRiD_62_1024_0,,,0.5999999998125,0.49230769205522684,,,,
IDRiD_62_1024_2048,,,0.0,0.0,,,,
IDRiD_62_1024_2560,,,,,0.718894009050946,0.9999999993589744,,
IDRiD_62_1024_3072,0.0,0.0,0.22027290446196168,0.1335697399369303,,,,
IDRiD_62_1536_0,,,0.0,0.0,,,,
IDRiD_62_1536_1024,,,0.0,0.0,,,,
IDRiD_62_1536_2560,,,,,0.8442404500973923,0.8084503048233596,,
IDRiD_62_1536_3072,,,0.04374999998632812,0.022364217245251047,,,,
IDRiD_62_2048_2048,,,,,0.7896547633077511,0.8581743166359419,,
IDRiD_62_2048_2560,,,,,0.7933839108723637,0.8152448731116432,,
IDRiD_62_2048_512,,,,,0.0,0.0,,
IDRiD_62_512_1536,,,0.0,0.0,0.4726426076283303,0.3094512194650227,,
IDRiD_62_512_512,,,,,0.0,0.0,,
IDRiD_63_0_1024,,,,,0.38272311212267274,0.2389712448608864,,
IDRiD_63_0_1536,,,,,0.43146997928713315,0.28025820332758855,,
IDRiD_63_0_2560,0.30154825639847277,0.5883681535523225,0.6675990675679442,0.857485029837427,,,,
IDRiD_63_0_3072,,,0.0,0.0,,,,
IDRiD_63_1024_1024,,,,,0.6354842380717481,0.470905717651022,,
IDRiD_63_1024_1536,,,,,0.7173940543914143,0.6213432672222927,,
IDRiD_63_1024_3072,0.10448936728525889,0.05512465373808519,,,,,,
IDRiD_63_1024_3584,0.0,0.0,,,,,,
IDRiD_63_1024_512,0.10259879361846486,0.9162303664736966,,,,,,
IDRiD_63_1536_1536,,,0.022336769757531204,0.011294526497715505,0.6852367687783693,0.9656526004940479,,
IDRiD_63_1536_2048,,,,,0.0,0.0,,
IDRiD_63_1536_2560,,,,,0.0,0.0,,
IDRiD_63_1536_3072,,,,,0.23406040267474582,0.13317422433731865,,
IDRiD_63_1536_512,0.0681937498271167,0.9640624999246825,,,,,,
IDRiD_63_2048_1536,,,,,0.0,0.0,,
IDRiD_63_2048_2048,,,,,0.26391279402570533,0.15983321750660762,,
IDRiD_63_512_1024,,,,,0.7503977134824861,0.6412146905643001,,
IDRiD_63_512_1536,,,,,0.8118196351077015,0.796103217456401,,
IDRiD_64_0_1024,,,0.5505938242149503,0.4720977596549044,0.6246246244370496,0.45414847141740244,0.8462477595634822,0.7812470023943345
IDRiD_64_0_1536,0.7218889985546963,0.67778728257287,0.5187667559974016,0.5926493107821365,0.7574837309866602,0.7759999999310222,,
IDRiD_64_0_2048,0.0030188679244143824,0.0015157256535992525,,,0.8605594260134465,0.9173810227540837,,
IDRiD_64_0_2560,,,,,0.03453453453194185,0.01757066462814586,,
IDRiD_64_0_3072,,,,,0.22622950815963452,0.13269230766678994,,
IDRiD_64_0_512,,,0.18715083796268844,0.10323574728763703,0.0,0.0,,
IDRiD_64_1024_1536,,,0.6776315787244632,0.5628415297470811,0.0,0.0,,
IDRiD_64_1024_2048,,,0.6375617791896572,0.6789473683019391,0.09965122072248872,0.11235955054917308,,
IDRiD_64_1024_2560,,,0.0,0.0,0.7282589043528701,0.6355985693179508,,
IDRiD_64_1024_3072,,,0.0,0.0,0.6330659225561028,0.5082609913047252,,
IDRiD_64_1536_0,,,0.8574908647468032,0.8648648647586161,,,,
IDRiD_64_1536_2048,0.0,0.0,0.07822222221526913,0.04386839481117962,0.4351851851348165,0.28658536580997174,,
IDRiD_64_1536_2560,0.0,0.0,,,0.6103360188522237,0.506192959566291,,
IDRiD_64_1536_3072,,,0.0,0.0,0.8035859820045976,0.6781292983936549,,
IDRiD_64_2048_1536,,,0.4278481012387438,0.999999999704142,0.7459636214848567,0.645332390359076,,
IDRiD_64_2048_2560,0.5848629620243291,0.5527566539792597,0.0,0.0,0.0,0.0,0.7919489065199703,0.9539732232002
IDRiD_64_2048_3072,0.0,0.0,0.18669778294204228,0.10928961747140853,0.764912280612291,0.6312741311522637,,
IDRiD_64_512_1024,,,0.0,0.0,,,,
IDRiD_64_512_1536,,,,,0.7309112960982914,0.7171913880697047,,
IDRiD_64_512_2048,,,0.0,0.0,0.6285896617712253,0.608615058693542,,
IDRiD_64_512_2560,,,0.40601023016604826,0.5055732483673906,0.7959002501751602,0.777392401059792,,
IDRiD_64_512_3072,,,0.0,0.0,0.301652892530821,0.17761557175454798,,
IDRiD_65_0_1024,,,0.6111111109224965,0.6780821913163821,0.0,0.0,,
IDRiD_65_0_1536,,,0.7762203962892112,0.9999999998754671,,,,
IDRiD_65_0_2048,0.4608788852914856,0.2994428969150806,0.0,0.0,0.5894592744614722,0.8121463598335668,,
IDRiD_65_0_2560,0.8251321675310058,0.953925716927413,0.4999999999595469,0.3976833976322158,0.5709690389913356,0.8437314319165935,,
IDRiD_65_0_3072,0.45039427837061446,0.40275500162667255,0.0575815738908271,0.03712871286669199,0.0,0.0,,
IDRiD_65_0_3584,0.44326412359037837,0.4482421874562263,0.0,0.0,,,,
IDRiD_65_0_512,,,0.044444444430335094,0.02272727271989374,0.0,0.0,,
IDRiD_65_1024_1024,,,0.0,0.0,0.4579692678379642,0.3315881326207859,,
IDRiD_65_1024_1536,0.6080508474511859,0.9400589583707809,0.07667031763137386,0.03989361701976088,0.31481481480156503,0.7923728811880566,,
IDRiD_65_1024_2048,0.6361386138526384,0.5810097965189397,0.10338345863690004,0.055387713992408084,0.7538640185778132,0.9296824848109738,,
IDRiD_65_1024_2560,0.4646726330636795,0.37598856598021924,0.015503875967790397,0.00801282051217846,0.5558718861012145,0.6726959517077781,,
IDRiD_65_1024_3072,0.7629575042799569,0.7772772772383745,0.3226863226598946,0.20693277308750707,0.6839903104892316,0.7114063215432247,,
IDRiD_65_1024_3584,0.7143580226023759,0.9438252340404855,0.3568281937540026,0.28321678311775633,,,,
IDRiD_65_1536_1024,,,0.6533490010983138,0.5864978901716249,0.6141758891559164,0.7126053714818152,,
IDRiD_65_1536_1536,,,0.35955056176667666,0.22293676310579458,0.7621455661773137,0.8366375891817353,,
IDRiD_65_1536_2048,0.7999999999422382,0.7157622738093331,0.0,0.0,0.6668983895183999,0.8320323792763218,,
IDRiD_65_1536_2560,,,0.0,0.0,0.0,0.0,,
IDRiD_65_1536_3072,0.775823184448542,0.8617234468074426,0.0,0.0,0.7550371155485134,0.9282920468150858,,
IDRiD_65_1536_3584,0.07266486525935636,0.9999999998994975,0.0,0.0,,,,
IDRiD_65_1536_512,,,,,0.6735781990321807,0.5338028168763473,,
IDRiD_65_2048_1536,,,0.16470588228835065,0.08974358970523778,,,,
IDRiD_65_2048_2048,,,,,0.10968801313268677,0.9999999994011977,,
IDRiD_65_2048_2560,0.682972866687511,0.9883906214207059,,,,,,
IDRiD_65_2048_3072,,,0.5500705217841931,0.4020618555872037,0.7871939735605278,0.9999999997607655,,
IDRiD_65_512_1024,,,0.0,0.0,,,,
IDRiD_65_512_1536,,,,,0.623069775670886,0.8705489614135689,,
IDRiD_65_512_2048,0.0,0.0,,,0.6968032516714445,0.7274082568723921,,
IDRiD_65_512_2560,0.49253731337157497,0.350442477814081,0.06780982073001521,0.03779322328245903,0.6831985147813074,0.7835741444747746,,
IDRiD_65_512_3072,,,0.653726708023779,0.5342639593230629,0.3925451368551967,0.6828774062124745,,
IDRiD_65_512_3584,0.8997811815995672,0.8513457556583294,0.0,0.0,,,,
IDRiD_66_0_1024,,,0.0,0.0,0.6323529411642347,0.47513812153314516,,
IDRiD_66_0_1536,,,0.7359307358510898,0.5944055943016774,0.6713458933546196,0.5348244065031426,,
IDRiD_66_0_2048,,,0.0802919707882679,0.042145593861657935,0.13724770641698175,0.0736800630388621,,
IDRiD_66_0_2560,,,,,0.0,0.0,,
IDRiD_66_0_512,,,0.7749999998789063,0.8581314875923419,,,,
IDRiD_66_1024_0,,,,,0.5402201523979616,0.38776337113501774,,
IDRiD_66_1024_1024,,,0.0,0.0,0.7462230158978056,0.597805995847092,,
IDRiD_66_1024_1536,0.0,0.0,0.35037593983645204,0.24195223259387577,0.8323112378406462,0.7931214174019462,,
IDRiD_66_1024_2048,,,0.38709677411030174,0.2769230768378698,0.8495847763299443,0.7846494383257322,,
IDRiD_66_1024_2560,,,,,0.7147080561695842,0.5950769230743074,,
IDRiD_66_1024_512,0.0,0.0,0.07320644215619232,0.0764525993649992,0.7453867482479645,0.6327922077819352,,
IDRiD_66_1536_1024,0.20325779036107444,0.12516354120692702,0.3620386643127698,0.2550557160439515,0.7945578231286827,0.6889101362165958,,
IDRiD_66_1536_1536,,,0.0,0.0,0.9149234789096995,0.9301375997078528,,
IDRiD_66_1536_2048,,,,,0.8689908463166321,0.8080394480052829,,
IDRiD_66_1536_2560,,,0.6813559320879058,0.5461956520254903,0.5598159509095127,0.8243929982594922,,
IDRiD_66_1536_512,,,,,0.8059745512749515,0.707983271028876,,
IDRiD_66_2048_1024,,,,,0.8279600691673,0.7414733321918686,,
IDRiD_66_2048_1536,,,,,0.8287353182165506,0.8515030560006767,,
IDRiD_66_2048_512,,,,,0.7784546328702002,0.7827208252235511,,
IDRiD_66_512_0,,,,,0.0,0.0,,
IDRiD_66_512_1024,0.0566496097583261,0.02915048672786238,0.0,0.0,0.7580007748926131,0.687779987543567,,
IDRiD_66_512_1536,,,0.0,0.0,0.8507341540314209,0.7850297676197571,,
IDRiD_66_512_2048,,,0.7611408198965115,0.6724409447759936,0.73072426312152,0.6008703132105435,,
IDRiD_66_512_2560,,,,,0.5829916677611031,0.41413002629811857,,
IDRiD_66_512_512,,,,,0.8016005335067156,0.7687879756873596,,
IDRiD_67_0_1024,0.8140267100459069,0.7736039596544357,0.0,0.0,0.7169312168363848,0.9999999996309962,,
IDRiD_67_0_1536,0.29758713136463283,0.25878147341842117,0.17837837837034332,0.38671874992446903,0.23721796728964567,0.38098404252786006,0.6796397460484876,0.8218825881958157
IDRiD_67_0_2048,0.7386295195338373,0.7075485744036791,0.0,0.0,,,,
IDRiD_67_0_512,,,0.0,0.0,,,,
IDRiD_67_1024_1024,0.6441256233022302,0.698643135015669,0.33013001694007177,0.3983628921693912,,,,
IDRiD_67_1024_1536,0.04883646211020867,0.05136622574054874,,,0.4950690335183662,0.3397631133556764,,
IDRiD_67_1024_2048,0.0,0.0,0.5079681274394454,0.34136546180169136,,,,
IDRiD_67_1024_2560,,,0.0,0.0,0.0,0.0,,
IDRiD_67_1024_512,0.7574889729691295,0.8014686366415931,0.292999536379555,0.3095004896856513,,,,
IDRiD_67_1536_1024,0.4034609088751776,0.32801013941282625,,,0.6214953270931232,0.7310370098669463,,
IDRiD_67_1536_1536,0.0,0.0,0.30879835671657657,0.4361702127237746,0.6924405550098093,0.9152271516557702,,
IDRiD_67_1536_2048,0.0,0.0,0.7235996326240954,0.6816608995360449,0.8572283747124446,0.9748127977552884,,
IDRiD_67_1536_2560,0.5683919778997935,0.7849087893733846,,,0.25899280566223276,0.14876033051704118,,
IDRiD_67_1536_512,0.0,0.0,0.5824544582794234,0.787937743139563,,,,
IDRiD_67_2048_1024,0.6472246696016234,0.543745373794504,0.8064957933710332,0.7929973066258947,0.663101604159875,0.5942492010880992,,
IDRiD_67_2048_1536,0.64797886016052,0.6164979275625705,,,0.5085248331720885,0.4063981042172514,,
IDRiD_67_2048_2048,0.0,0.0,0.01430615164316078,0.014492753618987607,,,,
IDRiD_67_2048_2560,0.35654261703611817,0.5706051872650715,,,,,,
IDRiD_67_2048_512,0.5805695534913796,0.42516306212795807,,,,,,
IDRiD_67_512_1024,0.8616523348178162,0.9238310122078593,0.7976539588858025,0.9908925316956481,0.8287714830790088,0.9016620497366119,,
IDRiD_67_512_1536,0.5015730965496639,0.47674109515581153,0.4349930843556365,0.8921985814337308,0.857142856954474,0.7738095235024566,,
IDRiD_67_512_2048,0.6279568246167497,0.6711118383320698,0.0,0.0,,,,
IDRiD_67_512_2560,,,0.0,0.0,,,,
IDRiD_67_512_512,0.330039071476557,0.8139051577401492,0.6265060239705811,0.7878787874808694,0.7901840489827996,0.6652892560608906,,
IDRiD_68_0_1536,,,0.0,0.0,,,,
IDRiD_68_0_2560,0.7550253309323145,0.799215776717804,,,,,,
IDRiD_68_1024_0,0.7689770200141133,0.6928368675894259,,,,,,
IDRiD_68_1024_1536,0.0,0.0,0.02553191489090086,0.019933554813964527,,,,
IDRiD_68_1024_2048,0.0,0.0,0.0,0.0,0.0,0.0,,
IDRiD_68_1024_2560,0.0,0.0,,,0.7550537242623374,0.9890267175100655,,
IDRiD_68_1024_3072,0.39997353797036267,0.25846443228233185,0.0,0.0,,,,
IDRiD_68_1024_512,0.0,0.0,,,,,,
IDRiD_68_1536_0,0.5152972868946337,0.5491455912471008,,,,,,
IDRiD_68_1536_1536,0.38836651917225123,0.2606409304611442,,,,,,
IDRiD_68_1536_2048,0.0,0.0,,,,,,
IDRiD_68_1536_2560,0.4231693142187483,0.3685216843612369,,,0.6428571428394819,0.4915966386348069,,
IDRiD_68_1536_3072,0.2066943466022419,0.9946969696781308,,,,,,
IDRiD_68_1536_512,0.5946358690445909,0.466829853129849,,,,,,
IDRiD_68_2048_0,0.0,0.0,,,,,,
IDRiD_68_2048_1536,,,0.0,0.0,0.564822460729577,0.6345083486763435,,
IDRiD_68_2048_2048,0.6713806677341901,0.5254649880167149,0.0,0.0,0.0,0.0,,
IDRiD_68_2048_2560,,,,,0.0,0.0,0.83258976499861,0.9270534480877322
IDRiD_68_2048_512,0.8179927274891615,0.9261317430166504,,,,,,
IDRiD_68_512_1536,,,0.0,0.0,,,,
IDRiD_68_512_2048,0.644246385420304,0.5555783288887369,0.14119922629878148,0.07596253901789997,0.7574537987648564,0.7419147224397271,0.5399946135164287,0.4664960446665135
IDRiD_68_512_2560,0.6977165015049646,0.7935901205450006,0.436293436251323,0.3001328020849757,0.8535669586449582,0.9166666665434589,,
IDRiD_68_512_3072,0.031622176591294605,0.1880341880284483,0.2248875561881728,0.14177693759134652,,,,
IDRiD_69_0_1024,0.22305091834167548,0.13134671427931147,,,,,,
IDRiD_69_0_1536,0.8277288078474887,0.9089104914378067,,,,,,
IDRiD_69_0_2048,0.7745775118526635,0.7828240591779811,0.006734006731739391,0.003378378377237034,0.8546288731039701,0.9161838027158321,,
IDRiD_69_0_2560,0.10125337920616237,0.2258771929576889,0.5156838142712871,0.403732809390596,0.24875621886421956,0.22255192871734364,,
IDRiD_69_0_3072,0.21087467524368775,0.9999999999706659,,,,,,
IDRiD_69_0_512,0.6296755015945089,0.6323383084262518,0.0,0.0,,,,
IDRiD_69_1024_1024,,,0.08210180622625586,0.06983240221513061,0.0,0.0,,
IDRiD_69_1024_1536,0.4212084164441078,0.3570026177971531,0.097286226313503,0.09134615383737056,0.3588007208762012,0.505695812800097,,
IDRiD_69_1024_2048,0.33257403188561013,0.23965856860933119,0.0,0.0,0.5686647282455342,0.5777096114453792,,
IDRiD_69_1024_2560,0.4408327102418605,0.35431427125281933,0.21278114958563404,0.4447761193697928,0.49972020144097035,0.57799352747068,,
IDRiD_69_1024_3072,0.0,0.0,,,0.034071550249732276,0.049504950470542104,,
IDRiD_69_1536_0,0.2649329540729406,0.2872246695782181,0.0,0.0,,,,
IDRiD_69_1536_1536,,,0.23057953142844761,0.3482309124118751,0.30907103824461046,0.38612779899584226,,
IDRiD_69_1536_2048,0.5386223372459754,0.40933504803382,0.0,0.0,0.6218113336650949,0.6647144948512184,,
IDRiD_69_1536_2560,0.3883327951739497,0.529032258049002,,,,,,
IDRiD_69_1536_3072,,,0.13461538455066568,0.07526881716383398,,,,
IDRiD_69_2048_1024,0.5929515708944286,0.4534819222406662,,,,,,
IDRiD_69_2048_1536,0.610236536147788,0.4933875010794075,,,0.0,0.0,,
IDRiD_69_2048_2048,0.5602004820498967,0.8763921490242401,0.4035912783068153,0.4542829643451123,0.20969696968426077,0.18865866955412666,,
IDRiD_69_2048_2560,,,0.0,0.0,,,,
IDRiD_69_2048_3072,,,0.0,0.0,,,,
IDRiD_69_512_1024,0.4198073347909446,0.9627906975997836,0.7938718662399811,0.700245700159675,0.0,0.0,,
IDRiD_69_512_1536,0.6627617148471739,0.637038811676161,0.2018111254590154,0.23636363629201101,0.38318801698226723,0.4568230276941992,,
IDRiD_69_512_2048,0.72733017377403,0.9016338406395387,0.0,0.0,0.5133630289246457,0.7709030099045313,,
IDRiD_69_512_2560,0.6478663768429016,0.7677082627210214,0.43150684929395755,0.49830508468945706,0.0,0.0,,
IDRiD_69_512_3072,0.568245838661098,0.46519916141582396,,,0.0,0.0,,
IDRiD_69_512_512,,,0.0,0.0,,,,
IDRiD_70_0_1536,0.8407684793135702,0.7502905850300216,,,0.4471553984671399,0.3026701651442712,,
IDRiD_70_1024_1024,0.0,0.0,0.0,0.0,0.8195121950419988,0.7329842930657968,0.0,0.0
IDRiD_70_1024_1536,0.8398933952165275,0.836209386280079,0.761421319754009,0.8385093166660237,0.0,0.0,,
IDRiD_70_1024_2048,0.7447203527414165,0.654630762940542,0.0,0.0,0.11403825333402966,0.10180412370478066,,
IDRiD_70_1024_512,0.3749427043487404,0.7427360774368803,0.15999999996952383,0.08695652172112701,,,0.9068062827199468,0.8555484353259877
IDRiD_70_1536_0,,,0.0,0.0,,,,
IDRiD_70_1536_1024,0.0,0.0,,,0.0,0.0,,
IDRiD_70_1536_1536,0.7853409856013808,0.8712385288406399,0.0,0.0,,,,
IDRiD_70_1536_2048,0.8238503507083457,0.7146720756785211,0.0,0.0,0.6033208252128206,0.4583404703049934,,
IDRiD_70_1536_512,,,0.0,0.0,,,,
IDRiD_70_2048_512,,,0.6731301938125859,0.5841346152441984,,,,
IDRiD_70_512_0,0.8415466262107266,0.8047365876846431,,,,,,
IDRiD_70_512_1024,,,0.0,0.0,,,,
IDRiD_70_512_1536,0.7534892151497485,0.7049944882497668,0.34418341351983633,0.22044960115226797,0.4240817281414327,0.3339474330590279,,
IDRiD_70_512_2048,,,,,0.5156345800043588,0.3846329750655241,,
IDRiD_70_512_512,0.5240011228546457,0.5602240896246454,0.0,0.0,,,0.0,0.0
IDRiD_71_0_1024,0.0,0.0,0.0,0.0,0.37370242208067433,0.22978723399366227,,
IDRiD_71_0_1536,,,0.0,0.0,,,,
IDRiD_71_0_2048,,,0.0,0.0,0.3661971825828209,0.22413793064803805,,
IDRiD_71_0_2560,0.685464921112167,0.6091521985525377,,,,,,
IDRiD_71_0_512,,,0.007259528129353988,0.003642987248881059,0.06627680311460189,0.034297242768372746,,
IDRiD_71_1024_0,0.5724197744516548,0.9939759033150675,0.5955056179106174,0.4301948051249684,0.2887700534373302,0.1711568937922097,,
IDRiD_71_1024_1024,0.0,0.0,0.0,0.0,0.8265598835080793,0.7965535629064675,0.0,0.0
IDRiD_71_1024_1536,,,0.0,0.0,0.806357753937524,0.7492534904305604,,
IDRiD_71_1024_2048,,,0.0,0.0,0.0,0.0,,
IDRiD_71_1024_512,,,0.18739903067953156,0.14268142679671816,0.7744015320754088,0.7524967433735346,0.0,0.0
IDRiD_71_1536_0,0.0,0.0,,,0.0,0.0,,
IDRiD_71_1536_1024,0.6238923881679092,0.4824966974861088,0.2935586061091046,0.2367972742558094,0.8727701674270375,0.9161367630597281,,
IDRiD_71_1536_1536,,,0.08250694168653284,0.0442930153303112,0.8231019727081759,0.8832158946466258,,
IDRiD_71_1536_2048,,,0.02939632545777447,0.015021459226661938,0.832495004473007,0.8627534989879642,,
IDRiD_71_1536_2560,,,,,0.8862275447775109,0.9079754598441793,,
IDRiD_71_1536_3072,,,0.34756097550379234,0.2111111110329218,,,,
IDRiD_71_1536_512,0.0,0.0,0.5692599619953264,0.8264462807640643,0.8647626169859288,0.9358946892310317,,
IDRiD_71_2048_0,,,,,0.0,0.0,,
IDRiD_71_2048_1024,0.0,0.0,0.30353430351326854,0.18311036787766635,0.718834822903943,0.6390818128273156,,
IDRiD_71_2048_1536,,,,,0.7250641730806515,0.7216240875846567,,
IDRiD_71_2048_2048,,,0.5953635405376521,0.44453186463851047,0.7076997932082003,0.6299263750473156,,
IDRiD_71_2048_3072,0.7005201204393579,0.7030219780026643,,,,,,
IDRiD_71_2048_512,0.4305163113224953,0.7992370052074756,0.0,0.0,0.6262230919642618,0.5994754589509377,,
IDRiD_71_512_0,,,,,0.0,0.0,,
IDRiD_71_512_1024,0.7329479768720947,0.5866192170735001,0.7025738798521176,0.6900749063024274,0.7942515651641328,0.7696479455761591,,
IDRiD_71_512_1536,0.0,0.0,0.0,0.0,0.7563170220586939,0.7123287671150181,,
IDRiD_71_512_2048,0.0,0.0,0.12055335967783827,0.0647558386377518,0.6818181817837465,0.6204044117076833,,
IDRiD_71_512_512,0.0,0.0,0.35879912129951674,0.28042731780692765,0.7525335643070373,0.716240725462222,0.0,0.0
IDRiD_72_0_1024,,,0.621513944202473,0.5013390465719689,,,,
IDRiD_72_0_1536,,,0.1079258010027044,0.0571939231405546,0.0,0.0,,
IDRiD_72_0_2048,0.0,0.0,0.0,0.0,0.5507510240987369,0.4096140825721317,,
IDRiD_72_0_2560,,,0.2857142855942377,0.16666666658496732,0.0,0.0,0.013712168004856626,0.006903414391399319
IDRiD_72_0_3072,,,0.0,0.0,0.0,0.0,,
IDRiD_72_0_512,,,0.0,0.0,,,,
IDRiD_72_1024_0,,,,,0.0,0.0,,
IDRiD_72_1024_2048,0.0,0.0,,,0.7181229015354176,0.8458567092720881,,
IDRiD_72_1024_2560,0.7233566433465265,0.6199952049719493,,,0.8780116997690517,0.8062518968084598,,
IDRiD_72_1024_3072,0.0,0.0,0.0,0.0,0.744686299606342,0.6159711925309052,,
IDRiD_72_1024_512,,,,,0.0,0.0,,
IDRiD_72_1536_1024,,,0.0,0.0,0.7832374206760626,0.6615154536225943,,
IDRiD_72_1536_1536,,,0.5338645417263218,0.37325905282081917,0.8765081617857875,0.9209545114898616,,
IDRiD_72_1536_2048,,,0.0,0.0,0.8866587616019704,0.8203906877130297,,
IDRiD_72_1536_2560,,,,,0.8321113716631064,0.7518573152722224,,
IDRiD_72_1536_3072,0.0,0.0,0.9107763614240121,0.89521640070724,0.8812342535138281,0.935252005402561,,
IDRiD_72_2048_1024,,,,,0.0,0.0,,
IDRiD_72_2048_1536,0.0,0.0,,,0.7229601517683606,0.595777951478047,,
IDRiD_72_2048_2048,0.0,0.0,0.0,0.0,,,,
IDRiD_72_2048_2560,,,0.0,0.0,0.0,0.0,,
IDRiD_72_2048_3072,,,0.2508960573251885,0.1543550165210193,0.0,0.0,,
IDRiD_72_512_0,,,,,0.6291954392062118,0.4745639534768759,,
IDRiD_72_512_1536,,,,,0.4505431675114196,0.3474426807606948,,
IDRiD_72_512_2048,0.22913256953935085,0.13712047011389614,0.5151883353271453,0.5394402034937099,0.7657699587304422,0.7566838361493948,,
IDRiD_72_512_2560,,,0.7435085496679221,0.639433551128602,0.0,0.0,,
IDRiD_72_512_3072,,,,,0.6140878988191397,0.4980468749513626,,
IDRiD_72_512_512,,,0.0,0.0,0.7508298296000129,0.6651636933804124,,
IDRiD_73_0_1024,,,0.0,0.0,,,,
IDRiD_73_0_1536,,,0.0,0.0,0.013071895416292879,0.006578947364092798,,
IDRiD_73_1024_1024,,,0.056179775275638597,0.028901734101261872,,,,
IDRiD_73_1024_1536,,,0.5764756570195401,0.4865454545100694,0.7261429205396339,0.9143070044368738,,
IDRiD_73_1024_2048,,,0.0,0.0,0.7424931755466339,0.5904486250954488,,
IDRiD_73_1024_2560,,,0.0,0.0,,,,
IDRiD_73_1536_1024,0.7934045972137679,0.6620802238728768,0.7803099361184767,0.9106382976785875,0.49048473965922856,0.5682196338961547,0.8341866876701216,0.8613490944536311
IDRiD_73_1536_1536,0.674087816924116,0.5566905004822936,0.19140624998130798,0.106986899551639,0.7618654560147806,0.9057899900975672,,
IDRiD_73_1536_2048,,,0.0,0.0,0.4799999999806061,0.32388222462792354,,
IDRiD_73_1536_2560,,,0.0,0.0,,,,
IDRiD_73_1536_3072,0.0,0.0,,,,,,
IDRiD_73_1536_512,0.0,0.0,,,,,,
IDRiD_73_2048_1024,,,,,,,0.465049104550403,0.30297327812183017
IDRiD_73_2048_1536,,,0.0,0.0,,,,
IDRiD_73_2048_2048,0.0,0.0,0.0,0.0,,,,
IDRiD_73_2048_2560,0.775598573601941,0.6739707835176191,0.0,0.0,,,0.7502452850675869,0.6150134048147451
IDRiD_73_2048_3072,0.7254697285970455,0.885475651176593,0.6201550385994431,0.4958677683901373,,,,
IDRiD_73_512_1024,,,0.43142857141316326,0.3061327926859537,,,,
IDRiD_73_512_1536,0.0,0.0,0.01284993116049335,0.01050262565562621,0.7348290919931512,0.8106312292089491,,
IDRiD_73_512_2048,0.0,0.0,0.5083870967085953,0.3803088802354616,0.06229508195700081,0.0829694322781793,,
IDRiD_73_512_2560,0.5635220125431747,0.41063244725842046,,,,,,
IDRiD_74_0_2048,0.0,0.0,0.2560359348536757,0.16581818180612232,0.1732636295613694,0.09484873261693795,,
IDRiD_74_0_2560,,,0.6452353616162322,0.5676767676194266,0.7980535277863616,0.7809523805804989,,
IDRiD_74_0_3072,,,0.0,0.0,,,,
IDRiD_74_0_512,,,0.0,0.0,,,,
IDRiD_74_1024_1024,,,0.6556927296768598,0.5382882881670522,,,,
IDRiD_74_1024_1536,,,0.0,0.0,,,0.4662489093323848,0.3181424550734126
IDRiD_74_1024_2048,0.005367095575568131,0.16317991628385356,0.49078726964063757,0.36533665830856155,0.6401062416148597,0.5738095236729025,0.0,0.0
IDRiD_74_1024_2560,0.6002346193912914,0.4903109028908612,0.35615413392524964,0.3155452436090307,0.7849958088769383,0.7776624454893573,,
IDRiD_74_1024_3072,0.5637801157905511,0.6213805406803709,0.0,0.0,0.8054747647424213,0.830921284827712,,
IDRiD_74_1536_0,,,0.07731958760893824,0.040214477201014884,,,,
IDRiD_74_1536_1024,,,0.6147186145855588,0.9999999992957747,,,,
IDRiD_74_1536_2048,,,0.0,0.0,0.805678934003762,0.8206495394923147,,
IDRiD_74_1536_2560,0.2891566265038467,0.1744820065414896,0.047261009664486514,0.04485219163661038,0.07766990289376943,0.04060913704553067,,
IDRiD_74_1536_3072,0.32730459724063976,0.20486734490120817,0.2059748427511026,0.5927601807272579,0.5143540669241203,0.45842217474234065,,
IDRiD_74_2048_1536,0.6876362503678718,0.9752650175816903,0.8127208477693565,0.7098765427716812,,,,
IDRiD_74_2048_2048,0.3521872752216557,0.2639161113263042,0.46952194774356637,0.6210625293549101,,,,
IDRiD_74_2048_2560,0.6682138463240459,0.5754394413649148,0.08517350157056991,0.26341463401784654,0.7039239000352052,0.5681381956683036,,
IDRiD_74_2048_3072,0.8622366288337433,0.8753199268418531,0.4218749999176026,0.29347826078981565,,,,
IDRiD_74_2048_512,,,0.0,0.0,,,,
IDRiD_74_512_1024,,,0.5544554453615658,0.4444444442092887,,,,
IDRiD_74_512_1536,,,0.22952427659492278,0.1403719256064564,,,,
IDRiD_74_512_2048,0.0,0.0,0.0,0.0,0.5336828309165483,0.4211832850467032,,
IDRiD_74_512_2560,0.4229897319586213,0.27510841283130777,0.13953488371692407,0.26762114534497566,0.5873767564584474,0.5791488058698845,,
IDRiD_74_512_3072,,,0.44322344318285495,0.3601190475654585,,,,
IDRiD_74_512_512,,,0.0,0.0,,,,
IDRiD_75_0_1024,0.4149118387867515,0.2903271291555227,0.36658506730824403,0.30592441265036135,,,,
IDRiD_75_0_1536,0.6331549840356406,0.46796490761353204,0.5832805572962863,0.4687022900524833,0.4943064182066691,0.5264608599489271,,
IDRiD_75_0_2048,0.8478231012194485,0.7704692960511079,,,0.5882662457093326,0.48545375594939416,,
IDRiD_75_0_2560,0.4995285242751116,0.3351787408994752,0.0,0.0,,,,
IDRiD_75_0_512,0.49549224664639413,0.5763422818308437,0.0,0.0,,,,
IDRiD_75_1024_0,,,0.0,0.0,0.0,0.0,,
IDRiD_75_1024_1024,0.7083061535077826,0.8700587606721413,0.23504089538376924,0.1569867739990232,0.6906882590813487,0.6408715251208962,,
IDRiD_75_1024_1536,0.0,0.0,0.12006861061405343,0.07430997875280043,0.009049773751561189,0.00454545454338843,,
IDRiD_75_1024_2048,,,0.795833333278067,0.8788343556934304,0.20990099008515503,0.18951132298098794,,
IDRiD_75_1024_512,0.0,0.0,0.0,0.0,,,,
IDRiD_75_1536_0,,,0.643790849568008,0.5143603131816291,,,,
IDRiD_75_1536_1024,0.6207042850950212,0.4849187934874074,0.24566088116396703,0.17557251907280072,0.44517338329685224,0.32445355189040614,,
IDRiD_75_1536_1536,,,0.0,0.0,0.02409638552765278,0.012195121943783463,,
IDRiD_75_1536_2048,,,0.051612903209157124,0.02973977694061718,0.020066889625395688,0.010135135131711102,,
IDRiD_75_1536_2560,0.0016650478701147144,0.006191950464076782,0.2057971014194497,0.5298507458732458,,,,
IDRiD_75_1536_3072,0.3955517536288186,0.24679760887602908,,,,,,
IDRiD_75_1536_512,,,0.603753910291775,0.5962924819159329,,,,
IDRiD_75_2048_1024,0.8198372723671072,0.7132984999037031,0.6448529411527628,0.5702210662828204,0.0,0.0,0.8078859382775148,0.8182950564358248
IDRiD_75_2048_1536,0.41233667577617233,0.4320280165414827,0.4170022371271364,0.40311418683377537,,,,
IDRiD_75_2048_2048,0.43240191926524413,0.9999999998694518,0.21867321865978664,0.12796549244227423,,,,
IDRiD_75_2048_2560,0.34162463036455687,0.32964081905573545,0.0,0.0,,,,
IDRiD_75_2048_3072,0.8702999160026801,0.8909458775900583,0.5370370370015187,0.4413043477781191,,,,
IDRiD_75_2048_512,0.6058573898433182,0.927792041063418,0.2957297641621587,0.1956155143174017,0.0,0.0,0.0,0.0
IDRiD_75_512_0,,,0.0,0.0,,,,
IDRiD_75_512_1024,0.592142791419706,0.6195610319480254,0.29347826085729606,0.24341192786106713,0.7954590984921839,0.7733056348899856,,
IDRiD_75_512_1536,,,0.45984784444379345,0.3780403057416233,0.38538205976865597,0.245243128938135,,
IDRiD_75_512_2048,0.6017989967081664,0.905517959372579,0.0,0.0,0.7619980411237023,0.8915202444273675,,
IDRiD_75_512_2560,0.8034810126550495,0.8084056355901583,,,,,,
IDRiD_75_512_512,,,0.395161290242911,0.2506393861251561,,,,
IDRiD_76_0_1024,0.022426553038294987,0.011340440008815142,0.0,0.0,,,,
IDRiD_76_0_1536,0.34980131664581104,0.21688607780968677,0.4384724186084198,0.4545454544121567,,,,
IDRiD_76_0_2560,0.03416666666524306,0.01738024586615599,0.0,0.0,,,,
IDRiD_76_0_512,0.0,0.0,,,,,,
IDRiD_76_1024_0,,,0.6206206205584964,0.4545454544788057,,,,
IDRiD_76_1024_1024,0.3252032520283892,0.23858341099275707,0.23906083243759177,0.15222562011035592,0.7864341085252267,0.7753152464617151,,
IDRiD_76_1024_1536,,,0.5767097965662275,0.44699140388338354,0.8030395136717093,0.6761356365876374,,
IDRiD_76_1024_2048,0.0,0.0,0.03157172271574662,0.017801857583761464,0.7067229619891731,0.7241264558827246,,
IDRiD_76_1024_3072,,,0.0,0.0,,,,
IDRiD_76_1024_3584,,,0.6585365851650803,0.9391304339659736,,,,
IDRiD_76_1024_512,0.006262230919642618,0.0031409501373549087,0.26412252070639913,0.3578231292273589,0.5956921388311744,0.7030440414280102,,
IDRiD_76_1536_0,,,0.2336769759289569,0.13229571983406258,,,,
IDRiD_76_1536_1024,,,0.36770007207154287,0.27838427944559124,0.8787892855444093,0.8483463296509066,,
IDRiD_76_1536_1536,,,0.0,0.0,,,,
IDRiD_76_1536_2048,0.0,0.0,0.21184919206250466,0.5221238933432533,,,,
IDRiD_76_1536_2560,0.9139621878382977,0.8616088448177353,0.5855855853218083,0.6632653054456477,,,,
IDRiD_76_1536_3072,,,,,0.007162041181523067,0.0035938903862355828,,
IDRiD_76_1536_512,0.24374791596995873,0.13950381679256196,0.6459069020763097,0.8041566746281312,0.7371674936896024,0.7935201400911818,,
IDRiD_76_2048_1024,,,0.7863636363189566,0.8018539975895882,,,,
IDRiD_76_2048_1536,,,0.0,0.0,,,,
IDRiD_76_2048_2560,,,0.0,0.0,0.0,0.0,,
IDRiD_76_2048_3072,,,0.4828897337485001,0.36285714275346936,,,,
IDRiD_76_2048_512,0.8476305082754705,0.8591009408658484,0.6444639205187127,0.563042368526644,,,,
IDRiD_76_512_0,0.8169514089013323,0.7642175176104518,0.0,0.0,,,,
IDRiD_76_512_1024,0.634929383392112,0.6537097460539976,0.2882615155932166,0.20008250824257087,0.27977315689099647,0.16341553183056992,,
IDRiD_76_512_1536,0.7288112082018475,0.6765387586743101,0.3639999999636,0.24299065417316548,,,,
IDRiD_76_512_2048,,,0.0,0.0,,,,
IDRiD_76_512_3072,,,0.40146878820055465,0.2658022690006804,,,,
IDRiD_76_512_512,0.2715654952049564,0.28233340252683553,0.012722646309623241,0.00640204865515992,0.7457855697406752,0.719115734626903,,
IDRiD_77_0_1024,,,0.1973525872205352,0.10947930572637125,0.27391304341871453,0.2006369426112621,,
IDRiD_77_0_1536,0.0,0.0,0.0,0.0,0.6980392156634628,0.5910348643834513,,
IDRiD_77_0_2048,0.2084991246186774,0.11793302124382549,,,0.21395348833892194,0.16350710896599358,,
IDRiD_77_0_2560,0.6705663593372954,0.6546403449008801,0.27999999981333334,0.2142857140670554,0.6801635991680949,0.5662240381148715,,
IDRiD_77_0_3072,,,0.49999999988738736,0.35015772859616473,0.0,0.0,,
IDRiD_77_0_512,,,0.0,0.0,,,,
IDRiD_77_1024_0,,,0.0,0.0,,,,
IDRiD_77_1024_1024,,,0.0,0.0,0.0,0.0,,
IDRiD_77_1024_1536,0.0,0.0,0.521116678559691,0.37295081963391896,0.8566729576682214,0.7914217395596721,,
IDRiD_77_1024_2048,0.0,0.0,,,0.6384732824330004,0.4962031324039819,,
IDRiD_77_1024_2560,,,,,0.0,0.0,,
IDRiD_77_1024_3072,0.5943977590869917,0.4273056785973699,0.8711943791870739,0.9393939389194981,0.0,0.0,,
IDRiD_77_1024_3584,,,,,0.1176470588144236,0.062499999994860195,,
IDRiD_77_1024_512,,,0.0,0.0,,,,
IDRiD_77_1536_1024,0.2327549724827442,0.13170498083660417,0.09514563105872371,0.0552423900726897,0.0,0.0,,
IDRiD_77_1536_1536,,,,,0.615652173886276,0.47708894875491314,,
IDRiD_77_1536_2048,,,0.36182336177182006,0.2373831775257228,0.0,0.0,,
IDRiD_77_1536_512,0.7150905781336995,0.5935251798475751,0.39912066437715876,0.25936507935684555,0.5550773154701885,0.4242202728941467,,
IDRiD_77_2048_0,,,0.0,0.0,,,,
IDRiD_77_2048_1024,0.0,0.0,0.3124231241928139,0.23049001810698913,0.6518326602099227,0.5199999999936777,,
IDRiD_77_2048_1536,,,0.5655375551449872,0.8571428567602041,0.6194206594895351,0.47672462141119676,,
IDRiD_77_2048_2048,,,0.10430838999902303,0.055023923431812456,0.689297745512068,0.6140350876909495,,
IDRiD_77_2048_512,,,0.41966893863584864,0.2935967302252318,0.28945801071721905,0.17315091919377013,,
IDRiD_77_512_1024,,,0.0,0.0,0.22950819667950673,0.13319238897818342,,
IDRiD_77_512_1536,0.004667444573914141,0.0023391812864585115,0.14775160597989812,0.11274509802079329,0.7054023820467678,0.63484543408365,,
IDRiD_77_512_2048,,,,,0.6560990852755179,0.5043235217005474,,
IDRiD_77_512_2560,0.0,0.0,,,0.4545339891480069,0.3111725090604184,,
IDRiD_77_512_3072,,,0.5291375290758581,0.3783333332702778,0.0,0.0,,
IDRiD_77_512_512,0.0,0.0,0.0,0.0,,,,
IDRiD_78_0_1024,,,0.0,0.0,,,,
IDRiD_78_0_1536,,,0.49637389198256454,0.3719806762835772,,,,
IDRiD_78_0_2048,0.0,0.0,0.2829643888218015,0.1774290887038365,0.019292604495404306,0.009740259737097318,,
IDRiD_78_0_2560,0.6444256756620688,0.4756857855213315,0.0,0.0,0.6555156206755908,0.5413860029621944,,
IDRiD_78_0_3072,,,0.0,0.0,0.1596958174601339,0.08805031444694962,,
IDRiD_78_0_512,0.8200751109313734,0.8242964996002542,,,,,,
IDRiD_78_1024_0,,,0.0,0.0,,,,
IDRiD_78_1024_1024,,,,,0.30746268652127423,0.18165784829247658,,
IDRiD_78_1024_1536,,,,,0.0,0.0,,
IDRiD_78_1024_2048,0.45965261443717287,0.2996667747919564,0.17272727268801652,0.10242587598317361,0.5986007351998268,0.45119771182604224,,
IDRiD_78_1024_2560,0.3447454599548998,0.21465645081296766,0.09171075837338137,0.13488975354930094,0.7169241697712798,0.6895550431233277,,
IDRiD_78_1024_3072,,,0.0,0.0,,,,
IDRiD_78_1024_512,,,0.7578397211883414,0.6723338484277691,,,,
IDRiD_78_1536_1536,,,0.4516129031137437,0.39224137914127527,,,,
IDRiD_78_1536_2048,0.05005586592066914,0.02567041026757574,0.5741839762185323,0.4748466257086078,0.6308919506660301,0.5206463195379625,,
IDRiD_78_1536_2560,0.0,0.0,0.0,0.0,0.04994324630817575,0.02562609201947431,,
IDRiD_78_1536_3072,,,0.21769911502498238,0.12214498509214053,0.0,0.0,,
IDRiD_78_2048_1024,,,0.0,0.0,,,,
IDRiD_78_2048_2048,,,0.07334273623789242,0.03806734992122001,,,,
IDRiD_78_2048_2560,0.0,0.0,0.0,0.0,,,,
IDRiD_78_2048_3072,0.0,0.0,,,0.03999999997333333,0.020408163251423018,,
IDRiD_78_2048_512,,,0.0,0.0,0.0,0.0,,
IDRiD_78_512_0,,,0.0,0.0,,,,
IDRiD_78_512_1536,,,0.8047138045783311,0.7134328356079305,,,,
IDRiD_78_512_2048,,,0.8810810810334551,0.9633569738814,0.8634457539184303,0.8712200208515632,,
IDRiD_78_512_2560,0.5505370545119296,0.49894102313050714,0.5914221218516612,0.568740955055175,0.7636696408132941,0.7076231662830842,,
IDRiD_78_512_3072,,,,,0.44782168185289206,0.402917046472064,,
IDRiD_78_512_512,,,0.6092184367516597,0.5100671139227962,0.6261319533472016,0.8929889295597826,,
IDRiD_79_0_1024,,,0.0,0.0,0.4811260396365242,0.32724107917082323,,
IDRiD_79_0_1536,0.43056084011543594,0.6272727272588188,0.0,0.0,0.4216524216324002,0.3002028397362946,,
IDRiD_79_0_2048,0.738128383598313,0.7108595262816795,0.0,0.0,,,,
IDRiD_79_0_2560,0.6893505972073695,0.6458124373078873,0.0,0.0,0.6519999999348001,0.4969512194364404,,
IDRiD_79_0_512,0.7800802138985289,0.9947153085408333,0.575079872112607,0.4215456673485841,,,,
IDRiD_79_1024_0,0.6459104434237178,0.5159420289795252,,,,,,
IDRiD_79_1024_1024,0.0,0.0,0.0,0.0,0.6317802503422133,0.49442176870075616,,
IDRiD_79_1024_1536,0.0,0.0,,,0.7827638622643396,0.7385881765934325,,
IDRiD_79_1024_2048,,,0.0,0.0,0.7484026938309537,0.8199016269287438,,
IDRiD_79_1024_2560,0.0,0.0,0.41670860591762915,0.2816326530420658,0.8665558589550441,0.8263330691677441,,
IDRiD_79_1024_3072,,,,,0.8130406574350506,0.7468216130239688,,
IDRiD_79_1536_0,,,,,0.5793991416101789,0.4383116882879701,,
IDRiD_79_1536_1024,0.2863924050557386,0.21711315472942372,0.497487437144264,0.3847150258569022,0.7293820932981241,0.6075630251845562,,
IDRiD_79_1536_1536,0.0,0.0,0.1647318960660734,0.13116197181943995,0.8381567230613576,0.7774106958464695,,
IDRiD_79_1536_2048,,,0.30241935480822385,0.18382352938923732,0.8207337040685311,0.8615136875979762,,
IDRiD_79_1536_2560,0.32863113896738166,0.20173187940340823,0.2593688362791238,0.16224552744218101,0.9436046883991808,0.9147212219020404,,
IDRiD_79_1536_3072,0.7494662445676601,0.7310067499588466,0.2374603174452406,0.13560551123019537,0.7590265212630463,0.6608009536495308,,
IDRiD_79_1536_512,,,,,0.0,0.0,,
IDRiD_79_2048_1024,0.0,0.0,0.0,0.0,0.7947319409233108,0.7005159474507384,,
IDRiD_79_2048_1536,,,0.6112676055477089,0.7281879192187288,0.7632523467671064,0.6943363054081731,,
IDRiD_79_2048_2048,0.0,0.0,0.04210526315235457,0.021505376341195516,0.7422076803831851,0.6625468855643943,,
IDRiD_79_2048_2560,0.6633322002590039,0.5109598264344208,,,0.9074230877778648,0.9343395202833836,,
IDRiD_79_2048_3072,0.0,0.0,0.0,0.0,0.5661760494784596,0.40966351731800377,,
IDRiD_79_2048_512,0.0,0.0,0.0,0.0,0.8576675848615548,0.8553113551547049,,
IDRiD_79_512_0,0.79736897941017,0.7077212805893085,,,0.8519855592592109,0.7919463081933247,,
IDRiD_79_512_1024,0.0,0.0,0.008733624453512836,0.00438596491196009,0.6241289793602387,0.49458640102870105,,
IDRiD_79_512_1536,,,0.0,0.0,0.6641772466932515,0.586115992957247,,
IDRiD_79_512_2048,0.0,0.0,0.0932835820721486,0.050505050494847464,0.7015549239140352,0.8094135802156862,,
IDRiD_79_512_2560,0.7275412256773925,0.5722028648636391,0.0,0.0,0.7875133025879275,0.7781764196429618,,
IDRiD_79_512_3072,0.8659793814191703,0.8993055555035123,0.0,0.0,0.7179972936303384,0.5705376343963325,,
IDRiD_79_512_512,,,0.5390911656635876,0.3974198917853758,0.6546546545891236,0.8673740050749671,,
IDRiD_80_0_2048,0.8316009675072511,0.7384338538298111,,,,,,
IDRiD_80_0_2560,,,0.22222222209876544,0.12499999992187501,0.32850241540603825,0.19653179186964706,,
IDRiD_80_0_3072,,,,,0.0,0.0,,
IDRiD_80_1024_2048,,,,,0.1713600958606543,0.09727891156131704,,
IDRiD_80_1024_2560,,,,,0.0,0.0,,
IDRiD_80_1536_1536,,,0.8435754187587777,0.7512437807207742,,,,
IDRiD_80_1536_2048,,,,,0.0,0.0,,
IDRiD_80_1536_2560,,,,,0.0,0.0,,
IDRiD_80_1536_3072,,,,,0.06789524732610133,0.03514056224546781,,
IDRiD_80_2048_1536,,,,,0.0,0.0,,
IDRiD_80_2048_2048,,,0.0,0.0,,,,
IDRiD_80_2048_3072,,,0.0,0.0,0.41599999993344,0.2626262625732068,,
IDRiD_80_512_2560,,,,,0.0,0.0,,
