image,dice_hemorrhages,recall_hemorrhages,dice_microaneurysms,recall_microaneurysms,dice_hard_exudates,recall_hard_exudates,dice_soft_exudates,recall_soft_exudates
IDRiD_01_0_1024,0.8815608100850221,0.9565117349066611,,,,,,
IDRiD_01_0_2048,0.0,0.0,,,,,,
IDRiD_01_0_2560,0.5956138552860092,0.9571805005957061,0.6338289962236218,0.5581014729037478,,,,
IDRiD_01_1024_1024,,,,,0.8471558120223058,0.8127174944380665,,
IDRiD_01_1024_1536,,,,,0.39444601869100465,0.2464589235040206,,
IDRiD_01_1024_2048,,,0.7019551740247041,0.5727626458698238,0.5474934036818933,0.3978906998914065,,
IDRiD_01_1024_2560,0.2911184210286909,0.1703561116294171,0.22382671476104213,0.3024390242427127,0.260091977514392,0.15002947533749234,,
IDRiD_01_1024_512,0.7813798835917964,0.6714285713806122,,,0.0,0.0,,
IDRiD_01_1536_1024,0.9238806698846547,0.9325776244363472,0.6309523807645975,0.46086956501701326,0.3893575600133239,0.24174053181943028,,
IDRiD_01_1536_1536,,,,,0.46390532538888696,0.302003081617565,,
IDRiD_01_1536_2048,,,0.5989911727238971,0.5037115588013031,0.7205793602872642,0.5917726747034981,,
IDRiD_01_1536_2560,,,,,0.0,0.0,,
IDRiD_01_1536_512,0.0,0.0,0.0,0.0,0.0,0.0,,
IDRiD_01_2048_1024,0.9219481735824646,0.8773024361172775,0.42155309026599797,0.26814516123626103,0.7250582503630051,0.6456054319003093,,
IDRiD_01_2048_1536,,,,,0.8408030705614384,0.7733123336730934,,
IDRiD_01_2048_2048,,,0.6559233449191672,0.5139931740263486,0.8072142560093533,0.7758926985231956,,
IDRiD_01_2048_3072,,,0.0,0.0,,,,
IDRiD_01_512_1024,,,0.0,0.0,0.8414891887361162,0.7670420865214274,,
IDRiD_01_512_1536,0.0,0.0,,,0.7559292257402945,0.6847010684090771,,
IDRiD_01_512_2048,0.0,0.0,0.0,0.0,0.6119037912697523,0.5053021376787528,,
IDRiD_01_512_2560,0.00291757840970696,0.0014609203797325842,,,,,,
IDRiD_02_0_1536,,,,,0.5551749449406023,0.40060028247880297,,
IDRiD_02_0_2048,0.0,0.0,,,0.7979002623624804,0.6696035240815851,,
IDRiD_02_0_2560,,,,,0.12440191381607564,0.06632653057840483,,
IDRiD_02_0_3072,,,,,0.0,0.0,,
IDRiD_02_1024_1024,,,,,0.0,0.0,,
IDRiD_02_1024_1536,,,,,0.6260223047861693,0.5109223300350823,,
IDRiD_02_1024_2048,0.0,0.0,0.6687211093647293,0.5336065573333109,0.5123250340578184,0.3515810948597147,,
IDRiD_02_1024_2560,0.0,0.0,0.5275381552578786,0.48862937919553595,0.7314627604696395,0.5944468663012735,,
IDRiD_02_1024_3072,0.0,0.0,0.11261261259993102,0.1366120218205978,0.6590829130918366,0.5012486621387576,,
IDRiD_02_1024_512,,,,,0.0,0.0,,
IDRiD_02_1536_1024,,,0.868327402057978,0.8299319726479708,,,,
IDRiD_02_1536_1536,0.0,0.0,0.644628099084762,0.509803921457559,0.0,0.0,,
IDRiD_02_1536_2048,0.05172413792360286,0.02654867256245595,0.25088339220398553,0.2927835050942714,0.7937037920154137,0.6850555783991332,,
IDRiD_02_1536_2560,0.0,0.0,0.0,0.0,0.7279569644200864,0.5870852418702301,,
IDRiD_02_1536_3072,0.24909017386780874,0.14548889937905107,0.7761627906412671,0.6449275361539943,0.23026455025967696,0.13252131546571203,,
IDRiD_02_2048_1024,,,,,0.07894736841363276,0.04109589040693778,,
IDRiD_02_2048_1536,0.0032813781785659244,0.007604562734751116,0.6675358538894999,0.7852760733787496,0.0,0.0,,
IDRiD_02_2048_2048,0.0,0.0,0.0,0.0,,,,
IDRiD_02_2048_2560,,,,,0.5137085136343855,0.36032388656673603,,
IDRiD_02_2048_3072,,,0.0,0.0,0.0,0.0,,
IDRiD_02_2048_512,,,,,0.8770555989916166,0.9638554215208511,,
IDRiD_02_512_1024,,,0.6160583940706484,0.8146718143572695,0.0,0.0,,
IDRiD_02_512_1536,,,0.19999999997560977,0.1448763250627427,0.7976178459634722,0.6986119706418653,,
IDRiD_02_512_2048,0.7865617917506125,0.6835032437283711,0.4873713750941361,0.44913793099576393,0.7979253395154717,0.6981132075388331,,
IDRiD_02_512_2560,,,0.3846949327420171,0.23815620995670217,0.2789473683476454,0.1620795106537983,,
IDRiD_02_512_3072,,,,,0.24403927065300993,0.13897763576054672,,
IDRiD_03_0_1024,0.0,0.0,,,0.4868512915874598,0.3257552164333306,,
IDRiD_03_0_1536,0.08471074380019437,0.04422869471333642,0.0,0.0,0.5786565862000973,0.46343735442648176,,
IDRiD_03_0_2048,0.0,0.0,0.15291750501992504,0.8837209295475031,0.7750281214412245,0.6367837337673952,,
IDRiD_03_0_2560,0.7085331846048284,0.7671960867155795,0.4594921402382411,0.4318181817691116,0.5744680849841557,0.483870967568505,,
IDRiD_03_0_512,,,,,0.0,0.0,,
IDRiD_03_1024_0,0.0,0.0,,,,,,
IDRiD_03_1024_1024,0.2744372494519138,0.23140925635822104,0.4792868379402576,0.9870410365038788,0.6735267261337587,0.5496073823548483,,
IDRiD_03_1024_1536,0.7980656506330881,0.6949974476596479,0.0,0.0,0.8678223809242414,0.8915674871502374,,
IDRiD_03_1024_2048,0.1921637134965769,0.11257309941191307,0.4955563455209543,0.6092657342124768,0.7553338364951211,0.8016567677367863,,
IDRiD_03_1024_2560,0.019104477611370015,0.009815950919944296,0.06113537117522549,0.07716535431855664,0.7681469215692664,0.710023932761674,,
IDRiD_03_1024_3072,0.5308328884107659,0.3783655218306691,0.516684607048796,0.6075949365550393,0.14987714985873746,0.08100929613798018,,
IDRiD_03_1536_1024,0.0,0.0,0.5846544070650187,0.49199573100405597,0.6331128797149074,0.49190036578136387,,
IDRiD_03_1536_1536,0.26369545031273467,0.2784313725217224,0.5316859306284701,0.5774891774391784,0.8134020241864639,0.7846744915555156,,
IDRiD_03_1536_2048,0.6226865671455915,0.5097751710405779,0.5429071803377489,0.5860113420442323,0.8458264474247359,0.7832532530807529,,
IDRiD_03_1536_2560,0.3467442380830309,0.223555888970953,0.25520483544290096,0.4491725767259639,0.7603040195859,0.6320230674611711,,
IDRiD_03_1536_3072,,,0.0,0.0,0.0,0.0,,
IDRiD_03_2048_0,,,0.4939024388738102,0.32793522253929747,,,,
IDRiD_03_2048_1024,0.741993501970463,0.6324613026030736,0.7321428570339074,0.999999999593496,0.0,0.0,,
IDRiD_03_2048_1536,0.1349289847444275,0.07234522634299695,,,0.7427546232369916,0.6251355118427665,,
IDRiD_03_2048_2048,,,0.0,0.0,0.706695232990323,0.5691975841193339,,
IDRiD_03_2048_2560,0.0,0.0,0.7012987011165458,0.9574468078315981,0.7725908636083263,0.6859088217677352,,
IDRiD_03_2048_3072,0.548792270528282,0.9182198554408859,,,,,,
IDRiD_03_512_0,0.0,0.0,0.0,0.0,0.0,0.0,,
IDRiD_03_512_1024,,,0.0,0.0,0.07308584686351009,0.03792895845647628,,
IDRiD_03_512_1536,0.6020018198252594,0.6701782819825698,0.6513629841246251,0.4892241378255982,0.7523411794434804,0.6759522455864019,,
IDRiD_03_512_2048,0.0,0.0,0.0,0.0,0.698405141627403,0.8113938052947752,,
IDRiD_03_512_2560,0.7371266735229515,0.6508297340156666,0.5331547220004584,0.8844444442479011,0.7104270873358182,0.7253299811325372,,
IDRiD_03_512_3072,0.0,0.0,0.5395033859436227,0.550691244112744,0.4232522796191774,0.293003682257075,,
IDRiD_03_512_512,0.4138234646618133,0.5070118662078202,0.5295091009084661,0.8888888887242798,0.04279782816854686,0.02186684073035683,,
IDRiD_04_0_1024,,,,,0.47654784238361925,0.57518115936819,,
IDRiD_04_1024_0,,,,,0.8028503561038359,0.7647058820069205,,
IDRiD_04_1024_1024,0.8821400878666046,0.9155042918209361,0.12177985945625763,0.06483790522073868,0.0,0.0,,
IDRiD_04_1024_2560,,,,,0.8205771642634156,0.764018691410276,,
IDRiD_04_1024_3072,,,,,0.0,0.0,,
IDRiD_04_1024_3584,,,,,0.5439093482878443,0.37944664016622665,,
IDRiD_04_1536_1024,0.8738780563225481,0.8343676122808161,,,,,,
IDRiD_04_1536_2560,,,0.7377326563895545,0.9775784748979469,,,,
IDRiD_04_1536_512,0.8143813717752646,0.6988301066290626,0.8249999997421874,0.733333332925926,0.83999999972,0.8456375833250754,,
IDRiD_04_2048_512,0.8400990926625225,0.7386876921001237,,,,,,
IDRiD_04_512_1024,,,,,0.31666666664907406,0.20284697507453045,,
IDRiD_04_512_1536,,,,,0.0,0.0,,
IDRiD_04_512_2560,,,,,0.7689243026356725,0.7228464416768364,,
IDRiD_04_512_3072,0.0,0.0,,,0.6540540538772827,0.9679999992256001,,
IDRiD_04_512_3584,,,,,0.4748201437140934,0.9999999984848486,,
IDRiD_04_512_512,,,,,0.0,0.0,,
IDRiD_05_0_512,0.47358295100675474,0.9962640099006062,0.0,0.0,,,,
IDRiD_05_1024_1024,,,,,0.6483539094583503,0.5833024805519567,,
IDRiD_05_1024_1536,,,0.0,0.0,0.8215867901566334,0.8781747739613356,,
IDRiD_05_1024_2048,0.0,0.0,0.0,0.0,,,,
IDRiD_05_1024_512,,,0.6953642382954696,0.9999999995238096,,,,
IDRiD_05_1536_1024,0.0,0.0,0.0,0.0,0.38881118875680964,0.24955116692108598,,
IDRiD_05_1536_1536,,,,,0.0,0.0,,
IDRiD_05_1536_512,0.0,0.0,0.0,0.0,,,,
IDRiD_05_2048_1024,,,0.526395173414299,0.4002293577522673,,,,
IDRiD_05_2048_1536,,,0.0,0.0,,,,
IDRiD_05_2048_512,0.786713939153075,0.7671033478614592,,,,,,
IDRiD_05_512_1536,,,0.0,0.0,,,,
IDRiD_06_0_1536,0.4678747940595578,0.3068611561235316,0.12114537443599721,0.1276102087870974,,,,
IDRiD_06_0_2048,0.8154949062959659,0.7767129851368385,0.6449511400126261,0.7109515259046766,,,,
IDRiD_06_0_2560,0.7706693495841234,0.997548644078481,,,0.017559262509432898,0.00885739592481334,,
IDRiD_06_0_3072,,,0.7087912086938474,0.8349514560404687,,,,
IDRiD_06_0_512,,,0.7679083094115812,0.66402378586085,0.1677018633279966,0.09152542371330077,,
IDRiD_06_1024_1024,,,0.7678571428273347,0.7601844734235061,0.8311087382047154,0.7207531638983357,,
IDRiD_06_1024_1536,,,,,0.8672446913407027,0.7777984727064835,,
IDRiD_06_1024_512,0.0,0.0,0.5398167723558909,0.4427745664483945,,,,
IDRiD_06_1536_0,,,,,0.19967793877621934,0.11091234345064181,,
IDRiD_06_1536_1024,0.8136578277946365,0.9010458567255796,,,,,,
IDRiD_06_1536_512,,,0.6445837062986048,0.6271777002391676,0.5627705626893549,0.43721973084367266,,
IDRiD_06_2048_512,,,0.0,0.0,,,,
IDRiD_06_512_0,,,0.0,0.0,,,,
IDRiD_06_512_1024,0.35964035962239554,0.21978021976680218,0.1470588235166904,0.14782608693081287,0.770678395306489,0.6574495179158748,,
IDRiD_06_512_1536,0.7767584097265475,0.7134831459672074,,,0.7396715349165217,0.6119417019218435,,
IDRiD_06_512_2048,0.6126791141855693,0.807208237940091,0.5469387752869638,0.45890410927472325,0.0,0.0,,
IDRiD_06_512_3072,,,0.7291822955465423,0.7038377986456308,,,,
IDRiD_06_512_512,0.2828520919102621,0.3973509933116969,0.19223300969007445,0.11813842480690473,0.6463221026522081,0.5881219903503011,,
IDRiD_07_0_1024,,,0.6185044359165394,0.4510166357761522,0.5543147207559072,0.9999999996336996,,
IDRiD_07_0_1536,0.4427966101642797,0.7817955111894516,,,0.0,0.0,,
IDRiD_07_0_2048,0.49366180338450943,0.7303609341309015,0.454111405811453,0.42671984043601996,0.34673698086046556,0.9850187262228394,,
IDRiD_07_0_512,0.6387493020480528,0.87595712091302,,,,,,
IDRiD_07_1024_0,,,,,0.0,0.0,,
IDRiD_07_1024_1024,,,0.29545454511880165,0.17333333310222224,0.6741480771770337,0.6017591008892803,,
IDRiD_07_1024_1536,,,,,0.4588910133775718,0.32418952617780156,,
IDRiD_07_1024_2048,0.0,0.0,,,0.1414538310134668,0.08653846151765902,,
IDRiD_07_1024_2560,,,0.816631129976905,0.7832310836844107,,,,
IDRiD_07_1024_512,,,0.5835777125885786,0.478653036651915,0.80818131563762,0.8477468522059685,,
IDRiD_07_1536_0,,,0.0,0.0,0.5615094339516696,0.398820691492929,,
IDRiD_07_1536_1024,,,,,0.6933178384633224,0.6818805242252218,,
IDRiD_07_1536_1536,,,0.25925925919067216,0.1489361701674966,0.9002792356823727,0.8748650338100958,,
IDRiD_07_1536_2048,0.04067402672746444,0.020759193356442492,,,0.8567429873436335,0.8378315223727107,,
IDRiD_07_1536_2560,,,0.0,0.0,0.7001104972349904,0.7412260177761564,,
IDRiD_07_1536_512,0.16243575766887994,0.24104460364591995,0.5072765072501415,0.6002460023861936,0.6298023539722452,0.638163816352918,,
IDRiD_07_2048_0,,,,,0.4242424241620753,0.2705314009008378,,
IDRiD_07_2048_1024,,,,,0.7226450998876631,0.7464373464006664,,
IDRiD_07_2048_1536,,,,,0.7955418266789299,0.784086233845272,,
IDRiD_07_2048_2048,0.41425198540281494,0.8078017746390792,0.4170161773267216,0.3636363635983661,0.8013996394783013,0.797257383949425,,
IDRiD_07_2048_512,0.7703977798299241,0.9535149988441318,0.21394950790697692,0.12254901960183583,0.6912632821621715,0.608311688295888,,
IDRiD_07_512_0,,,0.0,0.0,0.7436974788353576,0.8509615380524224,,
IDRiD_07_512_1024,,,0.5753424653593545,0.7777777763374486,,,,
IDRiD_07_512_1536,,,0.6336499321430654,0.6174526222733604,0.8053293855806566,0.7782546493879464,,
IDRiD_07_512_2048,0.0,0.0,0.43207126943963575,0.4369369368385277,,,,
IDRiD_07_512_2560,0.571485782928084,0.4683295044152173,,,,,,
IDRiD_07_512_512,,,0.6095100864114186,0.6735668788736359,,,,
IDRiD_08_0_1024,0.4007943672106806,0.2520435967273837,,,,,,
IDRiD_08_0_1536,0.6838515872343758,0.5960653881494864,0.0,0.0,,,,
IDRiD_08_1024_1024,0.6702637889621276,0.9423995504090363,0.48819804257408184,0.419386745754759,0.24971008889641633,0.14374721850717637,,
IDRiD_08_1024_1536,0.7060206110946843,0.7553191489215606,0.0,0.0,0.06572769951508739,0.03398058251602413,0.810516519307536,0.6844007858492385
IDRiD_08_1024_2048,,,,,0.7882204072196697,0.776166742175168,,
IDRiD_08_1024_2560,,,,,0.07272727271074379,0.03773584904770381,,
IDRiD_08_1024_512,0.5986856052448869,0.4596354166517046,,,0.8382581647870716,0.8792822184536245,,
IDRiD_08_1536_1024,,,,,0.1489361701810774,0.08045977009644603,,
IDRiD_08_1536_1536,0.7773761428709892,0.7421843280250839,,,0.8469014712363182,0.8578395953602269,,
IDRiD_08_1536_2048,,,,,0.4678206835123027,0.31201894610349207,,
IDRiD_08_512_1024,,,0.5690909090391735,0.9315476187703726,,,,
IDRiD_08_512_1536,,,0.03333333332222222,0.0177304964476133,0.6866791743552197,0.9945652168507798,0.8664222740604526,0.8648239990270664
IDRiD_08_512_2048,,,0.6492434662700943,0.5335342878271639,,,0.6328705198545211,0.6475057812944883
IDRiD_08_512_512,,,0.6932668327448211,0.5889830505978886,,,,
IDRiD_09_0_1024,0.5913086137092052,0.467032612202344,,,,,,
IDRiD_09_0_1536,,,0.0048294597040498205,0.0024205748864623124,,,,
IDRiD_09_0_2560,,,0.29789864027825097,0.17501815539760215,,,,
IDRiD_09_0_3072,,,0.007070707070349964,0.003547896603976285,,,,
IDRiD_09_0_512,0.681303362949283,0.6655319148822888,,,,,,
IDRiD_09_1024_1024,0.0,0.0,0.4719753310271726,0.3304546609009283,0.8126101028292584,0.8068255776081726,,
IDRiD_09_1024_1536,0.8825029545258287,0.8432188279942562,,,0.8611876866520587,0.8199963543550493,,
IDRiD_09_1024_2048,0.5799607773169909,0.6593027969059728,0.43941109851115856,0.31613253664768426,0.7801920161618979,0.6927494615812501,,
IDRiD_09_1024_2560,,,,,0.52180566178104,0.363539445590241,,
IDRiD_09_1024_3072,,,0.0,0.0,,,,
IDRiD_09_1024_3584,,,0.0,0.0,,,,
IDRiD_09_1024_512,0.24509803921046253,0.2120988565026891,0.435440965818796,0.3296158612041631,0.7432200605878628,0.6649902024776944,,
IDRiD_09_1536_1024,0.017141108049674284,0.00864464340819251,0.19435028247855557,0.10799497697329448,0.7293062127435439,0.6597976353705949,,
IDRiD_09_1536_1536,0.6230426215843301,0.8773364485725077,0.503218256260783,0.37037037033846937,0.8049984853062633,0.8644156013113938,,
IDRiD_09_1536_2048,0.696328966134436,0.9338900486801013,0.3765957446407877,0.23197903011376422,0.0,0.0,,
IDRiD_09_1536_2560,,,0.13048368953146885,0.06979542719194973,,,,
IDRiD_09_1536_512,,,0.0,0.0,0.8734766978561854,0.8632259388444921,,
IDRiD_09_2048_1024,,,,,0.7182726909178866,0.781179335523027,,
IDRiD_09_2048_1536,0.2829736210352581,0.165266106396284,0.42920847266280887,0.35191956121097623,0.6970425388232355,0.599349744539715,,
IDRiD_09_2048_2048,0.5354558610631628,0.6678700360769723,0.5202108962636018,0.3561973525443806,,,,
IDRiD_09_2048_2560,,,,,0.7721402213665988,0.9676300576916035,,
IDRiD_09_2048_512,,,0.5655036207845456,0.4017773620017878,0.0,0.0,,
IDRiD_09_512_0,0.229794206948625,0.5693814186632582,,,,,,
IDRiD_09_512_1024,0.0,0.0,0.5411131662932384,0.46103151861143177,0.7600740740712589,0.8166335057634967,,
IDRiD_09_512_1536,0.36204379556758487,0.5560538114098413,0.7442326980196357,0.6845018448921584,0.6880810851978049,0.7932700755509289,,
IDRiD_09_512_2048,,,,,0.7371162280600725,0.8657437218008454,,
IDRiD_09_512_3072,,,0.0,0.0,,,,
IDRiD_09_512_512,0.5220047063509637,0.4111522990739715,0.47488584470548983,0.3999999999384616,0.7642928785592484,0.9007092196452223,,
IDRiD_10_0_1024,,,,,0.759328897886146,0.6919913533996309,,
IDRiD_10_0_1536,,,0.7207130729745029,0.7480176210794698,0.807328434902743,0.7645360074567057,,
IDRiD_10_0_2048,0.7981037839634382,0.7725969023947177,0.5334645669028807,0.6187214611165843,0.7602845497563092,0.7799304004530206,,
IDRiD_10_0_2560,0.39520185734044627,0.6586414445116664,0.6386409444100594,0.7378576180480467,0.7326269865887718,0.8736529170987123,,
IDRiD_10_0_3072,,,,,0.2545154054981169,0.14710698689755586,,
IDRiD_10_0_512,,,,,0.23754789262929196,0.13478260863705105,,
IDRiD_10_1024_0,,,,,0.5500982317190376,0.3794037939351209,,
IDRiD_10_1024_1024,0.3614493614439939,0.323326248663036,0.32281664378953745,0.1992099322686676,0.8260825982316254,0.8476650894790406,,
IDRiD_10_1024_1536,,,,,0.9754378752008379,0.967806289596181,,
IDRiD_10_1024_2048,,,0.8511821974373308,0.9622641507920969,0.9749925524709614,0.9898598860606483,,
IDRiD_10_1024_2560,0.7757758031421031,0.7815667694976776,0.5937961595127081,0.4890510948706792,0.7955367913132377,0.7778651464486814,,
IDRiD_10_1024_3072,0.40154994258895593,0.9978601996435192,0.6685052398969384,0.6090452260694427,0.8134591337909886,0.7579705539587123,,
IDRiD_10_1024_512,,,,,0.7209386608647235,0.6173960273074379,,
IDRiD_10_1536_0,,,0.0,0.0,0.6024472793464924,0.4347172646921902,,
IDRiD_10_1536_1024,,,0.7087529046975697,0.6890060240445025,0.6924951468312234,0.702917994292278,,
IDRiD_10_1536_1536,,,0.43514644333257474,0.28260869549858225,0.8076964887475228,0.8566393253587092,,
IDRiD_10_1536_2048,0.4569754292152926,0.9999999999775029,0.4636433512611277,0.31370917411454735,0.7840742738254409,0.7219167878525807,,
IDRiD_10_1536_2560,,,0.5339458907333361,0.48336414043591824,0.8309652975096208,0.8019612731621293,,
IDRiD_10_1536_3072,,,0.2320284697343752,0.20554854978492454,0.7110999749258056,0.6959293771115287,,
IDRiD_10_1536_512,0.6393029121687765,0.5112781954793457,,,,,,
IDRiD_10_2048_1024,0.0,0.0,0.23070398640960948,0.1303930968235481,0.0,0.0,,
IDRiD_10_2048_1536,0.0,0.0,0.6883384932565356,0.9434229135865032,0.5403791222988785,0.5089263878574486,,
IDRiD_10_2048_2048,0.6830949508815862,0.6934919524021432,0.12780194044403473,0.06900289017091753,0.6872633047569536,0.8366901237360668,,
IDRiD_10_2048_2560,0.16649648627445193,0.09172733289151735,,,0.6992753621921604,0.5498575497008953,,
IDRiD_10_2048_3072,0.3047798066554138,0.37947174856638344,0.04374999999544271,0.022364217250014463,0.5951620264447667,0.48875562215226714,,
IDRiD_10_2048_512,,,,,0.8084626233904524,0.7444155843769135,,
IDRiD_10_512_1024,,,0.11970802917960467,0.06366459626340612,0.8297865269352382,0.8070682038556037,,
IDRiD_10_512_1536,,,,,0.8340800767487226,0.8342759141655929,,
IDRiD_10_512_2048,0.7935516120870588,0.7167042889228735,0.19349845200489557,0.10993843447185847,0.8265076767410507,0.9494071762855704,,
IDRiD_10_512_2560,0.22618705035320327,0.1979848866399,0.38458450420745516,0.24308551128538225,0.8183538526597539,0.7895098586675136,,
IDRiD_10_512_3072,0.5092707045665531,0.4121831925208497,0.1745680106258499,0.10061287027065306,0.6597186744298228,0.5730430152028102,,
IDRiD_10_512_512,0.15610882782461155,0.933766761441131,0.0,0.0,0.7639019792468449,0.6329558765859838,,
IDRiD_11_0_1024,,,0.0,0.0,,,,
IDRiD_11_0_1536,0.27929042903714335,0.350232798740288,0.07508090614400771,0.039004707462070964,0.007029876975917421,0.003527336860048089,,
IDRiD_11_0_2048,,,0.521483225396028,0.3763806286850993,,,,
IDRiD_11_0_2560,0.787324801942034,0.6857749469093104,0.0,0.0,,,,
IDRiD_11_0_3072,,,,,0.6059152677373368,0.7945492660808072,,
IDRiD_11_0_512,0.2254901960563245,0.13772455088170965,0.4758064515169745,0.3129973473970829,0.0,0.0,,
IDRiD_11_1024_1024,,,0.7178247733705242,0.8671532845449411,,,,
IDRiD_11_1024_1536,0.0,0.0,0.2462896109006703,0.16355887052937884,0.8252356780242316,0.8076650106394789,,
IDRiD_11_1024_2048,0.01273885350156193,0.006648936169328599,0.182844243771688,0.18620689650891795,0.8301886792443653,0.7672850604757124,,
IDRiD_11_1024_2560,0.0008892841262585753,0.0004448398576413514,0.0639192598768781,0.04993429697109931,0.8290158162986324,0.7714159984334749,,
IDRiD_11_1024_3072,0.33507534186771587,0.21153634663910956,,,0.8192771083103498,0.9444444441165123,,
IDRiD_11_1536_1024,,,0.43817787409150155,0.3196202530634113,,,,
IDRiD_11_1536_1536,,,0.06499261446602768,0.033639143725743254,0.8381517173111175,0.8704131382891862,,
IDRiD_11_1536_2048,0.0,0.0,0.0,0.0,0.8518808975667184,0.7716668958212032,,
IDRiD_11_1536_2560,0.0,0.0,0.0,0.0,0.7758130947299439,0.6476376785807346,,
IDRiD_11_1536_3072,,,,,0.6820564516060276,0.5500813008040637,,
IDRiD_11_2048_1024,,,0.2285100286451107,0.1292544570450059,0.6917808218388378,0.5297202796276713,,
IDRiD_11_2048_1536,,,,,0.0,0.0,,
IDRiD_11_2048_2048,,,,,0.8027678571410652,0.7153882877119853,,
IDRiD_11_2048_2560,0.4488175079381502,0.34964938814313695,0.0,0.0,0.7485910927098469,0.7113744075761954,,
IDRiD_11_2048_3072,0.7434782608639918,0.7593017914445062,0.0,0.0,0.6535141799843702,0.556722689017151,,
IDRiD_11_512_1024,,,,,0.5219750406661977,0.35815338791078527,,
IDRiD_11_512_1536,,,0.7483683828318805,0.6632390744648793,0.6560480147716131,0.5598581640087811,,
IDRiD_11_512_2048,,,0.2532588454140355,0.14498933900373248,0.7921840084665532,0.6907412833264261,,
IDRiD_11_512_2560,0.0,0.0,0.5593966058730737,0.4419066533821344,0.6794126199427202,0.5724611049788991,,
IDRiD_11_512_3072,0.33729338842684836,0.4440163191195826,0.0,0.0,0.0,0.0,,
IDRiD_11_512_512,,,0.17887563882633084,0.09822263797023174,,,,
IDRiD_12_0_1024,,,,,0.540621865569678,0.8056801194610343,,
IDRiD_12_0_2560,0.0,0.0,0.24032586555597496,0.17352941173918687,,,,
IDRiD_12_0_3072,0.3293745051203979,0.19715639808557758,0.19540229873827455,0.12408759115030103,,,,
IDRiD_12_0_512,0.40111703477021793,0.2510327295757537,,,,,,
IDRiD_12_1024_1024,0.1617793515538244,0.9999999999316005,,,,,,
IDRiD_12_1024_2048,0.5536799459450588,0.9447004606118201,0.5667396060649081,0.9999999996138995,0.04192489974404074,0.8582089545834262,,
IDRiD_12_1024_2560,,,0.7894073138979311,0.9287833825137141,,,,
IDRiD_12_1536_2048,0.0,0.0,,,0.65303350437177,0.8235629996036627,,
IDRiD_12_1536_3072,,,0.0,0.0,,,,
IDRiD_12_2048_1536,,,0.5263157891658972,0.40178571392697704,,,,
IDRiD_12_2048_2048,,,0.0,0.0,,,,
IDRiD_12_2048_2560,,,0.5728813558351049,0.4333333332222222,,,,
IDRiD_12_2048_3072,,,0.15439856370657118,0.09706546273203939,,,,
IDRiD_12_2048_512,0.777066178689324,0.7097493035816296,0.7236723671715866,0.5669957686083222,,,,
IDRiD_12_512_2560,0.9057278536644611,0.8935222672013098,0.0,0.0,,,,
IDRiD_12_512_512,,,,,0.7441860463962503,0.7920792076593798,,
IDRiD_13_0_1024,0.8327414772579415,0.7378854625318476,0.28683693511064107,0.2466216215383035,,,,
IDRiD_13_0_1536,,,0.6577812622243128,0.5026962252544819,,,,
IDRiD_13_0_2048,0.6132075471572354,0.4612773835093713,0.5727272726404959,0.48461538449112423,0.4466019416030414,0.28749999988020836,,
IDRiD_13_0_2560,0.8519305260420851,0.9659960328431285,0.6235242675722115,0.4532739986997283,,,,
IDRiD_13_0_3072,0.11897852582531952,0.5503355703959282,0.2789425706217919,0.16398713824608926,,,,
IDRiD_13_0_512,,,0.552547039901214,0.46522411124689145,0.3767123286381122,0.23206751045060442,0.7994878183804004,0.7378473331156956
IDRiD_13_1024_0,0.0,0.0,0.6367461429681983,0.8798449608992848,,,,
IDRiD_13_1024_1024,0.258777314012797,0.4156151419230587,0.6247101689094168,0.4845837615372773,0.883359198954079,0.821895904713947,,
IDRiD_13_1024_1536,0.059021922426671675,0.19090909087438018,0.1729729729651814,0.104575163392997,0.771538569884099,0.7089301121626017,0.0,0.0
IDRiD_13_1024_2048,,,0.49293657948623576,0.3598069328495039,0.07084468664206678,0.05220883533437633,0.0,0.0
IDRiD_13_1024_2560,,,,,0.0,0.0,,
IDRiD_13_1024_3072,,,,,0.6235624840222884,0.5088280272416401,,
IDRiD_13_1024_3584,,,0.7631205672676425,0.6299765806487174,0.7663551394706962,0.6307692297988167,,
IDRiD_13_1024_512,0.32174847723677,0.19253859347373334,0.8030379746632142,0.7855373947109688,0.6846235829795114,0.6607443426096737,,
IDRiD_13_1536_0,,,0.5529010237020815,0.46551724111177173,0.5052631577174514,0.3412322273264302,,
IDRiD_13_1536_1024,,,0.30563798217317223,0.18101933214578037,0.7638083612944185,0.7040787622868051,,
IDRiD_13_1536_1536,0.16704288935281197,0.09511568120948183,0.34948096884301555,0.275391956354779,0.7194050033563419,0.6277286135322874,,
IDRiD_13_1536_2048,0.2932187201388148,0.18788249692852615,0.601434426198697,0.5887662988376363,0.5236754542993685,0.3986749804988825,0.5041886994206869,0.34893092104976203
IDRiD_13_1536_2560,0.47245609814201994,0.31790223372745385,0.5223562810133174,0.6366782005818896,,,,
IDRiD_13_1536_3072,,,0.7066167290004224,0.9339933990316853,0.47487684724385454,0.32392473113925746,,
IDRiD_13_1536_3584,,,,,0.0,0.0,,
IDRiD_13_1536_512,,,0.32213209731621484,0.1977240398152401,0.0,0.0,,
IDRiD_13_2048_1024,0.05325443786807185,0.02735562309938009,0.4872846595170398,0.43612334795357954,0.3741429970250595,0.24207858045094063,0.8948212983093389,0.8428139598559271
IDRiD_13_2048_1536,,,0.7011952190885858,0.6241134751219757,,,0.029714781476740972,0.015081461910886376
IDRiD_13_2048_2048,0.1694178974730922,0.0954478707735953,0.0,0.0,0.7468354428016343,0.6145833330132379,,
IDRiD_13_2048_2560,0.0,0.0,0.038543897208020574,0.03169014083391192,,,,
IDRiD_13_2048_512,,,0.5090114691147454,0.4055700608872437,,,0.420313204869367,0.2680861558675757
IDRiD_13_512_0,0.0,0.0,0.0,0.0,,,,
IDRiD_13_512_1024,0.329617834368661,0.22622950817199677,0.6288102261399015,0.5405748097827314,0.8125406626311178,0.766572474172496,,
IDRiD_13_512_1536,,,0.7259925679498144,0.6475924633409773,0.7903923295168864,0.7412647728093275,,
IDRiD_13_512_2048,,,0.8284789642672364,0.723163841603626,0.811825809012948,0.8544995794426199,,
IDRiD_13_512_2560,0.6132827324245433,0.5821325647995581,0.6440266827990281,0.5115606935923351,,,,
IDRiD_13_512_3072,,,,,0.6039978389733118,0.4384313725146328,,
IDRiD_13_512_3584,,,,,0.2215568861612105,0.12457912453717873,,
IDRiD_13_512_512,0.0,0.0,0.3146274148744593,0.19235095610884692,0.5281090289428243,0.3652214891439575,0.0,0.0
IDRiD_14_0_1024,,,0.7095851215515318,0.8157894735500347,,,,
IDRiD_14_0_1536,0.0762499999976172,0.03963612735413788,0.6641509431456034,0.7272727266716754,0.0,0.0,,
IDRiD_14_0_2048,0.7856022905393305,0.6861974514625914,0.47626709569780634,0.9999999996621621,0.7838270616336304,0.9090064994935466,,
IDRiD_14_0_2560,0.5418628990022117,0.39628779180638835,0.5784078516776793,0.6326335877560767,,,0.75086726309681,0.8696341721202195
IDRiD_14_0_3072,0.0,0.0,,,0.0,0.0,,
IDRiD_14_0_512,,,0.25799338477078315,0.15961800817465088,,,,
IDRiD_14_1024_0,,,0.0,0.0,,,,
IDRiD_14_1024_1024,0.16458852867009532,0.7932692303878514,0.015209125473357525,0.010101010099309594,,,,
IDRiD_14_1024_1536,0.6709222240774245,0.5578212290346978,0.3240324032257411,0.21428571427295917,0.8310097029478722,0.8624553203130157,,
IDRiD_14_1024_2048,,,0.2201834862132817,0.12664907650044208,0.82261754259102,0.802095562336223,,
IDRiD_14_1024_2560,,,0.0,0.0,0.7894776770458797,0.7604311289705501,,
IDRiD_14_1024_3072,,,0.0,0.0,0.7569830731457803,0.6512298034305729,,
IDRiD_14_1024_3584,,,,,0.0,0.0,,
IDRiD_14_1024_512,,,0.745599999880704,0.6115485562699348,0.4056261342920684,0.2573402417887927,,
IDRiD_14_1536_0,0.5664687071463468,0.663811563098093,,,,,,
IDRiD_14_1536_1024,,,0.0,0.0,,,,
IDRiD_14_1536_1536,0.8911270983177813,0.91085873028098,0.0,0.0,0.6707274625709932,0.577811094435448,,
IDRiD_14_1536_2048,0.0,0.0,0.5939053382192803,0.45572139301971076,0.786793115546421,0.7277452891251545,,
IDRiD_14_1536_2560,,,0.6669658886594719,0.5467255334402703,0.7658413764002132,0.7376717865506196,,
IDRiD_14_1536_3072,0.0,0.0,0.39224137922581004,0.4044444442646914,0.43295638119015245,0.2791666666085069,,
IDRiD_14_1536_512,,,0.7820437093454197,0.8552971575122356,,,,
IDRiD_14_2048_1024,0.07364787110775053,0.03823178016269632,0.3744752308669626,0.31364275663661845,,,,
IDRiD_14_2048_1536,,,0.6365105007049257,0.7086330932702758,,,,
IDRiD_14_2048_2048,,,0.0,0.0,0.546397096913095,0.3838310269203328,,
IDRiD_14_2048_2560,0.8034158838462269,0.7839999999738667,0.6679940268457942,0.5531739488414531,0.6808345463301229,0.7786903440448681,,
IDRiD_14_2048_3072,0.4402238426243815,0.41952165480221326,0.6112035496225401,0.45688225537077604,0.0,0.0,,
IDRiD_14_2048_512,0.8626704725384501,0.7585052983402952,,,,,,
IDRiD_14_512_1536,0.0,0.0,0.0,0.0,0.731952543728816,0.6394940266929112,,
IDRiD_14_512_2048,0.0,0.0,0.3960518198398487,0.9145299142693646,0.8178794391545955,0.84432118330246,,
IDRiD_14_512_2560,0.0,0.0,0.5870948197338051,0.64087301583063,0.7883315981774994,0.7447735863583091,0.0,0.0
IDRiD_14_512_3072,0.0,0.0,0.0,0.0,0.79443143376536,0.7421001458254229,,
IDRiD_14_512_512,,,0.6692708332461887,0.5171026155901202,,,,
IDRiD_15_0_1536,,,0.0,0.0,,,,
IDRiD_15_1024_0,,,0.0,0.0,0.5975384615200757,0.4356213548481103,,
IDRiD_15_1024_1024,,,,,0.7706746463442509,0.7841129255249346,,
IDRiD_15_1024_1536,,,,,0.0006091989034234177,0.0003046922608072915,,
IDRiD_15_1024_512,,,,,0.80829641562445,0.7251304696879761,,
IDRiD_15_1536_2048,,,0.0,0.0,0.0,0.0,,
IDRiD_15_1536_512,0.0,0.0,,,0.0,0.0,,
IDRiD_15_2048_2048,,,0.21874999982910157,0.1228070174361342,,,,
IDRiD_15_512_1024,0.0,0.0,,,0.7251136019344131,0.7308255984278111,,
IDRiD_15_512_512,0.40145454543994713,0.2514806378017549,0.0,0.0,,,,
IDRiD_16_0_2560,,,0.0,0.0,0.8985200845476,0.9015697920703619,,
IDRiD_16_1024_2048,,,0.7687016336398365,0.634943181727991,0.0,0.0,,
IDRiD_16_1024_2560,0.0,0.0,0.0,0.0,0.4745166959551306,0.34947807932902314,,
IDRiD_16_1024_3072,0.7810127218746868,0.6604303086941029,0.2891030392669308,0.17000871838099313,0.7929269219574074,0.7097406755214113,,
IDRiD_16_1024_3584,0.47604084837093325,0.3151326052878246,,,,,,
IDRiD_16_1536_2048,,,,,0.0,0.0,,
IDRiD_16_1536_2560,,,,,0.6088538508134033,0.4865688174953397,,
IDRiD_16_1536_3072,,,,,0.7835299102988662,0.7063542595096606,,
IDRiD_16_2048_1024,,,,,0.0,0.0,,
IDRiD_16_2048_1536,,,0.0,0.0,,,,
IDRiD_16_2048_2560,,,,,0.1297577854559033,0.0693802035088455,,
IDRiD_16_2048_3072,,,,,0.0,0.0,,
IDRiD_16_2048_512,,,0.0,0.0,0.0,0.0,,
IDRiD_16_512_1536,,,0.7744401965715761,0.6971484758409884,,,,
IDRiD_16_512_2048,,,,,0.0,0.0,,
IDRiD_16_512_2560,,,,,0.8130704041711526,0.7526022024421856,,
IDRiD_16_512_3072,,,,,0.7704577552482308,0.6528227509411119,,
IDRiD_17_0_1024,0.6127898805287,0.843123035996057,0.0,0.0,0.7594152491671137,0.8950807071368808,,
IDRiD_17_0_1536,0.11585823697208343,0.06258365443089603,0.0,0.0,0.6929159401456026,0.6642823822059999,,
IDRiD_17_0_2048,0.3171306444533178,0.24796469277466807,,,0.6208279041765018,0.5908613946333028,,
IDRiD_17_0_2560,0.6869390802736528,0.6552889584071526,0.0,0.0,0.7616998386024287,0.8571428570909719,,
IDRiD_17_0_3072,0.21783261411160376,0.9999999999441964,,,,,,
IDRiD_17_0_512,,,,,0.7885862515189902,0.9589905359750818,0.8297882243387024,0.7162140446672327
IDRiD_17_1024_0,0.10354711572820183,0.061679649983334965,0.4656249999272461,0.6234309620822465,0.0,0.0,,
IDRiD_17_1024_1024,0.2610514572565817,0.15173867228538754,0.4982658959249557,0.3437001594622248,0.7906466296679047,0.89262784410652,,
IDRiD_17_1024_1536,0.7789029535848546,0.7924787498892741,0.7694174756347795,0.6687763711669248,0.7064904552087724,0.75743073046905,,
IDRiD_17_1024_2048,0.6467949270958209,0.5607329842889998,,,0.6485191637560047,0.534553940037075,,
IDRiD_17_1024_2560,0.0,0.0,,,0.01879282754085268,0.15400134497955606,,
IDRiD_17_1024_3072,0.1779400749060338,0.5207716759780688,0.0,0.0,,,,
IDRiD_17_1024_3584,,,0.8235294116811837,0.8675213673359997,,,,
IDRiD_17_1024_512,0.7854722130558573,0.672504108459981,0.0,0.0,0.756239563116044,0.7386053072346883,,
IDRiD_17_1536_0,0.7710890617664108,0.9877827810749936,,,,,,
IDRiD_17_1536_1024,0.0,0.0,,,0.6524840983296696,0.8951650943290663,,
IDRiD_17_1536_1536,0.6582870034620164,0.672040799533832,0.30985915489320903,0.28387096768088793,0.6433543254835652,0.8704035874244305,,
IDRiD_17_1536_2048,0.4032042723626478,0.2585699196615905,0.6745762710721057,0.9386792448402457,0.10760233916870149,0.07142857141748003,0.8292118458799588,0.9275167785145971
IDRiD_17_1536_2560,0.0,0.0,,,,,,
IDRiD_17_1536_3072,0.8812123679383828,0.9102908459480842,0.4757834757157004,0.32053742796150914,,,0.0,0.0
IDRiD_17_1536_512,0.935209926825827,0.9099334642548231,,,0.5042854081824283,0.9252997837443425,,
IDRiD_17_2048_0,0.8314398616891119,0.7115079784348355,,,,,,
IDRiD_17_2048_1024,0.9184869616392459,0.9742334169496041,,,0.8340776365223608,0.8125836679509649,,
IDRiD_17_2048_1536,0.6941432543286881,0.9999999999990337,,,0.35192307688923813,0.2178571428312075,,
IDRiD_17_2048_2048,0.5106040040708547,0.3599988037909028,,,0.7880910682322161,0.6656804732743077,0.0,0.0
IDRiD_17_2048_2560,0.8786110510762205,0.8334016673485831,0.5277777777254189,0.39002932545600744,,,0.1881344461947184,0.15582959640673283
IDRiD_17_2048_3072,0.7064530564741672,0.5964514568957912,,,,,,
IDRiD_17_2048_512,0.9731676199741759,0.9878460684075219,,,,,,
IDRiD_17_512_0,,,0.6794258369954901,0.5144927532503676,0.3730964466531604,0.2394136807427665,,
IDRiD_17_512_1024,0.6872421695898606,0.7784700588304176,0.0,0.0,0.7419661689880848,0.8137899750473404,,
IDRiD_17_512_1536,0.6548345729640686,0.5305901911842843,0.6591883866601915,0.6021699818986688,0.816874202337248,0.8555017701002258,,
IDRiD_17_512_2048,0.6862478550560777,0.5726559303731444,0.0,0.0,0.5766225482287255,0.44863523572087755,,
IDRiD_17_512_2560,0.0,0.0,0.5296391752236057,0.4069306930290168,0.12967032966795475,0.07419828128119475,,
IDRiD_17_512_3072,0.2643884892078661,0.9999999999780558,0.2735426008661948,0.15844155842098162,,,,
IDRiD_17_512_512,0.21081576535200894,0.39642745220312714,0.017094017092688887,0.010348071494793219,0.6810945701717533,0.6104426962778772,0.46323422769787354,0.30143450358341417
IDRiD_18_0_1024,0.0,0.0,0.502578796547204,0.5735775015975423,,,,
IDRiD_18_0_1536,0.6969054684040503,0.6977928692403315,0.0,0.0,0.4994272622947909,0.3487999999813973,,
IDRiD_18_0_2048,,,0.32448890820685133,0.3123953098565833,0.7348088531039274,0.7646566163833897,,
IDRiD_18_0_2560,0.7352368591783731,0.6750744786427499,0.32680363113584315,0.26781519183494007,0.5968720821592335,0.6089545129647784,0.7743587312086939,0.6663946466405549
IDRiD_18_0_3072,,,0.0,0.0,,,0.8312533091231279,0.9178219475377013
IDRiD_18_0_512,,,0.8301158300624121,0.7733812948712973,,,,
IDRiD_18_1024_0,0.33190025792503003,0.2516297261731904,0.5868613138257766,0.7282608694332862,0.6030150750738618,0.4477611936957006,,
IDRiD_18_1024_1024,0.23000397929844793,0.1372269705537879,0.4642698623850746,0.6628643852138322,0.736896149354787,0.8163391933731505,,
IDRiD_18_1024_1536,0.4663275686657635,0.5403961018505156,0.14730498827762623,0.18440905279258935,0.715985514740554,0.7626490331553687,,
IDRiD_18_1024_2048,,,0.4080338266169115,0.39834881316838505,,,,
IDRiD_18_1024_3072,,,,,,,0.8591872305253684,0.7762950683731761
IDRiD_18_1024_512,0.6837868197682109,0.6091960413621195,0.21259842518489322,0.13725490195081663,0.78346127536474,0.8171872522550754,,
IDRiD_18_1536_0,0.7265846735358008,0.5714285713435374,0.5029239765101513,0.6515151511861035,0.8393808677787521,0.8324106693088872,,
IDRiD_18_1536_1024,0.19889883000346012,0.1164383561620379,0.521653543289972,0.5353535353174845,0.7662068965473207,0.8645914396775021,,
IDRiD_18_1536_1536,,,0.0,0.0,0.5363805969899077,0.37434895830896164,,
IDRiD_18_1536_2048,,,0.41813208282852166,0.4001495886013351,0.526213592181921,0.4779541445365161,,
IDRiD_18_1536_3072,,,0.21184919206250466,0.22519083960870576,,,,
IDRiD_18_1536_3584,0.0,0.0,,,,,,
IDRiD_18_1536_512,0.2572775159340927,0.23316582913401177,0.07457627118282924,0.06838365896373147,0.7827140549255459,0.8894895201137769,,
IDRiD_18_2048_0,0.1471861471542887,0.09523809521141789,0.0,0.0,,,,
IDRiD_18_2048_1024,0.3547863710017635,0.22913028291201082,0.0,0.0,0.7410898379926887,0.8437290409008219,,
IDRiD_18_2048_1536,,,0.15870880967325426,0.2099644127740277,0.8352180936320501,0.8003095973993329,0.0,0.0
IDRiD_18_2048_2048,,,0.2894029047719525,0.251167133496623,0.0,0.0,,
IDRiD_18_2048_2560,,,0.0,0.0,,,,
IDRiD_18_2048_3072,0.44515565899199433,0.5889145496082436,0.11725293130364273,0.1219512194697034,,,,
IDRiD_18_2048_512,0.6274556325314903,0.8393956706605764,0.23068309069687634,0.22991071426860782,0.744537815105195,0.904081632591559,,
IDRiD_18_512_1024,0.4708688245234946,0.49392423157634296,0.4487072560092821,0.8078078075652229,0.8488152652369718,0.8830715531900929,,
IDRiD_18_512_1536,0.48236953454599296,0.6319957761017954,,,0.0,0.0,,
IDRiD_18_512_2048,0.6213083080234432,0.5215477293669707,0.0,0.0,,,,
IDRiD_18_512_3072,,,0.00838574423304282,0.006389776355786013,0.4756335282419282,0.32511658891904616,,
IDRiD_18_512_512,0.5611592020970801,0.7511335012216054,0.6835074082904177,0.7508004268542796,0.8199983688083353,0.868596112303511,,
IDRiD_19_0_1024,0.7312165985309269,0.5823735603113483,,,,,0.6356437791448568,0.46589282874120064
IDRiD_19_0_1536,,,,,0.0,0.0,,
IDRiD_19_0_2048,,,,,,,0.6275434459817697,0.4580571137116515
IDRiD_19_0_2560,0.040214477206405565,0.02097902097608685,,,,,,
IDRiD_19_1024_0,,,0.18410041833301238,0.28205128168967786,,,,
IDRiD_19_1024_1024,,,,,0.8324778347721663,0.7521079257375962,,
IDRiD_19_1024_1536,,,,,0.7149585837142284,0.6274230330493893,,
IDRiD_19_1024_2560,,,0.8226691040543567,0.8333333330246913,,,,
IDRiD_19_1024_512,0.28488612835259275,0.9999999997093023,0.0,0.0,,,,
IDRiD_19_1536_2048,0.0,0.0,0.435668789753418,0.3426853706728085,,,,
IDRiD_19_1536_2560,,,0.0,0.0,,,,
IDRiD_19_1536_3072,,,0.0,0.0,0.6907449209542469,0.7132867132035796,,
IDRiD_19_1536_512,0.7315541600968778,0.7258566977627837,,,,,,
IDRiD_19_2048_1024,0.7970565453085653,0.7352625937747378,0.8050139274644827,0.9352750806034708,,,,
IDRiD_19_2048_1536,0.0,0.0,0.24427480913699667,0.643216080078786,,,,
IDRiD_19_2048_2048,0.6765692381084538,0.5308270676292611,0.8466666663844444,0.7743902434302499,,,,
IDRiD_19_2048_2560,0.0,0.0,,,,,,
IDRiD_19_2048_3072,,,0.8078817732000291,0.6776859501331877,,,0.7635113054562432,0.6179189441056449
IDRiD_19_2048_512,0.8023677003197953,0.7700525690898753,0.7035714285295492,0.6896149357421687,,,0.6896198830358945,0.984965546022448
IDRiD_19_512_1024,0.760152494606662,0.8730249381139725,0.47169811317046395,0.4950495048688037,0.7290427257582994,0.7641723355142662,,
IDRiD_19_512_1536,0.8053580385306542,0.7432336764104818,0.5651438239792602,0.5475409835167966,0.7566106581343456,0.7718749999929055,0.5738024586640627,0.41803582457791183
IDRiD_19_512_2048,0.13555892766132732,0.07270754204705873,,,,,,
IDRiD_19_512_512,0.5113011606441265,0.4519438444680376,0.436553524781381,0.3306962025054829,,,,
IDRiD_20_0_1024,0.0035919540228594848,0.002501250625187531,0.20240025948094714,0.489028213089494,,,,
IDRiD_20_0_1536,0.7986068247914707,0.6720338354183273,0.0,0.0,0.5330719223967282,0.44191616765711006,,
IDRiD_20_0_2048,0.660015961665602,0.4946172248508004,0.582677165277864,0.4126394051277622,0.5472809144251028,0.4018311291758987,,
IDRiD_20_0_2560,,,0.0,0.0,,,,
IDRiD_20_0_512,0.0,0.0,,,,,,
IDRiD_20_1024_0,,,0.7110064743548554,0.6113360323267879,,,,
IDRiD_20_1024_1024,0.4341670599134419,0.3862300587417103,0.3205233033262041,0.3999999999183673,0.8142479115840444,0.8469883419643405,,
IDRiD_20_1024_1536,0.0,0.0,0.008010680906807652,0.007109004737651894,0.7922841010037769,0.7595625412136757,,
IDRiD_20_1024_2048,,,0.6731967942809974,0.5531707316803331,0.0,0.0,,
IDRiD_20_1024_2560,,,0.6377708977340912,0.5786516852307158,,,,
IDRiD_20_1024_3072,0.7033218785594696,0.5792452829915451,0.7484374999415283,0.9410609035479252,,,,
IDRiD_20_1024_512,0.6435907188984062,0.5950413223035864,0.6082661814242718,0.6090577823732921,0.80038204389683,0.8231827111175656,,
IDRiD_20_1536_1024,0.6466119254036788,0.5090623489546995,0.6013947001226947,0.4761484098729617,0.7495786178635943,0.6664050235431254,,
IDRiD_20_1536_1536,,,0.6989898988486889,0.5372670805784885,0.8621675267929251,0.7903777567451024,,
IDRiD_20_1536_2048,0.009577015162843015,0.004811547714128985,,,,,,
IDRiD_20_1536_3072,0.24300626304463457,0.16385135134827608,0.49807115300051136,0.33818393478823144,0.0,0.0,,
IDRiD_20_1536_512,0.571880937283981,0.4915623298589242,0.42499999998437504,0.4572784809764811,0.8520187706135203,0.8194655465115785,,
IDRiD_20_2048_1024,,,0.6236864526945843,0.6252847380053937,0.755621581468176,0.6965019295363095,,
IDRiD_20_2048_1536,0.5230410913238556,0.48941469487890993,0.3795365106961287,0.5733157198714246,0.7584791320422394,0.6503519946253713,,
IDRiD_20_2048_2560,0.6015564202100562,0.43016138005396987,,,,,,
IDRiD_20_2048_3072,0.2699914015361139,0.15606361828250181,0.30019493174462036,0.1989664082430276,0.0,0.0,,
IDRiD_20_2048_512,0.1282771535550497,0.0785775738434592,0.5809994508192752,0.43183673465862554,0.9135144429134757,0.8756248969901904,,
IDRiD_20_512_1024,0.0,0.0,0.8140517696562586,0.7918807810487214,0.8225501324240294,0.8120666985392898,,
IDRiD_20_512_1536,0.43543888432784705,0.33808917197021543,0.5130863573079645,0.5693041526215122,0.754054981132077,0.6988509923216365,,
IDRiD_20_512_2048,,,,,0.0,0.0,,
IDRiD_20_512_2560,0.12185031966446595,0.06519114687866434,0.004439511653225359,0.0035087719292089875,,,,
IDRiD_20_512_3072,,,0.0,0.0,,,,
IDRiD_20_512_512,,,0.4864341084799967,0.40746753240138517,0.8142857142469389,0.832521908390212,,
IDRiD_21_0_1024,0.4265284233030653,0.30279187816490377,0.23628691980629885,0.1355932203225674,0.05075784278989222,0.026039783000866554,,
IDRiD_21_0_1536,0.006024096384634926,0.0030211480357974097,0.5446841294089105,0.8782608694561167,0.36769394257516536,0.24094707517535557,,
IDRiD_21_0_2048,,,0.4653148345287818,0.3087818696446485,0.5202393523224133,0.4247126436537521,,
IDRiD_21_0_2560,,,0.4595238094964569,0.3222036727610848,,,,
IDRiD_21_0_3072,,,0.0,0.0,,,,
IDRiD_21_0_512,0.8575265535238978,0.9009748588788873,,,0.0,0.0,,
IDRiD_21_1024_1024,,,0.7313642756337851,0.6806282721919172,0.2962275819327079,0.35719612227015685,,
IDRiD_21_1024_1536,0.8161784612008437,0.8012970444312003,0.11032028467787897,0.06352459015091709,0.8732994414992243,0.8630413246502157,,
IDRiD_21_1024_2048,0.43823116517971183,0.2863038826003316,0.433515482669489,0.3137082600778815,0.797241995940718,0.8347616304161214,,
IDRiD_21_1024_2560,0.6765975219236318,0.5441516757442401,0.315632011943483,0.3116691284620873,0.7981035163903745,0.7442888725019264,,
IDRiD_21_1024_3072,0.3552060737478958,0.21595779755661132,0.6801195814140418,0.515288788163614,,,,
IDRiD_21_1536_0,,,,,0.0,0.0,,
IDRiD_21_1536_1024,,,0.7907444667212531,0.7844311375679778,0.007386363636153797,0.003706871970239325,,
IDRiD_21_1536_1536,0.678349959539543,0.5638727027985714,,,0.8893846079228828,0.9449468016566325,,
IDRiD_21_1536_2048,0.40335863070558114,0.2926429240793664,0.1347031963393434,0.1337868480573938,0.7560267937072177,0.7405094379289838,,
IDRiD_21_1536_2560,0.7314319170260478,0.6167571761011583,0.3031755542059212,0.5029821072558683,0.8141778036006643,0.7707031593735338,,
IDRiD_21_1536_3072,,,0.8078431370965014,0.7686567161310982,,,,
IDRiD_21_1536_512,0.7458533975188375,0.6140969162725067,,,0.25755958732630524,0.14781543486534032,,
IDRiD_21_2048_1024,0.0,0.0,0.0,0.0,0.0,0.0,,
IDRiD_21_2048_1536,0.5520917460741062,0.6362620997529315,0.49195106242807785,0.34695731150345527,0.5712767088277741,0.42909613541314123,,
IDRiD_21_2048_2048,0.4162673547067666,0.26991714467383815,0.5954356846318611,0.6689976689586831,0.7799105572564697,0.735104669883797,,
IDRiD_21_2048_2560,0.8557731538060406,0.8140888802481256,0.7160839160505322,0.6536170212209688,0.7743406056406923,0.7534854245403367,,
IDRiD_21_2048_3072,,,0.7343941247571122,0.6451612901838363,0.6004273503632023,0.4488817890656739,,
IDRiD_21_2048_512,0.21423905942428223,0.15457115926912618,0.0,0.0,0.0,0.0,,
IDRiD_21_512_1024,,,0.0,0.0,,,,
IDRiD_21_512_1536,,,0.0,0.0,0.6783114992612274,0.6356471657885527,,
IDRiD_21_512_2048,0.8163430967948566,0.8692019590770786,0.44761480158503725,0.37185185182430724,0.7262549656850283,0.7681436210701271,,
IDRiD_21_512_2560,0.5308813968558477,0.3948059124133885,0.30626598464494037,0.470068694752692,0.6065002901739263,0.9666975022232471,,
IDRiD_21_512_3072,0.031185031183950624,0.01583949313566211,0.8341346152843588,0.7446351929732542,,,,
IDRiD_21_512_512,,,0.6183908045266218,0.44758735433484403,0.0,0.0,,
IDRiD_22_0_1024,0.7309604295067722,0.6335122359513835,0.0,0.0,,,0.586832450059156,0.8653441538837255
IDRiD_22_0_1536,0.22427745663443482,0.12630208332511053,0.44799999996017775,0.9805447467001771,,,,
IDRiD_22_0_2048,0.5227639844419817,0.812837209287203,0.42972774095439825,0.3170466883477691,,,0.8244933160805687,0.809788235286496
IDRiD_22_0_2560,0.825625625623789,0.9272972567784575,,,0.6823973572278812,0.5318131665858105,,
IDRiD_22_0_3072,0.42888079284494945,0.5206928549302772,,,,,,
IDRiD_22_0_512,0.7363993269563545,0.7290394225025519,,,,,,
IDRiD_22_1024_1024,,,0.699203876749768,0.7127734650167414,,,,
IDRiD_22_1024_1536,,,0.6080821038737599,0.4514285713855782,0.803150003784035,0.8140189306686415,,
IDRiD_22_1024_2048,,,0.548017621097091,0.520938023363327,0.7405555253560534,0.7163739615076371,,
IDRiD_22_1024_3072,0.0,0.0,,,,,,
IDRiD_22_1024_512,,,0.7814313344716768,0.8244897955818409,,,,
IDRiD_22_1536_0,,,,,0.5275119616909383,0.5256257448717967,,
IDRiD_22_1536_1024,,,0.9177489176495943,0.9769585251205164,0.7633136093545394,0.6972972971088385,,
IDRiD_22_1536_1536,0.0,0.0,0.5704874834933802,0.5412499999323438,0.83889642694854,0.8253826984545144,,
IDRiD_22_1536_2048,0.28924980664672467,0.9599589321396347,0.041899441334930246,0.033407572375633056,0.8264889024700567,0.8563229764462444,,
IDRiD_22_1536_3072,0.7812736999594538,0.858623175343041,0.5407341091727185,0.38520408158351993,0.6844106463715682,0.5651491365555279,,
IDRiD_22_1536_3584,0.5515356464513294,0.38314990023567513,,,,,,
IDRiD_22_1536_512,,,0.7428571427755102,0.9037433152663787,0.6474672152057735,0.6323455549657285,,
IDRiD_22_2048_1024,0.5783691783911749,0.4339447411090331,0.4010989009887091,0.4294117644532872,,,0.8978053751696976,0.8862115753479333
IDRiD_22_2048_1536,0.8135782896501578,0.7887884267488465,,,,,,
IDRiD_22_2048_2048,,,0.0,0.0,,,,
IDRiD_22_2048_3072,,,0.6865248225976561,0.9166666663194444,,,,
IDRiD_22_2048_512,,,,,0.3099630995738076,0.1874999999581473,0.0,0.0
IDRiD_22_512_1024,0.6006409755325559,0.5078651685379831,,,0.9060862555055992,0.9517358170235617,0.6842801873328134,0.854219623787149
IDRiD_22_512_1536,,,0.7613843350854841,0.8583162215896681,,,,
IDRiD_22_512_2560,0.0,0.0,,,,,,
IDRiD_22_512_3072,0.8237034353671601,0.729364174209264,,,,,0.818696718438604,0.715831929339062
IDRiD_22_512_512,0.7914728143823937,0.8706080048751816,,,0.7452516619094818,0.631716643175051,0.2822580644998699,0.16978516977340366
IDRiD_23_0_1024,0.5557066638740679,0.5002354270599846,0.0,0.0,,,,
IDRiD_23_0_1536,,,,,,,0.7460907127365348,0.6567300380128254
IDRiD_23_0_2048,0.7218334854440633,0.6140441683866973,,,,,,
IDRiD_23_0_2560,0.3568106792598809,0.40049764699301943,,,,,,
IDRiD_23_0_3072,0.16019127315719692,0.08706952566318812,,,,,,
IDRiD_23_1024_1024,,,,,0.0,0.0,,
IDRiD_23_1024_1536,,,0.6150197627972316,0.6582064296686623,,,,
IDRiD_23_1024_2560,,,,,,,0.0,0.0
IDRiD_23_1024_3072,,,0.8403001071361039,0.8475675674759386,,,,
IDRiD_23_1536_1024,,,0.7214285711709183,0.5642458097406449,0.6635127143505762,0.5855949895310232,,
IDRiD_23_1536_1536,,,0.8390022674785712,0.9660574410010293,0.742120343786381,0.7920489295425002,,
IDRiD_23_1536_2560,,,,,0.7321755027087672,0.5933333332893826,,
IDRiD_23_1536_3072,,,0.7187222714535295,0.7297297295982469,0.564650851978539,0.41472392637019084,,
IDRiD_23_1536_3584,,,,,0.0,0.0,,
IDRiD_23_1536_512,,,0.6700507612512561,0.5038167937008332,0.5705246506572496,0.5906113536795518,,
IDRiD_23_2048_1024,0.0,0.0,,,,,,
IDRiD_23_2048_2048,0.08132548039716424,0.04264678355262168,,,,,,
IDRiD_23_2048_2560,0.6040551215605717,0.4327213279623652,0.8157099696653006,0.8766233763387585,,,,
IDRiD_23_2048_3072,,,,,0.4508338125100153,0.296744890212207,,
IDRiD_23_2048_512,0.6363298662645214,0.9991251093321923,,,0.0,0.0,,
IDRiD_23_512_1024,0.7524091919801259,0.7083042567791938,,,,,,
IDRiD_23_512_2048,,,0.7142857141156462,0.5555555553497942,,,,
IDRiD_23_512_2560,,,,,,,0.3208245772008323,0.19106078664849746
IDRiD_23_512_3072,0.0,0.0,,,,,0.3892473118237715,0.2418815982862237
IDRiD_23_512_512,,,0.477064220037595,0.6046511623219759,,,,
IDRiD_24_0_2048,,,,,0.5350318467929733,0.36521739098676753,,
IDRiD_24_1024_1536,,,,,0.0,0.0,,
IDRiD_24_1024_2048,,,,,0.516885180760491,0.4119696010002543,,
IDRiD_24_1024_2560,,,0.0,0.0,,,,
IDRiD_24_1536_1536,,,,,0.0,0.0,,
IDRiD_24_1536_2048,,,0.8980132449141704,0.8432835818797801,0.5051903113837238,0.33796296293167005,,
IDRiD_24_1536_2560,,,0.6814044212377888,0.5271629777611342,,,,
IDRiD_24_1536_512,0.5962636724363927,0.6225995552734466,,,0.1946472019227923,0.11004126545941662,,
IDRiD_24_2048_1024,0.7050566674089104,0.9923211169215195,,,,,,
IDRiD_24_2048_1536,0.7311240177406517,0.9648331829607905,0.5816876121038264,0.6694214873266854,,,,
IDRiD_24_512_1536,,,,,0.0,0.0,,
IDRiD_24_512_2048,,,,,0.49635036494086,0.33957553056556955,,
IDRiD_24_512_2560,0.7894081701845715,0.7612396333312693,,,,,,
IDRiD_24_512_512,0.6705788210010515,0.5923656927147801,,,,,,
IDRiD_25_0_1024,,,0.6991622238880746,0.5652709359257838,0.7426921263533042,0.6767264525793324,0.0,0.0
IDRiD_25_0_1536,0.0,0.0,0.04583333333015046,0.023454157780849028,0.7813963077815068,0.6536173148218597,,
IDRiD_25_0_2048,0.1474848564646597,0.07961330679499848,0.0,0.0,0.6861059190016903,0.6104664054970417,0.0,0.0
IDRiD_25_0_2560,0.546802151819804,0.48815368195850417,0.0,0.0,0.8169447545478555,0.7042422035520272,,
IDRiD_25_0_3072,0.2381767601087291,0.1716003700251064,,,0.5164394546498444,0.41335044924090497,,
IDRiD_25_0_512,0.5063838995778753,0.5707317072892326,0.0,0.0,0.6407346264894682,0.4815446650049388,0.00722021660629769,0.003623188405696121
IDRiD_25_1024_0,,,0.0,0.0,,,,
IDRiD_25_1024_1024,0.0,0.0,0.0,0.0,0.0,0.0,,
IDRiD_25_1024_1536,0.29680616739883803,0.675015654330776,0.0,0.0,0.8636296623902929,0.789602471847895,,
IDRiD_25_1024_2048,,,0.0,0.0,0.8499923066110624,0.7679883945832109,,
IDRiD_25_1024_2560,0.7786186568932155,0.7206901636900137,0.0,0.0,0.8544376235553539,0.7945558924062126,,
IDRiD_25_1024_3072,0.0,0.0,,,0.7723002482144962,0.6375142649619384,,
IDRiD_25_1024_512,,,0.5267629566247439,0.4287690179213321,,,,
IDRiD_25_1536_0,,,,,0.7833572452247695,0.9999999996336996,,
IDRiD_25_1536_1024,0.7459951790933264,0.9294310600834915,,,,,0.8868399892742598,0.9792825855217321
IDRiD_25_1536_1536,0.0,0.0,0.0,0.0,0.823081668286416,0.7071304097862007,,
IDRiD_25_1536_2048,0.0,0.0,0.17302798977785547,0.09497206701257763,0.8917619323799432,0.8289620147459685,0.0,0.0
IDRiD_25_1536_2560,0.5056040341156547,0.3439091055245621,0.0,0.0,0.7695365178453436,0.7622328458835457,0.0,0.0
IDRiD_25_1536_3072,0.6769115675924163,0.5618047291324996,0.314127861064394,0.19939879757521053,,,,
IDRiD_25_1536_512,0.057349192861993435,0.14150943394743087,0.8382352939943772,0.7786885243774074,0.0,0.0,,
IDRiD_25_2048_1024,0.009597637504259963,0.028077753773633314,,,,,,
IDRiD_25_2048_1536,0.21034895097178852,0.1331727460417538,0.10146699265883453,0.06454121305874484,0.7055028462864231,0.7550771729993877,,
IDRiD_25_2048_2048,0.24766440739971546,0.17186149387211133,0.45384218667076626,0.2985074626663156,,,,
IDRiD_25_2048_2560,0.15887495248652841,0.08641720074247639,0.0,0.0,0.0,0.0,,
IDRiD_25_2048_3072,,,0.5313432835292196,0.3973214285123034,0.0,0.0,,
IDRiD_25_512_1024,0.0,0.0,,,0.7952533800198517,0.6992097971446679,,
IDRiD_25_512_1536,0.6764678062283948,0.663143114500442,0.17018379849659007,0.19319938174704795,0.710059737153118,0.7392775400463799,,
IDRiD_25_512_2048,0.6064070334106619,0.4873363431140241,0.24441887226134826,0.1533352584420059,0.5469302568233119,0.7478991596520074,0.0,0.0
IDRiD_25_512_2560,0.7207476375739273,0.668923711867744,0.0,0.0,0.8489701080121734,0.8293695425434462,,
IDRiD_25_512_3072,,,0.01265822784008973,0.006369426747535397,0.7066022277059041,0.5545860059240237,,
IDRiD_25_512_512,0.8738210552925358,0.8709349593053386,,,,,,
IDRiD_26_0_1024,0.5583929906981686,0.4118203309627767,0.62948207165045,0.7281105989105735,,,,
IDRiD_26_0_1536,0.8017232742129874,0.7372397272758939,,,,,,
IDRiD_26_0_2048,,,0.37872070928570484,0.39866666661351113,,,,
IDRiD_26_0_2560,0.0,0.0,0.5840652446491824,0.5350574712336174,,,,
IDRiD_26_1024_1024,,,0.7963917525260057,0.9763033173813107,,,,
IDRiD_26_1024_1536,,,0.6604155175462325,0.70792274336981,,,,
IDRiD_26_1024_2048,0.09525057893085484,0.9714795008046809,0.3041322313546889,0.1793372319338524,,,,
IDRiD_26_1024_2560,0.5689139235949848,0.5144858325210289,0.4666117064935445,0.6206140350196695,,,,
IDRiD_26_1024_3072,0.9455422253559588,0.9662259615326548,0.0,0.0,,,,
IDRiD_26_1536_1024,,,0.660633484063253,0.999999999543379,,,,
IDRiD_26_1536_1536,,,0.7493619193083532,0.7726315788660388,,,,
IDRiD_26_1536_2048,0.18479248712324756,0.6132707774387888,,,,,,
IDRiD_26_1536_2560,,,0.6336302894970138,0.9693356046048832,,,,
IDRiD_26_1536_3072,0.14317673377618484,0.08832807570629622,0.30602240895287036,0.19108001748180675,,,,
IDRiD_26_2048_1024,,,,,0.8230452673768114,0.7407407405578418,,
IDRiD_26_2048_1536,0.26836211804387244,0.9181818180625738,0.0,0.0,,,,
IDRiD_26_2048_2048,,,0.7017225747323914,0.9974226801553033,,,,
IDRiD_26_2048_3072,0.8064733647950365,0.6776630571559096,,,,,,
IDRiD_26_512_1024,0.8702697725767873,0.8789287706818028,0.0,0.0,,,,
IDRiD_26_512_1536,0.0,0.0,0.4619478445736057,0.9999999997695852,,,,
IDRiD_26_512_2048,0.6658063536620268,0.9120307788196731,0.5950186799427769,0.5517321016038861,0.6452141832210451,0.7491670632675314,,
IDRiD_26_512_2560,,,0.764281024269065,0.807212205214479,,,,
IDRiD_26_512_3072,0.6928810751784571,0.6329527477796514,0.9042016805203023,0.8459119494195245,,,,
IDRiD_26_512_3584,0.0,0.0,,,,,,
IDRiD_26_512_512,0.568271507475601,0.6654343807148396,,,,,,
IDRiD_27_0_1024,,,,,0.873208379176052,0.7779960705740675,,
IDRiD_27_0_1536,0.0,0.0,0.7392344496723404,0.9507692304766864,0.2420135527472404,0.13812154695369494,,
IDRiD_27_0_2048,0.0,0.0,,,,,,
IDRiD_27_0_2560,0.12757731958688157,0.20256696428194632,0.343044727109436,0.21293937849144476,,,,
IDRiD_27_0_3072,,,0.0,0.0,,,,
IDRiD_27_0_512,0.0,0.0,0.7724230253833719,0.7194513714813652,,,,
IDRiD_27_1024_0,0.8519419838328439,0.8007319304519537,0.2392857142429847,0.21682847889423024,0.3447600391435103,0.67953667927431,,
IDRiD_27_1024_1024,0.07063197024709443,0.08636363632438017,0.6913921948327874,0.7811131956984919,0.7431635388540707,0.7140649149554835,,
IDRiD_27_1024_1536,0.0,0.0,0.531058020441566,0.6706896550567777,0.816491688534468,0.875263774901814,,
IDRiD_27_1024_2048,,,0.7592592592179053,0.7920454544554494,0.7014149581186628,0.5978341127098736,,
IDRiD_27_1024_2560,,,0.0,0.0,,,,
IDRiD_27_1024_512,0.42651439920026674,0.9970980846780558,0.6380336351710729,0.7924164523912328,0.7236498257800323,0.7844664777999945,,
IDRiD_27_1536_0,0.8425511118317074,0.8284478615983625,0.0,0.0,,,,
IDRiD_27_1536_1024,0.41278156102362656,0.35509205613035805,0.4710440456673931,0.47162106980516044,0.5473488371991191,0.40191256829502975,,
IDRiD_27_1536_1536,0.0,0.0,0.33699160746694695,0.2830802602729848,0.7917892989148608,0.8225148949384993,,
IDRiD_27_1536_2048,,,0.6101694914392416,0.5581395347394988,0.0,0.0,,
IDRiD_27_1536_2560,,,0.37871674485466095,0.5789473681440443,,,,
IDRiD_27_1536_512,0.5495676236558314,0.3962885363624036,0.49543295577291074,0.6408317579734563,0.6770635877935803,0.5408865638692059,,
IDRiD_27_2048_1024,0.5288989344356184,0.4924834635903497,0.5868042756879173,0.7573739295188036,0.6477117818763835,0.54151742101786,,
IDRiD_27_2048_1536,0.0,0.0,0.5610207861584479,0.5632231404725941,0.6986166007847611,0.8118660286925959,,
IDRiD_27_2048_2048,0.712076890902128,0.6661454260620684,0.2521739130069313,0.9999999988505748,0.571120689634658,0.5342741935124815,,
IDRiD_27_2048_512,0.44531468530222895,0.47128478386789313,0.4359464626984342,0.34378769599856523,,,,
IDRiD_27_512_1024,0.0,0.0,0.7727810650430307,0.9518950435930182,0.677708764641901,0.6481848184390637,,
IDRiD_27_512_1536,,,0.3168635875232619,0.257867132844592,0.6675804809247764,0.7799945090072298,,
IDRiD_27_512_2048,,,0.6826347304367314,0.9956331873381514,0.6778285134392201,0.9754198101490529,,
IDRiD_27_512_512,0.342280400192418,0.8712138209362528,0.010915197312723965,0.006852925671752613,,,,
IDRiD_28_0_3072,,,,,0.8818635605853805,0.8153846151337277,,
IDRiD_28_1024_1536,,,0.601818181763471,0.5220820188450975,0.5626650416298463,0.5114475627580707,,
IDRiD_28_1024_2048,,,0.05155555555097283,0.033218785792300254,0.0,0.0,,
IDRiD_28_1024_2560,0.7340916077241287,0.788118811829167,0.5188916875920792,0.7984496120936241,,,,
IDRiD_28_1024_3072,0.0,0.0,0.4966740576129583,0.9710982656152894,,,,
IDRiD_28_1536_1536,0.7877781467689214,0.8644314868174612,,,0.0,0.0,,
IDRiD_28_1536_2048,0.824019799390074,0.7028888888732692,0.8181818179752066,0.9642857137117348,0.454022988440514,0.295327102748537,,
IDRiD_28_1536_2560,0.8301904761865229,0.9214587737746145,0.6610407875300928,0.8303886922860817,0.40412371131243136,0.4140845069839318,,
IDRiD_28_1536_3072,,,0.4014732964269847,0.295392953849487,,,,
IDRiD_28_2048_1024,0.0,0.0,,,,,,
IDRiD_28_2048_1536,0.5984337023872959,0.8213491474557932,0.0,0.0,,,,
IDRiD_28_2048_2048,0.7300109528825298,0.7578169414009199,0.1949458483402625,0.10843373491798519,,,,
IDRiD_28_2048_2560,0.0,0.0,0.4140233722641055,0.8651162788685776,,,,
IDRiD_28_2048_3072,0.8541133454897948,0.802749140838299,,,,,,
IDRiD_28_2048_512,0.6932573598581901,0.9147869671892764,,,,,,
IDRiD_28_512_1536,0.8449306703874198,0.8487094300830895,,,,,,
IDRiD_28_512_2048,0.7095220451887825,0.7778229081731185,0.5450861194989781,0.9307958474287903,0.4091954022047826,0.2617647058053633,,
IDRiD_28_512_2560,0.0,0.0,0.35245046920203854,0.30124777178230877,,,,
IDRiD_28_512_3072,0.7639273622417998,0.6785128485140233,,,,,,
IDRiD_29_0_1024,,,0.7320388348803846,0.8726851849831747,,,,
IDRiD_29_0_1536,,,0.6936274508953888,0.6581395347306652,,,,
IDRiD_29_0_2560,0.0,0.0,0.684491978518116,0.6009389669950848,,,,
IDRiD_29_1024_1024,,,,,0.7504944899477114,0.6541871920860006,,
IDRiD_29_1024_2048,,,0.44776119397844305,0.3266331657744333,,,,
IDRiD_29_1024_2560,,,0.5988700563280027,0.4884792624477054,,,,
IDRiD_29_1024_3072,0.0,0.0,,,,,,
IDRiD_29_1536_1024,,,0.0,0.0,0.0,0.0,,
IDRiD_29_1536_1536,,,0.5811209438670913,0.5533707863614127,,,,
IDRiD_29_1536_2560,,,0.524444444211358,0.8309859143225551,,,,
IDRiD_29_1536_3072,0.159261396413199,0.0865203761701241,0.394678492151956,0.9999999988764046,,,,
IDRiD_29_2048_1024,,,0.7831800261782944,0.9675324672183335,0.6666666652777777,0.4999999984375,,
IDRiD_29_2048_1536,,,0.8646748680378428,0.7616099068849504,,,,
IDRiD_29_2048_2560,,,0.8735955054952815,0.9228486644145849,0.5696335077937557,0.9963369959720376,,
IDRiD_29_2048_3072,,,0.35185185152606313,0.21348314582754704,,,,
IDRiD_29_512_2048,,,0.07368421050692521,0.03878116342416034,,,,
IDRiD_29_512_2560,,,0.52079565994199,0.37499999990234373,,,,
IDRiD_29_512_3072,,,0.6078431370562604,0.9587628856095228,,,,
IDRiD_30_0_1024,,,0.0,0.0,,,,
IDRiD_30_0_2048,0.7478118859865068,0.8846293165848549,0.0,0.0,,,,
IDRiD_30_0_2560,0.5678659035043364,0.5348479014041261,0.0,0.0,,,0.7686778571698081,0.8915260886534765
IDRiD_30_1024_1024,0.8144063027528733,0.7532792004918458,,,0.5594359731011734,0.7599109131064629,,
IDRiD_30_1024_1536,,,,,0.795530439244827,0.8518773208519891,,
IDRiD_30_1024_2048,0.0,0.0,0.6385998107550331,0.727370689576792,0.5726695623024947,0.579249746516416,,
IDRiD_30_1024_512,0.3889399381806955,0.30132021744367954,0.030898876402324516,0.018121911036398524,0.7847222219497492,0.6457142853453062,,
IDRiD_30_1536_1024,,,,,0.16087880934936646,0.09153225806082532,,
IDRiD_30_1536_1536,,,,,0.5780124819693705,0.4714173844579939,,
IDRiD_30_1536_2048,0.9221996958828915,0.9427461139652139,0.8287581698263061,0.8544474391227904,0.6862139917518978,0.7305585979884688,,
IDRiD_30_1536_2560,,,0.6848739495078914,0.9287749285103205,,,,
IDRiD_30_1536_512,0.0,0.0,0.3864203694265392,0.31034482756131954,0.6768597471132943,0.5603700097098165,,
IDRiD_30_2048_2048,0.8500148794720265,0.8078627321503925,0.5218080887977079,0.4256144889763509,,,,
IDRiD_30_2048_2560,,,,,,,0.5751231526916526,0.41181657846508746
IDRiD_30_512_1024,0.0,0.0,,,,,,
IDRiD_30_512_2560,,,0.6704172526643031,0.9701492535997084,,,,
IDRiD_30_512_512,0.0,0.0,,,,,,
IDRiD_31_0_1024,,,0.7468879667607061,0.7142857142047295,,,,
IDRiD_31_0_1536,0.8206699021385538,0.7950516417419645,0.4137235115626919,0.3889943073265666,0.6885827469952782,0.6423607280679275,0.8878852667718359,0.8663041440049395
IDRiD_31_0_2048,0.7169574593188905,0.6616252984972746,0.37834622247536154,0.2726103728987308,0.7760900877257032,0.7384749563825259,0.7932738812980598,0.8829272609259544
IDRiD_31_0_2560,0.8313297806393873,0.744258293571817,0.8208469052700824,0.7368421048322561,0.6884811802404297,0.5669781931287546,0.010381135992727553,0.0052176505664099935
IDRiD_31_0_3072,0.8370195404741341,0.9666288791202591,,,,,0.7823747857541631,0.7248307346211657
IDRiD_31_0_512,,,0.5736842103753462,0.9561403500384734,,,,
IDRiD_31_1024_0,,,0.8171206224621115,0.9999999996825396,,,0.34725654967440367,0.21010916703738433
IDRiD_31_1024_1536,0.9429288802971694,0.9047090989027308,0.37993920966870226,0.288683602704692,0.8420960545810331,0.8252743484083458,,
IDRiD_31_1024_2048,,,0.7235354572740457,0.8262910796182414,0.798511117637386,0.71754246984669,,
IDRiD_31_1024_2560,0.0,0.0,,,,,,
IDRiD_31_1024_3072,0.0,0.0,,,,,,
IDRiD_31_1024_512,0.0,0.0,,,,,0.0,0.0
IDRiD_31_1536_0,0.30066322770571796,0.1901999378411872,,,,,0.15572829545030756,0.08471612603902252
IDRiD_31_1536_1024,0.731165421119661,0.6024296887901077,,,0.7552537988763255,0.7516087515603855,,
IDRiD_31_1536_1536,0.835695305573991,0.7353858144877191,0.5978090765887623,0.9999999994764398,,,,
IDRiD_31_1536_2048,0.0,0.0,,,0.7514351320105788,0.6699078812349074,,
IDRiD_31_1536_2560,,,,,0.7246271371144188,0.8231404957997404,,
IDRiD_31_1536_512,0.6933728417553895,0.656558571193781,0.0,0.0,0.7720207251885957,0.6995305161035068,0.0,0.0
IDRiD_31_2048_1024,,,0.4109090908343802,0.3766666665411111,,,,
IDRiD_31_2048_2048,,,,,0.8583815027661299,0.9999999996632996,,
IDRiD_31_512_0,0.8241815511402654,0.8550083554422981,,,0.6524822694109954,0.5311778289766332,,
IDRiD_31_512_1024,0.748933577082578,0.8815091091539018,,,,,,
IDRiD_31_512_1536,0.5301724137843141,0.52615992100934,0.6479902557461638,0.9220103984537245,,,,
IDRiD_31_512_2048,0.0,0.0,0.6193029490201539,0.48529411759608254,0.6728039892338779,0.5769736841725674,,
IDRiD_31_512_2560,0.0,0.0,0.7328859059418945,0.9578947365060018,0.8132359868015397,0.8344610922949623,,
IDRiD_31_512_3072,0.7460247994110428,0.8224509488449269,,,,,0.0,0.0
IDRiD_31_512_512,0.7633713813988688,0.6726360672150858,0.7001477103840255,0.9556451609049819,0.0,0.0,,
IDRiD_32_0_1024,0.7762982689682398,0.7319522912628382,,,,,,
IDRiD_32_0_2048,,,0.7755581668169472,0.9205020919218269,,,0.7528251489469319,0.947259565618032
IDRiD_32_0_2560,,,,,,,0.7078695636687604,0.9740653748192007
IDRiD_32_0_512,0.0,0.0,,,,,,
IDRiD_32_1024_2048,,,0.5817727839473442,0.7350157726387962,0.7758904109163896,0.9147286820523607,,
IDRiD_32_1024_2560,0.0,0.0,,,0.8533168855185876,0.8679830933797781,,
IDRiD_32_1024_3072,0.6241352805054469,0.45363128486551607,0.16935483869260537,0.0925110132056706,0.8751139169179051,0.840478691235111,,
IDRiD_32_1536_0,0.1413239623882484,0.07701066142141588,,,,,,
IDRiD_32_1536_1024,,,,,0.0,0.0,,
IDRiD_32_1536_2048,,,,,0.31599479841898603,0.9418604647512168,,
IDRiD_32_1536_2560,,,,,0.8404944084632064,0.7788382874071765,,
IDRiD_32_1536_3072,,,,,0.8249581239358259,0.7921190188664207,,
IDRiD_32_1536_512,0.2930204572715698,0.40515806984982045,,,,,,
IDRiD_32_2048_0,0.0,0.0,,,,,,
IDRiD_32_2048_1024,0.7671313603786908,0.8432730070009179,,,,,0.9110994213332168,0.8371193813031842
IDRiD_32_2048_1536,0.0,0.0,0.0,0.0,,,,
IDRiD_32_2048_2048,0.07172557172184378,0.03719676549664707,,,,,0.8283404659976686,0.7828040742901228
IDRiD_32_2048_2560,0.7410608572061268,0.7829622216564553,,,,,,
IDRiD_32_2048_3072,0.3991998221738342,0.24937517355597405,0.7395833332049335,0.7745454542638016,,,,
IDRiD_32_2048_512,0.8977575560552632,0.9061802912884638,,,,,0.8510595153518091,0.9999999999761735
IDRiD_32_512_1024,0.3364894391597604,0.33771929819623986,,,,,,
IDRiD_32_512_2048,,,,,0.5557729940203967,0.9999999992957747,,
IDRiD_32_512_2560,,,0.6694214875479817,0.6994818651641656,0.7967899433144576,0.8517096580581678,0.889269965695825,0.9269662921190507
IDRiD_32_512_3072,,,,,0.8153753026552121,0.8086852111104926,,
IDRiD_32_512_512,0.0,0.0,,,,,,
IDRiD_33_0_1024,0.7718369507471722,0.6284482758349808,,,0.7751479289176383,0.6411092984272253,,
IDRiD_33_0_1536,0.7474325500391793,0.7561634186339966,0.4215053762987629,0.8305084742243608,,,,
IDRiD_33_0_2048,0.0,0.0,0.7857142856458437,0.8214936246226788,,,,
IDRiD_33_0_2560,0.665329165304802,0.704058457586307,0.7972508589695446,0.6628571426677551,,,,
IDRiD_33_0_3072,0.36187438664914284,0.463399308813591,0.0,0.0,,,,
IDRiD_33_1024_0,0.8539483394802437,0.8087649402333908,,,0.6628787877532427,0.8454106276109128,,
IDRiD_33_1024_1024,0.8528393351726727,0.9744807121468946,0.7169811318049127,0.5621301771821715,0.561735261370315,0.5287958114629533,,
IDRiD_33_1024_1536,0.6745489756361505,0.8675930781218197,0.5554497858030593,0.5632239381967556,0.6212806474574948,0.7152644559957451,,
IDRiD_33_1024_2048,0.5770242088985672,0.4736528728717825,0.6099195710353565,0.5750394944526054,0.7043949428008268,0.8132530120356309,,
IDRiD_33_1024_2560,0.7660315078746706,0.8274878444030632,0.41169535485942715,0.2753074739742886,0.6512720156428322,0.6124401913650188,,
IDRiD_33_1024_3072,0.8679354245941253,0.793320216897196,0.6817640047513287,0.6134706134442955,0.5714285711811997,0.6055045866004546,,
IDRiD_33_1024_3584,,,0.011257035645167536,0.00590551180986112,,,,
IDRiD_33_1024_512,0.7902116962936787,0.7482220692776541,,,0.0,0.0,,
IDRiD_33_1536_0,,,0.7452054793499718,0.6538461536889792,0.2879999997696,0.1682242989082016,,
IDRiD_33_1536_1024,0.39318975552396407,0.25684410645899536,0.0,0.0,0.6041400459850719,0.4785425101020833,,
IDRiD_33_1536_1536,0.7656719053437606,0.850196078414702,0.2379896526062092,0.15304182508050931,0.5990476190428646,0.5560630617274781,,
IDRiD_33_1536_2048,0.5772532188221832,0.5478615070167288,0.8076079004529914,0.7459459458451425,0.7134498646942388,0.7761158405539333,,
IDRiD_33_1536_2560,0.7760455332646363,0.6925795052697624,0.6739446870205988,0.7297084317785887,0.6547619047510786,0.6413994168888436,,
IDRiD_33_1536_3072,0.6466557578203791,0.5460747905644177,0.5811103100132501,0.4536244934611971,,,,
IDRiD_33_1536_3584,0.8437233133713185,0.7617579027940048,,,,,,
IDRiD_33_1536_512,0.5337790217665094,0.3704925364779714,,,0.590604026746543,0.5317220542200235,,
IDRiD_33_2048_1024,,,0.87999999989,0.8627450978277585,0.9447708577033173,0.9828850853342579,,
IDRiD_33_2048_1536,0.5854900296938015,0.5754795662956551,0.449394155373318,0.3862174578748479,0.6024363233554367,0.613533834563401,,
IDRiD_33_2048_2048,0.6377762430829114,0.5432352941016696,0.76248477457217,0.741706160961681,0.7251440703626014,0.7697359948387671,,
IDRiD_33_2048_2560,0.5785144260211355,0.9581130540480638,0.7422459892254283,0.76263736246975,0.5582706766392602,0.5016891891044444,,
IDRiD_33_2048_3072,0.3029432878461634,0.38086642592403136,0.7508161043796718,0.9151193631524882,,,,
IDRiD_33_2048_512,0.7352735331834385,0.6389114129300684,0.07678571427885841,0.06969205833554425,0.17288135590290146,0.09461966603068281,0.4657467925385409,0.3453598994732479
IDRiD_33_512_0,0.750461133063237,0.671065032977206,,,,,,
IDRiD_33_512_1536,0.8212642860491237,0.8998233399054366,0.30890741551957407,0.23497997328204404,0.547382372413937,0.48445747797745115,,
IDRiD_33_512_2048,0.7948688743973421,0.7571401448350724,0.3541012998496593,0.22792844776526666,0.6887776983461219,0.6176923076764694,,
IDRiD_33_512_2560,0.6484443616409431,0.7156200434663947,0.35140630294219916,0.4715779899740074,0.393476044812082,0.39387755094002497,,
IDRiD_33_512_3072,0.5370581527902124,0.5265184449071355,0.3943793910822305,0.2684948979420603,,,,
IDRiD_33_512_512,0.34214753490459565,0.2123791992620618,0.0,0.0,,,,
IDRiD_34_0_1024,0.5795691452347153,0.4080234833609586,0.0,0.0,0.0,0.0,,
IDRiD_34_0_1536,,,0.0,0.0,,,,
IDRiD_34_0_2048,0.22437053603474227,0.12699060841055948,,,,,,
IDRiD_34_0_2560,0.016561656165318423,0.008349972771676348,,,0.08997467600044727,0.04711388455464721,,
IDRiD_34_0_3072,,,0.04635761587868953,0.023728813551278368,0.0,0.0,,
IDRiD_34_0_512,0.15298854133933143,0.08283031522190375,,,,,,
IDRiD_34_1024_1024,,,,,0.2310606060168446,0.13174946001474094,,
IDRiD_34_1024_1536,,,0.3672094328822454,0.294329432916802,0.39361702122425307,0.29898989892949696,,
IDRiD_34_1024_2048,,,0.6919191918318284,0.6327944571286849,,,,
IDRiD_34_1024_3072,0.7778456082204844,0.6693474753278016,0.0,0.0,0.7935554341672978,0.6928946113165049,,
IDRiD_34_1024_3584,0.015533681943897771,0.007827636983586548,,,,,,
IDRiD_34_1024_512,,,,,0.0,0.0,,
IDRiD_34_1536_0,0.42875372181822224,0.2811127379189771,,,,,,
IDRiD_34_1536_1024,0.5182330269635863,0.43897538922958435,0.3755760368230903,0.2436472346422052,0.6644606220605915,0.6040914560043211,,
IDRiD_34_1536_1536,0.7268804832341884,0.6548328582364645,0.0,0.0,0.13680781756729515,0.07342657341373662,,
IDRiD_34_1536_2048,0.6314336422734033,0.610253478166376,0.0,0.0,,,,
IDRiD_34_1536_3072,0.8004546366239212,0.7234777984561082,,,0.640876853622151,0.5712643677832606,,
IDRiD_34_1536_3584,0.33624454147248023,0.2783132529952823,,,,,,
IDRiD_34_1536_512,0.7596197718621551,0.740803915750171,0.7238562090911882,0.818853973970637,,,,
IDRiD_34_2048_0,0.0,0.0,,,,,,
IDRiD_34_2048_1024,0.0088105726859309,0.005253940454421377,0.6668611435044673,0.5720720720434398,0.6963380281297837,0.8790896158066729,,
IDRiD_34_2048_1536,0.8528996074013395,0.7542655344783975,,,0.3891287782476726,0.6464135020551549,,
IDRiD_34_2048_2048,0.7539563813813561,0.8401473942649562,0.6492851134861829,0.6327868851421661,0.34447674416101187,0.2285438765449813,,
IDRiD_34_2048_2560,0.7373266519032242,0.6389940918010453,,,,,,
IDRiD_34_2048_3072,,,,,0.8029160381899719,0.7805474095415177,,
IDRiD_34_2048_512,0.796972591665327,0.8128403697186468,0.39480019256645166,0.2747989275955228,0.7441406249273299,0.6707746477692299,,
IDRiD_34_512_1024,0.7875559233484347,0.6758394176767585,0.0,0.0,0.8613445376341713,0.8723404251607062,,
IDRiD_34_512_1536,0.0,0.0,0.5443786981443227,0.825112107253313,0.630434782551591,0.9858356937717179,,
IDRiD_34_512_2560,0.15578093305656063,0.08446986361264981,,,0.0,0.0,,
IDRiD_34_512_3072,0.7763871173438441,0.6597791477497474,0.0,0.0,0.0,0.0,,
IDRiD_34_512_3584,0.0,0.0,,,,,,
IDRiD_34_512_512,0.7137951734885009,0.7201763736761305,0.15936826990959307,0.09039087947146654,,,,
IDRiD_35_0_1024,,,0.2671957671780955,0.15719844356753318,0.0,0.0,,
IDRiD_35_0_1536,0.33041886014955174,0.33158765159563036,,,0.0,0.0,0.0,0.0
IDRiD_35_0_2048,0.7383870082442536,0.655460226669515,0.2857142856612775,0.1820330968836801,,,0.0,0.0
IDRiD_35_0_2560,0.3633303582803434,0.8515419555241268,,,,,,
IDRiD_35_1024_0,0.6850137358601924,0.86724261702387,,,,,,
IDRiD_35_1024_1024,0.1722639272980588,0.10485810485558303,,,,,,
IDRiD_35_1024_1536,0.1353314050091226,0.19367623744765125,,,0.7246376810786357,0.7286995514061212,0.4733288819610258,0.3100398483787536
IDRiD_35_1024_2048,0.8092450457447238,0.9583033788542846,0.6843267106657115,0.6275303641184088,0.8255908060827711,0.8369707909350429,,
IDRiD_35_1024_2560,0.7917094247896412,0.7661170198845844,0.5077506028071737,0.39559849702653793,0.6344302663838274,0.5981426762094495,,
IDRiD_35_1024_3072,0.8711773794039885,0.7918682151517089,,,,,,
IDRiD_35_1024_512,0.016360601001396316,0.008247769735595897,0.031088082896185136,0.015789473681440444,,,,
IDRiD_35_1536_0,0.0,0.0,,,,,,
IDRiD_35_1536_1024,,,0.4965934897428771,0.3918757466676373,,,,
IDRiD_35_1536_1536,,,0.40909090902892564,0.25763358773709283,,,,
IDRiD_35_1536_2048,,,0.25530145529083986,0.1562340966841611,0.7325089998320159,0.7312499999771485,,
IDRiD_35_1536_2560,0.21023746701625076,0.12287194670462778,0.7787610618842509,0.689458689360476,0.6399999999174194,0.528784648074886,,
IDRiD_35_1536_3072,0.6538703191746452,0.9312335018525737,,,,,,
IDRiD_35_1536_512,0.8277516795453156,0.7339872794018902,,,,,,
IDRiD_35_2048_1024,,,,,,,0.8183729732217262,0.7066085693479657
IDRiD_35_2048_2048,0.8469113697340576,0.9006664550793293,0.0,0.0,0.8155844154784956,0.945783132245246,,
IDRiD_35_2048_512,0.23003762466312563,0.9999999999937214,,,,,0.7451457294550037,0.6271151746682102
IDRiD_35_512_0,0.0,0.0,,,,,,
IDRiD_35_512_1024,,,0.0,0.0,,,,
IDRiD_35_512_1536,0.5573986308510085,0.3865960555079146,,,0.0,0.0,0.37331701345246887,0.2302755756802463
IDRiD_35_512_2048,0.8013632752051171,0.8020172850340008,0.6507488604156556,0.7280233122521602,0.843564356268601,0.9025423724989228,0.0,0.0
IDRiD_35_512_2560,0.6500487397207904,0.7944179713820825,0.414442700124455,0.2696629213207699,,,,
IDRiD_35_512_512,0.09300040933202619,0.15716657442841267,0.0,0.0,,,,
IDRiD_36_0_1024,,,0.7090909090529898,0.7309812568102557,,,,
IDRiD_36_0_1536,0.4825742385134863,0.7044884304236273,0.24242424238926058,0.19221967958988107,0.6883552801268176,0.7514092446025136,,
IDRiD_36_1024_1024,,,0.5919999998816,0.6115702476811693,0.8019093076845085,0.8115942025064763,,
IDRiD_36_1024_1536,0.8340294570051874,0.9249146757228224,0.40220994470693816,0.28482003125433175,0.7010309277834292,0.6476190475309362,,
IDRiD_36_1024_2048,,,0.8020725387769874,0.8505494503625166,,,,
IDRiD_36_1024_3584,0.011764705882038377,0.005928321207062023,,,,,,
IDRiD_36_1024_512,0.650712250693712,0.6369213608122185,0.36321839076284845,0.5031847132155463,,,,
IDRiD_36_1536_1024,,,0.20285499622818517,0.1159793814333351,0.5138162807681989,0.3553719007897343,,
IDRiD_36_1536_1536,0.7005359842379378,0.5495184706011965,,,,,,
IDRiD_36_1536_2048,0.6542056074620782,0.6441717791128759,,,,,,
IDRiD_36_1536_3584,0.0,0.0,,,,,,
IDRiD_36_1536_512,0.0,0.0,0.699690402368469,0.875968991908539,0.1751824816239544,0.0959999999232,,
IDRiD_36_2048_1024,,,0.0,0.0,0.812266267702897,0.9203389828948578,,
IDRiD_36_2048_1536,,,0.626676076173135,0.8345864660085365,,,,
IDRiD_36_2048_3072,0.5473964575827742,0.4102031854999393,,,,,,
IDRiD_36_2048_512,0.6251570570902533,0.4836897817998771,0.6165730336645665,0.5776315788713643,,,,
IDRiD_36_512_1024,,,0.6479041915779697,0.5065543070686747,,,,
IDRiD_36_512_1536,,,0.7906295753794838,0.8511979822918538,0.6741573033427317,0.6526994358861644,,
IDRiD_36_512_2048,,,0.64311377241658,0.5223735408052166,0.7714285712448979,0.6403162052805075,,
IDRiD_37_0_1024,0.6807618591258962,0.5287741335169631,,,0.5336658352783875,0.3639455781075015,,
IDRiD_37_0_1536,,,0.8317256162023874,0.9486552564917713,,,,
IDRiD_37_0_2048,,,0.906040268355029,0.8617021274762335,0.6984126978584027,0.5365853651992861,,
IDRiD_37_1024_1024,,,0.7322033895823039,0.5775401066430267,,,,
IDRiD_37_1024_1536,0.5405133366612725,0.45126050416375957,0.6048265459574037,0.8513800422820849,0.8594391052612856,0.873130067364701,,
IDRiD_37_1024_2048,,,0.9105367791430344,0.8707224331290028,0.8745873094800117,0.8789999999920091,,
IDRiD_37_1024_2560,,,0.5611510789348377,0.4062499997884115,0.0,0.0,,
IDRiD_37_1024_3072,,,0.013029315958790014,0.010526315786703601,,,,
IDRiD_37_1536_1536,,,0.6681481480986556,0.570886075877103,,,,
IDRiD_37_1536_2048,0.1779206859529146,0.13741721853546263,,,0.676311030619112,0.9166666662173203,,
IDRiD_37_1536_2560,,,0.6955307262246029,0.6053484602426784,0.0,0.0,,
IDRiD_37_1536_3072,0.30796938314687217,0.2943201376683029,0.2864450127633039,0.19672131145237456,0.0,0.0,,
IDRiD_37_1536_512,0.23778033352159603,0.1349322891151096,,,,,,
IDRiD_37_2048_3072,,,0.010016694489145795,0.005281690139915196,,,,
IDRiD_37_2048_512,0.8307258769758491,0.9805023511758171,,,,,,
IDRiD_37_512_1536,0.0,0.0,,,0.5599999999790655,0.5748273215215021,,
IDRiD_37_512_2048,0.45734727572502887,0.29646806992155467,0.6967741933236212,0.6171428567902041,0.6474071415638363,0.5197349466862652,,
IDRiD_37_512_2560,,,0.8106712563846238,0.9999999997876857,0.5240641708427465,0.3798449609458566,,
IDRiD_38_0_2048,,,0.14652014650672893,0.07905138339139808,,,,
IDRiD_38_0_2560,,,0.7129094410957786,0.6249999997888513,,,,
IDRiD_38_0_512,,,,,0.4182509504113114,0.26442307679595045,,
IDRiD_38_1024_1024,,,0.7913093195659628,0.9351351350087656,0.0,0.0,,
IDRiD_38_1024_1536,0.6460658082790826,0.75066489356711,0.6402730374989575,0.479550102200455,,,,
IDRiD_38_1024_2048,,,0.7926167208694227,0.8968058965855513,,,,
IDRiD_38_1024_3072,,,0.5197740112260206,0.3538461537781065,,,,
IDRiD_38_1536_1024,,,0.2971887550030299,0.22366148530020194,0.6139872842312455,0.614545454433719,,
IDRiD_38_1536_1536,,,0.5232558138013791,0.49180327841977967,0.693667288385348,0.6579612468296889,,
IDRiD_38_1536_2048,,,0.4338235293798659,0.5705996130424372,0.0,0.0,,
IDRiD_38_1536_2560,,,0.0,0.0,,,,
IDRiD_38_1536_3072,,,,,,,0.6871315760128224,0.5867046533601765
IDRiD_38_2048_1024,,,0.6124852767601598,0.4565408252452554,0.49694002444939167,0.35273675062096116,,
IDRiD_38_2048_1536,,,0.41059602642208676,0.25833333327951385,0.5099931081660928,0.405257393164813,,
IDRiD_38_2048_2048,0.6853268428253594,0.584173088305152,,,,,,
IDRiD_38_512_1024,,,0.6977547494477108,0.8859649118921207,0.6379853094818484,0.6785714284199617,,
IDRiD_38_512_1536,,,0.7825159913877915,0.8534883718945375,0.0,0.0,,
IDRiD_38_512_2560,0.8729641693621506,0.9194876486313135,0.6496290189076975,0.9248826288908726,0.0013840830448869146,0.0006925207755753102,,
IDRiD_38_512_3072,,,0.0,0.0,,,0.8913770053438695,0.8050713153663491
IDRiD_39_0_1024,0.0734246575302233,0.04166666666407545,0.0,0.0,,,0.5353814290553093,0.5063663075250942
IDRiD_39_0_1536,0.05649013499363468,0.15795586525459282,0.5411140582119061,0.39843749984436033,0.0,0.0,,
IDRiD_39_0_2048,0.240893282075034,0.14254766030887028,0.5957950843767902,0.6769851951092204,,,,
IDRiD_39_0_2560,0.6786101626819068,0.9757985328887205,,,,,0.8743037054765245,0.8454332552297221
IDRiD_39_0_3072,0.6656121480438847,0.9673563217946044,,,,,,
IDRiD_39_0_512,0.8796477494677276,0.8892185953620951,0.026666666657777775,0.01574803148986298,0.1181683899542323,0.6847360912004656,0.24447031431660388,0.15685298144955992
IDRiD_39_1024_0,0.897709278994007,0.851762820495758,0.8251533741698501,0.76967095840205,,,,
IDRiD_39_1024_1024,0.6577312847120715,0.491450903737594,0.41805813231799266,0.5425361154827391,0.3171806166702245,0.3214285712850765,,
IDRiD_39_1024_1536,0.13488372092897782,0.16143397906565501,0.5308701993064933,0.5041551246304637,0.5223665223514469,0.805160142277121,,
IDRiD_39_1024_2048,0.6889644070704889,0.6358534169483047,0.7382113820838125,0.9389865562627728,0.597738287512299,0.45962732913545,,
IDRiD_39_1024_3072,0.3107569719877462,0.18396226406416874,0.7359404096560171,0.7149059333780821,0.5358228397509412,0.38299193045419044,,
IDRiD_39_1024_3584,0.47208801443485626,0.9845817651938256,,,0.0,0.0,,
IDRiD_39_1024_512,0.5360534646453038,0.769696969677533,0.5023885350218473,0.36707388015220843,0.6501457724999787,0.5126436780430704,,
IDRiD_39_1536_0,,,0.9039735097841104,0.9285714282555879,,,,
IDRiD_39_1536_1024,0.4112907933901241,0.667456181897987,0.4014705882205342,0.38586572435435573,0.6300211415158518,0.9254658379344933,,
IDRiD_39_1536_1536,0.3036699121651551,0.9381573411469013,0.23759036144005807,0.14138227702491019,0.4223622047177581,0.7878965921981259,,
IDRiD_39_1536_2048,0.5155849834435905,0.7094722365358523,0.347783251222961,0.22180333018467474,,,,
IDRiD_39_1536_2560,0.6131364405381766,0.6066971080485024,0.2864686468457776,0.17032967031630064,,,,
IDRiD_39_1536_3072,0.779045257282148,0.6699722755349222,0.24866310157103436,0.21577726213091014,0.8326639891790276,0.8760563377813926,,
IDRiD_39_1536_512,0.6442885771462389,0.7858234035812459,0.4883895130720307,0.599264705772194,,,,
IDRiD_39_2048_0,0.10173857050214175,0.05359565806963394,,,,,,
IDRiD_39_2048_1024,0.630848173856741,0.8693843593865327,0.3108433734752504,0.27952329357751643,0.6316476345634047,0.6265372167879264,0.4244893340099333,0.2867956265747626
IDRiD_39_2048_1536,0.3968377397563914,0.5188071839878412,0.5731543623776406,0.5770270269490504,0.15512465369664136,0.1794871793721236,,
IDRiD_39_2048_2048,0.46005479451550624,0.4574978203910746,0.5030581039370751,0.5938628157772812,,,,
IDRiD_39_2048_2560,0.7751743177701922,0.6750192633666974,0.0,0.0,,,,
IDRiD_39_2048_3072,0.787324458951433,0.878588028384658,,,,,0.6978935509176952,0.6875420422394218
IDRiD_39_2048_512,0.7012234385040648,0.9636392888668358,0.845018450145525,0.8528864058796195,0.719898605738923,0.6269315671905228,0.0019518542615167233,0.0009768804949368793
IDRiD_39_512_0,,,0.2935323382354397,0.172011661757431,,,,
IDRiD_39_512_1024,0.769155045115795,0.8279759802116922,0.5863466334073201,0.6384928716687546,0.6797599563433395,0.6841142020247396,,
IDRiD_39_512_1536,0.7036876606292307,0.6666666666630189,0.4482241120485539,0.35192458757915884,0.7570491803154582,0.8231729054965001,,
IDRiD_39_512_2048,0.5305140357234377,0.7702731314679172,0.6426666665809778,0.5250544661165458,0.5984336062549229,0.8727933540564489,,
IDRiD_39_512_2560,0.28810126582035356,0.9187298169580878,0.6199460915885043,0.4700272478923669,,,0.4616087751160143,0.3002378121105685
IDRiD_39_512_512,0.7190701773674172,0.7260289210152833,0.0,0.0,0.0,0.0,,
IDRiD_40_0_1024,0.8010130245730459,0.6949152541936651,0.30248306990914603,0.4999999996268657,,,,
IDRiD_40_0_1536,0.0,0.0,0.47223994891689597,0.7581967211561071,,,,
IDRiD_40_0_2048,,,0.8107680126040563,0.8519134773956883,0.7616585095506356,0.6849360571219908,,
IDRiD_40_1024_0,,,0.5824175820975728,0.6624999991718751,0.0892857142059949,0.04672897191894489,,
IDRiD_40_1024_2048,,,0.6535087717865112,0.8816568042120374,0.0,0.0,,
IDRiD_40_1024_2560,,,0.8799424873558632,0.9203007517413082,0.0,0.0,,
IDRiD_40_1024_3072,,,0.26343154241534983,0.29230769219526626,,,,
IDRiD_40_1536_1536,,,,,0.86227544884363,0.8275862064209275,,
IDRiD_40_1536_2048,,,0.5316455692837686,0.3684210523084026,0.0,0.0,,
IDRiD_40_1536_2560,,,0.8607382549613474,0.893728222840814,,,,
IDRiD_40_1536_3072,,,0.8793565681288588,0.8078817730010435,,,,
IDRiD_40_1536_512,,,,,0.0,0.0,,
IDRiD_40_2048_1024,,,0.8554216865752164,0.8192307689156804,,,,
IDRiD_40_2048_1536,0.0,0.0,0.6571428570489797,0.9583333329340278,,,,
IDRiD_40_2048_2048,,,0.45231607617103103,0.7685185178069274,0.0,0.0,,
IDRiD_40_2048_2560,,,0.6424870465845679,0.5160523186068904,,,,
IDRiD_40_2048_3072,,,0.34841628951393294,0.22190201722711755,,,,
IDRiD_40_2048_512,,,0.4838709676931582,0.323886639632404,,,,
IDRiD_40_512_1536,,,0.466876971461553,0.3523809522131519,,,,
IDRiD_40_512_2048,,,,,0.6591760298802527,0.4925373133409446,,
IDRiD_40_512_2560,,,0.42503639004002386,0.3266219238642904,0.0,0.0,,
IDRiD_41_0_3072,,,0.8455497381092213,0.8499999997763157,,,,
IDRiD_41_1024_1024,0.0,0.0,0.5507900676890073,0.9172932329102833,,,,
IDRiD_41_1024_1536,,,0.42927569205804794,0.29602510458702797,0.6656626505021592,0.5187793426012255,,
IDRiD_41_1024_2048,,,,,0.7296306737882822,0.5857854232419292,,
IDRiD_41_1024_512,,,,,0.6654028435388243,0.49928876237563463,,
IDRiD_41_1536_1024,,,,,0.7361647360699917,0.6203904553968784,,
IDRiD_41_1536_3072,0.10933333332604443,0.05782792665318562,0.6684210524556786,0.5669642854611767,,,,
IDRiD_41_1536_3584,0.06597938142969496,0.04597701148104109,,,,,,
IDRiD_41_1536_512,,,,,0.0,0.0,,
IDRiD_41_2048_1024,0.22133333330382224,0.12749615973463962,0.7510251903485047,0.807304785792531,,,,
IDRiD_41_2048_2048,,,0.581395348668199,0.4098360654058049,,,,
IDRiD_41_2048_2560,,,0.758293838822628,0.8314087758855186,,,,
IDRiD_41_512_1536,,,0.5166666665949075,0.3483146066763456,0.8882051281140303,0.9212765955486645,,
IDRiD_41_512_2048,,,,,0.7777777776049383,0.6386861311537642,,
IDRiD_41_512_3072,,,,,0.4496124029265068,0.289999999855,,
IDRiD_42_0_1024,,,,,0.7510072521554385,0.6873156341169151,,
IDRiD_42_0_512,0.0,0.0,0.6437346436555609,0.9961977182523962,,,,
IDRiD_42_1024_0,,,0.0,0.0,0.5188834154180991,0.36506469499237226,,
IDRiD_42_1024_1536,,,0.8082191778976668,0.8468899517478996,,,,
IDRiD_42_1024_2048,,,,,0.7927524429806035,0.7692611615658135,,
IDRiD_42_1024_2560,,,,,0.850930284679994,0.9447486311362681,,
IDRiD_42_1024_3072,,,,,0.8645833331081814,0.9071038246409269,,
IDRiD_42_1024_512,,,,,0.2888888888532236,0.17030567683110545,,
IDRiD_42_1536_0,0.8220289854595925,0.8785625773384681,,,,,,
IDRiD_42_1536_1536,,,0.0,0.0,,,,
IDRiD_42_1536_2048,,,0.691285081138658,0.9957446804273428,0.8526234567572291,0.8639562157260393,,
IDRiD_42_1536_2560,,,,,0.6559604693850549,0.5257425742053721,,
IDRiD_42_2048_1536,,,0.0,0.0,,,,
IDRiD_42_2048_2048,,,,,0.0,0.0,,
IDRiD_42_2048_2560,,,0.6820083681294971,0.9999999996932515,0.0,0.0,,
IDRiD_42_512_1536,,,0.0,0.0,,,,
IDRiD_42_512_2048,,,0.6840390878364757,0.976744185592212,,,,
IDRiD_42_512_2560,,,,,0.8314174354885222,0.7811978490563583,,
IDRiD_42_512_3072,,,,,0.0,0.0,,
IDRiD_42_512_512,0.4077713264759319,0.292815907623707,,,0.0,0.0,,
IDRiD_43_1024_2048,,,,,0.8409899303621036,0.8388466919806173,,
IDRiD_43_1024_2560,,,0.7061611373849793,0.6762481088235631,0.7857361431265718,0.7891329290247946,,
IDRiD_43_1024_3072,,,,,0.0,0.0,,
IDRiD_43_1024_3584,,,,,0.26071428569100763,0.15904139431818723,,
IDRiD_43_1536_2048,,,,,0.7574334898041493,0.6405505558157464,,
IDRiD_43_1536_2560,,,,,0.8301653357280948,0.7928034371558238,,
IDRiD_43_512_2048,,,,,0.7933157431663739,0.9175991861181282,,
IDRiD_43_512_2560,,,,,0.0,0.0,,
IDRiD_43_512_3072,,,,,0.0,0.0,,
IDRiD_44_0_1024,,,0.6976744181990265,0.5882352935409458,,,,
IDRiD_44_0_2560,,,,,0.824208824189785,0.8032417829444737,,
IDRiD_44_0_3072,,,,,0.5732793521803012,0.4280532043013237,,
IDRiD_44_0_512,,,,,0.7741935483432827,0.6508087535061076,,
IDRiD_44_1024_0,,,,,0.0,0.0,,
IDRiD_44_1024_1024,,,0.0,0.0,0.0,0.0,,
IDRiD_44_1024_1536,,,,,0.14453781511795305,0.08216560509030792,,
IDRiD_44_1024_3072,,,,,0.7638418078232947,0.7461368651774531,,
IDRiD_44_1024_512,,,,,0.03426124196268496,0.017429193895984924,,
IDRiD_44_1536_1024,0.7903885480437902,0.8912375095737419,,,0.6256387469312233,0.466225165547476,,
IDRiD_44_1536_1536,,,,,0.0,0.0,,
IDRiD_44_1536_2560,,,,,0.0,0.0,,
IDRiD_44_1536_3072,,,,,0.46197183092084904,0.30036630031128825,,
IDRiD_44_1536_512,,,0.6574712642166732,0.4948096884101004,0.3881401616727574,0.24080267554501628,,
IDRiD_44_2048_1024,,,,,0.0,0.0,,
IDRiD_44_2048_1536,0.7058555479447287,0.6470342522703829,,,0.771653543273331,0.6437956203909638,,
IDRiD_44_2048_512,,,0.8780487803230679,0.8863636360278925,0.6998405527458156,0.5937323864209927,,
IDRiD_44_512_1024,,,0.8321167882199372,0.7685393256699912,,,,
IDRiD_44_512_1536,0.0,0.0,0.28287292814553894,0.9481481474458162,,,,
IDRiD_44_512_2048,,,,,0.8179178763659097,0.6963276835666435,,
IDRiD_44_512_2560,,,0.7685325263587697,0.9584905656760412,0.0,0.0,,
IDRiD_44_512_512,,,0.2918454935204799,0.24878048774419986,,,,
IDRiD_45_0_1024,,,0.0,0.0,0.35167669817920566,0.2167461579111422,,
IDRiD_45_0_1536,0.8707048706264947,0.9133380603410278,0.0,0.0,0.820065635251664,0.750471940958036,,
IDRiD_45_0_2048,,,,,0.840457555664044,0.8548683404252989,,
IDRiD_45_0_2560,,,,,0.8398486758612957,0.738359201691978,,
IDRiD_45_0_512,,,,,0.0,0.0,,
IDRiD_45_1024_1024,0.0,0.0,0.24798387094274357,0.3544668586874735,0.0,0.0,,
IDRiD_45_1024_2560,,,,,0.4843853820437081,0.33703190012311457,,
IDRiD_45_1024_512,,,,,0.7588235293958231,0.6603290676175383,,
IDRiD_45_1536_0,,,0.9224806199762635,0.9224806197974881,,,,
IDRiD_45_1536_1024,,,0.6022099445850249,0.7218543041577125,0.597187758461616,0.47086956519691875,,
IDRiD_45_1536_1536,,,,,0.6684822975818648,0.8016627077908751,,
IDRiD_45_1536_2048,,,0.5847457625879776,0.4677966100109164,,,,
IDRiD_45_1536_2560,,,,,0.0,0.0,,
IDRiD_45_1536_3072,,,,,0.43611584319657315,0.99999999921875,,
IDRiD_45_1536_512,,,0.4944444443070987,0.4027149319444729,0.6637269938586682,0.5614661044346179,,
IDRiD_45_2048_1024,0.0,0.0,0.592496765770699,0.9828326176039345,0.0,0.0,,
IDRiD_45_2048_1536,,,0.0,0.0,,,,
IDRiD_45_2048_2560,,,,,0.5507853402564623,0.3861967693999711,,
IDRiD_45_2048_512,,,,,0.8114715561776477,0.7336096057726744,,
IDRiD_45_512_1024,,,0.660305343385438,0.5290519876057944,0.7129717729033782,0.644126074480111,,
IDRiD_45_512_1536,,,,,0.2688963210522477,0.1819004524722262,,
IDRiD_45_512_2560,,,,,0.0,0.0,,
IDRiD_45_512_512,,,,,0.5973106864403884,0.5261845385877576,,
IDRiD_46_0_1024,,,0.8415584414855793,0.7363636362520661,,,,
IDRiD_46_0_1536,0.051767676764408604,0.026571613737746493,,,,,,
IDRiD_46_1024_1024,0.7546077390644156,0.9520331141720957,0.004632310364526212,0.0023215322111246935,0.0,0.0,,
IDRiD_46_1024_1536,0.7013171264773073,0.7629416426781673,0.2981651375918834,0.17615176150170264,0.8225763962038245,0.7983381271920847,,
IDRiD_46_1024_2048,0.8498271250543094,0.8112467305965173,0.49209932276206925,0.4186939820206538,0.666666666553288,0.5051546390450632,,
IDRiD_46_1536_1024,0.8450618039355949,0.8275407478328434,0.6976993044035473,0.5401822700463809,,,,
IDRiD_46_1536_1536,0.8402636916622651,0.8616744669338703,0.7838926173444439,0.8984615381850887,0.7538461532662722,0.7424242412993572,,
IDRiD_46_1536_2048,0.7542857142800429,0.7532662561833118,0.41846153833278105,0.33333333316993463,,,,
IDRiD_46_1536_512,0.3602545276532045,0.21983273596012667,,,,,,
IDRiD_46_2048_1024,0.8512039514289879,0.7801282609303847,0.3989189188973557,0.5355587807640698,,,0.25971563980866813,0.14923747276572333
IDRiD_46_2048_1536,0.8042231274353294,0.8530864197380408,0.0,0.0,,,,
IDRiD_46_2048_2048,0.21830065359001524,0.1755430974009971,0.0,0.0,0.0,0.0,0.7277069062984496,0.578306032754911
IDRiD_46_2048_2560,,,,,,,0.0,0.0
IDRiD_46_2048_3072,0.792565316493139,0.6805179162800283,0.7762326168424485,0.8599439773501557,,,0.2890673899421601,0.1689531126140543
IDRiD_46_2048_512,0.8005064206884894,0.6846800391858676,0.0,0.0,0.0,0.0,0.9181797803165991,0.8786557025352926
IDRiD_46_512_1024,0.8881881818699111,0.8209372814080095,0.09609609608166726,0.4155844150446956,,,,
IDRiD_46_512_1536,0.8458997111361702,0.811415297823755,0.6010928961338051,0.8730158728426556,0.6796312301832378,0.6148032316754026,0.885874649202981,0.8221459295180847
IDRiD_46_512_2048,0.644636729817659,0.6629334151478531,0.18861209962734765,0.30547550423473324,0.7813822283806231,0.6890547261967526,0.7882344622725854,0.9061941147633524
IDRiD_47_0_1024,0.0,0.0,,,0.5062344139335265,0.36314847939506717,,
IDRiD_47_0_1536,,,,,0.6501087744683637,0.5602249648404902,,
IDRiD_47_0_2048,,,0.4999999997916667,0.33333333314814817,0.0,0.0,,
IDRiD_47_0_2560,0.737802291032291,0.645269016673645,0.5883392225628675,0.6441005801462089,,,0.9030988133388124,0.9512751399515675
IDRiD_47_0_512,,,,,0.3897996356302733,0.24208144790903133,,
IDRiD_47_1024_0,,,,,0.8284537968703465,0.7195073499912791,,
IDRiD_47_1024_1024,0.0,0.0,,,,,,
IDRiD_47_1024_2048,,,0.6658739594927617,0.9655172410463733,0.8282387190382737,0.8163558105583676,,
IDRiD_47_1024_3072,0.0,0.0,,,,,,
IDRiD_47_1024_3584,,,0.0,0.0,,,,
IDRiD_47_1024_512,,,0.7634543178018205,0.9902597399382272,0.791057912336592,0.750852101846215,,
IDRiD_47_1536_0,,,0.0,0.0,,,,
IDRiD_47_1536_1024,,,,,0.5776805251556867,0.488045353697608,,
IDRiD_47_1536_1536,,,,,0.0,0.0,,
IDRiD_47_1536_3072,0.9115542836661082,0.8708988379966601,,,,,,
IDRiD_47_1536_512,,,0.36569579282108483,0.22376237619331438,,,,
IDRiD_47_2048_0,,,,,0.6315789472453063,0.9642857137117348,,
IDRiD_47_2048_1536,0.5240174672281057,0.36124794743507127,,,,,,
IDRiD_47_2048_2048,0.0,0.0,,,,,,
IDRiD_47_2048_2560,0.0,0.0,0.5538461537686928,0.4593967516335506,,,,
IDRiD_47_2048_512,,,,,0.6989314895852337,0.9504273502648842,,
IDRiD_47_512_0,,,,,0.8664122135751122,0.7721088432747929,,
IDRiD_47_512_1024,,,0.8695652173072883,0.9999999997777778,,,,
IDRiD_47_512_1536,,,0.8098159508374422,0.8407643310316848,,,,
IDRiD_47_512_2048,,,,,0.8197254335112044,0.9061501597082209,,
IDRiD_47_512_2560,,,,,0.6685236768491865,0.5454545454132231,,
IDRiD_47_512_512,,,0.8484848481634526,0.9411764697973307,0.5750174459042797,0.5297899699730052,,
IDRiD_48_0_1536,,,0.6889534882719545,0.8977272723872245,,,,
IDRiD_48_0_2048,0.6672328035882275,0.7450555404971998,0.6778135047795618,0.7279005523856491,0.3642987248881059,0.31347962372618193,,
IDRiD_48_0_2560,0.1619834710609931,0.11060948080015695,0.1625659050895182,0.09903640256429141,0.6012741429810772,0.4493651753257351,,
IDRiD_48_0_3072,,,0.31927710838565104,0.18996415767204944,,,,
IDRiD_48_1024_0,0.06595538311678414,0.04735376043908722,0.7877729256953909,0.6651917403148685,,,,
IDRiD_48_1024_1024,0.0,0.0,0.0,0.0,0.40506329108226957,0.25760286220794226,0.8975347093889628,0.9363881698466906
IDRiD_48_1024_1536,0.15013525698714955,0.39832535883579245,,,0.3596035865804812,0.7904564313712745,,
IDRiD_48_1024_2048,0.048506948168275124,0.18676262387698486,0.0,0.0,0.8811601642653929,0.8913410359484443,,
IDRiD_48_1024_2560,0.40242373588795605,0.3747081711916456,0.5254332028919667,0.40051129099273497,0.8460187958267685,0.8818716807787143,,
IDRiD_48_1024_3072,0.4518843761406764,0.42035398229611576,0.0013284623048379787,0.00077429345719031,0.7980195333640937,0.7627382341402471,,
IDRiD_48_1024_512,0.0,0.0,,,,,,
IDRiD_48_1536_1024,,,,,0.7035742035673701,0.5945502297998269,0.8807084563139311,0.9860031103815707
IDRiD_48_1536_1536,0.7704590818106967,0.8385228094975725,0.4020797226687972,0.42883548975437424,0.8294946717064541,0.8796479533336129,,
IDRiD_48_1536_2048,,,,,0.7521487603274705,0.6823361823310665,,
IDRiD_48_1536_2560,0.8674374831710826,0.8374870196865272,0.0,0.0,0.8171035668224815,0.8011966964402444,,
IDRiD_48_1536_3072,0.6146018040227826,0.5172369047081741,0.0,0.0,0.24238875876801003,0.2995658465557792,0.0,0.0
IDRiD_48_1536_512,0.49400684929392097,0.3448894201826127,0.21848739477438034,0.12264150931826273,0.2797711908330852,0.1626360338474827,,
IDRiD_48_2048_1024,,,0.5586353943371779,0.4906367039360911,0.773374139238357,0.7401874633643765,0.7493853327649453,0.7189101260616599
IDRiD_48_2048_1536,,,,,0.7398160314888426,0.7808599166739446,,
IDRiD_48_2048_2048,0.0,0.0,0.6100950987117706,0.4744027303214559,0.814291030859163,0.9294817331410805,,
IDRiD_48_2048_2560,0.7234162101367929,0.7640949554782775,0.2891156462093341,0.2394366196508629,0.7552447552095457,0.6852791877592826,,
IDRiD_48_2048_3072,0.0762722673352482,0.9999999998885173,0.0,0.0,,,,
IDRiD_48_2048_512,0.5690862586972747,0.8926419060935786,,,0.6884094329810131,0.5268817203896404,,
IDRiD_48_512_1024,0.0,0.0,0.35683339896192073,0.22901921131299194,0.0,0.0,0.0,0.0
IDRiD_48_512_1536,0.24605103279933016,0.14096762965050583,0.034090909088756886,0.022900763356836235,0.7713638935831533,0.951815642391633,0.8268096153169926,0.7495110024404064
IDRiD_48_512_2048,0.6770472894649915,0.5117698343058613,0.0,0.0,0.7523263321783876,0.9164430461652961,,
IDRiD_48_512_2560,0.7294254924815381,0.6545734524135843,0.510071090039839,0.38249666813899386,0.754399999984912,0.760790641356967,,
IDRiD_48_512_3072,0.5368690095812341,0.7554396691106736,0.02156334231515319,0.011412268186674427,0.0,0.0,,
IDRiD_48_512_512,,,0.0,0.0,,,,
IDRiD_49_0_1024,0.17393522060255204,0.09635490251211204,0.4583333333111273,0.7883333332019445,0.620678818343484,0.6084411583299926,,
IDRiD_49_0_1536,0.2121917170678366,0.12452211905382184,0.5462184871654544,0.928571427244898,0.7473450626030484,0.788066187518167,0.7224576270803783,0.5655058042648834
IDRiD_49_0_2048,0.0,0.0,0.7063829787046175,0.6240601503466138,0.7172694854448666,0.7981859409525867,,
IDRiD_49_0_2560,0.16571428570902494,0.14270092946185342,0.0,0.0,0.4154761904514597,0.29253981556642583,,
IDRiD_49_0_3072,0.541486932236958,0.6964751957769925,0.0,0.0,0.0,0.0,,
IDRiD_49_0_512,0.0,0.0,,,0.8658318424985838,0.849122806868575,,
IDRiD_49_1024_1024,0.6160583941156161,0.445147679277938,0.46095030035712997,0.3992431409272239,0.8121206211432873,0.8672810579981918,,
IDRiD_49_1024_1536,0.7199699699429442,0.6116071428181372,0.5766590387696432,0.4684014868147206,0.8315744215118207,0.8618594287994253,,
IDRiD_49_1024_2048,,,0.7095391210386346,0.7195652172348771,0.8091647331727874,0.8083441981629966,,
IDRiD_49_1024_2560,,,,,0.6411355907047,0.9529670329251444,,
IDRiD_49_1024_3072,,,0.0,0.0,0.8051341889845313,0.9400544957847338,,
IDRiD_49_1024_512,0.57512953366634,0.48051948050214577,,,0.556244633140385,0.42930780559014275,,
IDRiD_49_1536_1024,0.6268003921249272,0.7556363636294942,0.414235705926824,0.3039383561383614,0.8377741975357818,0.8906455862742914,,
IDRiD_49_1536_1536,,,,,0.8684223480172805,0.8855536592681941,,
IDRiD_49_1536_2048,,,,,0.7730496451159398,0.9999999990825689,,
IDRiD_49_1536_512,0.5928055715251881,0.6032509752847431,0.4530386740122911,0.4369449377942322,0.7335401585533688,0.7899034892060169,,
IDRiD_49_2048_1024,0.6731131886182518,0.7925170067952332,0.5285171102159204,0.43642072206649596,0.9014398057116609,0.867722364463799,,
IDRiD_49_2048_1536,0.48406139313325225,0.4405444125758922,0.5652841781656958,0.5492537313022945,0.8378858991900479,0.9400183150121663,,
IDRiD_49_2048_2048,0.24025627335183514,0.2436383324177781,0.6274509800845829,0.45714285681632655,0.117424242402003,0.06262626261361086,,
IDRiD_49_2048_2560,,,0.7408142998271287,0.6206322794308432,,,,
IDRiD_49_2048_3072,0.4710582609775039,0.7820137873325462,0.07611798286621141,0.03956478733535462,0.0,0.0,,
IDRiD_49_2048_512,0.47551686615240046,0.6715328466895301,0.35893011213469106,0.24242424239598787,0.8179701325691019,0.8512439418361794,,
IDRiD_49_512_0,,,,,0.6666666659003831,0.517857141932398,,
IDRiD_49_512_1024,0.6870335387558654,0.6534802203285709,,,0.6509671993134785,0.5697460434092844,0.8960519629699842,0.9605437665736996
IDRiD_49_512_1536,0.7453646197955117,0.8563570316509789,0.661354581646958,0.5361757105596785,0.8328967065855275,0.8822888103310902,0.9360171139611629,0.956716195393546
IDRiD_49_512_2048,,,,,0.7526926092487406,0.9002961500404708,,
IDRiD_49_512_3072,0.40797262300958204,0.8827296377650045,0.6060606060215306,0.9197651661605156,,,,
IDRiD_49_512_512,0.6779661016897853,0.7096467606413805,0.7208271787030714,0.69914040109605,0.3193277308240944,0.18999999981000001,,
IDRiD_50_0_1024,,,,,0.7004555808456591,0.798701298649435,,
IDRiD_50_0_1536,,,,,0.3223946175982096,0.26083092645499156,,
IDRiD_50_0_2048,,,,,0.6013372053717746,0.5532496582508606,,
IDRiD_50_0_2560,,,,,,,0.7364876055830812,0.7054468535091967
IDRiD_50_0_512,,,,,0.5407915100477384,0.3922386144838923,,
IDRiD_50_1024_1024,0.7299072642826525,0.8781961877787915,,,0.5642004773000382,0.6523178807227022,,
IDRiD_50_1024_1536,0.6537014370522067,0.8123943661880293,0.524765729514757,0.3783783783053324,0.5417958789846199,0.5811649911209171,0.8473679720088101,0.762240982336727
IDRiD_50_1024_2048,,,,,0.6009670079550489,0.6511556240169135,,
IDRiD_50_1024_2560,0.9403479701610005,0.9645892351001534,,,0.492934747108596,0.4740765558234606,,
IDRiD_50_1024_3072,0.03619909502160071,0.7529411755847751,,,,,,
IDRiD_50_1536_0,,,0.37634408598778274,0.23178807944461502,,,,
IDRiD_50_1536_1024,0.8246318607396417,0.9094488188081251,,,0.0,0.0,,
IDRiD_50_1536_1536,,,,,0.5981833715531315,0.6286267838548879,,
IDRiD_50_1536_2048,,,,,0.49459894276040917,0.5495403472650898,,
IDRiD_50_1536_2560,0.0,0.0,0.565248738243313,0.3939698492066362,0.6807631546926676,0.7042997234007505,,
IDRiD_50_1536_3072,0.4065304087711457,0.2578859988911543,0.7892030847314649,0.7871794869776463,,,0.8374170187051401,0.7760047721961374
IDRiD_50_1536_512,0.0,0.0,,,0.0,0.0,,
IDRiD_50_2048_1024,0.4662802950351349,0.3296089385352101,0.720478325751797,0.9757085016292678,0.026229508188121472,0.01515151514577594,,
IDRiD_50_2048_1536,,,,,0.0,0.0,,
IDRiD_50_2048_2048,,,,,0.0,0.0,,
IDRiD_50_2048_2560,,,,,0.26915520626039735,0.3064876956808752,,
IDRiD_50_2048_512,,,,,0.0,0.0,,
IDRiD_50_512_1536,,,0.5508196720709487,0.5971563979627591,0.7005100671122134,0.6958399999962889,,
IDRiD_50_512_2048,,,0.7873015870516502,0.9117647052119378,0.4788401653965039,0.5051157781313396,,
IDRiD_50_512_2560,0.6713584287942495,0.8300283285783073,0.48371335500946955,0.49335548164562204,0.3362831858250451,0.25034674062064166,0.778480658339705,0.9403570462410014
IDRiD_51_0_1024,,,0.6647597253624279,0.999999999827883,0.8440265486258834,0.8239740819844521,,
IDRiD_51_0_1536,0.7331212442429635,0.5798154878227617,0.2929061784561892,0.99999999921875,,,,
IDRiD_51_0_2048,0.0,0.0,0.6895799235848565,0.6542443063504924,,,0.317932148616545,0.18901267767233912
IDRiD_51_0_3072,,,0.031578947364265926,0.016042780746518347,,,,
IDRiD_51_1024_1024,,,0.5018450184237299,0.594999999925625,0.7742899850233823,0.7463976944707206,,
IDRiD_51_1024_1536,0.5857471264233162,0.5255775577340933,0.5095541401024226,0.7807807806635465,0.5540352393271206,0.5665750196330854,0.0,0.0
IDRiD_51_1024_2048,,,,,0.42166344285847907,0.27114427853951634,,
IDRiD_51_1024_3072,0.6211439588639046,0.4531176746313511,,,,,,
IDRiD_51_1024_3584,0.8238669709760426,0.8794375608954554,,,,,,
IDRiD_51_1024_512,0.2881271733587617,0.37711313389114265,0.5519671168202015,0.7742998351277925,0.77756602231449,0.7345679012156747,0.7347296468287848,0.5812534664407843
IDRiD_51_1536_0,,,0.7792792791037659,0.9402173907933602,,,,
IDRiD_51_1536_1024,,,0.4828524768513105,0.5451751689892332,,,,
IDRiD_51_1536_1536,,,0.6739640343755292,0.7744833781873779,0.35076923076248523,0.7226624405132597,0.04672897196152503,0.023923444975504225
IDRiD_51_1536_512,,,0.47807637904393796,0.31747025671149215,,,,
IDRiD_51_2048_1024,0.641099087626559,0.5654533545376115,0.39926571820104334,0.3048353188293738,,,,
IDRiD_51_2048_1536,0.0,0.0,0.7461773699979827,0.6677091477194911,0.0,0.0,0.7049213685628182,0.5443077751816111
IDRiD_51_2048_2048,,,,,,,0.8097711098132377,0.6906167978776044
IDRiD_51_2048_2560,,,0.5099150140920801,0.38135593212259405,,,,
IDRiD_51_2048_512,0.0,0.0,0.8033573141005181,0.8933333332142223,0.635802468939567,0.5567567564558071,0.07004903432332583,0.03629575858097795
IDRiD_51_512_1024,,,0.4104234526350412,0.25819672120565706,,,,
IDRiD_51_512_1536,,,,,0.0,0.0,,
IDRiD_51_512_2048,,,0.5387755100941274,0.3782234955936322,,,,
IDRiD_52_0_2560,,,0.8201438847445784,0.9382716045521516,,,,
IDRiD_52_1024_0,,,,,0.6084701814512989,0.44110275683695455,,
IDRiD_52_1024_2560,0.4205607476307974,0.32296650713840114,0.3062015503579262,0.8404255314678588,,,,
IDRiD_52_1024_3072,,,0.5320388348481478,0.5905172411247771,,,,
IDRiD_52_1536_2048,,,0.6924731181306509,0.9415204672856605,0.7280966766271758,0.6905444124095861,,
IDRiD_52_1536_2560,,,0.6874999998567708,0.9939759030156772,,,,
IDRiD_52_1536_3072,0.0,0.0,0.0,0.0,,,,
IDRiD_52_2048_2048,0.18663136994132154,0.10689916602677034,0.6354838709472425,0.9188432834963765,,,,
IDRiD_52_2048_2560,,,0.7026304056753174,0.8182762200604075,,,,
IDRiD_52_2048_3072,,,0.5219512194485425,0.36394557816939704,,,0.7951208980915897,0.6695146336907923
IDRiD_52_512_0,0.6451612896288589,0.4761904754346183,,,,,,
IDRiD_52_512_2048,,,0.5369908561482135,0.41410256404947404,0.39049235991551395,0.2517788724547466,,
IDRiD_52_512_2560,,,0.8311111109264198,0.9894179888944878,,,0.8977960488649331,0.9251588608866755
IDRiD_52_512_512,0.0,0.0,0.3092131277062391,0.1998977505010277,,,,
IDRiD_53_0_1024,0.7525827922710091,0.7763268744669222,0.0,0.0,,,,
IDRiD_53_0_1536,,,0.7351225203342915,0.6152343748798371,,,,
IDRiD_53_0_2048,,,0.12713936427209305,0.4406779653547831,,,,
IDRiD_53_0_2560,,,0.7877920838918555,0.8411405294459124,,,,
IDRiD_53_0_3072,,,0.5950653119600776,0.43803418794059096,,,,
IDRiD_53_0_512,0.6537634408543569,0.8172043010569623,0.22952646238275617,0.14981818180728596,,,,
IDRiD_53_1024_1536,,,,,0.0,0.0,,
IDRiD_53_1024_2048,0.6227665705962138,0.8970527189332896,0.33040935667684074,0.34138972799353784,0.6624871338948022,0.5492629945609113,,
IDRiD_53_1024_2560,0.696664211300228,0.8209007042911373,0.3540469973859526,0.23601763750016222,,,,
IDRiD_53_1024_3072,0.6958760779797446,0.6217953399998408,0.467188765852898,0.3384194053075736,0.7030033369629585,0.6422764226336837,,
IDRiD_53_1536_1536,0.0119999999976,0.006211180122937644,,,,,,
IDRiD_53_1536_2048,0.7806590257823735,0.7511717672904443,0.2014652014283031,0.9999999981818182,0.7113111986093803,0.5573192239367443,,
IDRiD_53_1536_2560,0.547095832948417,0.8990110877764755,0.6973007711858195,0.761938202193684,0.6107784430406253,0.4932301739858356,,
IDRiD_53_1536_3072,0.7610075237110827,0.9361017221803299,0.4802139037176356,0.39840283936127746,0.6140529531255574,0.4983471073968308,0.15463284925184462,0.0837951673677256
IDRiD_53_1536_3584,0.884338138910807,0.9142953929229575,,,,,,
IDRiD_53_1536_512,,,0.7047619047139617,0.9168141591297675,,,,
IDRiD_53_2048_1024,0.2551143200655699,0.16307692305183433,0.23622047242027816,0.6958762883010947,0.0,0.0,,
IDRiD_53_2048_1536,0.0,0.0,0.7527539779221081,0.9505409581220184,,,,
IDRiD_53_2048_2048,0.0,0.0,0.32959243943711797,0.3440197286875438,0.0,0.0,,
IDRiD_53_2048_2560,0.41972105091081024,0.27105152910468994,0.23358778624171084,0.9999999993464053,0.7686622320200545,0.8400646202196989,,
IDRiD_53_2048_3072,0.23321554769631286,0.25126903551705143,0.4219133278477585,0.46319569111971354,,,,
IDRiD_53_2048_512,,,0.7896512934994768,0.7564655170783479,,,,
IDRiD_53_512_0,,,0.8012752390221812,0.999999999734748,,,,
IDRiD_53_512_1536,,,0.3998680303398262,0.3289902279951688,,,,
IDRiD_53_512_2560,0.6837224383894821,0.7753916305010267,0.23979806477745907,0.16735173222740155,,,,
IDRiD_53_512_3072,,,,,0.8723404252225743,0.9919354830710199,,
IDRiD_53_512_512,0.0,0.0,0.34581105163176273,0.2579787233356439,,,,
IDRiD_54_0_1536,,,0.750448832966746,0.8393574295503298,,,,
IDRiD_54_0_2048,,,0.44628099164333035,0.28723404247679946,,,,
IDRiD_54_0_2560,0.6553051126872769,0.5382299819223892,0.2084805653526077,0.3450292396651961,0.7800502332116963,0.8862617203063082,,
IDRiD_54_0_3072,0.0,0.0,0.6705607476243831,0.6537585420667701,,,,
IDRiD_54_1024_0,0.0,0.0,0.7254004575829062,0.5753176042513035,,,,
IDRiD_54_1024_1024,,,0.0,0.0,,,,
IDRiD_54_1024_1536,,,0.0,0.0,,,,
IDRiD_54_1024_2048,0.522438391692316,0.38151164992647263,0.30645161288421513,0.18095238093912436,0.7661971830266481,0.9422632792281147,,
IDRiD_54_1024_2560,0.382652631575725,0.5999471877317152,0.3074677693916938,0.32814122532044954,0.726360478551665,0.820401046135972,,
IDRiD_54_1024_3072,0.5959595959470547,0.6504363803100397,0.5618543713640248,0.4756825938363617,0.37279596967939643,0.23794212210998644,,
IDRiD_54_1024_3584,0.33843797855185204,0.22004646530965663,0.0,0.0,,,,
IDRiD_54_1024_512,0.0,0.0,,,,,,
IDRiD_54_1536_0,0.0,0.0,0.576995600215148,0.5251716246538706,,,,
IDRiD_54_1536_1536,,,0.0,0.0,,,,
IDRiD_54_1536_2048,,,0.5852459015913732,0.5509259258409065,,,,
IDRiD_54_1536_2560,0.0,0.0,0.6997578692282156,0.8268955650338414,0.0,0.0,,
IDRiD_54_1536_512,0.6686295503033022,0.5219389886952804,0.0,0.0,,,,
IDRiD_54_2048_0,,,,,,,0.8719796523766007,0.8577981651018434
IDRiD_54_2048_1024,,,,,,,0.44983967016835,0.2937481304129899
IDRiD_54_2048_1536,,,0.7619489558811161,0.9041850219268519,,,,
IDRiD_54_2048_2048,0.0468164793963655,0.02396931926903458,0.6394736841684556,0.9798387094798712,,,,
IDRiD_54_2048_2560,0.5473386716781127,0.7321991177862508,0.5371937638958935,0.428876244635215,,,,
IDRiD_54_2048_3072,0.2303182579516265,0.5646817247880204,0.33428030301447537,0.20159908622492295,,,,
IDRiD_54_2048_512,,,,,,,0.7491903562398831,0.7749860413104876
IDRiD_54_512_0,0.5837749694013953,0.6924564796235535,,,,,,
IDRiD_54_512_1024,,,0.0,0.0,,,,
IDRiD_54_512_1536,,,0.5594489367906724,0.6709770114460505,0.7427055701932752,0.7671232874610621,,
IDRiD_54_512_2048,,,0.6232876711901857,0.9999999997802197,,,,
IDRiD_54_512_2560,0.22712741665225203,0.818880351217405,0.4069364161755622,0.304182509495189,0.7374872318608842,0.7533039647402434,,
IDRiD_54_512_3072,0.7813137984821585,0.7092554235178321,0.3430468461695667,0.25271739129061316,,,,
IDRiD_54_512_512,0.9373784519277566,0.9663191659209046,,,,,,
IDRiD_55_0_1024,,,,,0.8476562498344422,0.8679999996528001,,
IDRiD_55_0_1536,,,,,0.8211775327218599,0.7736330498083398,,
IDRiD_55_0_2048,,,0.6108786608322684,0.588709676944589,0.8048071843613185,0.7083410823846552,,
IDRiD_55_1024_1024,,,0.8821385175112834,0.9784366574182111,0.8181552287994412,0.7418032786849479,,
IDRiD_55_1024_1536,0.0,0.0,0.0,0.0,0.7944857254587461,0.6785917092549711,,
IDRiD_55_1024_2048,,,0.4019900497112448,0.2686170212408754,0.853046495872435,0.7774991494124305,,
IDRiD_55_1024_2560,,,0.6528129751316364,0.6013071894863391,0.8641324981007211,0.8524214123520061,,
IDRiD_55_1536_1024,,,0.31911966983230816,0.23819301843158253,0.6490201068919231,0.5332496863162798,,
IDRiD_55_1536_1536,,,0.7724731182463452,0.6977466976924828,0.746296232932746,0.8275286440486567,,
IDRiD_55_1536_2048,0.4981526743562885,0.43780597461846527,0.44900221728660383,0.4808072813422712,0.6798323596625608,0.8456556082081701,0.0,0.0
IDRiD_55_1536_2560,0.7317687591443648,0.6192745399234434,0.3422053231288583,0.24523160756260717,0.8021177274270727,0.7250926307107347,0.0,0.0
IDRiD_55_1536_3072,,,,,0.8609238451720119,0.7948363300693944,,
IDRiD_55_1536_512,,,,,0.6117647058444727,0.46824644545324673,,
IDRiD_55_2048_1024,,,,,0.9194395796042522,0.9325044403317044,,
IDRiD_55_2048_1536,,,0.41639697945885684,0.9507389157878133,0.611970410201346,0.47919957870041074,,
IDRiD_55_2048_2048,,,0.005714285712653061,0.0028653295120729715,0.8355014687310427,0.801099785396981,,
IDRiD_55_2048_2560,,,,,0.7963033974967547,0.7045053602883395,,
IDRiD_55_512_1024,0.6150271107509676,0.5609985868788979,0.6264855687340202,0.49101796403918707,0.8352651914281779,0.7651222651199205,,
IDRiD_55_512_1536,0.645745713354408,0.4961882664816674,0.5187566987654066,0.9797570846235801,0.8618002948797208,0.7979358149049722,,
IDRiD_55_512_2048,0.7879809359444626,0.9755980670135077,0.5342163354818746,0.43291592121056965,0.8487551394848477,0.8405039787776114,,
IDRiD_55_512_2560,,,,,0.18181818173947265,0.09999999995238096,,
IDRiD_56_0_1024,,,0.0,0.0,,,,
IDRiD_56_0_1536,,,0.6974128233186263,0.6997742662077259,,,,
IDRiD_56_0_2048,0.6412145568159469,0.5403913697875014,0.6506493506071006,0.7106382977715408,,,,
IDRiD_56_0_2560,0.7162270697453718,0.5731400071968401,,,,,,
IDRiD_56_0_3072,0.8484199674840474,0.8873683337406704,,,,,0.8468949001236472,0.9635072655178191
IDRiD_56_0_512,,,0.71499999982125,0.9999999993006994,,,,
IDRiD_56_1024_0,0.029561586638584034,0.015250732379672146,,,,,,
IDRiD_56_1024_1024,,,0.0,0.0,,,,
IDRiD_56_1024_1536,,,0.5740402192734845,0.402564102460881,,,,
IDRiD_56_1024_2048,,,,,0.6603844140254252,0.833176070941061,,
IDRiD_56_1024_2560,0.0,0.0,0.7634584012427847,0.9770354904014539,0.7536945812189084,0.8776290629297077,,
IDRiD_56_1024_3072,0.16779170684551734,0.10567412805738613,0.13092550789328863,0.09682804673649181,,,,
IDRiD_56_1536_1024,0.0,0.0,,,,,,
IDRiD_56_1536_1536,,,0.5650224214613204,0.7850467287273997,,,,
IDRiD_56_1536_2048,0.5033673273017926,0.5084054027741871,,,0.7323395981616222,0.7151898733724563,,
IDRiD_56_1536_2560,0.4186046511550027,0.31860662700881887,0.4447761193366006,0.4999999998322147,,,0.0,0.0
IDRiD_56_1536_512,0.0,0.0,,,,,,
IDRiD_56_2048_1024,0.7767173870372701,0.8058557891589951,,,0.42758620682283,0.28904428897691276,,
IDRiD_56_2048_1536,,,0.7710583152515056,0.9394736839632963,,,,
IDRiD_56_2048_2048,0.5085570605847306,0.35516030360988826,0.0,0.0,,,,
IDRiD_56_2048_2560,0.63044718743241,0.4854315049464183,,,,,0.7318976730688546,0.9999999999802528
IDRiD_56_2048_3072,,,0.8456273763615492,0.8475609754805548,,,,
IDRiD_56_2048_512,0.021949404761496476,0.016895761740638726,,,,,,
IDRiD_56_512_1024,0.6878179843326598,0.794086589218663,0.6729211087133083,0.8566775243369514,,,,
IDRiD_56_512_1536,,,0.0,0.0,0.6579634463892998,0.6756032169770501,,
IDRiD_56_512_2048,,,,,0.6954872961632964,0.9577023498444465,,
IDRiD_56_512_2560,0.5400294179421095,0.41511872072027844,0.742388758738736,0.627722772215077,,,,
IDRiD_56_512_3072,0.41829405162503763,0.375365092150515,0.0,0.0,0.7053872053278293,0.9088937091303918,0.9499258660164782,0.9633654568999838
IDRiD_57_0_1024,,,,,0.6218851570290482,0.5161870502668728,,
IDRiD_57_0_1536,0.22006472490128925,0.12499999998851102,,,0.17099748531676465,0.24460431648810446,,
IDRiD_57_0_2048,,,,,0.45699937222492154,0.3229813664309688,,
IDRiD_57_0_512,,,,,0.464725643870956,0.7742537311988333,,
IDRiD_57_1024_0,,,,,0.2841277186421997,0.16572199729647175,,
IDRiD_57_1024_1024,,,0.35270541075096085,0.21890547258236182,0.5508793969805992,0.5397753500455489,,
IDRiD_57_1024_1536,,,0.0,0.0,0.7619321448999148,0.8553905745366239,,
IDRiD_57_1024_2048,,,,,0.49733570155441065,0.7291666664767795,,
IDRiD_57_1024_512,,,,,0.46519320402247494,0.45167883210360066,,
IDRiD_57_1536_0,0.26906474818208165,0.25407608692200057,,,0.35318275146751893,0.22872340419448844,,
IDRiD_57_1536_1024,,,,,0.7124341500065855,0.6318599821917553,,
IDRiD_57_1536_1536,,,,,0.6828009827925946,0.7510810810607816,,
IDRiD_57_1536_2048,,,,,0.6503906249682427,0.5099540581539085,,
IDRiD_57_1536_512,,,0.7313131311653912,0.6678966787203333,0.5796344647368242,0.43291731667578326,,
IDRiD_57_2048_1024,,,,,0.4964824120104038,0.35797101444087376,,
IDRiD_57_2048_1536,,,,,0.6387832699214966,0.513238289153438,,
IDRiD_57_2048_512,,,0.0,0.0,0.04390243902082094,0.022443890272448554,,
IDRiD_57_512_0,,,,,0.515355805224144,0.36210526313883656,,
IDRiD_57_512_1024,,,0.0,0.0,0.4984488107033662,0.34726224778857895,,
IDRiD_57_512_1536,0.0,0.0,,,0.6403940886068578,0.7420091322506828,,
IDRiD_57_512_512,,,0.2415254236776429,0.1373493975572652,0.6794434234528894,0.599629286348488,,
IDRiD_58_0_1536,0.0,0.0,0.757246376743003,0.6093294459753165,,,,
IDRiD_58_0_2048,,,0.8038176033081847,0.9404466498907079,0.7946503204161358,0.8486411426135957,,
IDRiD_58_0_2560,,,0.6269938649922089,0.6395494367159513,0.8297520660814153,0.8276999174915334,,
IDRiD_58_0_3072,,,0.29012345670057915,0.3286713284414886,,,,
IDRiD_58_0_512,,,0.1589403973159072,0.0863309352310957,,,,
IDRiD_58_1024_0,,,,,0.6645032451157139,0.5304902351323041,,
IDRiD_58_1024_1024,,,0.8547189818817902,0.9710843371154013,,,,
IDRiD_58_1024_1536,0.8762486126404516,0.9789212646937718,0.49999999991935484,0.37990196069120047,0.8287157090101172,0.7953890489705164,,
IDRiD_58_1024_2048,,,,,0.7842191780735975,0.7727861770891407,,
IDRiD_58_1024_2560,0.0,0.0,0.7753479124477786,0.8628318582161876,0.8472698496327187,0.9386323786984619,,
IDRiD_58_1024_3584,,,,,0.8631178705583427,0.8867187496536254,,
IDRiD_58_1536_0,,,,,0.23191262215462008,0.1312145711352921,,
IDRiD_58_1536_1536,0.0,0.0,,,,,,
IDRiD_58_1536_2048,0.4539931841687066,0.29365535747951593,,,0.0,0.0,,
IDRiD_58_1536_2560,0.24764740917065128,0.14271984622679534,0.7042253519143027,0.5482456137946291,,,,
IDRiD_58_1536_3072,0.6491056910498741,0.5282286520725437,,,,,,
IDRiD_58_1536_512,,,0.0,0.0,0.608565310479474,0.4522597071784768,,
IDRiD_58_2048_1024,,,,,0.0,0.0,,
IDRiD_58_2048_1536,0.03543182537059691,0.034355828218751175,,,,,,
IDRiD_58_2048_2048,,,0.7878077373050636,0.8637532131455646,,,,
IDRiD_58_2048_2560,0.8599130725366113,0.7689088191100476,,,,,,
IDRiD_58_2048_3072,0.49072753209350406,0.4418754014072977,,,0.7029429797562394,0.543236199939748,,
IDRiD_58_512_1024,0.0,0.0,,,,,,
IDRiD_58_512_1536,0.711902956758457,0.6015374759384025,0.5020352781206218,0.6281833615232286,0.7413995808394893,0.8169426608042303,,
IDRiD_58_512_2048,,,,,0.7434177039436239,0.7677530344951949,,
IDRiD_58_512_2560,0.7538981288932308,0.6266335457325128,0.20617110797993188,0.11873990305987561,0.7012687427103497,0.539964475925406,,
IDRiD_58_512_3072,,,0.42662632368734854,0.6778846150587093,0.8847517729712099,0.9139194137520295,,
IDRiD_58_512_512,0.46134119758351916,0.2998333333283361,,,,,,
IDRiD_59_0_1024,,,0.0,0.0,,,,
IDRiD_59_0_1536,0.4392350400932852,0.2814229248967364,0.27728613566595023,0.16095890409121474,0.473118279400316,0.9565217377441715,0.9362100216308945,0.9065790963599446
IDRiD_59_0_2048,,,,,,,0.9213066617711115,0.858829164810419
IDRiD_59_1024_1024,0.15777056915247883,0.6327616794421784,0.3416666666488715,0.20798985414026697,0.6901798063146487,0.827529021421637,0.0,0.0
IDRiD_59_1024_1536,,,0.6600985220049018,0.7282608691694235,0.8529790495639182,0.8767595277075644,,
IDRiD_59_1024_2048,0.7259915734365393,0.9150338765626252,,,0.7666945606673174,0.8035902233609894,,
IDRiD_59_1024_512,0.0,0.0,0.0,0.0,,,,
IDRiD_59_1536_0,,,0.18428709988513217,0.11656441716361174,,,,
IDRiD_59_1536_1024,0.0,0.0,,,0.7710675785235763,0.7995192307500116,,
IDRiD_59_1536_1536,,,0.7039687702860137,0.5437185929101791,0.6710592369435802,0.9091991157811733,,
IDRiD_59_1536_2048,0.6332844574733629,0.8247088027339181,0.0,0.0,0.843425076439703,0.8439412484441878,,
IDRiD_59_1536_2560,,,,,0.0,0.0,,
IDRiD_59_1536_3072,,,,,0.24523612259774347,0.1404174572921805,,
IDRiD_59_1536_512,0.8840265742324186,0.8246732833303783,0.365384615340699,0.27142857138010207,,,,
IDRiD_59_2048_1024,0.5342480911747898,0.3848852040754961,,,,,,
IDRiD_59_2048_1536,,,0.663778162854092,0.952736318170961,,,,
IDRiD_59_2048_2048,0.11405622489043725,0.06184668989008304,0.5656934306362886,0.8414766557175378,,,0.0,0.0
IDRiD_59_2048_2560,,,,,0.6865000898733911,0.788560809399369,0.8429499549709846,0.7522459171643976
IDRiD_59_2048_3072,,,,,0.31715560361880285,0.18971373119537904,,
IDRiD_59_2048_512,,,0.37605525707014154,0.23377862593189133,,,,
IDRiD_59_512_1024,0.32345328546110497,0.2517218973326612,0.534487280342657,0.4884947267263426,0.6964499401605858,0.8455205810933288,0.928554443458982,0.8857590629756454
IDRiD_59_512_1536,0.7510631337882275,0.8216138844084665,0.0,0.0,0.803673881458709,0.9029991146475044,0.0,0.0
IDRiD_59_512_512,0.0,0.0,0.2832469774985757,0.5578231288722292,,,0.5556315861483658,0.9867541620976211
IDRiD_60_0_1536,,,0.4910790144017774,0.84999999975,,,,
IDRiD_60_0_512,,,,,,,0.8330160927351962,0.7256557129717921
IDRiD_60_1024_0,,,,,0.6504197129528725,0.5444242973461276,,
IDRiD_60_1024_1024,,,,,0.7882288228606098,0.8245109320584285,,
IDRiD_60_1024_1536,0.0,0.0,0.3994334277054627,0.2582417581944612,0.8156647738366334,0.9081712740829495,,
IDRiD_60_1024_2048,0.6815440289094364,0.5169258919929619,0.5246981338611748,0.5610328637180674,0.7142857141612743,0.6269113147929934,0.0,0.0
IDRiD_60_1024_2560,0.8918051575880125,0.9463634152159284,0.8294930875228533,0.8154859966379335,0.511363636339424,0.41002277901214707,0.40695735047874776,0.3111111110997774
IDRiD_60_1024_3072,,,,,0.0,0.0,,
IDRiD_60_1536_1024,,,0.0,0.0,0.18834296724243324,0.8640883976945759,,
IDRiD_60_1536_1536,0.30665258711073595,0.199615067357723,,,0.6409628288354354,0.812365010777204,,
IDRiD_60_1536_2048,,,0.1492537313247197,0.08064516127948318,0.6769016049771875,0.6432360741852472,,
IDRiD_60_1536_2560,0.7875532505873764,0.7351313969317037,0.5966735966115724,0.44984326011757947,0.7372744411477425,0.7719966158943599,,
IDRiD_60_1536_3072,,,0.7265917600274937,0.6689655167800238,,,,
IDRiD_60_1536_512,,,,,0.08880277710431256,0.762829403500301,,
IDRiD_60_2048_0,,,,,0.0,0.0,,
IDRiD_60_2048_1024,0.18543645408478354,0.13225806450759625,,,0.6407859293246649,0.5366954213598315,,
IDRiD_60_2048_1536,,,0.0,0.0,,,,
IDRiD_60_2048_2048,,,0.6047516197397944,0.8045977006870129,0.5674646638472463,0.7394318336177867,0.0,0.0
IDRiD_60_2048_2560,0.6080398484614563,0.4806988352718763,0.13882240305702143,0.07688229055795957,0.7742868953953227,0.7889637741874911,0.8000904275907502,0.6784794873162158
IDRiD_60_2048_512,0.24052132700709358,0.5211810012167932,0.8343558280502339,0.8292682923458259,0.33674630257829963,0.2055555555270062,,
IDRiD_60_512_0,,,,,0.0,0.0,,
IDRiD_60_512_1024,,,0.3413296778381542,0.2763596004132786,,,,
IDRiD_60_512_1536,,,0.526829268241285,0.4066265059628575,0.6434994665349261,0.5593534711033558,,
IDRiD_60_512_2048,0.19693877550015618,0.17625570774646065,0.28235294115432524,0.18769551614309746,,,0.0895833333329276,0.046892039258229136
IDRiD_60_512_2560,0.06546990495958448,0.03384279475797801,,,0.48275862035671824,0.3240740737740055,0.18281786941514624,0.10153895608108032
IDRiD_60_512_3072,,,,,,,0.8749378006230308,0.8566092887161967
IDRiD_61_0_1024,0.7778968440345018,0.7821876604790714,,,,,,
IDRiD_61_0_1536,0.2105708896323264,0.12051112579810305,0.4416037187424983,0.3281519861547364,,,,
IDRiD_61_0_2048,0.8203574674299688,0.7600336794764708,0.5612244897738923,0.923772609699771,,,,
IDRiD_61_0_2560,,,0.7123287668793394,0.928571427742347,,,,
IDRiD_61_0_512,0.658235000107225,0.49057398289553455,,,,,,
IDRiD_61_1024_0,0.5168297556214027,0.3784939781623889,0.0,0.0,,,,
IDRiD_61_1024_1024,0.6522609252977041,0.5020741039055536,0.9093567250132519,0.956923076628639,0.37824474655398704,0.2854477611407747,,
IDRiD_61_1024_1536,0.6155726256961747,0.7681247821473672,0.022249690973763944,0.014657980453638766,0.7606869516484941,0.7084492350425204,,
IDRiD_61_1024_2048,0.11620469082536222,0.08706070286844562,0.3551002987471148,0.27714856760312134,0.7521530030155902,0.8787403632447571,,
IDRiD_61_1024_2560,0.7239168245873058,0.7365946431362639,0.6013939594888352,0.5191977077066362,,,,
IDRiD_61_1024_3072,0.31424342479432715,0.5788590603784036,0.7808612439444151,0.6974358973166777,,,,
IDRiD_61_1536_0,0.010932475883892847,0.005532053367864235,,,,,,
IDRiD_61_1536_1024,0.09678698928868455,0.08795962508800867,,,0.0,0.0,,
IDRiD_61_1536_1536,0.0,0.0,0.0,0.0,0.5245033112235428,0.3778625953837917,,
IDRiD_61_1536_2048,0.644485159394324,0.6069013112407605,0.6332665330026788,0.9999999996835442,0.7303185732401755,0.9218341648738199,,
IDRiD_61_1536_2560,0.10742739655523492,0.06593753286290947,0.1686486486395325,0.09558823528826052,,,,
IDRiD_61_1536_512,0.3385695379471242,0.20433393526807772,0.0,0.0,,,,
IDRiD_61_2048_1024,0.8032952805072,0.6920849484368697,,,,,,
IDRiD_61_2048_1536,0.5854365974038234,0.4536423215664215,,,,,,
IDRiD_61_2048_2048,0.8192738263560175,0.8096636069934752,,,,,,
IDRiD_61_2048_2560,0.65193054136608,0.8033430671553383,0.1342281879147217,0.0786423841027052,,,,
IDRiD_61_2048_512,0.7238696829188725,0.6316146724209725,,,,,,
IDRiD_61_512_0,0.5300094270423693,0.4358311800134726,,,,,,
IDRiD_61_512_1024,0.6342392909887234,0.5281946562994435,,,0.20530973447693635,0.11439842206816599,,
IDRiD_61_512_1536,0.5872254618764313,0.6929706090379254,0.35136343315371643,0.35597826083732076,0.8324768756138241,0.8647686832124719,,
IDRiD_61_512_2048,0.6842283852862912,0.5973064239013461,0.042313117063306545,0.02192982455980045,0.7556675062760798,0.7491675915233535,,
IDRiD_61_512_2560,0.7756432378536173,0.7269460217052728,0.29508196716474067,0.19999999995555554,,,,
IDRiD_61_512_3072,0.0,0.0,,,,,,
IDRiD_61_512_512,0.8441406490521456,0.8622468234943876,,,,,,
IDRiD_62_0_1024,0.66963182603571,0.7286905081815357,0.5224787362670136,0.40642722109519336,0.8064516127174074,0.8974358969756739,,
IDRiD_62_0_1536,,,,,0.0,0.0,,
IDRiD_62_0_512,0.4663742689944841,0.32200538356924613,,,0.6415905426844927,0.5600375233996212,,
IDRiD_62_1024_0,,,0.699029126043925,0.7384615380828402,,,,
IDRiD_62_1024_2048,,,0.6571879935770636,0.8739495794647271,,,,
IDRiD_62_1024_2560,,,,,0.8392370569920334,0.9871794865466799,,
IDRiD_62_1024_3072,0.0,0.0,0.47653429599447406,0.39007092193970794,,,,
IDRiD_62_1536_0,,,0.6473684208822714,0.47859922160365787,,,,
IDRiD_62_1536_1024,,,0.16129032245057232,0.0892857142059949,,,,
IDRiD_62_1536_2560,,,,,0.8086742734614595,0.9094002551976549,,
IDRiD_62_1536_3072,,,0.5666666666141975,0.9776357824352601,,,,
IDRiD_62_2048_2048,,,,,0.7970665749880019,0.8968540484554706,,
IDRiD_62_2048_2560,,,,,0.7895842450748587,0.8447420170388391,,
IDRiD_62_2048_512,,,,,0.0,0.0,,
IDRiD_62_512_1536,,,0.4435196194742259,0.5809968846447046,0.4038929439897941,0.2530487804492304,,
IDRiD_62_512_512,,,,,0.0658978583087483,0.034071550249732276,,
IDRiD_63_0_1024,,,,,0.6534382483675055,0.5116985175832881,,
IDRiD_63_0_1536,,,,,0.5638138138032317,0.403980634739,,
IDRiD_63_0_2560,0.5665826266200646,0.6979107848278988,0.7328699105892319,0.8838323352234931,,,,
IDRiD_63_0_3072,,,0.6546546544580616,0.5828877002230547,,,,
IDRiD_63_1024_1024,,,,,0.8057703747709267,0.9138134592525922,,
IDRiD_63_1024_1536,,,,,0.8377653370606615,0.7870055878077461,,
IDRiD_63_1024_3072,0.7694866920060659,0.8969529085624113,,,,,,
IDRiD_63_1024_3584,0.8661844484237711,0.981557376948611,,,,,,
IDRiD_63_1024_512,0.6129334582871024,0.5267821183945472,,,,,,
IDRiD_63_1536_1536,,,0.55037783371849,0.3796698522693597,0.23420387529619174,0.1364082433624722,,
IDRiD_63_1536_2048,,,,,0.42539682526177874,0.4011976045501811,,
IDRiD_63_1536_2560,,,,,0.0,0.0,,
IDRiD_63_1536_3072,,,,,0.5840447453463632,0.47350835319935525,,
IDRiD_63_1536_512,0.0,0.0,,,,,,
IDRiD_63_2048_1536,,,,,0.0,0.0,,
IDRiD_63_2048_2048,,,,,0.7235929066938398,0.6521890201302228,,
IDRiD_63_512_1024,,,,,0.8086958761538039,0.7233768029089748,,
IDRiD_63_512_1536,,,,,0.8089358307044958,0.794734615669757,,
IDRiD_64_0_1024,,,0.6692377495310972,0.6008146639266471,0.7762711863091066,0.9999999995633188,0.8512086042723648,0.7439808153441535
IDRiD_64_0_1536,0.6609460566570612,0.5463358996254182,0.4590163934125235,0.535987748769374,0.49766355139024154,0.9466666665825184,,
IDRiD_64_0_2048,0.25478547853944605,0.1462675255723279,,,0.8424929727606781,0.9634939402825635,,
IDRiD_64_0_2560,,,,,0.6979611189806563,0.5622612681006676,,
IDRiD_64_0_3072,,,,,0.6755373591939061,0.6346153844933432,,
IDRiD_64_0_512,,,0.78960709754185,0.9599383665701174,0.004166666666377315,0.0020876826720885398,,
IDRiD_64_1024_1536,,,0.8253968252096605,0.9945355185822211,0.37356321833713174,0.43333333318888884,,
IDRiD_64_1024_2048,,,0.8638059700686748,0.8122807016118806,0.1959654178561403,0.19101123593359426,,
IDRiD_64_1024_2560,,,0.0,0.0,0.76568957231732,0.8381022512009456,,
IDRiD_64_1024_3072,,,0.3282051280368179,0.19631901828446688,0.6983459489669421,0.6975637076253833,,
IDRiD_64_1536_0,,,0.8728246318023544,0.8009828008844002,,,,
IDRiD_64_1536_2048,0.0,0.0,0.0014114326039935475,0.0009970089729813552,0.2905317768754174,0.170731707291047,,
IDRiD_64_1536_2560,0.0,0.0,,,0.6670526925175245,0.5632333767743405,,
IDRiD_64_1536_3072,,,0.0,0.0,0.8383233532306644,0.7702888582159163,,
IDRiD_64_2048_1536,,,0.8100929613798018,0.902366863638353,0.8245114778822897,0.7683875530138478,,
IDRiD_64_2048_2560,0.3532242540848055,0.26164448668579743,0.24062772447771336,0.14743589742014573,0.45197740087458904,0.2941176468425606,0.8504778672005455,0.9009525078205491
IDRiD_64_2048_3072,0.30069930068428075,0.24293785308773705,0.6502384737161973,0.5587431693225761,0.8141962420862009,0.7528957527504063,,
IDRiD_64_512_1024,,,0.3910256409838648,0.6120401335745684,,,,
IDRiD_64_512_1536,,,,,0.7147624075999376,0.9153954343728724,,
IDRiD_64_512_2048,,,0.25105782789124714,0.1493288590353475,0.7144357379404054,0.7806514255381706,,
IDRiD_64_512_2560,,,0.6517727051650427,0.5342356687472742,0.8258133009719738,0.8584266119997095,,
IDRiD_64_512_3072,,,0.1269841269697297,0.0677966101612837,0.35105315944322435,0.2128953771030541,,
IDRiD_65_0_1024,,,0.5242369837478928,0.9999999993150686,0.0,0.0,,
IDRiD_65_0_1536,,,0.7353951889673345,0.9327521792113634,,,,
IDRiD_65_0_2048,0.8261919130710262,0.9533426183180123,0.0,0.0,0.619080683229842,0.8408147868411613,,
IDRiD_65_0_2560,0.8500810372599255,0.9863657733433773,0.6292263609954598,0.7065637064727718,0.7948557088834738,0.7528223410129041,,
IDRiD_65_0_3072,0.5032629558444671,0.42997704163889877,0.2995410930204614,0.44430693063808085,0.0,0.0,,
IDRiD_65_0_3584,0.33495934956626344,0.2011718749803543,0.0,0.0,,,,
IDRiD_65_0_512,,,0.762532981429745,0.9383116880070416,0.2764976957251163,0.16042780740084076,,
IDRiD_65_1024_1024,,,0.6840202457929124,0.895833333163668,0.5516445470176641,0.6256544502344829,,
IDRiD_65_1024_1536,0.34601283226133506,0.7418932197595187,0.3453280919157748,0.2169452887455568,0.5097774780505882,0.8008474574574476,,
IDRiD_65_1024_2048,0.7096173733122066,0.8618437578281376,0.4616988014350339,0.4461228599752142,0.8739795161029291,0.8722532220588007,,
IDRiD_65_1024_2560,0.6392647434228274,0.5964745116665414,0.592874109235493,0.4999999999599359,0.6453624317753172,0.7131782945122155,,
IDRiD_65_1024_3072,0.7895404924907454,0.7782782782393254,0.4582015363552553,0.5325630251541426,0.813036020563268,0.7599633531488794,,
IDRiD_65_1024_3584,0.7362354818624325,0.9255461435371033,0.4814814813700274,0.363636363509218,,,,
IDRiD_65_1536_1024,,,0.4710601718927759,0.8670886074120066,0.7134069267657082,0.8298372867902404,,
IDRiD_65_1536_1536,,,0.5395513577013251,0.4898177920160967,0.7535934291452158,0.873116574112882,,
IDRiD_65_1536_2048,0.8430594900372204,0.9612403099533282,0.8492462309424004,0.9548022593475693,0.7183575406714168,0.9508528476163385,,
IDRiD_65_1536_2560,,,0.4090909089359504,0.27551020394106623,0.0,0.0,,
IDRiD_65_1536_3072,0.19020581971680584,0.13426853706069455,0.0,0.0,0.6492753622874746,0.8761408082299686,,
IDRiD_65_1536_3584,0.3308373042830014,0.9768844220123735,0.43664717340416237,0.35555555544268075,,,,
IDRiD_65_1536_512,,,,,0.8223572296276462,0.7943661971458045,,
IDRiD_65_2048_1536,,,0.6062176165017853,0.9999999995726496,,,,
IDRiD_65_2048_2048,,,,,0.5284810125746074,0.9999999994011977,,
IDRiD_65_2048_2560,0.7867862371816728,0.978602321853435,,,,,,
IDRiD_65_2048_3072,,,0.8464912279773584,0.7958762884956956,0.8454545453584711,0.8899521528971406,,
IDRiD_65_512_1024,,,0.0,0.0,,,,
IDRiD_65_512_1536,,,,,0.6840039718157643,0.8942878338168362,,
IDRiD_65_512_2048,0.0,0.0,,,0.707348341107085,0.7909403669634065,,
IDRiD_65_512_2560,0.07615421227624207,0.14159292032892162,0.40439077935445905,0.40008688095568695,0.6854329714675244,0.8258555132954243,,
IDRiD_65_512_3072,,,0.7496409765079157,0.9936548222089271,0.41046170268453536,0.779128672666755,,
IDRiD_65_512_3584,0.905299406908259,0.9797101448869686,0.6666666663888889,0.650406503536255,,,,
IDRiD_66_0_1024,,,0.43999999956,0.28205128168967786,0.7011551983810287,0.608897935428645,,
IDRiD_66_0_1536,,,0.6085106382655048,0.9999999998251748,0.773828038205134,0.6833431430119022,,
IDRiD_66_0_2048,,,0.7671840354200159,0.9942528733727486,0.6386975579077709,0.6028368794088718,,
IDRiD_66_0_2560,,,,,0.8846153845208744,0.836363636194674,,
IDRiD_66_0_512,,,0.7961165047439506,0.9930795844314603,,,,
IDRiD_66_1024_0,,,,,0.629811056668304,0.5470016207233792,,
IDRiD_66_1024_1024,,,0.28980321998393505,0.26213592224526344,0.7178240180656836,0.563395705676455,,
IDRiD_66_1024_1536,0.44357161559456476,0.9713302751179668,0.5789215686132617,0.6131879542776122,0.794325749166214,0.8524529144612057,,
IDRiD_66_1024_2048,,,0.5543147207559072,0.8399999997415384,0.8344556262636066,0.7488351502398884,,
IDRiD_66_1024_2560,,,,,0.6652922095753881,0.5319120879097499,,
IDRiD_66_1024_512,0.6249999999803706,0.4545454545246896,0.39514731362302474,0.34862385310439636,0.8139656070799551,0.7607142857019364,,
IDRiD_66_1536_1024,0.3819081660656873,0.6057566506495528,0.4216802167907404,0.32108955838542763,0.8251816048665712,0.7292538462484581,,
IDRiD_66_1536_1536,,,0.0,0.0,0.9030716049379148,0.8674549746120815,,
IDRiD_66_1536_2048,,,,,0.8701475617531459,0.7957729300237041,,
IDRiD_66_1536_2560,,,0.6459510357207202,0.9320652171380257,0.8027718549892652,0.8503670242320515,,
IDRiD_66_1536_512,,,,,0.6496095455191114,0.49568821939932756,,
IDRiD_66_2048_1024,,,,,0.838916733527661,0.7648824792400295,,
IDRiD_66_2048_1536,,,,,0.854241260331833,0.8183859298938606,,
IDRiD_66_2048_512,,,,,0.6566397651996831,0.5770470663715637,,
IDRiD_66_512_0,,,,,0.0,0.0,,
IDRiD_66_512_1024,0.7171980524557336,0.6072663439512354,0.0,0.0,0.7988886987499886,0.7971634625026675,,
IDRiD_66_512_1536,,,0.4486842104967971,0.3784683684374619,0.8204553979211325,0.714144420971083,,
IDRiD_66_512_2048,,,0.7255520504159659,0.7244094487048175,0.7423691674423862,0.6114287641879413,,
IDRiD_66_512_2560,,,,,0.7942603489130353,0.7228485531619157,,
IDRiD_66_512_512,,,,,0.8341545235305894,0.8482038162152413,,
IDRiD_67_0_1024,0.8350317854717254,0.8065429066553547,0.0,0.0,0.0,0.0,,
IDRiD_67_0_1536,0.46104166666186414,0.343953994399379,0.21498771497450933,0.34179687493324284,0.025342118599830606,0.016622340424426705,0.8118196932124225,0.924153692323067
IDRiD_67_0_2048,0.6815251999678783,0.8166455743288296,0.0,0.0,,,,
IDRiD_67_0_512,,,0.0,0.0,,,,
IDRiD_67_1024_1024,0.6522011103266393,0.7914413132100632,0.38832891244624246,0.4993178716917711,,,,
IDRiD_67_1024_1536,0.2226345083469982,0.13324321714653622,,,0.6382646081563755,0.5526226734161549,,
IDRiD_67_1024_2048,0.2446982055331866,0.1394052044523293,0.6485539000308015,0.49531459163382674,,,,
IDRiD_67_1024_2560,,,0.6569484936193442,0.9602272724544808,0.7215104517382663,0.6729559747581187,,
IDRiD_67_1024_512,0.878516504123972,0.8288507475854691,0.5089666951106334,0.5837414299134436,,,,
IDRiD_67_1536_1024,0.49096719493581836,0.4770595690687318,,,0.6032033846992565,0.7314034444583583,,
IDRiD_67_1536_1536,0.0,0.0,0.6966009231768108,0.8027079302898734,0.7622616033729543,0.8592192374944128,,
IDRiD_67_1536_2048,0.0,0.0,0.8032424465141309,0.9429065742313311,0.8302107728094201,0.9652825050398037,,
IDRiD_67_1536_2560,0.40551166635897296,0.915091210598423,,,0.0,0.0,,
IDRiD_67_1536_512,0.0,0.0,0.3370110330823966,0.21789883267069396,,,,
IDRiD_67_2048_1024,0.7750583628265807,0.7618060695743311,0.45791949815844435,0.33705271256879366,0.6752873562248151,0.7507987218048566,,
IDRiD_67_2048_1536,0.737332511933092,0.6506081402415532,,,0.6499661475524735,0.5687203790795355,,
IDRiD_67_2048_2048,0.061021331608778005,0.17327459616936308,0.46827133475796706,0.9304347823390043,,,,
IDRiD_67_2048_2560,0.20840064618672044,0.12391930834544482,,,,,,
IDRiD_67_2048_512,0.2383737517823168,0.5736354273845926,,,,,,
IDRiD_67_512_1024,0.8660013411665575,0.8540418579253556,0.8753180660835184,0.9398907102113132,0.8151162790223769,0.9709141272893471,,
IDRiD_67_512_1536,0.4492480293996361,0.6173577884022148,0.48987854249028834,0.8581560282470702,0.842105263010157,0.9523809520030234,,
IDRiD_67_512_2048,0.5634034672536478,0.44800785404198634,0.5919191918594021,0.5405904058043192,,,,
IDRiD_67_512_2560,,,0.6414602345969413,0.999999999593496,,,,
IDRiD_67_512_512,0.35358140902813956,0.4541847723322467,0.8112798262882256,0.9444444439674523,0.8229273284725765,0.830578512225087,,
IDRiD_68_0_1536,,,0.7647058823096885,0.6706349205683895,,,,
IDRiD_68_0_2560,0.7201574954349363,0.8648368123530753,,,,,,
IDRiD_68_1024_0,0.8484959403693194,0.8515278009670203,,,,,,
IDRiD_68_1024_1536,0.0,0.0,0.35043409626279126,0.36877076405834375,,,,
IDRiD_68_1024_2048,0.00016078032048855674,0.018691588779223802,0.20105820102274108,0.4253731340109156,0.0,0.0,,
IDRiD_68_1024_2560,0.0,0.0,,,0.7687283903040967,0.9546755724735365,,
IDRiD_68_1024_3072,0.634146341460734,0.6413303693515617,0.0,0.0,,,,
IDRiD_68_1024_512,0.0,0.0,,,,,,
IDRiD_68_1536_0,0.589855335631651,0.6660970608293499,,,,,,
IDRiD_68_1536_1536,0.32739433453145406,0.36036872061148,,,,,,
IDRiD_68_1536_2048,0.5199462124588378,0.3642262808081834,,,,,,
IDRiD_68_1536_2560,0.30308432327718476,0.22181482814418343,,,0.1859756097490101,0.10252100839905375,,
IDRiD_68_1536_3072,0.19910875130331068,0.99431818179935,,,,,,
IDRiD_68_1536_512,0.6791027154643474,0.5746827854901854,,,,,,
IDRiD_68_2048_0,0.0,0.0,,,,,,
IDRiD_68_2048_1536,,,0.6044568244283487,0.9194915250341138,0.6853932583627909,0.6790352503378414,,
IDRiD_68_2048_2048,0.6716384180780841,0.8478186451605195,0.49578414831437034,0.32959641248215327,0.35714285586734695,0.2941176453287197,,
IDRiD_68_2048_2560,,,,,0.0,0.0,0.5396303901421542,0.4886834555281655
IDRiD_68_2048_512,0.6288724881886346,0.9787882895060356,,,,,,
IDRiD_68_512_1536,,,0.44831503216780333,0.4856439704277568,,,,
IDRiD_68_512_2048,0.5792603678445934,0.502425360384625,0.12112932604184294,0.06919875129712805,0.7130593223283469,0.8185840707898746,0.47633213754067427,0.316658911117768
IDRiD_68_512_2560,0.7177286233046374,0.7457610506640618,0.6696340256839943,0.8990703850067636,0.3284671532547019,0.24193548383844954,,
IDRiD_68_512_3072,0.0631268906223867,0.48412698411220617,0.0,0.0,,,,
IDRiD_69_0_1024,0.7428842729952692,0.6422443869776208,,,,,,
IDRiD_69_0_1536,0.8515479136808202,0.8246156951111295,,,,,,
IDRiD_69_0_2048,0.0,0.0,0.5290322579507457,0.4155405404001552,0.8470125157574125,0.9279072901163731,,
IDRiD_69_0_2560,0.019683865194760397,0.03618421052234822,0.6739513570435689,0.9390962670983206,0.2717391304052458,0.37091988119557273,,
IDRiD_69_0_3072,0.2243568870065762,0.8084482252622925,,,,,,
IDRiD_69_0_512,0.5749636098841591,0.5895522387766392,0.0,0.0,,,,
IDRiD_69_1024_1024,,,0.35658914725610774,0.5782122903412814,0.0,0.0,,
IDRiD_69_1024_1536,0.7174571696098856,0.7102966841109261,0.33592095975046427,0.22884615382414938,0.44176426032487465,0.5835899014688487,,
IDRiD_69_1024_2048,0.5169531996117842,0.47384548040109775,0.0,0.0,0.48249422993982516,0.700636219033167,,
IDRiD_69_1024_2560,0.5110365853642956,0.5301745951383465,0.41596779602764283,0.46268656712965023,0.490878938626565,0.5747572815161969,,
IDRiD_69_1024_3072,0.6038665655685393,0.48360655736236774,,,0.08314087758855186,0.1782178216939516,,
IDRiD_69_1536_0,0.13149209657693683,0.6669603523641444,0.0,0.0,,,,
IDRiD_69_1536_1536,,,0.547575199475287,0.8305400370892849,0.31378142270790194,0.48061168757615447,,
IDRiD_69_1536_2048,0.6033374792671883,0.44035100990664683,0.0,0.0,0.5013229034797961,0.7975841873792978,,
IDRiD_69_1536_2560,0.4761605035330266,0.44369501464974503,,,,,,
IDRiD_69_1536_3072,,,0.0,0.0,,,,
IDRiD_69_2048_1024,0.6336175395839415,0.5246331501158558,,,,,,
IDRiD_69_2048_1536,0.6231936416177466,0.5591451292234438,,,0.0,0.0,,
IDRiD_69_2048_2048,0.739419500334653,0.6304250112339288,0.4658385092878361,0.3609239653165617,0.16401780037100966,0.1406761177600135,,
IDRiD_69_2048_2560,,,0.0,0.0,,,,
IDRiD_69_2048_3072,,,0.0,0.0,,,,
IDRiD_69_512_1024,0.30098684210031273,0.7093023255264106,0.4765291607057945,0.41154791149735287,0.0,0.0,,
IDRiD_69_512_1536,0.6165766611808338,0.6291327263864607,0.46354566381707246,0.9151515148741964,0.3956010846580958,0.6998933901545898,,
IDRiD_69_512_2048,0.7788777116610751,0.8166405550536222,0.32189973610529027,0.5147679322722498,0.34197802196299,0.6505016721320231,,
IDRiD_69_512_2560,0.5936956590451999,0.6364129329584735,0.29195258887760744,0.2644067796311405,0.0,0.0,,
IDRiD_69_512_3072,0.29024455791323905,0.679245283004628,,,0.0,0.0,,
IDRiD_69_512_512,,,0.0,0.0,,,,
IDRiD_70_0_1536,0.7959566485952901,0.7398295234261947,,,0.021679389312646118,0.010958481246936897,,
IDRiD_70_1024_1024,0.0,0.0,0.8301886790215124,0.8603351950500921,0.7860906216242265,0.6509598602703386,0.0,0.0
IDRiD_70_1024_1536,0.8352323172528529,0.8150902527061099,0.7945054944618404,0.8981366458511632,0.07971014489865574,0.04150943394660021,,
IDRiD_70_1024_2048,0.7123152709271883,0.5899632802817225,0.5824372759334733,0.7080610020243876,0.25598219252888244,0.14819587627911107,,
IDRiD_70_1024_512,0.22067930192867932,0.35593220336828496,0.43154574129769424,0.7080745340148914,,,0.7565597667613418,0.6097404677955263
IDRiD_70_1536_0,,,0.32037325033897773,0.3029411763814879,,,,
IDRiD_70_1536_1024,0.05517241377407847,0.09523809512471657,,,0.0,0.0,,
IDRiD_70_1536_1536,0.8128354459258771,0.7595504019295756,0.23040935671167195,0.24748743715483829,,,,
IDRiD_70_1536_2048,0.8322269160883456,0.9323867477395276,0.0,0.0,0.0,0.0,,
IDRiD_70_1536_512,,,0.0,0.0,,,,
IDRiD_70_2048_512,,,0.7488240827141275,0.9567307690007858,,,,
IDRiD_70_512_0,0.7985173417845244,0.7288545190561212,,,,,,
IDRiD_70_512_1024,,,0.0,0.0,,,,
IDRiD_70_512_1536,0.8327948642603415,0.8415161536433349,0.5052585451247752,0.4180565627114555,0.3839892751088385,0.2462539916452192,,
IDRiD_70_512_2048,,,,,0.01360852801057817,0.006860278984521832,,
IDRiD_70_512_512,0.6413653716523539,0.5714285714171383,0.3615464994397548,0.44702842365709855,,,0.0,0.0
IDRiD_71_0_1024,0.0,0.0,0.0,0.0,0.45696400618826855,0.31063829780624713,,
IDRiD_71_0_1536,,,0.4535031846556047,0.3224637680575247,,,,
IDRiD_71_0_2048,,,0.5152542372008044,0.5049833885365503,0.7799999992200001,0.6724137919441141,,
IDRiD_71_0_2560,0.7402816142264358,0.6555694767576185,,,,,,
IDRiD_71_0_512,,,0.6899302093030977,0.6302367940564232,0.6541666666394098,0.5279085406504432,,
IDRiD_71_1024_0,0.5807365438270912,0.6174698793320873,0.7011952190536659,0.571428571335807,0.4871287128230566,0.3898573691933665,,
IDRiD_71_1024_1024,0.0,0.0,0.0,0.0,0.8434897092793225,0.8810586287197074,0.0,0.0
IDRiD_71_1024_1536,,,0.8280373831001834,0.944562899585381,0.7681019886432452,0.9335808247846534,,
IDRiD_71_1024_2048,,,0.4914841847952593,0.39763779511904024,0.0,0.0,,
IDRiD_71_1024_512,,,0.3674197383848145,0.38007380069125785,0.7930818920584851,0.8263135041199285,0.007958858822040168,0.003995328538914529
IDRiD_71_1536_0,0.0,0.0,,,0.0,0.0,,
IDRiD_71_1536_1024,0.5060489650793759,0.36434940554520845,0.47209384996544285,0.5655877341937319,0.8710801961320221,0.8543377536334009,,
IDRiD_71_1536_1536,,,0.1311852704207447,0.07282793866810784,0.8152819186807333,0.8923414577746774,,
IDRiD_71_1536_2048,,,0.2796934865793221,0.1958154506332717,0.8206136900024874,0.8937446443745538,,
IDRiD_71_1536_2560,,,,,0.8235294116372246,0.815950919995107,,
IDRiD_71_1536_3072,,,0.6442307691275272,0.7444444441687242,,,,
IDRiD_71_1536_512,0.32343651293987885,0.2134222592658015,0.4599728629267318,0.9338842972633927,0.8857353440096333,0.9011164274300718,,
IDRiD_71_2048_0,,,,,0.0,0.0,,
IDRiD_71_2048_1024,0.0,0.0,0.7196085810794276,0.799331103612096,0.7849049651463601,0.7522660388419525,,
IDRiD_71_2048_1536,,,,,0.763577118026957,0.7697080291900573,,
IDRiD_71_2048_2048,,,0.8293216629894485,0.8945712037061706,0.7761026733129176,0.7496751840542477,,
IDRiD_71_2048_3072,0.2587397650400187,0.9983516483242212,,,,,,
IDRiD_71_2048_512,0.16545259472491133,0.6986170719743149,0.0,0.0,0.6693949137581205,0.8579992506235294,,
IDRiD_71_512_0,,,,,0.0,0.0,,
IDRiD_71_512_1024,0.3524648243713689,0.24782918149113412,0.7482219060811655,0.7387640448746475,0.7721934369569421,0.8219505469177134,,
IDRiD_71_512_1536,0.0,0.0,0.3063646170332124,0.19514429683027285,0.752787081933946,0.8740422567811232,,
IDRiD_71_512_2048,0.0,0.0,0.5384367963802369,0.44426751589998575,0.6230007615908987,0.7518382352250148,,
IDRiD_71_512_512,0.33096821877065064,0.6458032881267435,0.010570824523940422,0.005723006485855666,0.7922276621726421,0.8537510304888087,0.0,0.0
IDRiD_72_0_1024,,,0.6432545201445322,0.49544724153746933,,,,
IDRiD_72_0_1536,,,0.5154511742573886,0.3726541554626761,0.0,0.0,,
IDRiD_72_0_2048,0.0,0.0,0.0,0.0,0.7596521738866209,0.7393364928409386,,
IDRiD_72_0_2560,,,0.7193877549185235,0.6911764702494233,0.0,0.0,0.21738650171093898,0.12239567137183657
IDRiD_72_0_3072,,,0.0,0.0,0.0,0.0,,
IDRiD_72_0_512,,,0.43986254287974874,0.4076433119720881,,,,
IDRiD_72_1024_0,,,,,0.0,0.0,,
IDRiD_72_1024_2048,0.020876826717979784,0.010548523204525628,,,0.74474099941488,0.8237836843481671,,
IDRiD_72_1024_2560,0.7254437869736633,0.734835770780752,,,0.9262122276852711,0.959999999994173,,
IDRiD_72_1024_3072,0.0,0.0,0.33093525175094457,0.23517382408278653,0.7899707668002026,0.7441220080333802,,
IDRiD_72_1024_512,,,,,0.16551724136789536,0.09022556390299055,,
IDRiD_72_1536_1024,,,0.0,0.0,0.8384115884011187,0.83673978063717,,
IDRiD_72_1536_1536,,,0.6969147004179829,0.5348189413552036,0.8568450312419442,0.9194630871797567,,
IDRiD_72_1536_2048,,,0.481089258626159,0.3167330676659894,0.9055570915097994,0.8764784586519856,,
IDRiD_72_1536_2560,,,,,0.8687358916466299,0.8257476196839861,,
IDRiD_72_1536_3072,0.13979238753357837,0.07514880951821809,0.9355191255808176,0.9749430521697168,0.8798997781219267,0.8380437595214685,,
IDRiD_72_2048_1024,,,,,0.11230769230337279,0.05988515176128445,,
IDRiD_72_2048_1536,0.1895439377043483,0.6033994333422947,,,0.7811695475990743,0.8303362000914514,,
IDRiD_72_2048_2048,0.0,0.0,0.0,0.0,,,,
IDRiD_72_2048_2560,,,0.0,0.0,0.0,0.0,,
IDRiD_72_2048_3072,,,0.3672131147239989,0.2469680264336309,0.10825439782026328,0.05722460657264312,,
IDRiD_72_512_0,,,,,0.7923773987101229,0.7202034883546462,,
IDRiD_72_512_1536,,,,,0.42857142855992025,0.3518518518363381,,
IDRiD_72_512_2048,0.0231284236139301,0.018609206658314476,0.41855598184797504,0.7633587785288348,0.7466209679627778,0.8281824871178061,,
IDRiD_72_512_2560,,,0.7664733789791,0.7919389977350829,0.0,0.0,,
IDRiD_72_512_3072,,,,,0.7293116782393925,0.9208984374100685,,
IDRiD_72_512_512,,,0.7692307684911243,0.7547169797080812,0.7598529711991029,0.7294648108071071,,
IDRiD_73_0_1024,,,0.5642105261970083,0.7204301071395537,,,,
IDRiD_73_0_1536,,,0.42666666658539687,0.271844660128193,0.745501285155398,0.9539473677934557,,
IDRiD_73_1024_1024,,,0.306818181798812,0.23410404622022118,,,,
IDRiD_73_1024_1536,,,0.6592899953591844,0.5199999999621818,0.8090718996170329,0.9370342771632998,,
IDRiD_73_1024_2048,,,0.5906249999077149,0.5624999998325892,0.9113725489481276,0.8408104195599406,,
IDRiD_73_1024_2560,,,0.44339622636280707,0.9999999994680852,,,,
IDRiD_73_1536_1024,0.8441633864564485,0.7627098880508079,0.7062818335563428,0.8851063827904029,0.7727639000494455,0.7978369383695643,0.9219668917422077,0.9180674547179369
IDRiD_73_1536_1536,0.5929241261595711,0.7104187946521747,0.7099433281447737,0.7521834060314211,0.7350362180428884,0.9460255151181526,,
IDRiD_73_1536_2048,,,0.0,0.0,0.6321138211167984,0.5087241002994153,,
IDRiD_73_1536_2560,,,0.0,0.0,,,,
IDRiD_73_1536_3072,0.0,0.0,,,,,,
IDRiD_73_1536_512,0.0,0.0,,,,,,
IDRiD_73_2048_1024,,,,,,,0.6161828288991207,0.9386526156967011
IDRiD_73_2048_1536,,,0.0,0.0,,,,
IDRiD_73_2048_2048,0.0,0.0,0.0,0.0,,,,
IDRiD_73_2048_2560,0.7527588635741633,0.7096060203472863,0.0,0.0,,,0.667561983464178,0.5774798927510728
IDRiD_73_2048_3072,0.6404413528385677,0.7559456398533982,0.5721925132924877,0.8842975202957448,,,,
IDRiD_73_512_1024,,,0.7138350608221308,0.8028383172426337,,,,
IDRiD_73_512_1536,0.3516839378124455,0.7626404493310899,0.2566564818744367,0.2205551387681504,0.7045773658985597,0.8335548172480547,,
IDRiD_73_512_2048,0.0,0.0,0.6171574903574163,0.930501930322297,0.8701594531047472,0.8340611350069602,,
IDRiD_73_512_2560,0.7729870129468578,0.6819431713398768,,,,,,
IDRiD_74_0_2048,0.24454976300999526,0.30424528294711195,0.40189873416131733,0.36945454542767603,0.33716012082554925,0.2281275551734973,,
IDRiD_74_0_2560,,,0.6727828745883451,0.7777777776992144,0.705394190725022,0.809523809138322,,
IDRiD_74_0_3072,,,0.1682539682272613,0.13184079598710427,,,,
IDRiD_74_0_512,,,0.35087719267466916,0.45454545351239667,,,,
IDRiD_74_1024_1024,,,0.6407914763591482,0.94819819798464,,,,
IDRiD_74_1024_1536,,,0.7347826085359168,0.9999999994082841,,,0.4104496787973409,0.2593634985899614
IDRiD_74_1024_2048,0.30261780103127656,0.6046025103337651,0.5285118219382119,0.4738154612875542,0.6271870793233935,0.5547619046298186,0.5760485093336016,0.4574638844118193
IDRiD_74_1024_2560,0.8128827646499732,0.7914182282709601,0.5991751031008778,0.52966523034373,0.7894840877565775,0.8291467718324861,,
IDRiD_74_1024_3072,0.5815803601904359,0.8176204199146752,0.19910313899559612,0.18974358971115496,0.7609223300855443,0.88528062121831,,
IDRiD_74_1536_0,,,0.6796460175788237,0.5147453081729905,,,,
IDRiD_74_1536_1024,,,0.38430311226193464,0.9999999992957747,,,,
IDRiD_74_1536_2048,,,0.0,0.0,0.8059744570257162,0.9024074971578219,,
IDRiD_74_1536_2560,0.33846827772257815,0.21065067248081923,0.43708609269111004,0.4036697247294934,0.0,0.0,,
IDRiD_74_1536_3072,0.5997543820442126,0.5358069020493137,0.27562326867897347,0.9004524882803383,0.44115082820914114,0.5394456288828474,,
IDRiD_74_2048_1536,0.2397543153633405,0.9999999999116607,0.5714285713277905,0.9999999993827161,,,,
IDRiD_74_2048_2048,0.735764555338928,0.7889063112427586,0.5352523988207082,0.6031969910388718,,,,
IDRiD_74_2048_2560,0.8256832305568402,0.8286058271089399,0.3357664233226521,0.7853658532754313,0.7700312174016617,0.7101727445853796,,
IDRiD_74_2048_3072,0.8417494189553825,0.7283363802293114,0.6643835615679927,0.7907608693503366,,,,
IDRiD_74_2048_512,,,0.8841201714840944,0.8512396690697357,,,,
IDRiD_74_512_1024,,,0.4819624818929347,0.8835978831303715,,,,
IDRiD_74_512_1536,,,0.38720682301120657,0.27234553087748375,,,,
IDRiD_74_512_2048,0.12769628989407278,0.06820276497067256,0.3893637226600794,0.3208137714677913,0.5916287139320835,0.5643359536382153,,
IDRiD_74_512_2560,0.6464689116367943,0.5311361665129031,0.2853801169479384,0.40308370039613617,0.6263165702371583,0.6463563992552609,,
IDRiD_74_512_3072,,,0.4508966694747312,0.392857142798682,,,,
IDRiD_74_512_512,,,0.6617915903726158,0.5819935689446966,,,,
IDRiD_75_0_1024,0.6844267104759745,0.8223350253691154,0.7039456493152876,0.6879468845409629,,,,
IDRiD_75_0_1536,0.7166921898899883,0.606539944167177,0.4780701754211232,0.3328244274639784,0.46921182264565237,0.42006615212678794,,
IDRiD_75_0_2048,0.6708677086328474,0.5049301048395848,,,0.0,0.0,,
IDRiD_75_0_2560,0.08424242424114785,0.04397342613027565,0.664723031876174,0.5588235291378316,,,,
IDRiD_75_0_512,0.3227571115929601,0.9899328858229921,0.4908474575938408,0.40674157298800656,,,,
IDRiD_75_1024_0,,,0.0,0.0,0.0,0.0,,
IDRiD_75_1024_1024,0.7371075932345741,0.9172008546886058,0.3388252148875779,0.2719953996393332,0.810789980700933,0.7903831704890771,,
IDRiD_75_1024_1536,0.0,0.0,0.014492753621088008,0.01061571125040006,0.7937219729162058,0.8045454541797521,,
IDRiD_75_1024_2048,,,0.7913950455807435,0.930981594949236,0.7238219894814252,0.6591179975376499,,
IDRiD_75_1024_512,0.0,0.0,0.6226912928431297,0.5608365018478292,,,,
IDRiD_75_1536_0,,,0.7435897434944116,0.7571801564602663,,,,
IDRiD_75_1536_1024,0.7632905921227015,0.8780245276473974,0.5848091302406608,0.4726463104025034,0.567986230617281,0.5635245901254423,,
IDRiD_75_1536_1536,,,0.713178294020792,0.8070175424438288,0.5422222219812346,0.3719512192853956,,
IDRiD_75_1536_2048,,,0.511346444703276,0.628252787870538,0.3763440859203376,0.2364864864065924,,
IDRiD_75_1536_2560,0.369144981405778,0.5123839009023538,0.24167694201705586,0.731343283036311,,,,
IDRiD_75_1536_3072,0.5716770186264388,0.49124679759839357,,,,,,
IDRiD_75_1536_512,,,0.6701620590719656,0.7239958804609685,,,,
IDRiD_75_2048_1024,0.8703271967129967,0.9123546266490418,0.7086614172985738,0.6729518855219147,0.0,0.0,0.8141861170016274,0.7318801089861278
IDRiD_75_2048_1536,0.43248480577439896,0.7815982171034194,0.4459396751636673,0.41565743942838856,,,,
IDRiD_75_2048_2048,0.5630699087931965,0.9673629241556968,0.500425531893599,0.4227174694160519,,,,
IDRiD_75_2048_2560,0.26949541283631034,0.15777106411017888,0.8076256497733751,0.7327044022853131,,,,
IDRiD_75_2048_3072,0.8523823164317145,0.9030854830528501,0.3848059454678112,0.25326086953768906,,,,
IDRiD_75_2048_512,0.5766907911126693,0.9269897304087453,0.38790269556950013,0.24873524449842027,0.0,0.0,0.0,0.0
IDRiD_75_512_0,,,0.0,0.0,,,,
IDRiD_75_512_1024,0.5170122579876445,0.8688871774957858,0.285306704693994,0.20804438278723686,0.805266719985201,0.8496494416924221,,
IDRiD_75_512_1536,,,0.5410266017032213,0.5017373175467869,0.6640726329011626,0.5412262155876082,,
IDRiD_75_512_2048,0.6955640621403336,0.8040083289743881,0.3464203232989668,0.4955947135472258,0.8320312499852267,0.8949579831590926,,
IDRiD_75_512_2560,0.8082755377892391,0.8209822494561729,,,,,,
IDRiD_75_512_512,,,0.39921722105690466,0.2608695651506727,,,,
IDRiD_76_0_1024,0.21280907984976066,0.11907462009255898,0.0,0.0,,,,
IDRiD_76_0_1536,0.48473298606494414,0.42090166948282043,0.3796761585494318,0.9970674483879567,,,,
IDRiD_76_0_2560,0.02693602693501923,0.015260703687356478,0.4510166357761522,0.30272952846086115,,,,
IDRiD_76_0_512,0.29005699809087854,0.262765347087621,,,,,,
IDRiD_76_1024_0,,,0.6940244779917909,0.7067448679315623,,,,
IDRiD_76_1024_1024,0.6849288548960901,0.6594594594471676,0.2645933014290767,0.1879034998237206,0.7911796716017812,0.7986243790561778,,
IDRiD_76_1024_1536,,,0.7908163264297429,0.8882521487426212,0.8663700301358808,0.7723608445198674,,
IDRiD_76_1024_2048,0.6884371875811918,0.8140267926860498,0.6617826617624609,0.8390092878607578,0.7374005304924731,0.7863560731851462,,
IDRiD_76_1024_3072,,,0.0,0.0,,,,
IDRiD_76_1024_3584,,,0.6117021274968877,0.9999999991304348,,,,
IDRiD_76_1024_512,0.3770533232214889,0.4393404004625179,0.25709515859050935,0.31428571426433427,0.7411830047106195,0.8643134714746012,,
IDRiD_76_1536_0,,,0.6863289382135209,0.7696498053875759,,,,
IDRiD_76_1536_1024,,,0.42342342339163486,0.30786026197512445,0.9015368120045499,0.9043649726547963,,
IDRiD_76_1536_1536,,,0.0,0.0,,,,
IDRiD_76_1536_2048,0.7683839718016648,0.6525804038648998,0.6208791207085497,0.9999999991150443,,,,
IDRiD_76_1536_2560,0.9133641459247382,0.8852459016224696,0.5429362879382448,0.9999999989795919,,,,
IDRiD_76_1536_3072,,,,,0.0,0.0,,
IDRiD_76_1536_512,0.4638542018193462,0.32786259541671886,0.7336035372009285,0.7957633892567642,0.5161586064575273,0.3943957968407286,,
IDRiD_76_2048_1024,,,0.8075772681551556,0.938586326658333,,,,
IDRiD_76_2048_1536,,,0.47099567095489214,0.32075471694330726,,,,
IDRiD_76_2048_2560,,,0.0,0.0,0.0,0.0,,
IDRiD_76_2048_3072,,,0.5295055820527105,0.47428571415020404,,,,
IDRiD_76_2048_512,0.34181818181535684,0.24021372981484243,0.7471009128855884,0.7728432873520753,,,,
IDRiD_76_512_0,0.5429261004419845,0.9804898297641973,0.7793923380740565,0.9365079362106323,,,,
IDRiD_76_512_1024,0.5461133388059998,0.8018158603943565,0.579717211102396,0.49051155113487993,0.6526422079997872,0.713654766260079,,
IDRiD_76_512_1536,0.6781195589010084,0.7522534122906965,0.5602094240544393,0.714285714190349,,,,
IDRiD_76_512_2048,,,0.0,0.0,,,,
IDRiD_76_512_3072,,,0.816689466428407,0.9675850889841839,,,,
IDRiD_76_512_512,0.48797003313292053,0.7031347311458764,0.32644409113267386,0.19718309857892552,0.7551978537387526,0.7321196357955632,,
IDRiD_77_0_1024,,,0.6325203251518275,0.5193591454580295,0.3856041130114128,0.23885350310864537,,
IDRiD_77_0_1536,0.0,0.0,0.8470588232802767,0.8470588230311419,0.7641509433721966,0.6723851687508364,,
IDRiD_77_0_2048,0.7365697132725745,0.6406193734130246,,,0.4362292050949669,0.27962085301430784,,
IDRiD_77_0_2560,0.7781155015170383,0.8422963467147545,0.0,0.0,0.2842347525810059,0.16819884235041885,,
IDRiD_77_0_3072,,,0.7859824779992513,0.9905362772900516,0.0,0.0,,
IDRiD_77_0_512,,,0.8143322472917484,0.8928571422193878,,,,
IDRiD_77_1024_0,,,0.0,0.0,,,,
IDRiD_77_1024_1024,,,0.47638603686316505,0.3381924197264745,0.7466666665007407,0.7148936167170665,,
IDRiD_77_1024_1536,0.0,0.0,0.5716822014837247,0.6598360655061644,0.8620615911012027,0.8032280561880879,,
IDRiD_77_1024_2048,0.4961505559883532,0.41547277931010423,,,0.7499320467416427,0.6547223540423655,,
IDRiD_77_1024_2560,,,,,0.0,0.0,,
IDRiD_77_1024_3072,0.521956521733457,0.9669754329050756,0.7499999998579546,0.9999999994949496,0.7874465048805355,0.6781326779660607,,
IDRiD_77_1024_3584,,,,,0.19985196149519968,0.11101973683297535,,
IDRiD_77_1024_512,,,0.11764705876061655,0.07692307686928457,,,,
IDRiD_77_1536_1024,0.4336043360326779,0.4214559386771334,0.29163879596711445,0.2457722660376807,0.0,0.0,,
IDRiD_77_1536_1536,,,,,0.6295986621810369,0.5074123988876407,,
IDRiD_77_1536_2048,,,0.6574870911654486,0.7140186914553237,0.0,0.0,,
IDRiD_77_1536_512,0.8153710247298374,0.9296402877564081,0.4497016197687617,0.3349206349100025,0.6124686716696042,0.47636452240554666,,
IDRiD_77_2048_0,,,0.8690476187889739,0.9798657711544525,,,,
IDRiD_77_2048_1024,0.3608923884396033,0.4050073637404265,0.5627644569419771,0.7241379309030603,0.7047450372614217,0.5805471124549477,,
IDRiD_77_2048_1536,,,0.34477379092474464,0.9866071424166932,0.6878871300638698,0.5605720695299896,,
IDRiD_77_2048_2048,,,0.7892030847314649,0.7344497605898446,0.7148227711945536,0.6144967682080104,,
IDRiD_77_2048_512,,,0.1636701797790657,0.08991825612466496,0.21102082274998704,0.11842667806586253,,
IDRiD_77_512_1024,,,0.0,0.0,0.3010752687632482,0.17758985197091123,,
IDRiD_77_512_1536,0.44272634790553966,0.42417153994447676,0.4605009633467725,0.39052287575318256,0.7496530579288376,0.6877887006947306,,
IDRiD_77_512_2048,,,,,0.7503207107865714,0.689667219838504,,
IDRiD_77_512_2560,0.6940966010423034,0.594180704395545,,,0.6023765996274865,0.45518908650569523,,
IDRiD_77_512_3072,,,0.5255731921935121,0.4966666665838889,0.06794682421950171,0.03516819571596573,,
IDRiD_77_512_512,0.0,0.0,0.3185078909155656,0.5022624432116459,,,,
IDRiD_78_0_1024,,,0.329113923634033,0.19696969667125805,,,,
IDRiD_78_0_1536,,,0.6725025746306641,0.7886473428999219,,,,
IDRiD_78_0_2048,0.0,0.0,0.37794612793022114,0.27097163546946457,0.3554376656882128,0.2175324674618401,,
IDRiD_78_0_2560,0.6983160884419088,0.5364713216790377,0.0,0.0,0.6673055859757167,0.5564562164567135,,
IDRiD_78_0_3072,,,0.0,0.0,0.42245480490747334,0.46540880493387654,,
IDRiD_78_0_512,0.8007547169509149,0.7282086478566775,,,,,,
IDRiD_78_1024_0,,,0.0,0.0,,,,
IDRiD_78_1024_1024,,,,,0.5468926553054358,0.4268077600658188,,
IDRiD_78_1024_1536,,,,,0.0,0.0,,
IDRiD_78_1024_2048,0.4341279799237273,0.2805874200103784,0.5928934009550362,0.7870619943970183,0.7450598139056707,0.7515194851492399,,
IDRiD_78_1024_2560,0.5244562805102134,0.3650519031096756,0.25363825362507075,0.31647211409643683,0.7324731018082763,0.8168929882926219,,
IDRiD_78_1024_3072,,,0.009174311922397104,0.005076142129402974,,,,
IDRiD_78_1024_512,,,0.8937125747834047,0.9227202471525935,,,,
IDRiD_78_1536_1536,,,0.43227665701899354,0.9698275857888674,,,,
IDRiD_78_1536_2048,0.012562269871939306,0.006646802658568719,0.5923244025639156,0.5018404907359705,0.21664050234345156,0.12387791740730832,,
IDRiD_78_1536_2560,0.0,0.0,0.3639683505560579,0.24875207984619366,0.3957805907006,0.2731508444803057,,
IDRiD_78_1536_3072,,,0.4162895927287866,0.2740814299628519,0.04301075266504798,0.021978021965946143,,
IDRiD_78_2048_1024,,,0.0,0.0,,,,
IDRiD_78_2048_2048,,,0.5735707590840139,0.448023425995897,,,,
IDRiD_78_2048_2560,0.0,0.0,0.2991071428237604,0.18108108105661067,,,,
IDRiD_78_2048_3072,0.0,0.0,,,0.724409448533697,0.6258503397103059,,
IDRiD_78_2048_512,,,0.32487309628179034,0.19393939382185493,0.3994334277054627,0.24999999995567376,,
IDRiD_78_512_0,,,0.8446298226439385,0.7925636006276783,,,,
IDRiD_78_512_1536,,,0.40758873926514144,0.9940298504495433,,,,
IDRiD_78_512_2048,,,0.9145444255283223,0.955082742203891,0.8436051023843434,0.8500842223435867,,
IDRiD_78_512_2560,0.5603649370143571,0.44028999673802305,0.5358592692465589,0.5730824890632298,0.7710139007661748,0.8536419910092042,,
IDRiD_78_512_3072,,,,,0.5364716849094274,0.5246125797390788,,
IDRiD_78_512_512,,,0.8903020666311126,0.9395973151209405,0.8249158247769502,0.9040590402568047,,
IDRiD_79_0_1024,,,0.7482993194733675,0.973451326572167,0.6443202979215866,0.6022628371973661,,
IDRiD_79_0_1536,0.4764989059039256,0.6035476718269723,0.0,0.0,0.5830815709793631,0.6524678836610908,,
IDRiD_79_0_2048,0.7010767998513742,0.586771935042652,0.4528301885083659,0.5405405400535671,,,,
IDRiD_79_0_2560,0.8583919878426766,0.8677281845482213,0.0,0.0,0.6320064987301375,0.5929878047876543,,
IDRiD_79_0_512,0.7958339081197694,0.9834640299866441,0.725304465395764,0.6276346602745586,,,,
IDRiD_79_1024_0,0.8304369414049749,0.7756521739040504,,,,,,
IDRiD_79_1024_1024,0.28846153818417164,0.18072289134852665,0.0,0.0,0.7474673501724187,0.8331972789002287,,
IDRiD_79_1024_1536,0.0,0.0,,,0.7863016784905581,0.8705412821043834,,
IDRiD_79_1024_2048,,,0.3190184048427365,0.31578947355636056,0.741062182549726,0.9476604868085804,,
IDRiD_79_1024_2560,0.08255528255122578,0.13930348256396294,0.468508997414251,0.4959183673132028,0.851371432887058,0.9566964791070038,,
IDRiD_79_1024_3072,,,,,0.8459378031923304,0.8227056018988607,,
IDRiD_79_1536_0,,,,,0.6594434868096665,0.7245670995278913,,
IDRiD_79_1536_1024,0.3098049986182421,0.2255097960725506,0.5871015566651518,0.512953367809203,0.7532154340684644,0.7873949579501095,,
IDRiD_79_1536_1536,0.5717488788917181,0.4093097912994133,0.5419082761970527,0.4524647886925647,0.8576737999279025,0.9053479248362364,,
IDRiD_79_1536_2048,,,0.48644207062560046,0.3627450979947616,0.8049835954282089,0.8813638052741194,,
IDRiD_79_1536_2560,0.6515434314335744,0.727710070534711,0.5506391346918834,0.5181986427811105,0.9430147925723625,0.9311436731623893,,
IDRiD_79_1536_3072,0.7589746880088577,0.8494183541515911,0.3567567567374726,0.23930384334740362,0.7987678713097609,0.7286350864225907,,
IDRiD_79_1536_512,,,,,0.0,0.0,,
IDRiD_79_2048_1024,0.0,0.0,0.0,0.0,0.8498185648969937,0.8513133208055509,,
IDRiD_79_2048_1536,,,0.39531249996911616,0.8489932883057069,0.7476467000749141,0.8852191385100764,,
IDRiD_79_2048_2048,0.0,0.0,0.14987714985873746,0.08198924730080791,0.7747485834620583,0.8029268892528874,,
IDRiD_79_2048_2560,0.7599794414906631,0.6637240966509783,,,0.9042627791097027,0.9493935753846836,,
IDRiD_79_2048_3072,0.19386676065583833,0.4725085909841051,0.0,0.0,0.7194460584896405,0.6156969998291422,,
IDRiD_79_2048_512,0.0,0.0,0.0,0.0,0.8093797276241014,0.9798534796740196,,
IDRiD_79_512_0,0.870558863060586,0.8536723163681041,,,0.7181208051281474,0.7181208048871672,,
IDRiD_79_512_1024,0.0,0.0,0.1891551071759675,0.10964912279900225,0.7324576564056994,0.9177132957791747,,
IDRiD_79_512_1536,,,0.0,0.0,0.7042973743661687,0.7866871704572345,,
IDRiD_79_512_2048,0.1065891472764933,0.05629477993282551,0.6174273858408773,0.7515151513633302,0.6965220067605953,0.8730709876206377,,
IDRiD_79_512_2560,0.8333688018550038,0.7580332945893135,0.03625377642409251,0.018461538455857986,0.7979822147768912,0.8252299063844891,,
IDRiD_79_512_3072,0.8869613877759664,0.917245370317289,0.0,0.0,0.7929687499903202,0.6984946236408927,,
IDRiD_79_512_512,,,0.602526724961066,0.5160216395956712,0.5474006115789449,0.9496021217640312,,
IDRiD_80_0_2048,0.7823508894287327,0.6510129447921807,,,,,,
IDRiD_80_0_2560,,,0.8780487801818645,0.7874999995078126,0.7241379309687714,0.7687861270195018,,
IDRiD_80_0_3072,,,,,0.0,0.0,,
IDRiD_80_1024_2048,,,,,0.31042716900211126,0.1989795918299667,,
IDRiD_80_1024_2560,,,,,0.0,0.0,,
IDRiD_80_1536_1536,,,0.8187372707090148,0.9999999995024876,,,,
IDRiD_80_1536_2048,,,,,0.0,0.0,,
IDRiD_80_1536_2560,,,,,0.002958579881219145,0.001481481481262003,,
IDRiD_80_1536_3072,,,,,0.49344978162347525,0.3403614457489597,,
IDRiD_80_2048_1536,,,,,0.0,0.0,,
IDRiD_80_2048_2048,,,0.3265306121338331,0.19512195114019434,,,,
IDRiD_80_2048_3072,,,0.0,0.0,0.6490066224305951,0.4949494948495051,,
IDRiD_80_512_2560,,,,,0.0,0.0,,
image,dice_hemorrhages,recall_hemorrhages,dice_microaneurysms,recall_microaneurysms,dice_hard_exudates,recall_hard_exudates,dice_soft_exudates,recall_soft_exudates
IDRiD_01_0_1024,0.8955036159637825,0.9829728485737926,,,,,,
IDRiD_01_0_2048,0.054852320663533266,0.028199566154403565,,,,,,
IDRiD_01_0_2560,0.6459977451903609,0.754940711412718,0.43043725153716994,0.6202945989164821,,,,
IDRiD_01_1024_1024,,,,,0.8384324509996832,0.7715912685614809,,
IDRiD_01_1024_1536,,,,,0.476190476178017,0.3222379603285327,,
IDRiD_01_1024_2048,,,0.7912360479209907,0.7447470816541052,0.4630738522851392,0.3336529242462879,,
IDRiD_01_1024_2560,0.5406162464607411,0.3715110682991808,0.4128256512198746,0.5024390241451517,0.4468575678657727,0.29514639418063326,,
IDRiD_01_1024_512,0.7645051194249335,0.7199999999485713,,,0.0,0.0,,
IDRiD_01_1536_1024,0.9115750986196883,0.9338590438547673,0.8170515096239696,0.9999999995652175,0.49379727683831176,0.3287671232744252,,
IDRiD_01_1536_1536,,,,,0.5308370043468241,0.37134052382567945,,
IDRiD_01_1536_2048,,,0.6795895096533872,0.6320254506222667,0.7616559609037045,0.6823613635074488,,
IDRiD_01_1536_2560,,,,,0.0,0.0,,
IDRiD_01_1536_512,0.0,0.0,0.23764458462275032,0.23203285416180022,0.0,0.0,,
IDRiD_01_2048_1024,0.8969761841000964,0.8298673004473176,0.7298245613181492,0.6290322579376951,0.6224941970814254,0.5563938136447304,,
IDRiD_01_2048_1536,,,,,0.7670024359708769,0.6327051539638695,,
IDRiD_01_2048_2048,,,0.7043054427008812,0.59180887367974,0.7889635063653877,0.7530940960479863,,
IDRiD_01_2048_3072,,,0.764473684160232,0.6377607024546915,,,,
IDRiD_01_512_1024,,,0.0,0.0,0.6879406307850104,0.5494961469902343,,
IDRiD_01_512_1536,0.0,0.0,,,0.7477954144526607,0.6746987951653853,,
IDRiD_01_512_2048,0.0,0.0,0.0,0.0,0.5106382978663044,0.3635751556915742,,
IDRiD_01_512_2560,0.062278839344495476,0.03214024835411685,,,,,,
IDRiD_02_0_1536,,,,,0.5006495193491732,0.3402189265476656,,
IDRiD_02_0_2048,0.0,0.0,,,0.6880222840267379,0.5440528633162879,,
IDRiD_02_0_2560,,,,,0.0,0.0,,
IDRiD_02_0_3072,,,,,0.0,0.0,,
IDRiD_02_1024_1024,,,,,0.0,0.0,,
IDRiD_02_1024_1536,,,,,0.4638218923502948,0.30339805821560706,,
IDRiD_02_1024_2048,0.0,0.0,0.6802523046734473,0.5745901638873286,0.4770595690687318,0.3199591975464135,,
IDRiD_02_1024_2560,0.0,0.0,0.5417653026533052,0.49231714809512495,0.6352039951635066,0.47131216256921077,,
IDRiD_02_1024_3072,0.0,0.0,0.16016859850788528,0.20765027316730866,0.6328408815617238,0.4661077416970013,,
IDRiD_02_1024_512,,,,,0.0,0.0,,
IDRiD_02_1536_1024,,,0.8304347825485192,0.9744897957526378,,,,
IDRiD_02_1536_1536,0.0,0.0,0.6408010011713641,0.5577342046715176,0.0,0.0,,
IDRiD_02_1536_2048,0.0,0.0,0.27921092562373206,0.3793814432207461,0.7649656525818213,0.641827912694861,,
IDRiD_02_1536_2560,0.0,0.0,0.0,0.0,0.7271309652103398,0.5903995829121871,,
IDRiD_02_1536_3072,0.33321492005921083,0.22153991496355505,0.7581018518079802,0.7910628018368282,0.06415359400458549,0.033373934225739976,,
IDRiD_02_2048_1024,,,,,0.5315752948971842,0.37475538156802785,,
IDRiD_02_2048_1536,0.0,0.0,0.5765937202115514,0.9294478524756294,0.0,0.0,,
IDRiD_02_2048_2048,0.0,0.0,0.0,0.0,,,,
IDRiD_02_2048_2560,,,,,0.4841149772338707,0.32388663961054925,,
IDRiD_02_2048_3072,,,0.20289855068262969,0.11290322578043704,0.0,0.0,,
IDRiD_02_2048_512,,,,,0.8888888888146291,0.9156626504448085,,
IDRiD_02_512_1024,,,0.395904436826288,0.8957528954070452,0.0,0.0,,
IDRiD_02_512_1536,,,0.4035308953087307,0.5653710246350935,0.7526185077164851,0.6162143046537334,,
IDRiD_02_512_2048,0.7350649350543281,0.590129749754631,0.5025688930171617,0.46379310340829366,0.7410919327302682,0.5973250537306266,,
IDRiD_02_512_2560,,,0.37597911223881814,0.2765685018852025,0.1731843574935239,0.09480122321259901,,
IDRiD_02_512_3072,,,,,0.2919508867268826,0.17092651754458044,,
IDRiD_03_0_1024,0.0,0.0,,,0.543132422125406,0.3774525069954079,,
IDRiD_03_0_1536,0.09159519725400352,0.048004314993743184,0.0,0.0,0.5598983158385796,0.4103400092962115,,
IDRiD_03_0_2048,0.0,0.0,0.1687587168641033,0.9379844953969113,0.7773415591263408,0.6404805914380332,,
IDRiD_03_0_2560,0.7570581180488248,0.7052358234150297,0.4637837837587144,0.4874999999446023,0.572093023122769,0.440860214895749,,
IDRiD_03_0_512,,,,,0.0,0.0,,
IDRiD_03_1024_0,0.0,0.0,,,,,,
IDRiD_03_1024_1024,0.24042742652535942,0.1404056162173476,0.5223529411457439,0.9589632827302454,0.6261391251495059,0.47257408150127483,,
IDRiD_03_1024_1536,0.8267117497770258,0.7488514548047767,0.0,0.0,0.8723828514448865,0.8283743575858324,,
IDRiD_03_1024_2048,0.033342914629682585,0.0169590643269895,0.4936754607700154,0.5970279719757843,0.750010532079138,0.6956470772089104,,
IDRiD_03_1024_2560,0.020643594413459514,0.010429447852440816,0.18111254850057487,0.22047244091016183,0.7517290878221593,0.6412311459863014,,
IDRiD_03_1024_3072,0.4935202327393975,0.35505660736033623,0.4578313252618045,0.6734177213485018,0.4276126557595769,0.2961487383404849,,
IDRiD_03_1536_1024,0.0,0.0,0.5941939468440893,0.5133404481842753,0.5825014679908103,0.4319804911960986,,
IDRiD_03_1536_1536,0.09911744737955754,0.07156862744396386,0.5590433482601255,0.6476190475629766,0.803848972191747,0.7346586302889053,,
IDRiD_03_1536_2048,0.6305045202499124,0.5283479960641081,0.551102204353597,0.5198487711682706,0.83119666224082,0.7494314587132168,,
IDRiD_03_1536_2560,0.21867072551893113,0.12435801257935046,0.24839124837526438,0.4562647753058475,0.7669047257236314,0.6420302760435821,,
IDRiD_03_1536_3072,,,0.0,0.0,0.0,0.0,,
IDRiD_03_2048_0,,,0.6458333331651476,0.502024291294727,,,,
IDRiD_03_2048_1024,0.6457098685884897,0.4957222689258903,0.7018544934804772,0.999999999593496,0.0,0.0,,
IDRiD_03_2048_1536,0.10894059603937283,0.057608235791645715,,,0.7309138773940818,0.6019823447374788,,
IDRiD_03_2048_2048,,,0.0,0.0,0.7140709560998493,0.6147540983553516,,
IDRiD_03_2048_2560,0.0,0.0,0.6682692306085891,0.9858156021377195,0.7664571617471642,0.6859088217677352,,
IDRiD_03_2048_3072,0.6155961500647181,0.89406618484416,,,,,,
IDRiD_03_512_0,0.0,0.0,0.034334763933761905,0.017467248900669325,0.0,0.0,,
IDRiD_03_512_1024,,,0.0,0.0,0.07754629629180866,0.04033714629498271,,
IDRiD_03_512_1536,0.6014450302557812,0.6239870340103734,0.6529562981165866,0.5474137929854711,0.7156378600773962,0.5931779420057626,,
IDRiD_03_512_2048,0.0,0.0,0.0,0.0,0.7318590186529729,0.7809734513130352,,
IDRiD_03_512_2560,0.724684394295935,0.6133212093518227,0.5223184543289594,0.8711111109175308,0.724800472947644,0.77058453801429,,
IDRiD_03_512_3072,0.0,0.0,0.5226781856886957,0.5576036865074646,0.4342507645093941,0.2987901104524571,,
IDRiD_03_512_512,0.38440616499291613,0.34304207117890817,0.4905482041356074,0.9611111109331276,0.06618342262634153,0.034268929502798015,,
IDRiD_04_0_1024,,,,,0.5226377952498702,0.4809782608259983,,
IDRiD_04_1024_0,,,,,0.8590604024923801,0.8687782801498741,,
IDRiD_04_1024_1024,0.8651399490978285,0.8664163089896348,0.05339805823946649,0.027431421439543285,0.0,0.0,,
IDRiD_04_1024_2560,,,,,0.8177215188838327,0.7546728970199362,,
IDRiD_04_1024_3072,,,,,0.0,0.0,,
IDRiD_04_1024_3584,,,,,0.09774436086550962,0.051383399189176525,,
IDRiD_04_1536_1024,0.8430157128380926,0.864066193840661,,,,,,
IDRiD_04_1536_2560,,,0.7433333332094445,0.9999999995515695,,,,
IDRiD_04_1536_512,0.8275737289618986,0.7103219794936295,0.8148148146136259,0.9166666661574074,0.7773279349079644,0.6442953015810099,,
IDRiD_04_2048_512,0.7739472316077887,0.6366163303470891,,,,,,
IDRiD_04_512_1024,,,,,0.3228995057483306,0.20925266902425246,,
IDRiD_04_512_1536,,,,,0.0,0.0,,
IDRiD_04_512_2560,,,,,0.7634194829496184,0.7191011233261793,,
IDRiD_04_512_3072,0.0,0.0,,,0.7508090612456928,0.9279999992576,,
IDRiD_04_512_3584,,,,,0.492424242237718,0.9848484833562903,,
IDRiD_04_512_512,,,,,0.0,0.0,,
IDRiD_05_0_512,0.3821989528750333,0.9999999999377335,0.2707182320068069,0.1692573402125635,,,,
IDRiD_05_1024_1024,,,,,0.6346637506764935,0.5372084413080858,,
IDRiD_05_1024_1536,,,0.0,0.0,0.8451932606373599,0.9177787343556704,,
IDRiD_05_1024_2048,0.07591933569680673,0.05423728812640046,0.0,0.0,,,,
IDRiD_05_1024_512,,,0.6614173227304855,0.9999999995238096,,,,
IDRiD_05_1536_1024,0.0,0.0,0.11674641147208167,0.07349397589475977,0.29179331302556333,0.1723518850678004,,
IDRiD_05_1536_1536,,,,,0.0,0.0,,
IDRiD_05_1536_512,0.0,0.0,0.27460317458138067,0.24435028245136298,,,,
IDRiD_05_2048_1024,,,0.6093749999603271,0.5366972476448741,,,,
IDRiD_05_2048_1536,,,0.0,0.0,,,,
IDRiD_05_2048_512,0.8191641182299865,0.7310771469894077,,,,,,
IDRiD_05_512_1536,,,0.3446153845093491,0.20817843858432025,,,,
IDRiD_06_0_1536,0.5077200721775071,0.3419773095531611,0.14986376019756625,0.1276102087870974,,,,
IDRiD_06_0_2048,0.7664903234395869,0.68555342596208,0.625435540015206,0.6445242368681285,,,,
IDRiD_06_0_2560,0.8164650150386245,0.977018538364072,,,0.0,0.0,,
IDRiD_06_0_3072,,,0.5414847160389771,0.40129449825200825,,,,
IDRiD_06_0_512,,,0.7702936096275018,0.6630327055834457,0.0,0.0,,
IDRiD_06_1024_1024,,,0.7746675996929788,0.850883935368879,0.837790081276724,0.7317625270014223,,
IDRiD_06_1024_1536,,,,,0.8979001446411397,0.8382380331454811,,
IDRiD_06_1024_512,0.0,0.0,0.4562851782192764,0.35144508668488755,,,,
IDRiD_06_1536_0,,,,,0.0,0.0,,
IDRiD_06_1536_1024,0.7868731563131685,0.8584070795769584,,,,,,
IDRiD_06_1536_512,,,0.6006441223348917,0.6498257838589154,0.45674740476526865,0.29596412549417844,,
IDRiD_06_2048_512,,,0.0,0.0,,,,
IDRiD_06_512_0,,,0.0,0.0,,,,
IDRiD_06_512_1024,0.1605839415968229,0.08730158729625753,0.15511760965320295,0.21217391300657845,0.675209898363013,0.521193378203924,,
IDRiD_06_512_1536,0.39241917498412276,0.24719101120123724,,,0.6562771637858172,0.4969440526516507,,
IDRiD_06_512_2048,0.6223908918237357,0.6567505720448082,0.3295454543582128,0.19863013685025335,0.0,0.0,,
IDRiD_06_512_3072,,,0.34042553189678587,0.23171614770226528,,,,
IDRiD_06_512_512,0.23494860497540757,0.2649006622077979,0.3159441586836191,0.2565632457927729,0.582131410244749,0.466452648460146,,
IDRiD_07_0_1024,,,0.6644664465715658,0.5582255082147458,0.5422045679699896,0.9999999996336996,,
IDRiD_07_0_1536,0.41964285713681393,0.6055694097836422,,,0.0,0.0,,
IDRiD_07_0_2048,0.44367015097004764,0.4055201698226808,0.44920702955639924,0.52243270184223,0.4027671021980963,0.9812734078721822,,
IDRiD_07_0_512,0.8882544860975427,0.8338437977922019,,,,,,
IDRiD_07_1024_0,,,,,0.0,0.0,,
IDRiD_07_1024_1024,,,0.0,0.0,0.6347165400257931,0.5306621060217283,,
IDRiD_07_1024_1536,,,,,0.39304184296516154,0.2605985037352328,,
IDRiD_07_1024_2048,0.07506702410856111,0.04179104476364446,,,0.06122448978342357,0.03605769229902459,,
IDRiD_07_1024_2560,,,0.7599611272342117,0.7995910018814743,,,,
IDRiD_07_1024_512,,,0.6533117931937541,0.6079374623807614,0.8078274760318863,0.8378064943532504,,
IDRiD_07_1536_0,,,0.0,0.0,0.7075171605439894,0.5663361029062896,,
IDRiD_07_1536_1024,,,,,0.6788441854945325,0.6569643401351953,,
IDRiD_07_1536_1536,,,0.6571428570087463,0.4893617019789174,0.8988020129731472,0.8601750298321867,,
IDRiD_07_1536_2048,0.07468643101269423,0.038849347567056665,,,0.8500021923086333,0.8089229382591275,,
IDRiD_07_1536_2560,,,0.0,0.0,0.8066169053830679,0.7795975666761846,,
IDRiD_07_1536_512,0.10511188667516821,0.11832678529886002,0.39643780521699407,0.8487084869804787,0.6235942667999208,0.6363636363349972,,
IDRiD_07_2048_0,,,,,0.618421052529865,0.4541062800835492,,
IDRiD_07_2048_1024,,,,,0.7166795565682733,0.6830466830131181,,
IDRiD_07_2048_1536,,,,,0.7916281415449624,0.7749526865730687,,
IDRiD_07_2048_2048,0.4053421802543263,0.7977565712238782,0.35035842292337105,0.4085684430085091,0.7900998512769268,0.7845991561015908,,
IDRiD_07_2048_512,0.7568638041193768,0.9626746049809631,0.3152594887561867,0.19950980391178874,0.6631427198356056,0.5376623376483725,,
IDRiD_07_512_0,,,0.0,0.0,0.764227642121092,0.9038461534116125,,
IDRiD_07_512_1024,,,0.5785123962161055,0.6481481469478738,,,,
IDRiD_07_512_1536,,,0.6062974028819513,0.5813133538747769,0.8191565403274369,0.8197424891531127,,
IDRiD_07_512_2048,0.0,0.0,0.4554216866921179,0.42567567557980274,,,,
IDRiD_07_512_2560,0.5221295702261679,0.4007220216474985,,,,,,
IDRiD_07_512_512,,,0.549819927938186,0.7292993629411945,,,,
IDRiD_08_0_1024,0.2473715532607878,0.14157584014371508,,,,,,
IDRiD_08_0_1536,0.7052607219966628,0.6470171962306488,0.0,0.0,,,,
IDRiD_08_1024_1024,0.7174064606005414,0.8673784770759377,0.4346153845944897,0.44708209688950723,0.6375496312921852,0.500222518891846,,
IDRiD_08_1024_1536,0.7236189215950742,0.8462282398288931,0.0,0.0,0.10574712641247191,0.055825242704896784,0.8856239856458289,0.8147740667912394
IDRiD_08_1024_2048,,,,,0.7970057762537015,0.7658586316179671,,
IDRiD_08_1024_2560,,,,,0.41198501864944104,0.25943396220296366,,
IDRiD_08_1024_512,0.46222222221141,0.32161458332286413,,,0.8254200145489101,0.921696574074764,,
IDRiD_08_1536_1024,,,,,0.28740157474657446,0.16781609191544455,,
IDRiD_08_1536_1536,0.7805339002886715,0.6707267559613996,,,0.8525600362405749,0.8497109826436108,,
IDRiD_08_1536_2048,,,,,0.42745995421384625,0.27649496741998253,,
IDRiD_08_512_1024,,,0.4658721559625274,0.6398809521905116,,,,
IDRiD_08_512_1536,,,0.15754923410119273,0.12765957442281575,0.738532109922355,0.8749999995244565,0.8809437744376427,0.8106931172081123
IDRiD_08_512_2048,,,0.5922139205429724,0.5674453654432973,,,0.49328730341073207,0.4248430789513837
IDRiD_08_512_512,,,0.7504363000435539,0.9110169487665183,,,,
IDRiD_09_0_1024,0.5391126158208343,0.3907652566975088,,,,,,
IDRiD_09_0_1536,,,0.03624480094960651,0.018456883509275133,,,,
IDRiD_09_0_2560,,,0.4414261459852051,0.28322440085089146,,,,
IDRiD_09_0_3072,,,0.056157635465213906,0.02889001520380689,,,,
IDRiD_09_0_512,0.5207564575585706,0.38434042552537295,,,,,,
IDRiD_09_1024_1024,0.0,0.0,0.5343152616650844,0.43307086613073226,0.7643129994592011,0.6633176049436084,,
IDRiD_09_1024_1536,0.8917830627853794,0.8423867823506194,,,0.8595494464971407,0.8286912139977604,,
IDRiD_09_1024_2048,0.5458641776574845,0.5156059991788488,0.5348950707531749,0.5953286257145395,0.7887461059113244,0.7270279971154517,,
IDRiD_09_1024_2560,,,,,0.5893508387608059,0.43070362468755824,,
IDRiD_09_1024_3072,,,0.0,0.0,,,,
IDRiD_09_1024_3584,,,0.0,0.0,,,,
IDRiD_09_1024_512,0.25925085129944947,0.21062338619658344,0.488498683046734,0.4309169764426606,0.7255247433708996,0.6186152841239803,,
IDRiD_09_1536_1024,0.10750803388526124,0.05680765668240792,0.21541866469142684,0.1222268731635736,0.6645856455774496,0.5326340758291663,,
IDRiD_09_1536_1536,0.6219805500300953,0.8685747663297729,0.4860139859856635,0.35917312658405054,0.8083541927396615,0.840408574864707,,
IDRiD_09_1536_2048,0.7217840630850995,0.9234516353192954,0.2378752886561345,0.13499344690235998,0.2989323842884462,0.22764227636107254,,
IDRiD_09_1536_2560,,,0.2945100051157255,0.1726835138283584,,,,
IDRiD_09_1536_512,,,0.0,0.0,0.8808421164685393,0.8489380258545841,,
IDRiD_09_2048_1024,,,,,0.681617086188546,0.7771786397499186,,
IDRiD_09_2048_1536,0.11609498677675593,0.061624649842682164,0.5867908551826084,0.6334552101797573,0.7115907274161695,0.6202043659980483,,
IDRiD_09_2048_2048,0.649258542865099,0.72707581224812,0.5835294117189388,0.4476534295490189,,,,
IDRiD_09_2048_2560,,,,,0.8497354496904902,0.9283236993146446,,
IDRiD_09_2048_512,,,0.617841409674619,0.5247895228940698,0.0,0.0,,
IDRiD_09_512_0,0.2716202270325775,0.15715309290286236,,,,,,
IDRiD_09_512_1024,0.0,0.0,0.5365775056310574,0.47707736388317834,0.7590779671564449,0.7744528451987707,,
IDRiD_09_512_1536,0.3272727271983471,0.3228699550121659,0.7996272133457942,0.7915129149831157,0.7150305498952544,0.7711298541489093,,
IDRiD_09_512_2048,,,,,0.7465541490752946,0.8544752092448656,,
IDRiD_09_512_3072,,,0.0,0.0,,,,
IDRiD_09_512_512,0.38040806995267523,0.2624812682367499,0.33559531151538585,0.41846153839715977,0.737657308737884,0.9007092196452223,,
IDRiD_10_0_1024,,,,,0.7572720465389169,0.6931512627158056,,
IDRiD_10_0_1536,,,0.7442636628809235,0.7859030836311979,0.8089545383108596,0.7608977419997706,,
IDRiD_10_0_2048,0.8410011512350616,0.8081619273882802,0.6998799519387827,0.665525114079278,0.7815865782912655,0.7839817171309199,,
IDRiD_10_0_2560,0.4211968935522888,0.594582975038926,0.5218432076444691,0.5801729873200151,0.7590280121370397,0.8357487922394743,,
IDRiD_10_0_3072,,,,,0.22558922558651284,0.12800218340436678,,
IDRiD_10_0_512,,,,,0.47096774178355877,0.31739130420982986,,
IDRiD_10_1024_0,,,,,0.7740863786089558,0.6314363141920226,,
IDRiD_10_1024_1024,0.45028864656109224,0.3730074388848829,0.3077601410799048,0.19695259592567987,0.7929091658614222,0.8902489199661566,,
IDRiD_10_1024_1536,,,,,0.9734513837409295,0.9751297054055763,,
IDRiD_10_1024_2048,,,0.8029064486100902,0.6949685533498478,0.9757258500020418,0.9885896223297029,,
IDRiD_10_1024_2560,0.785929592652897,0.7828338475056036,0.6294416243502673,0.527980535258395,0.7998396861206154,0.745390210337152,,
IDRiD_10_1024_3072,0.4722175308145209,0.9971469328818011,0.6595959595626466,0.656281406969218,0.7831267300470386,0.689227836027018,,
IDRiD_10_1024_512,,,,,0.7596899224773666,0.6881595282379875,,
IDRiD_10_1536_0,,,0.0,0.0,0.6411435674252188,0.48450122110681004,,
IDRiD_10_1536_1024,,,0.7004674577238236,0.7334337348845306,0.6976839684596843,0.7123092403093048,,
IDRiD_10_1536_1536,,,0.28037383164468516,0.16304347817225898,0.7955678501933433,0.8621075863858019,,
IDRiD_10_1536_2048,0.40900458566673303,0.9932508436221991,0.4256039390610001,0.28770542957587464,0.77840252336113,0.7046429964859907,,
IDRiD_10_1536_2560,,,0.5360038149482116,0.5194085027246388,0.8276405451430416,0.8074877420393606,,
IDRiD_10_1536_3072,,,0.27958387514437033,0.2711223202684587,0.6988679245107203,0.681216282458008,,
IDRiD_10_1536_512,0.5901166285849451,0.4500275077856221,,,,,,
IDRiD_10_2048_1024,0.0,0.0,0.4247669773352352,0.30584851387288126,0.0,0.0,,
IDRiD_10_2048_1536,0.0,0.0,0.6778625953853504,0.9420084864297018,0.5622152960853246,0.5734898508052461,,
IDRiD_10_2048_2048,0.6948722594609995,0.6709237228713975,0.1463254593127846,0.08056358381211837,0.6484792626668342,0.8536762921413813,,
IDRiD_10_2048_2560,0.12288370374855086,0.0660489741888415,,,0.060773480646195165,0.03133903133010284,,
IDRiD_10_2048_3072,0.2663829787196258,0.3139418254659331,0.16780487803240926,0.09158679445244017,0.5690909090650413,0.46926536728116447,,
IDRiD_10_2048_512,,,,,0.604125083146902,0.47168831166380837,,
IDRiD_10_512_1024,,,0.2066225165289242,0.1211180124035531,0.8220062509971687,0.7764465036078516,,
IDRiD_10_512_1536,,,,,0.832182203388949,0.801955940299308,,
IDRiD_10_512_2048,0.5989624272818902,0.4300225733537241,0.3195050946026381,0.1930518909325835,0.8463908356748042,0.9278939157551827,,
IDRiD_10_512_2560,0.31784279976139296,0.2790931989783832,0.36322686321942615,0.22506977923813576,0.8204827958907843,0.782593754023873,,
IDRiD_10_512_3072,0.46287703015570075,0.3548243663771716,0.188679245274928,0.11235955055605926,0.6475424550294491,0.5335778947959672,,
IDRiD_10_512_512,0.1361800346216498,0.9589597724112573,0.0,0.0,0.8384998915924886,0.7551737602204149,,
IDRiD_11_0_1024,,,0.0,0.0,,,,
IDRiD_11_0_1536,0.38971061092412196,0.4702534919570484,0.3529411764515412,0.21990585069133115,0.007029876975917421,0.003527336860048089,,
IDRiD_11_0_2048,,,0.5266821345402156,0.38572642307682864,,,,
IDRiD_11_0_2560,0.7455999999920468,0.6183651804561506,0.0,0.0,,,,
IDRiD_11_0_3072,,,,,0.608695652126654,0.8218029348381964,,
IDRiD_11_0_512,0.0,0.0,0.6520467835304026,0.5915119361826228,0.0,0.0,,
IDRiD_11_1024_1024,,,0.6221577164672396,0.9386861312498269,,,,
IDRiD_11_1024_1536,0.0,0.0,0.3032329988739044,0.21736814063839274,0.8089226307224732,0.7478116867695938,,
IDRiD_11_1024_2048,0.0,0.0,0.2915057914776539,0.34712643670181,0.80751542603498,0.7139179470400582,,
IDRiD_11_1024_2560,0.0013336296954582435,0.0006672597864620271,0.15989847714721456,0.16557161627259243,0.7673529196266872,0.6401329943266181,,
IDRiD_11_1024_3072,0.31931470879290896,0.2039480919377326,,,0.8341085270024639,0.9340277774534625,,
IDRiD_11_1536_1024,,,0.5611814345399598,0.8417721516323505,,,,
IDRiD_11_1536_1536,,,0.30534351141153393,0.1834862385040541,0.8435445700651651,0.8231973312593484,,
IDRiD_11_1536_2048,0.0,0.0,0.0,0.0,0.8624726041022552,0.7935744076227436,,
IDRiD_11_1536_2560,0.0,0.0,0.0035820895520249497,0.0017942583730984295,0.7868260665719798,0.6632679273605168,,
IDRiD_11_1536_3072,,,,,0.6517970401622432,0.5013008129999789,,
IDRiD_11_2048_1024,,,0.3434075058006175,0.20948136141776819,0.33962264146014187,0.20454545450969486,,
IDRiD_11_2048_1536,,,,,0.0,0.0,,
IDRiD_11_2048_2048,,,,,0.7990104576615338,0.706715467852058,,
IDRiD_11_2048_2560,0.38754675022351615,0.263577615835782,0.0,0.0,0.7441860465076856,0.6657819905150162,,
IDRiD_11_2048_3072,0.5652655982202875,0.42933700810856934,0.05761316871242527,0.029661016942868428,0.6005434782200717,0.4642857142369448,,
IDRiD_11_512_1024,,,,,0.4391657010174295,0.2822040208278329,,
IDRiD_11_512_1536,,,0.7602004294373514,0.6825192801179282,0.613092904741053,0.4841560195841495,,
IDRiD_11_512_2048,,,0.30226244341155994,0.1780383795119362,0.7871771735971208,0.6773806035725831,,
IDRiD_11_512_2560,0.0,0.0,0.5536507936156412,0.43296921544856315,0.6674792412533901,0.5366899424165541,,
IDRiD_11_512_3072,0.23771790808069646,0.3739800543886224,0.058178350021069226,0.034040178569529005,0.0,0.0,,
IDRiD_11_512_512,,,0.32313725487661665,0.19270346116064513,,,,
IDRiD_12_0_1024,,,,,0.5960044394785791,0.8026905828396577,,
IDRiD_12_0_2560,0.4360378297443485,0.3054393305226332,0.22222222220164609,0.17647058820934258,,,,
IDRiD_12_0_3072,0.24166666664652775,0.1374407582808113,0.32173913029489604,0.27007299250359634,,,,
IDRiD_12_0_512,0.007597340930433766,0.003813155385960815,,,,,,
IDRiD_12_1024_1024,0.20215707964462004,0.9999999999316005,,,,,,
IDRiD_12_1024_2048,0.5945098038749403,0.8732718891997069,0.6067146282246145,0.9768339764568208,0.059684361547785246,0.7761194024058811,,
IDRiD_12_1024_2560,,,0.8170212764798552,0.8545994062745995,,,,
IDRiD_12_1536_2048,0.0,0.0,,,0.6646390267275121,0.7902550437611295,,
IDRiD_12_1536_3072,,,0.0,0.0,,,,
IDRiD_12_2048_1536,,,0.5232558136492699,0.40178571392697704,,,,
IDRiD_12_2048_2048,,,0.0,0.0,,,,
IDRiD_12_2048_2560,,,0.48312611003852113,0.34871794862853384,,,,
IDRiD_12_2048_3072,,,0.17607973419002,0.11963882615809507,,,,
IDRiD_12_2048_512,0.7454485269531463,0.6272980501043288,0.6520912546908658,0.4837799717230212,,,,
IDRiD_12_512_2560,0.8718423244166686,0.8174089068778634,0.0,0.0,,,,
IDRiD_12_512_512,,,,,0.8960573475096671,0.8250825079785206,,
IDRiD_13_0_1024,0.8454011741532574,0.7476400251495394,0.4708860758301554,0.31418918908304416,,,,
IDRiD_13_0_1536,,,0.6476953907556035,0.48412222885056183,,,,
IDRiD_13_0_2048,0.5354852973571638,0.37365010797983184,0.46706586820753704,0.49999999987179483,0.4952978054873674,0.3291666665295139,,
IDRiD_13_0_2560,0.8541220893536297,0.9614621705593238,0.6393088552639608,0.47043865222692693,,,,
IDRiD_13_0_3072,0.09507494646477356,0.29798657714120985,0.4330708661076322,0.2947481242985265,,,,
IDRiD_13_0_512,,,0.5607748183747809,0.44744976812616305,0.11904761900037793,0.06329113921380121,0.7992516620425641,0.7641009262167735
IDRiD_13_1024_0,0.0,0.0,0.648818897535619,0.7984496120936241,,,,
IDRiD_13_1024_1024,0.22382997964675944,0.3903785488651121,0.6949585194417691,0.5596094552641516,0.8880719377268437,0.8395170500883675,,
IDRiD_13_1024_1536,0.0335128665449723,0.05090909089983471,0.36489076273036064,0.2592592592451384,0.7544031077939074,0.682786885242956,0.0,0.0
IDRiD_13_1024_2048,,,0.5106382978587597,0.4212373847994192,0.0,0.0,0.15367231637983977,0.08323133414677995
IDRiD_13_1024_2560,,,,,0.0,0.0,,
IDRiD_13_1024_3072,,,,,0.5727313366064127,0.44529403586201455,,
IDRiD_13_1024_3584,,,0.684129429786729,0.5199063230632538,0.8392857135363521,0.7230769219644971,,
IDRiD_13_1024_512,0.42590120158792055,0.2735849056486456,0.7795046138713088,0.7949479940170903,0.6956354916000418,0.6781372732246468,,
IDRiD_13_1536_0,,,0.5655172411843044,0.47126436754525036,0.0,0.0,,
IDRiD_13_1536_1024,,,0.43466299859458984,0.27768014057313883,0.7669746296998537,0.7355836849300821,,
IDRiD_13_1536_1536,0.005012531327064528,0.002570694086742752,0.5801246791133068,0.5391956373183916,0.7238832219231839,0.6070796459818831,,
IDRiD_13_1536_2048,0.18397085609362612,0.1236230110083462,0.6501182032712696,0.5516549648393526,0.4964124368722718,0.36399064690709315,0.0,0.0
IDRiD_13_1536_2560,0.572765666013323,0.406118484940011,0.7205623900948539,0.7093425604309096,,,,
IDRiD_13_1536_3072,,,0.5788461537904955,0.9933993396061388,0.4678243104731538,0.3077956988833608,,
IDRiD_13_1536_3584,,,,,0.0,0.0,,
IDRiD_13_1536_512,,,0.1525320317173562,0.08890469416152882,0.0,0.0,,
IDRiD_13_2048_1024,0.009411764705565992,0.004728132387547176,0.6149068322503954,0.5814977972714395,0.4737310774288752,0.33713561465942515,0.8665741169078116,0.7719153613417995
IDRiD_13_2048_1536,,,0.6968325791539896,0.6826241134146609,,,0.0,0.0
IDRiD_13_2048_2048,0.221531286427457,0.13950073420756237,0.0,0.0,0.786982248287875,0.6927083329725477,,
IDRiD_13_2048_2560,0.0,0.0,0.19887955179287403,0.2499999999119718,,,,
IDRiD_13_2048_512,,,0.4706422018132733,0.44647519578359657,,,0.3028950122057698,0.1784774745134949
IDRiD_13_512_0,0.20588235289792386,0.11922141116320646,0.0,0.0,,,,
IDRiD_13_512_1024,0.26501766782111147,0.16393442621159188,0.6480612496752763,0.5545224006528098,0.7933182982291792,0.721058970675126,,
IDRiD_13_512_1536,,,0.6068817204170563,0.49232379621450373,0.7757593403271577,0.6845408500317761,,
IDRiD_13_512_2048,,,0.8442367599931095,0.7655367229475885,0.8058734614380075,0.7846930193109886,,
IDRiD_13_512_2560,0.7006833712664837,0.5540345820926488,0.7736450584073514,0.7013487475239548,,,,
IDRiD_13_512_3072,,,,,0.6205428419041754,0.45725490192492113,,
IDRiD_13_512_3584,,,,,0.0,0.0,,
IDRiD_13_512_512,0.0,0.0,0.3456345634252354,0.21597300335028427,0.5360617242356236,0.37653157396906073,0.0,0.0
IDRiD_14_0_1024,,,0.717948717897582,0.8289473682847126,,,,
IDRiD_14_0_1536,0.0623229461736757,0.03216374268901352,0.5882352938704893,0.5785123962161055,0.033271719032666965,0.016917293229902767,,
IDRiD_14_0_2048,0.7301306176612048,0.5891389781994862,0.5600756858505131,0.9999999996621621,0.7787401574649855,0.9182915505608965,,
IDRiD_14_0_2560,0.38040915658696167,0.23928434749101332,0.5717344753624897,0.6369274808856428,,,0.7694543408926989,0.8677310213484063
IDRiD_14_0_3072,0.0,0.0,,,0.0,0.0,,
IDRiD_14_0_512,,,0.24215246635413942,0.14733969985352388,,,,
IDRiD_14_1024_0,,,0.0,0.0,,,,
IDRiD_14_1024_1024,0.16329113923017144,0.6201923073941383,0.0,0.0,,,,
IDRiD_14_1024_1536,0.6712874718303364,0.5410614524988531,0.3309545048915721,0.22083333332018848,0.8128003494946381,0.7673219686502109,,
IDRiD_14_1024_2048,,,0.26666666663752275,0.16094986805264513,0.820383815863555,0.7992193003028902,,
IDRiD_14_1024_2560,,,0.0,0.0,0.7890503683042225,0.7240409207134672,,
IDRiD_14_1024_3072,,,0.0,0.0,0.7624719896169213,0.665328805179939,,
IDRiD_14_1024_3584,,,,,0.0,0.0,,
IDRiD_14_1024_512,,,0.697278911446041,0.5380577426409296,0.44337560121461794,0.2918825561228589,,
IDRiD_14_1536_0,0.3611723920466066,0.6134903639600118,,,,,,
IDRiD_14_1536_1024,,,0.0,0.0,,,,
IDRiD_14_1536_1536,0.875891228648334,0.8632241196105627,0.0,0.0,0.6361332367734227,0.5268365816933482,,
IDRiD_14_1536_2048,0.0,0.0,0.6018882769354468,0.5074626865503329,0.7817258883111898,0.7254710850966384,,
IDRiD_14_1536_2560,,,0.7546699875153728,0.6688741721362124,0.7569866342495548,0.7554567501715661,,
IDRiD_14_1536_3072,0.0,0.0,0.43726235733131896,0.5111111108839507,0.46031746024439407,0.30208333327039927,,
IDRiD_14_1536_512,,,0.7688734029750944,0.8552971575122356,,,,
IDRiD_14_2048_1024,0.0,0.0,0.34385382056944735,0.29113924046538125,,,,
IDRiD_14_2048_1536,,,0.5993377482451427,0.6510791364564463,,,,
IDRiD_14_2048_2048,,,0.0,0.0,0.5455486542160689,0.3838310269203328,,
IDRiD_14_2048_2560,0.7975330396335236,0.754333333308189,0.7003710574814299,0.622423742735167,0.6934048052005991,0.8039955604704996,,
IDRiD_14_2048_3072,0.5567298725434142,0.5788623141377226,0.5463414633989572,0.3946932006469862,0.0,0.0,,
IDRiD_14_2048_512,0.8676981370108084,0.7663134411173277,,,,,,
IDRiD_14_512_1536,0.0,0.0,0.0,0.0,0.7219581268259132,0.6270203794689561,,
IDRiD_14_512_2048,0.0,0.0,0.41512231279354167,0.7977207974935268,0.8139222856520114,0.8171685155794127,,
IDRiD_14_512_2560,0.0,0.0,0.5705202311973838,0.6527777777346047,0.7788659577134655,0.7147265293500165,0.0,0.0
IDRiD_14_512_3072,0.0,0.0,0.0,0.0,0.805098378903538,0.7907146329414022,,
IDRiD_14_512_512,,,0.6728232189085985,0.5130784707217145,,,,
IDRiD_15_0_1536,,,0.0,0.0,,,,
IDRiD_15_1024_0,,,0.0,0.0,0.5929802955482457,0.4320323014611022,,
IDRiD_15_1024_1024,,,,,0.7828405234999655,0.8939939108526435,,
IDRiD_15_1024_1536,,,,,0.5017841213090593,0.342778793408203,,
IDRiD_15_1024_512,,,,,0.8033306021197083,0.7281413087084377,,
IDRiD_15_1536_2048,,,0.0,0.0,0.22391857500663648,0.12607449853121075,,
IDRiD_15_1536_512,0.0,0.0,,,0.0,0.0,,
IDRiD_15_2048_2048,,,0.712643677887876,0.8157894729686058,,,,
IDRiD_15_512_1024,0.0,0.0,,,0.7112834625924989,0.6944308744419342,,
IDRiD_15_512_512,0.0,0.0,0.0,0.0,,,,
IDRiD_16_0_2560,,,0.0,0.0,0.8932391523533151,0.9389053881655111,,
IDRiD_16_1024_2048,,,0.8860759493011112,0.845170454425402,0.0,0.0,,
IDRiD_16_1024_2560,0.0,0.0,0.0,0.0,0.477825907588295,0.38688935281514075,,
IDRiD_16_1024_3072,0.8084585638023962,0.7022706012356299,0.3737796373518982,0.23365300782618542,0.796340388005299,0.7227869377272179,,
IDRiD_16_1024_3584,0.1393323657407193,0.07488299531591872,,,,,,
IDRiD_16_1536_2048,,,,,0.6758982035675188,0.609723159985839,,
IDRiD_16_1536_2560,,,,,0.6567724047895558,0.5576017723545057,,
IDRiD_16_1536_3072,,,,,0.7829664677996093,0.7269833184677578,,
IDRiD_16_2048_1024,,,,,0.0,0.0,,
IDRiD_16_2048_1536,,,0.0,0.0,,,,
IDRiD_16_2048_2560,,,,,0.44683908042766957,0.2876965772166793,,
IDRiD_16_2048_3072,,,,,0.0,0.0,,
IDRiD_16_2048_512,,,0.5587668592372319,0.38770053465569504,0.0,0.0,,
IDRiD_16_512_1536,,,0.772575250793056,0.6814159291365373,,,,
IDRiD_16_512_2048,,,,,0.3947797715506069,0.2459349592996067,,
IDRiD_16_512_2560,,,,,0.8125828501598646,0.7595845096205858,,
IDRiD_16_512_3072,,,,,0.7969312666291143,0.7165986202911925,,
IDRiD_17_0_1024,0.5447969751722439,0.8010635726178134,0.0,0.0,0.788923594421018,0.8412759415726201,,
IDRiD_17_0_1536,0.3630852573185764,0.22835124721059277,0.41145440840908404,0.3513513513061324,0.6953875581415668,0.6218317524442402,,
IDRiD_17_0_2048,0.3310017852429658,0.2423086811198804,,,0.6189546130923598,0.6348373557127269,,
IDRiD_17_0_2560,0.6526137631256778,0.7108460657503677,0.0,0.0,0.7142139628148113,0.8607748183498319,,
IDRiD_17_0_3072,0.5269214960736983,0.35770089283718187,,,,,,
IDRiD_17_0_512,,,,,0.8603351954105678,0.9716088325010697,0.7321992462018325,0.577534950983629
IDRiD_17_1024_0,0.08109118086620803,0.04631309358610273,0.40225035156086497,0.5983263595822902,0.0,0.0,,
IDRiD_17_1024_1024,0.26447782046619295,0.15344086892961464,0.4284859365392887,0.28548644335841417,0.7946364313571866,0.8861230006733326,,
IDRiD_17_1024_1536,0.7526183622205496,0.7912767236164193,0.7883720929315847,0.7151898732668376,0.686509334268601,0.7363979848773754,,
IDRiD_17_1024_2048,0.6963177943018454,0.7178010471150501,,,0.6836954718802148,0.7399030694536007,,
IDRiD_17_1024_2560,0.06313993173522696,0.09181141436927756,,,0.07091363836960823,0.6482851378178691,,
IDRiD_17_1024_3072,0.19330274542497589,0.990573276323681,0.0,0.0,,,,
IDRiD_17_1024_3584,,,0.6898470096397987,0.5299145298013003,,,,
IDRiD_17_1024_512,0.7596587748013858,0.6311113393558385,0.0,0.0,0.7527477437209527,0.7426606717766787,,
IDRiD_17_1536_0,0.87346509826978,0.8499129904363935,,,,,,
IDRiD_17_1536_1024,0.0,0.0,,,0.6607680215555322,0.8674528301784498,,
IDRiD_17_1536_1536,0.6877283294557965,0.6813358558798935,0.3653989559757346,0.5268817203167996,0.5667909932271944,0.9199551569300459,,
IDRiD_17_1536_2048,0.45258021169705487,0.30723682104742306,0.5596816975385038,0.9952830183984515,0.21149203282416748,0.3400621117484376,0.7875318066116013,0.7121764141830088
IDRiD_17_1536_2560,0.039140681034054645,0.10720299344981847,,,,,,
IDRiD_17_1536_3072,0.8789948274330165,0.9428482283344961,0.5739348370208102,0.43953934732446465,,,0.29641308631950714,0.17403378847287623
IDRiD_17_1536_512,0.9372542570524489,0.9187794940933149,,,0.5472984393456122,0.9547867112059213,,
IDRiD_17_2048_0,0.01468582817565629,0.007397231321912741,,,,,,
IDRiD_17_2048_1024,0.8426286345034798,0.9924458495120486,,,0.7850627137746562,0.9216867469262592,,
IDRiD_17_2048_1536,0.8066949628914262,0.9568540672158969,,,0.5243902438669112,0.4607142856594388,,
IDRiD_17_2048_2048,0.527879921724345,0.36705643111227293,,,0.769506726388385,0.6346153845215067,0.0,0.0
IDRiD_17_2048_2560,0.889145797657494,0.8737358206900476,0.40508806258267244,0.3035190615390735,,,0.2587783673901007,0.4282511210602298
IDRiD_17_2048_3072,0.6933460377946746,0.6598355700620848,,,,,,
IDRiD_17_2048_512,0.9868144241308604,0.985406178020509,,,,,,
IDRiD_17_512_0,,,0.7661290319491415,0.6884057966026045,0.38095238090464256,0.24755700321701027,,
IDRiD_17_512_1024,0.7590920597353886,0.7784700588304176,0.0,0.0,0.756926317715902,0.7497845316364264,,
IDRiD_17_512_1536,0.5995132204856759,0.45045719035369525,0.6964746345557972,0.7323688969037864,0.8173119225677935,0.8053247597687836,,
IDRiD_17_512_2048,0.6346265698700273,0.5478484025716969,0.0,0.0,0.6069356709990081,0.5841191066852576,,
IDRiD_17_512_2560,0.0,0.0,0.49879807689310107,0.41089108906822863,0.43313226422784856,0.30853070634440305,,
IDRiD_17_512_3072,0.27057356608398475,0.9999999999780558,0.7268722466426671,0.6428571427736549,,,,
IDRiD_17_512_512,0.07979483183976173,0.19257286116902894,0.0879940342961973,0.05550329256298181,0.6431945040759353,0.5198981952759533,0.5847898599027032,0.41364665911274395
IDRiD_18_0_1024,0.0,0.0,0.5086982603326725,0.5546108567328574,,,,
IDRiD_18_0_1536,0.6976647205859536,0.7101018675420161,0.0,0.0,0.6689189188983747,0.580799999969024,,
IDRiD_18_0_2048,,,0.3419501133631769,0.3157453936083965,0.7362965915739228,0.7734505862322676,,
IDRiD_18_0_2560,0.7361119008316591,0.6428003972130804,0.34369114875971324,0.2858261550285179,0.6140392342163313,0.618718742543017,0.8129738459431476,0.7394320221907994
IDRiD_18_0_3072,,,0.0,0.0,,,0.8441648123928169,0.9188241189089891
IDRiD_18_0_512,,,0.6813532650919469,0.5191846522159251,,,,
IDRiD_18_1024_0,0.4802527645750195,0.3963494132468906,0.5696282293276856,0.8188405795618043,0.6602870810237861,0.5149253727500557,,
IDRiD_18_1024_1024,0.2081114297333834,0.12060778726872709,0.4389067523939346,0.6920152090377675,0.7513812154660345,0.8157187176751217,,
IDRiD_18_1024_1536,0.45853857113593105,0.44262810436621636,0.18754277891213064,0.22967309302349764,0.7296439901267453,0.7258791704165326,,
IDRiD_18_1024_2048,,,0.4152583292894612,0.44375644990260515,,,,
IDRiD_18_1024_3072,,,,,,,0.8453506536181643,0.8522171570588295
IDRiD_18_1024_512,0.6976204294813281,0.634882686530441,0.2566897918604217,0.18809005082148947,0.7843623311881004,0.8027059880513572,,
IDRiD_18_1536_0,0.0029717682016386676,0.0014880952378737954,0.5125448027755296,0.7222222218574635,0.8431222984784358,0.8344237543616294,,
IDRiD_18_1536_1024,0.31341131228467534,0.19701853343680462,0.6207928197224835,0.558922558884921,0.7796315822069116,0.8151750972656916,,
IDRiD_18_1536_1536,,,0.0,0.0,0.43971631203446215,0.282552083314938,,
IDRiD_18_1536_2048,,,0.4337843378255931,0.39566192966375,0.5327783558238525,0.4514991180861554,,
IDRiD_18_1536_3072,,,0.2285714285351474,0.2748091602004545,,,,
IDRiD_18_1536_3584,0.0,0.0,,,,,,
IDRiD_18_1536_512,0.23821495913770538,0.1904522612969622,0.10364842453964974,0.11101243338268095,0.7907644336638107,0.8147789280390902,,
IDRiD_18_2048_0,0.18320610683526603,0.1344537814749429,0.5243619488950857,0.44140624991378785,,,,
IDRiD_18_2048_1024,0.33794694347353094,0.20468040516225358,0.0,0.0,0.763978663314942,0.8164989939528303,,
IDRiD_18_2048_1536,,,0.14256339957898811,0.1850533807499905,0.8222768222094777,0.7770897831614413,0.0,0.0
IDRiD_18_2048_2048,,,0.2682926829142452,0.26704014936815684,0.0,0.0,,
IDRiD_18_2048_2560,,,0.0,0.0,,,,
IDRiD_18_2048_3072,0.4742337487209756,0.541955350227717,0.1329479768594006,0.16027874558875305,,,,
IDRiD_18_2048_512,0.6764705882334312,0.7796610169442032,0.27472937662281716,0.2738095237891511,0.7655376520629551,0.791836734640011,,
IDRiD_18_512_1024,0.5120754716884515,0.48498927803842073,0.382165605068495,0.8108108105673241,0.8410810810628956,0.8486038394045112,,
IDRiD_18_512_1536,0.5264270612996528,0.6573389651184087,,,0.0,0.0,,
IDRiD_18_512_2048,0.6191942176332593,0.5359128822860076,0.0,0.0,,,,
IDRiD_18_512_3072,,,0.07949125594920649,0.07987220444732517,0.4580078124776364,0.31245836107178826,,
IDRiD_18_512_512,0.5882591092998328,0.7319899243963732,0.6835008580366879,0.743863393770338,0.8313356164347974,0.8388768898415647,,
IDRiD_19_0_1024,0.7690476190247307,0.6469704556511281,,,,,0.43809760337218306,0.28048974399299587
IDRiD_19_0_1536,,,,,0.801980197622782,0.6923076917159764,,
IDRiD_19_0_2048,,,,,,,0.39410681399228453,0.24553799081787944
IDRiD_19_0_2560,0.4303554274322425,0.313286713242897,,,,,,
IDRiD_19_1024_0,,,0.0,0.0,,,,
IDRiD_19_1024_1024,,,,,0.8131455398679275,0.7301854974089219,,
IDRiD_19_1024_1536,,,,,0.706469316469209,0.6054732040876433,,
IDRiD_19_1024_2560,,,0.7355623099186076,0.8962962959643346,,,,
IDRiD_19_1024_512,0.26110056925005315,0.9999999997093023,0.0,0.0,,,,
IDRiD_19_1536_2048,0.0,0.0,0.5071770334321559,0.42484969931365735,,,,
IDRiD_19_1536_2560,,,0.0,0.0,,,,
IDRiD_19_1536_3072,,,0.0,0.0,0.6930342384478728,0.6841491840694465,,
IDRiD_19_1536_512,0.6200635496768016,0.5319314641330272,,,,,,
IDRiD_19_2048_1024,0.7482203331208223,0.6446349886787586,0.851351351207542,0.8155339803185974,,,,
IDRiD_19_2048_1536,0.030909090906280988,0.01571164510021149,0.2110091742877283,0.4623115575566274,,,,
IDRiD_19_2048_2048,0.6958614051638181,0.5436090225155181,0.7312499997714843,0.7134146337113325,,,,
IDRiD_19_2048_2560,0.0,0.0,,,,,,
IDRiD_19_2048_3072,,,0.5764705880657439,0.40495867751861214,,,0.8908379919024993,0.814815747712111
IDRiD_19_2048_512,0.8027603074702763,0.779209767665267,0.7806864455624964,0.7829638272131898,,,0.6902847207078875,0.9947797034663859
IDRiD_19_512_1024,0.7571796759871393,0.7829811536115937,0.408968609828792,0.37623762370029085,0.6644736841740968,0.6870748298540732,,
IDRiD_19_512_1536,0.8018175677725529,0.7111038501295479,0.7292069631789935,0.618032786783929,0.7609803921531324,0.7134191176405016,0.7249982230384178,0.6300185299489807
IDRiD_19_512_2048,0.001084598698422744,0.0005425935973661099,,,,,,
IDRiD_19_512_512,0.4304864036602648,0.3034557235257313,0.52285012282443,0.42088607591606914,,,,
IDRiD_20_0_1024,0.059555555552908646,0.03351675837751292,0.26674500586760447,0.7115987459699689,,,,
IDRiD_20_0_1536,0.8918097493550747,0.838242932397134,0.11797752805674788,0.06268656714546669,0.6237217167193516,0.6626176218877226,,
IDRiD_20_0_2048,0.7136866183486967,0.55980861240671,0.6687179486493623,0.6059479552777048,0.6564289432416338,0.6414038656845674,,
IDRiD_20_0_2560,,,0.0,0.0,,,,
IDRiD_20_0_512,0.0,0.0,,,,,,
IDRiD_20_1024_0,,,0.7172941926791772,0.5688259108736007,,,,
IDRiD_20_1024_1024,0.29463679563512307,0.18219983205858942,0.351807228887405,0.4469387754189921,0.8214938264746651,0.8007879965414465,,
IDRiD_20_1024_1536,0.0,0.0,0.0,0.0,0.7815737140459423,0.7235656188133459,,
IDRiD_20_1024_2048,,,0.6413382477844815,0.5517073170462582,0.0,0.0,,
IDRiD_20_1024_2560,,,0.6697819313598471,0.6039325841000189,,,,
IDRiD_20_1024_3072,0.385834517429382,0.8325471697720497,0.7634584012427847,0.9194499015875344,,,,
IDRiD_20_1024_512,0.628030381847591,0.5306840161679148,0.5847477886544407,0.6366475793525951,0.765495867729055,0.7278978388283008,,
IDRiD_20_1536_1024,0.561052888126078,0.41723054615252253,0.684085510672587,0.6360424027987615,0.7515558069960738,0.6635507349745715,,
IDRiD_20_1536_1536,,,0.7567567566106648,0.6086956519848771,0.8513491808510627,0.7715990974541699,,
IDRiD_20_1536_2048,0.6442880346159021,0.47714514831779103,,,,,,
IDRiD_20_1536_3072,0.4459367690300616,0.5546171171067077,0.5500566679051736,0.4237485447948924,0.0,0.0,,
IDRiD_20_1536_512,0.6861848124218913,0.6124115405219155,0.4529201430094192,0.4509493670529312,0.8591119333910309,0.8300116185465187,,
IDRiD_20_2048_1024,,,0.5738176116913034,0.6252847380053937,0.7533506564525665,0.685733847873237,,
IDRiD_20_2048_1536,0.5334630350090767,0.42683686175507984,0.43413873731745367,0.7357992073004228,0.7599605522607499,0.6458263493019473,,
IDRiD_20_2048_2560,0.7034632034378261,0.5425709515557835,,,,,,
IDRiD_20_2048_3072,0.5822518414387144,0.412524850874129,0.33366633363300036,0.21576227387393254,0.0,0.0,,
IDRiD_20_2048_512,0.14249471458472526,0.09664468023812318,0.35264162951288086,0.22612244896113284,0.9242070832973425,0.9468768884197831,,
IDRiD_20_512_1024,0.0,0.0,0.6874279123215852,0.6125385405646178,0.8048227403372648,0.7530181687761385,,
IDRiD_20_512_1536,0.4599329676991169,0.3845859872562473,0.4947605783194753,0.5232884399404241,0.7658192354407752,0.7442209001283245,,
IDRiD_20_512_2048,,,,,0.0,0.0,,
IDRiD_20_512_2560,0.45352709656513696,0.30140845069209626,0.0018885741263561307,0.0017543859646044937,,,,
IDRiD_20_512_3072,,,0.0,0.0,,,,
IDRiD_20_512_512,,,0.49630238286801126,0.49025974018015267,0.7880143112348831,0.8578383640839494,,
IDRiD_21_0_1024,0.4156073446254307,0.2987309644594231,0.35561160149081894,0.3414043583121787,0.3434041280184444,0.20759493670135282,,
IDRiD_21_0_1536,0.0,0.0,0.5286693111962254,0.9105590060980673,0.3802521008003937,0.2520891364551408,,
IDRiD_21_0_2048,,,0.5906163752906516,0.45467422089877135,0.497206703893254,0.4091954022753336,,
IDRiD_21_0_2560,,,0.45502645499970445,0.32303839730191664,,,,
IDRiD_21_0_3072,,,0.0,0.0,,,,
IDRiD_21_0_512,0.8133917219831418,0.7385838891549876,,,0.0,0.0,,
IDRiD_21_1024_1024,,,0.7172630750799347,0.7958115182551647,0.18112384069336815,0.2475764354774365,,
IDRiD_21_1024_1536,0.8020096979564059,0.7297469700113783,0.2857142856742697,0.20901639339979172,0.8673355629861518,0.8395485423123423,,
IDRiD_21_1024_2048,0.45565819860905704,0.3015897279073435,0.4609241300364561,0.35500878731502555,0.8065019505836774,0.7816145758289585,,
IDRiD_21_1024_2560,0.6799000424316096,0.5381801895906682,0.31910426869705355,0.3367799113239616,0.8101673101607934,0.7422254974098419,,
IDRiD_21_1024_3072,0.814203939062635,0.6917243653034665,0.7627711685960271,0.617214042965208,,,,
IDRiD_21_1536_0,,,,,0.0,0.0,,
IDRiD_21_1536_1024,,,0.8062730626562478,0.8722554888478532,0.18054474707702867,0.09923011120332963,,
IDRiD_21_1536_1536,0.4946018893220445,0.32855221872126616,,,0.873672613046633,0.960146327637478,,
IDRiD_21_1536_2048,0.3279040629975317,0.2146204311102479,0.24783599087709177,0.30839002264077214,0.7363776914637189,0.6851449021073247,,
IDRiD_21_1536_2560,0.7140885169497279,0.5837506171056932,0.2615614122197135,0.5228628229576813,0.8107173725132315,0.7635747601832105,,
IDRiD_21_1536_3072,,,0.8370497425665439,0.9104477608543105,,,,
IDRiD_21_1536_512,0.752229127242577,0.6132158590038231,,,0.6227947353508039,0.45406288279076923,,
IDRiD_21_2048_1024,0.06833189778730027,0.03660412180754832,0.0,0.0,0.0,0.0,,
IDRiD_21_2048_1536,0.5610200364225733,0.8026805658673611,0.48152295630002667,0.39055404174472713,0.5983477988016486,0.4568827850454027,,
IDRiD_21_2048_2048,0.5482872928116211,0.3953154875654029,0.7473657157350972,0.8473193472699697,0.7754236205158191,0.7184806289631596,,
IDRiD_21_2048_2560,0.8051720359324438,0.7129827284938292,0.7302452315744666,0.6842553190907016,0.7657068062576667,0.7414448668731657,,
IDRiD_21_2048_3072,,,0.7490996397660145,0.6709677417911897,0.5346985209858136,0.3753993609623963,,
IDRiD_21_2048_512,0.008206330597408773,0.006597549480999288,0.0,0.0,0.0,0.0,,
IDRiD_21_512_1024,,,0.5144927535610516,0.3463414633583185,,,,
IDRiD_21_512_1536,,,0.0,0.0,0.685669781920784,0.6671718702434929,,
IDRiD_21_512_2048,0.8128457504072645,0.814894842972992,0.43451050512138983,0.3599999999733333,0.7118367346866139,0.6661573720270023,,
IDRiD_21_512_2560,0.4851433895798204,0.3236634894277709,0.2984693877455845,0.45927379779594957,0.646816598015622,0.9444958371004166,,
IDRiD_21_512_3072,0.10852197070211313,0.05737416402473164,0.7935548841094104,0.8454935620503232,,,,
IDRiD_21_512_512,,,0.7392670156293961,0.5873544092200742,0.0,0.0,,
IDRiD_22_0_1024,0.7187075432668241,0.5990939977320444,0.0,0.0,,,0.5861491478652804,0.8941989780493517
IDRiD_22_0_1536,0.11649294910383243,0.0618489583293067,0.47303689683320366,0.97276264553589,,,,
IDRiD_22_0_2048,0.37758575543194706,0.9389767441685772,0.40844111637791414,0.325732898987434,,,0.8030906872679825,0.9293176470500769
IDRiD_22_0_2560,0.8545332179577576,0.8882226552696336,,,0.718785406736488,0.5833026847891393,,
IDRiD_22_0_3072,0.23500880369344868,0.21880606247931453,,,,,,
IDRiD_22_0_512,0.7539585870659574,0.6873958911334038,,,,,,
IDRiD_22_1024_1024,,,0.6654217242245434,0.7544107268345511,,,,
IDRiD_22_1024_1536,,,0.47731510251850123,0.36571428567945574,0.7942038423944583,0.7487336914773663,,
IDRiD_22_1024_2048,,,0.46444780631887683,0.5142378558602617,0.7300003538181898,0.7232446454210985,,
IDRiD_22_1024_3072,0.0,0.0,,,,,,
IDRiD_22_1024_512,,,0.7562380036936204,0.8040816323248646,,,,
IDRiD_22_1536_0,,,,,0.5029325512827761,0.4088200237891752,,
IDRiD_22_1536_1024,,,0.9064143006407557,0.9930875573748645,0.7480680060667593,0.6540540538772827,,
IDRiD_22_1536_1536,0.0,0.0,0.5478547854423857,0.5187499999351562,0.846668499671463,0.8221787112705201,,
IDRiD_22_1536_2048,0.31352632469420133,0.9507186857340125,0.15617128461509178,0.13808463248594996,0.8187561420733264,0.807916089448613,,
IDRiD_22_1536_3072,0.7764193602397208,0.9398990809112457,0.5334538878360349,0.37627551015608734,0.6922315685133046,0.549058084750822,,
IDRiD_22_1536_3584,0.1358209850612765,0.0728583381600511,,,,,,
IDRiD_22_1536_512,,,0.7381215468797656,0.893048128103463,0.6445312499820165,0.5801104972084324,,
IDRiD_22_2048_1024,0.6437508988833057,0.5196192245061616,0.5217391302079395,0.3529411762629758,,,0.8763360814184655,0.9225658541106884
IDRiD_22_2048_1536,0.6291111869736075,0.49981916816456023,,,,,,
IDRiD_22_2048_2048,,,0.0,0.0,,,,
IDRiD_22_2048_3072,,,0.573975044460967,0.6098484846174815,,,,
IDRiD_22_2048_512,,,,,0.2943396225859737,0.17410714281827966,0.0,0.0
IDRiD_22_512_1024,0.613319133141932,0.5024190350284139,,,0.9220665498720637,0.8916172734215395,0.6516325937393381,0.8547915607469827
IDRiD_22_512_1536,,,0.619505494462946,0.9260780285572735,,,,
IDRiD_22_512_2560,0.0,0.0,,,,,,
IDRiD_22_512_3072,0.8505944246444165,0.848510228810235,,,,,0.838264919026714,0.8179149435829429
IDRiD_22_512_512,0.7981780427302687,0.9101741521400829,,,0.7014265875432215,0.5590662104938807,0.40239043822697257,0.2799722799528779
IDRiD_23_0_1024,0.5230305862775976,0.4742442791178619,0.0,0.0,,,,
IDRiD_23_0_1536,,,,,,,0.762737514706888,0.6898859315484428
IDRiD_23_0_2048,0.7324244582321069,0.6210317460263886,,,,,,
IDRiD_23_0_2560,0.33460651959060056,0.27484178070928306,,,,,,
IDRiD_23_0_3072,0.012911555842062248,0.0064977257957603085,,,,,,
IDRiD_23_1024_1024,,,,,0.0,0.0,,
IDRiD_23_1024_1536,,,0.6016884113122265,0.663282571799783,,,,
IDRiD_23_1024_2560,,,,,,,0.0,0.0
IDRiD_23_1024_3072,,,0.8147321428116778,0.7891891891038715,,,,
IDRiD_23_1536_1024,,,0.8333333330761317,0.7541899437127431,0.6518231687430841,0.5271398747115271,,
IDRiD_23_1536_1536,,,0.8427095291799416,0.9582245428307508,0.735483870915019,0.7844036696048313,,
IDRiD_23_1536_2560,,,,,0.6271777003172136,0.4666666666320987,,
IDRiD_23_1536_3072,,,0.7627627626864102,0.6864864863627953,0.44452703957545947,0.2934969325081351,,
IDRiD_23_1536_3584,,,,,0.0,0.0,,
IDRiD_23_1536_512,,,0.6962962961243713,0.5381679387258901,0.611484422705819,0.5463973798828385,,
IDRiD_23_2048_1024,0.0,0.0,,,,,,
IDRiD_23_2048_2048,0.04552756812450205,0.023429213202647316,,,,,,
IDRiD_23_2048_2560,0.585053380777713,0.41348088530667154,0.8633540371330196,0.9025974023043515,,,,
IDRiD_23_2048_3072,,,,,0.2987765614746441,0.1756245268602858,,
IDRiD_23_2048_512,0.7079515534417277,0.9801691454948915,,,0.0,0.0,,
IDRiD_23_512_1024,0.759999999985098,0.6762037682946196,,,,,,
IDRiD_23_512_2048,,,0.5164835163416254,0.34814814801920435,,,,
IDRiD_23_512_2560,,,,,,,0.36260733801363576,0.2214541120355011
IDRiD_23_512_3072,0.0,0.0,,,,,0.3049042926684233,0.1798743819299763
IDRiD_23_512_512,,,0.40566037726281595,0.6666666661498708,,,,
IDRiD_24_0_2048,,,,,0.0,0.0,,
IDRiD_24_1024_1536,,,,,0.0,0.0,,
IDRiD_24_1024_2048,,,,,0.4389097744257775,0.29575680809703114,,
IDRiD_24_1024_2560,,,0.03465346533795706,0.03286384974982918,,,,
IDRiD_24_1536_1536,,,,,0.0,0.0,,
IDRiD_24_1536_2048,,,0.8749999998784722,0.7835820893573179,0.37593984959579396,0.231481481460048,,
IDRiD_24_1536_2560,,,0.6376089662966863,0.5150905431559174,,,,
IDRiD_24_1536_512,0.535986982093679,0.4327875480001458,,,0.0,0.0,,
IDRiD_24_2048_1024,0.8211711443354346,0.9623036649147483,,,,,,
IDRiD_24_2048_1536,0.7381165918951518,0.7421100089502155,0.4133738601195481,0.5619834708421556,,,,
IDRiD_24_512_1536,,,,,0.0,0.0,,
IDRiD_24_512_2048,,,,,0.7051840126353311,0.556179775246181,,
IDRiD_24_512_2560,0.7123010861238659,0.6154517677735607,,,,,,
IDRiD_24_512_512,0.5963302752098188,0.42884071628516307,,,,,,
IDRiD_25_0_1024,,,0.7306836247780387,0.7075123152273699,0.729675103319166,0.6494468907708654,0.0,0.0
IDRiD_25_0_1536,0.0,0.0,0.06331727459990934,0.032693674482395615,0.8548173148613831,0.7825874507763753,,
IDRiD_25_0_2048,0.305774673328682,0.18048052317187602,0.01847575057523375,0.00932400932292261,0.7152394198277067,0.6652006800182378,0.0,0.0
IDRiD_25_0_2560,0.5826160119048436,0.4803628601869758,0.0,0.0,0.8716943261038597,0.8528363721475631,,
IDRiD_25_0_3072,0.25133788521635597,0.20999074930296036,,,0.5210355986633466,0.41335044924090497,,
IDRiD_25_0_512,0.6437154920219644,0.4834146341227603,0.0,0.0,0.5956535702751776,0.43145161289653455,0.02503128911076267,0.013935340021908157
IDRiD_25_1024_0,,,0.0,0.0,,,,
IDRiD_25_1024_1024,0.0,0.0,0.0,0.0,0.0,0.0,,
IDRiD_25_1024_1536,0.588328575950074,0.5807764558365442,0.0,0.0,0.8759611135650951,0.8221388134275716,,
IDRiD_25_1024_2048,,,0.0,0.0,0.8589787167279853,0.7943060928423666,,
IDRiD_25_1024_2560,0.7693963836048966,0.9090842058659891,0.39999999997707736,0.26763803678929154,0.8504302471182629,0.795802962865691,,
IDRiD_25_1024_3072,0.0,0.0,,,0.8018520210764816,0.6827471729397098,,
IDRiD_25_1024_512,,,0.524400330808569,0.4384508989711686,,,,
IDRiD_25_1536_0,,,,,0.7700987304978705,0.9999999996336996,,
IDRiD_25_1536_1024,0.7146029204184052,0.9593740996011451,,,,,0.9241775640595544,0.9328755771169305
IDRiD_25_1536_1536,0.0,0.0,0.0,0.0,0.8747310100381944,0.8069453676574979,,
IDRiD_25_1536_2048,0.0,0.0,0.35467980289742534,0.3016759775693642,0.9114317901383842,0.8864964519240068,0.0,0.0
IDRiD_25_1536_2560,0.4909101469468337,0.33972881719186526,0.0,0.0,0.7584508618703197,0.7145669291238109,0.0,0.0
IDRiD_25_1536_3072,0.6606316282865746,0.5833807626606127,0.3351268254930725,0.21843687372560752,,,,
IDRiD_25_1536_512,0.0,0.0,0.6352201257195786,0.8278688522328227,0.0,0.0,,
IDRiD_25_2048_1024,0.0,0.0,,,,,,
IDRiD_25_2048_1536,0.27470083659708405,0.1785271851329764,0.17801608578133962,0.12908242611748968,0.6997223323938968,0.7164906579725228,,
IDRiD_25_2048_2048,0.20955605718506562,0.14160776935912134,0.4129032257886924,0.32564450472688977,,,,
IDRiD_25_2048_2560,0.0,0.0,0.0,0.0,0.0,0.0,,
IDRiD_25_2048_3072,,,0.5683646112092614,0.47321428564386697,0.0,0.0,,
IDRiD_25_512_1024,0.0,0.0,,,0.8277656957452534,0.7942393869914335,,
IDRiD_25_512_1536,0.7176205404555825,0.7337996079035294,0.19062339000024156,0.28593508498563097,0.712143850787201,0.687730122393395,,
IDRiD_25_512_2048,0.6150769790099492,0.4964559819401886,0.30873049345616344,0.21137741841722849,0.7049044056460246,0.6050420167971295,0.6975435964682397,0.5380387619245294
IDRiD_25_512_2560,0.7153820033931566,0.6793061198124762,0.014084507037294186,0.01005025125123103,0.8520267859008207,0.830003476409828,,
IDRiD_25_512_3072,,,0.44117647037197233,0.28662420363909286,0.6313620349634811,0.4638752319849449,,
IDRiD_25_512_512,0.8463434675199577,0.7850609755698648,,,,,,
IDRiD_26_0_1024,0.5127623369198778,0.35618597320163614,0.5770816157809495,0.8064516127174074,,,,
IDRiD_26_0_1536,0.7985492227896522,0.7099686751297224,,,,,,
IDRiD_26_0_2048,,,0.23006695068593627,0.2519999999664,,,,
IDRiD_26_0_2560,0.0,0.0,0.6262737537695876,0.6534482758245145,,,,
IDRiD_26_1024_1024,,,0.6632361348963273,0.9162717218141752,,,,
IDRiD_26_1024_1536,,,0.6873032528736044,0.7745368545220916,,,,
IDRiD_26_1024_2048,0.2913173227186114,0.9135472369952274,0.28713858421863026,0.2807017543312472,,,,
IDRiD_26_1024_2560,0.49361702126492635,0.3323782234851201,0.3998786407645668,0.7225877192190145,,,,
IDRiD_26_1024_3072,0.9535756084357543,0.9548076923019543,0.0,0.0,,,,
IDRiD_26_1536_1024,,,0.6498516319510607,0.999999999543379,,,,
IDRiD_26_1536_1536,,,0.688008130046341,0.7126315788723546,,,,
IDRiD_26_1536_2048,0.3635365183865037,0.4436997318737466,,,,,,
IDRiD_26_1536_2560,,,0.5739400206528469,0.9454855194300706,,,,
IDRiD_26_1536_3072,0.09982788295697667,0.057176656149164964,0.34225686206905265,0.2208132925133007,,,,
IDRiD_26_2048_1024,,,,,0.8567931455499641,0.8641975306508154,,
IDRiD_26_2048_1536,0.24096385541741738,0.8831168830021926,0.0,0.0,,,,
IDRiD_26_2048_2048,,,0.7708119218118384,0.9664948451117281,,,,
IDRiD_26_2048_3072,0.7371601208400607,0.583732057408918,,,,,,
IDRiD_26_512_1024,0.8565494733676677,0.8053747442737086,0.0,0.0,,,,
IDRiD_26_512_1536,0.0,0.0,0.44150559509453174,0.9999999997695852,,,,
IDRiD_26_512_2048,0.7358340729633492,0.8189664136339921,0.6497193093883092,0.7083140877434569,0.6629783310128405,0.6844359828327256,,
IDRiD_26_512_2560,,,0.76496815284188,0.8328710124249049,,,,
IDRiD_26_512_3072,0.6768741462605213,0.5708783272557574,0.6173913042136105,0.44654088036272294,,,,
IDRiD_26_512_3584,0.0,0.0,,,,,,
IDRiD_26_512_512,0.8076580587351889,0.838262476817166,,,,,,
IDRiD_27_0_1024,,,,,0.8009422849468855,0.66797642423026,,
IDRiD_27_0_1536,0.0,0.0,0.7309048177754519,0.956923076628639,0.1272633212557029,0.0679558011012179,,
IDRiD_27_0_2048,0.0,0.0,,,,,,
IDRiD_27_0_2560,0.1949390815358778,0.30952380951805203,0.4225146198675982,0.294447274564725,,,,
IDRiD_27_0_3072,,,0.0,0.0,,,,
IDRiD_27_0_512,0.0,0.0,0.6336965632327161,0.47132169570183025,,,,
IDRiD_27_1024_0,0.7891810989866455,0.6753888380480259,0.3783132529664683,0.5080906147223008,0.21352711010544845,0.737451737167007,,
IDRiD_27_1024_1024,0.026974951825245674,0.03181818180371901,0.6737489516166132,0.7535959974513072,0.7402464065518417,0.7429160226304525,,
IDRiD_27_1024_1536,0.0,0.0,0.6012439529646687,0.7499999998706897,0.8281294594393052,0.8504103165199248,,
IDRiD_27_1024_2048,,,0.7496111974728039,0.8215909089975465,0.6817625458892019,0.5483632783522431,,
IDRiD_27_1024_2560,,,0.0,0.0,,,,
IDRiD_27_1024_512,0.644708633782017,0.9599535693000607,0.6252446183800087,0.8213367608726647,0.7366122869747309,0.7168319168942772,,
IDRiD_27_1536_0,0.8485378655300819,0.8157135992246058,0.0,0.0,,,,
IDRiD_27_1536_1024,0.40823648701030935,0.3369383288227509,0.3190184048998206,0.2547978766739568,0.5054730257915271,0.35327868851493777,,
IDRiD_27_1536_1536,0.0,0.0,0.05535841021608528,0.04229934923619313,0.7975399753932141,0.7624647224715826,,
IDRiD_27_1536_2048,,,0.570247933805751,0.5348837207920197,0.0,0.0,,
IDRiD_27_1536_2560,,,0.5728395060313977,0.5550239231794144,,,,
IDRiD_27_1536_512,0.5370409982136396,0.37573580763867365,0.4806094182659069,0.6559546313179626,0.6324231774296438,0.48306718061008996,,
IDRiD_27_2048_1024,0.4804845221911008,0.42934455800184335,0.5429362880671573,0.6527117030777628,0.6511442785940071,0.5327254965635714,,
IDRiD_27_2048_1536,0.0,0.0,0.6039644012822822,0.6169421487348371,0.7146693187397845,0.6876555023791836,,
IDRiD_27_2048_2048,0.8036303630031506,0.7615324471648528,0.4065420559797799,0.9999999988505748,0.4354545454347521,0.321908602128904,,
IDRiD_27_2048_512,0.5087390761389282,0.4825340437843378,0.48554913292926594,0.37997587452473003,,,,
IDRiD_27_512_1024,0.0,0.0,0.7158836688637649,0.9329446062779965,0.6737226277126379,0.6092409240521953,,
IDRiD_27_512_1536,,,0.3309431880677913,0.26223776221483935,0.7132082413506566,0.7096183764920873,,
IDRiD_27_512_2048,,,0.7664884134106081,0.9388646284109762,0.6898423817802991,0.9586274032378042,,
IDRiD_27_512_512,0.40236084257452753,0.8871438186922337,0.05791019722795174,0.03637322087314848,,,,
IDRiD_28_0_3072,,,,,0.8411867363278906,0.7415384613102958,,
IDRiD_28_1024_1536,,,0.5937794532899359,0.49684542578914115,0.5461950696560302,0.4704579024937054,,
IDRiD_28_1024_2048,,,0.18601076093881547,0.13860252002994244,0.0,0.0,,
IDRiD_28_1024_2560,0.7352941176240522,0.7755775577045823,0.45082872923195266,0.7906976741121327,,,,
IDRiD_28_1024_3072,0.0,0.0,0.4618501012517319,0.9884393060727054,,,,
IDRiD_28_1536_1536,0.8289920724488867,0.8002915451311741,,,0.0,0.0,,
IDRiD_28_1536_2048,0.7745058491223006,0.6399999999857778,0.6586826345990653,0.9821428565582483,0.48918918912308257,0.3383177569461088,,
IDRiD_28_1536_2560,0.8573054047020569,0.8761099365657916,0.5535524919879584,0.9222614837730524,0.4054462934640358,0.37746478867923033,,
IDRiD_28_1536_3072,,,0.6050955413049212,0.5149051489119498,,,,
IDRiD_28_2048_1024,0.0,0.0,,,,,,
IDRiD_28_2048_1536,0.6725880551095685,0.8139362490130514,0.0,0.0,,,,
IDRiD_28_2048_2048,0.8109756097313727,0.7561114269041437,0.10646387830675592,0.05622489958710343,,,,
IDRiD_28_2048_2560,0.0,0.0,0.42660275611584164,0.8279069765516495,,,,
IDRiD_28_2048_3072,0.845949030017271,0.7642611683323531,,,,,,
IDRiD_28_2048_512,0.7094918503634235,0.9273182955069377,,,,,,
IDRiD_28_512_1536,0.85271317828337,0.8292869920564967,,,,,,
IDRiD_28_512_2048,0.7509174311754377,0.6649065799892402,0.5365853657991275,0.913494809372493,0.4326710815821918,0.28823529403287196,,
IDRiD_28_512_2560,0.0,0.0,0.3878787878396082,0.34224598924380645,,,,
IDRiD_28_512_3072,0.7154893065225052,0.6036085292179547,,,,,,
IDRiD_29_0_1024,,,0.6835871403820992,0.9351851849687071,,,,
IDRiD_29_0_1536,,,0.6738868831920714,0.6511627905462412,,,,
IDRiD_29_0_2560,0.0,0.0,0.6512820511985536,0.5962441313154356,,,,
IDRiD_29_1024_1024,,,,,0.7306002928079405,0.7374384236089931,,
IDRiD_29_1024_2048,,,0.47524752470542103,0.40201005018391794,,,,
IDRiD_29_1024_2560,,,0.5249999998359375,0.3870967740151628,,,,
IDRiD_29_1024_3072,0.0,0.0,,,,,,
IDRiD_29_1536_1024,,,0.0,0.0,0.0,0.0,,
IDRiD_29_1536_1536,,,0.5341426402831346,0.49438202233303874,,,,
IDRiD_29_1536_2560,,,0.5454545451628585,0.7183098581432256,,,,
IDRiD_29_1536_3072,0.21588366889172908,0.12100313478865184,0.33458646610252135,0.9999999988764046,,,,
IDRiD_29_2048_1024,,,0.7842105262126039,0.9675324672183335,0.8059701480507909,0.8437499973632813,,
IDRiD_29_2048_1536,,,0.8081180810317126,0.6780185756414803,,,,
IDRiD_29_2048_2560,,,0.8365019010346639,0.979228486356312,0.5427435387134449,0.9999999996336996,,
IDRiD_29_2048_3072,,,0.3818181814710744,0.23595505591465726,,,,
IDRiD_29_512_2048,,,0.047368421040166205,0.024930747915531647,,,,
IDRiD_29_512_2560,,,0.5392491466656572,0.4114583332261827,,,,
IDRiD_29_512_3072,,,0.6546762587573106,0.9381443289297482,,,,
IDRiD_30_0_1024,,,0.0,0.0,,,,
IDRiD_30_0_2048,0.7473449008282603,0.8177976334169416,0.0,0.0,,,,
IDRiD_30_0_2560,0.6189069423776734,0.4840200230849434,0.16523235798922267,0.28656716409356203,,,0.7777826219611205,0.8748528834751387
IDRiD_30_1024_1024,0.8498496857018318,0.8092858629938654,,,0.5550027639477612,0.6708240534222351,,
IDRiD_30_1024_1536,,,,,0.7982432432378497,0.8124054462823215,,
IDRiD_30_1024_2048,0.0,0.0,0.597987541897557,0.6724137930309899,0.5957770591478833,0.5292328489175656,,
IDRiD_30_1024_512,0.3684356252850167,0.25834843385635065,0.1839999999894857,0.1326194398572801,0.31730769215514054,0.18857142846367347,,
IDRiD_30_1536_1024,,,,,0.4772234273203851,0.3991935483710003,,
IDRiD_30_1536_1536,,,,,0.2859818919673437,0.3586530931590718,,
IDRiD_30_1536_2048,0.9044178938468406,0.843264248682817,0.7960927959955931,0.8787061992240683,0.6968869470044542,0.6987951806846223,,
IDRiD_30_1536_2560,,,0.7079136689628902,0.7008547006550271,,,,
IDRiD_30_1536_512,0.0,0.0,0.4632388274645248,0.38652766636836183,0.5291666666482928,0.37098344691475255,,
IDRiD_30_2048_2048,0.8402086754862321,0.8199302347429063,0.5097588977990908,0.43078913321922446,,,,
IDRiD_30_2048_2560,,,,,,,0.6042168674516802,0.4422398588870265
IDRiD_30_512_1024,0.0,0.0,,,,,,
IDRiD_30_512_2560,,,0.65332712886676,0.9525101762615319,,,,
IDRiD_30_512_512,0.0,0.0,,,,,,
IDRiD_31_0_1024,,,0.7390648566747579,0.8333333332388512,,,,
IDRiD_31_0_1536,0.8017606579719333,0.7476106058241575,0.6263399693241699,0.7760910814466621,0.6732087815268717,0.5902923331429641,0.9024378765039005,0.8988843052648655
IDRiD_31_0_2048,0.7181045424796411,0.6755192126733083,0.386276249618862,0.2798971281491686,0.7090561711829647,0.5779965113309494,0.7824478731210478,0.9109787033186508
IDRiD_31_0_2560,0.8330461480596728,0.7375457672210277,0.8013468010769875,0.6959064323415752,0.6309926397328229,0.4940809968693433,0.47678088367361604,0.3152951699416325
IDRiD_31_0_3072,0.8403755868517202,0.9131358934326687,,,,,0.8360806380241687,0.8126722978170552
IDRiD_31_0_512,,,0.6122448977806866,0.9210526307710065,,,,
IDRiD_31_1024_0,,,0.8418230561874233,0.9968253965089442,,,0.4129583481617069,0.260206370565871
IDRiD_31_1024_1536,0.9457747041883736,0.9047090989027308,0.48578811363232716,0.43418013846785675,0.8221420399470021,0.8009259259121927,,
IDRiD_31_1024_2048,,,0.7434656340035367,0.9014084504926271,0.8066686165506158,0.728280961176584,,
IDRiD_31_1024_2560,0.0,0.0,,,,,,
IDRiD_31_1024_3072,0.0,0.0,,,,,,
IDRiD_31_1024_512,0.0035118525020407442,0.0022284122561432636,,,,,0.0,0.0
IDRiD_31_1536_0,0.2829252420053451,0.18015124831471924,,,,,0.17124796475378715,0.09570709774079968
IDRiD_31_1536_1024,0.7861067503847516,0.6666666666555722,,,0.7539099904004498,0.7599742599253555,,
IDRiD_31_1536_1536,0.8768197088404478,0.8137178487813235,0.7047970478404434,0.9999999994764398,,,,
IDRiD_31_1536_2048,0.0,0.0,,,0.768249106667477,0.7702149436658027,,
IDRiD_31_1536_2560,,,,,0.7379603399172111,0.8611570247222183,,
IDRiD_31_1536_512,0.6363883600739856,0.5050450547644469,0.0,0.0,0.7048192768961388,0.549295774390002,0.0,0.0
IDRiD_31_2048_1024,,,0.5286783041734815,0.7066666664311111,,,,
IDRiD_31_2048_2048,,,,,0.9104938270199856,0.9932659929315601,,
IDRiD_31_512_0,0.8704845814935365,0.8740784429285945,,,0.646808510546552,0.5265588913333582,,
IDRiD_31_512_1024,0.7816928877858426,0.8624300674098059,,,,,,
IDRiD_31_512_1536,0.5471574104412232,0.5478775912949037,0.5698261356943451,0.8804159443881429,,,,
IDRiD_31_512_2048,0.0,0.0,0.6950986632275558,0.5735294117044613,0.6661514682895614,0.5671052631205852,,
IDRiD_31_512_2560,0.0,0.0,0.6883963493235468,0.9263157891486611,0.7983861929754748,0.8608023199405316,,
IDRiD_31_512_3072,0.773834377168686,0.8047603730973825,,,,,0.0,0.0
IDRiD_31_512_512,0.7351518330689073,0.6327062954570719,0.5378531072838584,0.9596774189678721,0.0,0.0,,
IDRiD_32_0_1024,0.7838635095209768,0.7715003138610876,,,,,,
IDRiD_32_0_2048,,,0.8066368857175088,0.8814504880221129,,,0.762405382658486,0.9374353670663167
IDRiD_32_0_2560,,,,,,,0.7328605200917683,0.9404971618620033
IDRiD_32_0_512,0.0,0.0,,,,,,
IDRiD_32_1024_2048,,,0.5913621261803585,0.8422712931096935,0.76791808869352,0.8720930231431405,,
IDRiD_32_1024_2560,0.0,0.0,,,0.8534258162732982,0.8328820499246041,,
IDRiD_32_1024_3072,0.6666666666172839,0.5027932960332074,0.2586206896304003,0.14867841408054203,0.8690295836301646,0.8307075336553337,,
IDRiD_32_1536_0,0.10027365128909035,0.053100093157508535,,,,,,
IDRiD_32_1536_1024,,,,,0.0,0.0,,
IDRiD_32_1536_2048,,,,,0.2712795167341417,0.9573643407141997,,
IDRiD_32_1536_2560,,,,,0.8400116993150042,0.7832015271125389,,
IDRiD_32_1536_3072,,,,,0.8049826424177051,0.7925211097389417,,
IDRiD_32_1536_512,0.2884955752084737,0.27121464224033154,,,,,,
IDRiD_32_2048_0,0.0,0.0,,,,,,
IDRiD_32_2048_1024,0.7703726258882305,0.8194663751535711,,,,,0.6621403168230798,0.4949250845580027
IDRiD_32_2048_1536,0.0,0.0,0.003569303985616618,0.0018337408312398002,,,,
IDRiD_32_2048_2048,0.1224696356213325,0.06522911050861298,,,,,0.8103740057505061,0.7172708208454368
IDRiD_32_2048_2560,0.7260986771943696,0.7244183137262394,,,,,,
IDRiD_32_2048_3072,0.04718004338266866,0.024159955567226884,0.6702997274291145,0.8945454542201652,,,,
IDRiD_32_2048_512,0.8677363139182276,0.947382233290285,,,,,0.8229411764625201,0.9999999999761735
IDRiD_32_512_1024,0.4181459565662578,0.3099415204225232,,,,,,
IDRiD_32_512_2048,,,,,0.5702811243834777,0.9999999992957747,,
IDRiD_32_512_2560,,,0.6992417859562559,0.7167530223287129,0.8057228915615979,0.8344331133673133,0.8553394495350066,0.9919986380491659
IDRiD_32_512_3072,,,,,0.8127229488623392,0.8206924154328459,,
IDRiD_32_512_512,0.0,0.0,,,,,,
IDRiD_33_0_1024,0.8637015781715998,0.7784482758285152,,,0.6377777777069136,0.46818923320257927,,
IDRiD_33_0_1536,0.7295573414929866,0.6714017374891829,0.379310344793166,0.8855932199637317,,,,
IDRiD_33_0_2048,0.0,0.0,0.7023026315211922,0.7777777776361061,,,,
IDRiD_33_0_2560,0.6470568208888314,0.6255883611447102,0.9088471848647658,0.9685714282946938,,,,
IDRiD_33_0_3072,0.19679945522307118,0.18158969525034277,0.0,0.0,,,,
IDRiD_33_1024_0,0.868348934046808,0.852659537283479,,,0.6421267892347389,0.7584541059137903,,
IDRiD_33_1024_1024,0.7573333333275631,0.9831849653613614,0.8650306745812789,0.8343195261335388,0.607278652873043,0.5853403140748334,,
IDRiD_33_1024_1536,0.7352161383242927,0.8361300471835851,0.5978728218918788,0.6375482625174929,0.6070404770025565,0.7254042203144586,,
IDRiD_33_1024_2048,0.4877389457377125,0.3760047633168204,0.5898664840706973,0.5443917851328787,0.7171353040077134,0.6913809082376988,,
IDRiD_33_1024_2560,0.7767143561888613,0.7655105348410663,0.41640378548020185,0.31220435192960566,0.6528973034872271,0.62826647034861,,
IDRiD_33_1024_3072,0.8723676313225845,0.8021018282988526,0.7135254988755316,0.6902616902320781,0.5905511808698618,0.6880733938641529,,
IDRiD_33_1024_3584,,,0.27027027022730205,0.16732283461273173,,,,
IDRiD_33_1024_512,0.7933560111526053,0.74237210368925,,,0.0,0.0,,
IDRiD_33_1536_0,,,0.8058252426206524,0.7980769228850776,0.8241758237229804,0.7009345787841733,,
IDRiD_33_1536_1024,0.4502589985330023,0.32224334600147825,0.0,0.0,0.5588162761884385,0.45870445342272453,,
IDRiD_33_1536_1536,0.7421309543785378,0.8645098039046175,0.18648648647388605,0.13117870721186514,0.5529319781035736,0.5209960217987182,,
IDRiD_33_1536_2048,0.24199288251921836,0.1384928716622214,0.8123167154829679,0.7486486485474799,0.696622941665752,0.5957514519803027,,
IDRiD_33_1536_2560,0.7565403096434453,0.6258833921985034,0.6728971962383906,0.7659574467481515,0.6497721057310889,0.5772594751999592,,
IDRiD_33_1536_3072,0.5612763719212128,0.41471629674052407,0.6840849439193022,0.6454299864780407,,,,
IDRiD_33_1536_3584,0.7436994769023444,0.6029298380414087,,,,,,
IDRiD_33_1536_512,0.801090000299899,0.7436965393840674,,,0.6953528398114711,0.6102719031388906,,
IDRiD_33_2048_1024,,,0.8220689654038525,0.7303921566837274,0.9357142856028912,0.9608801953640879,,
IDRiD_33_2048_1536,0.6210093588680048,0.5921601334346596,0.45337678796933956,0.38346094945226766,0.6300743281755274,0.6214285714052095,,
IDRiD_33_2048_2048,0.642354215550779,0.5232352941022578,0.7537154988584166,0.8412322272888075,0.7393700787353059,0.7255634256184731,,
IDRiD_33_2048_2560,0.6775099807677435,0.9316795444924084,0.6193327629923582,0.7956043954295374,0.5016501649613146,0.38513513507007857,,
IDRiD_33_2048_3072,0.49158878500078607,0.47472924179156517,0.5398579320805164,0.9071618034729013,,,,
IDRiD_33_2048_512,0.7194479753019809,0.6023717818741011,0.14598540144919814,0.16207455426870754,0.1477663229986656,0.07977736547685021,0.7437167492135046,0.7276970023204506
IDRiD_33_512_0,0.7134826107602336,0.5881244109238435,,,,,,
IDRiD_33_512_1536,0.8420640360283851,0.8936921957716544,0.35711373826509935,0.292389853117998,0.5598086124210592,0.48035190613018464,,
IDRiD_33_512_2048,0.8062808802603746,0.7458027068790968,0.42999999998346156,0.3225620311412255,0.6925003683410564,0.6025641025486522,,
IDRiD_33_512_2560,0.6518933120091042,0.6705046114041561,0.3310637010087598,0.497498863096976,0.4293085654871715,0.42448979583173674,,
IDRiD_33_512_3072,0.5509248941345299,0.46056390509923534,0.3717892903625691,0.2723214285540611,,,,
IDRiD_33_512_512,0.1982764563929798,0.11029298972150411,0.0,0.0,,,,
IDRiD_34_0_1024,0.8094340939166182,0.7093933463709712,0.0,0.0,0.0,0.0,,
IDRiD_34_0_1536,,,0.0,0.0,,,,
IDRiD_34_0_2048,0.5288000934657741,0.3696202531615384,,,,,,
IDRiD_34_0_2560,0.12951347685828932,0.06934107823435576,,,0.027085257001737684,0.013728549141751504,,
IDRiD_34_0_3072,,,0.7074235806315669,0.5491525421867279,0.06077433286964717,0.03182552503987358,,
IDRiD_34_0_512,0.0,0.0,,,,,,
IDRiD_34_1024_1024,,,,,0.2372881355485333,0.13606911444145375,,
IDRiD_34_1024_1536,,,0.5610317825628268,0.5481548154322092,0.3925729442450169,0.29898989892949696,,
IDRiD_34_1024_2048,,,0.7199999999127273,0.6859122400263482,,,,
IDRiD_34_1024_3072,0.8243421371191098,0.958199397129544,0.027586206877526755,0.013986013976233558,0.8307767226483863,0.8135431568520008,,
IDRiD_34_1024_3584,0.0,0.0,,,,,,
IDRiD_34_1024_512,,,,,0.0,0.0,,
IDRiD_34_1536_0,0.34877475662779023,0.21731855260254257,,,,,,
IDRiD_34_1536_1024,0.4287260916481875,0.29834254142147953,0.3570800351488935,0.30343796706974024,0.666222518276734,0.6016847171357781,,
IDRiD_34_1536_1536,0.7244342595141158,0.6553511272180526,0.0,0.0,0.18412698409775763,0.10139860138087438,,
IDRiD_34_1536_2048,0.6609195402233361,0.6356012959665409,0.0,0.0,,,,
IDRiD_34_1536_3072,0.8348346824318876,0.7952430446428772,,,0.6870229007439349,0.6982758620288347,,
IDRiD_34_1536_3584,0.24364592461684287,0.16746987950798373,,,,,,
IDRiD_34_1536_512,0.7637250275277073,0.7201127261922275,0.5311622683587219,0.874306839025082,,,,
IDRiD_34_2048_0,0.0,0.0,,,,,,
IDRiD_34_2048_1024,0.0,0.0,0.6850548831780171,0.6091091090786231,0.718820861637255,0.9018492175104056,,
IDRiD_34_2048_1536,0.7707091594677759,0.6285215459065608,,,0.4068117313022135,0.5443037974224216,,
IDRiD_34_2048_2048,0.7723437074605539,0.7467976837910721,0.5616966580615876,0.7163934425055093,0.11378780112471072,0.21407907423200778,,
IDRiD_34_2048_2560,0.767114294238236,0.649043074278397,,,,,,
IDRiD_34_2048_3072,,,,,0.8177083333120388,0.7673509286037462,,
IDRiD_34_2048_512,0.8049686858428706,0.7738196352696786,0.37131630646506303,0.2533512064173357,0.6386740330785996,0.5088028168118305,,
IDRiD_34_512_1024,0.8093664247810118,0.7363795743531294,0.15923566876445291,0.08880994669825756,0.6921944034326666,0.9999999995744681,,
IDRiD_34_512_1536,0.0,0.0,0.5359661494307524,0.8520179368376601,0.569795918320833,0.988668554960717,,
IDRiD_34_512_2560,0.31810254620446105,0.2006159260800433,,,0.0,0.0,,
IDRiD_34_512_3072,0.7785875281713802,0.702052706451446,0.0,0.0,0.0,0.0,,
IDRiD_34_512_3584,0.0,0.0,,,,,,
IDRiD_34_512_512,0.7034810264438124,0.7823917046187499,0.19245773730868285,0.12052117262862205,,,,
IDRiD_35_0_1024,,,0.39439775908154634,0.27392996106817663,0.0,0.0,,
IDRiD_35_0_1536,0.23588456712537992,0.19000367511769564,,,0.0,0.0,0.0,0.0
IDRiD_35_0_2048,0.6829687480245631,0.5724393602360504,0.4782608694909533,0.3640661937673602,,,0.8901734098900732,0.9058823518754326
IDRiD_35_0_2560,0.4793556247445534,0.8465216351799363,,,,,,
IDRiD_35_1024_0,0.7287270840529103,0.6258137980527618,,,,,,
IDRiD_35_1024_1024,0.2984445030279667,0.27224627223972475,,,,,,
IDRiD_35_1024_1536,0.21903566244219264,0.4917209793861923,,,0.7388235293248443,0.7040358742816063,0.5226505851064495,0.35377587714691633
IDRiD_35_1024_2048,0.8477991024498815,0.9118825100039859,0.47747747740578417,0.6437246960956581,0.8326701398825422,0.8327042993039653,,
IDRiD_35_1024_2560,0.7339785825711002,0.6331565056036973,0.6372627639498193,0.6398282339967886,0.5994759121024092,0.6276910088380038,,
IDRiD_35_1024_3072,0.885506736964399,0.8423575042891546,,,,,,
IDRiD_35_1024_512,0.25459279617742525,0.14812321157804875,0.4202334629805145,0.284210526265928,,,,
IDRiD_35_1536_0,0.0,0.0,,,,,,
IDRiD_35_1536_1024,,,0.49005847950350534,0.500597371505305,,,,
IDRiD_35_1536_1536,,,0.5516431924235161,0.4484732823571616,,,,
IDRiD_35_1536_2048,,,0.3194444444321202,0.21068702289004138,0.7286717965752982,0.6806249999787305,,
IDRiD_35_1536_2560,0.157400067940693,0.08573895879489589,0.7410236821435429,0.6908831907847746,0.6342072408696371,0.5415778250444396,,
IDRiD_35_1536_3072,0.483676814987724,0.9240302447276452,,,,,,
IDRiD_35_1536_512,0.8441752691051562,0.771029293197299,,,,,,
IDRiD_35_2048_1024,,,,,,,0.7612774451059816,0.6155087549373395
IDRiD_35_2048_2048,0.8659992584288765,0.9265312599027844,0.0,0.0,0.8241912797715625,0.8825301202161053,,
IDRiD_35_2048_512,0.22519891085241683,0.9996232812142926,,,,,0.6144249872909743,0.4536708515252888
IDRiD_35_512_0,0.0,0.0,,,,,,
IDRiD_35_512_1024,,,0.0,0.0,,,,
IDRiD_35_512_1536,0.39871382636073205,0.24908692475805175,,,0.0,0.0,0.4180352343858455,0.26425066061667607
IDRiD_35_512_2048,0.7882486189113235,0.7136250444666674,0.6661420420880161,0.8222438076336939,0.8629213481206918,0.8135593216891698,0.0,0.0
IDRiD_35_512_2560,0.5373087730169012,0.5857726344252631,0.30924369745300473,0.18794688455690023,,,,
IDRiD_35_512_512,0.11443375277487465,0.21389042611472356,0.0509291121799405,0.03446669771614035,,,,
IDRiD_36_0_1024,,,0.7183846970925406,0.7453142226300646,,,,
IDRiD_36_0_1536,0.6178736517640232,0.6707555059751672,0.21640903683514756,0.20823798622237116,0.7257683214915553,0.6922209695212953,,
IDRiD_36_1024_1024,,,0.5797665368521855,0.6157024790844204,0.790361445592684,0.7922705310182269,,
IDRiD_36_1024_1536,0.8355173971794958,0.9015114577814963,0.38805970145116636,0.28482003125433175,0.7455138661708389,0.6217687073983988,,
IDRiD_36_1024_2048,,,0.8090128754496767,0.828571428389325,,,,
IDRiD_36_1024_3584,0.0,0.0,,,,,,
IDRiD_36_1024_512,0.7348742351891614,0.60290016728372,0.3556012332625281,0.5509554138372753,,,,
IDRiD_36_1536_1024,,,0.27178729687800685,0.15807560136099005,0.5516245486966336,0.39462809913278635,,
IDRiD_36_1536_1536,0.6651926424205429,0.5081213166558277,,,,,,
IDRiD_36_1536_2048,0.6162242619544475,0.544259421536185,,,,,,
IDRiD_36_1536_3584,0.0,0.0,,,,,,
IDRiD_36_1536_512,0.0,0.0,0.689759036040699,0.8875968988807763,0.0,0.0,,
IDRiD_36_2048_1024,,,0.0,0.0,0.8219383921245725,0.9271186439106579,,
IDRiD_36_2048_1536,,,0.6646795826628406,0.8383458645040703,,,,
IDRiD_36_2048_3072,0.3826098002464905,0.2404694423366713,,,,,,
IDRiD_36_2048_512,0.5143125293209087,0.35515230070522463,0.6945500633273415,0.7210526314840721,,,,
IDRiD_36_512_1024,,,0.6335784313337268,0.4840823969584192,,,,
IDRiD_36_512_1536,,,0.797542242679031,0.8184110970480194,0.658206429752191,0.6269137791597974,,
IDRiD_36_512_2048,,,0.6546681664423696,0.5661478598671061,0.7772511846499405,0.6482213436173039,,
IDRiD_37_0_1024,0.3639274676979412,0.22735519888240355,,,0.6590909089411157,0.4931972787438104,,
IDRiD_37_0_1536,,,0.8152295631785857,0.8899755499046514,,,,
IDRiD_37_0_2048,,,0.8871681414947823,0.853191489180172,0.0,0.0,,
IDRiD_37_1024_1024,,,0.8571428568823274,0.7540106947839516,,,,
IDRiD_37_1024_1536,0.23291492327524999,0.14033613444198856,0.5654303708491651,0.857749469032325,0.8528256989836238,0.8185451638595574,,
IDRiD_37_1024_2048,,,0.9111969110210045,0.8973384027006317,0.8790337451554534,0.8667272727193933,,
IDRiD_37_1024_2560,,,0.5597014923284696,0.39062499979654947,0.0,0.0,,
IDRiD_37_1024_3072,,,0.03834808259021415,0.0342105263067867,,,,
IDRiD_37_1536_1536,,,0.7375087965701964,0.6632911391565455,,,,
IDRiD_37_1536_2048,0.09140288443357553,0.13465783663716016,,,0.667814113482304,0.9509803916906959,,
IDRiD_37_1536_2560,,,0.6963162623227171,0.6280388978421362,0.0,0.0,,
IDRiD_37_1536_3072,0.35063520869870657,0.4156626505666383,0.317629179307171,0.2447306791282517,0.21301775135324394,0.11920529793430114,,
IDRiD_37_1536_512,0.26864406779281574,0.15516397454470282,,,,,,
IDRiD_37_2048_3072,,,0.0031746031740992695,0.001760563379971732,,,,
IDRiD_37_2048_512,0.8601929788500298,0.9611193944149429,,,,,,
IDRiD_37_512_1536,0.0,0.0,,,0.5687128712646055,0.5510360705640034,,
IDRiD_37_512_2048,0.08363719234179993,0.0436437150666709,0.33463035012944936,0.4914285711477551,0.6508364813698356,0.5211754537447083,,
IDRiD_37_512_2560,,,0.8082545141179488,0.9978768575376057,0.0,0.0,,
IDRiD_38_0_2048,,,0.4801613987572184,0.35276679838411396,,,,
IDRiD_38_0_2560,,,0.7994186045349683,0.9290540537401843,,,,
IDRiD_38_0_512,,,,,0.49275362300987186,0.3269230767659024,,
IDRiD_38_1024_1024,,,0.8332307691794935,0.9148648647412345,0.0,0.0,,
IDRiD_38_1024_1536,0.6366130928797878,0.5398936169853794,0.7039897039444022,0.5593047034192941,,,,
IDRiD_38_1024_2048,,,0.762419006397147,0.8673218671087661,,,,
IDRiD_38_1024_3072,,,0.7795454544568698,0.6596153844885355,,,,
IDRiD_38_1536_1024,,,0.2852422907331915,0.22366148530020194,0.6742976065895633,0.5890909089838017,,
IDRiD_38_1536_1536,,,0.06837606835658801,0.06557377045597063,0.6919365954446004,0.5920808761484064,,
IDRiD_38_1536_2048,,,0.4640738298968969,0.6808510636980947,0.0,0.0,,
IDRiD_38_1536_2560,,,0.0,0.0,,,,
IDRiD_38_1536_3072,,,,,,,0.6641995941188468,0.528395061718359
IDRiD_38_2048_1024,,,0.39585870886748725,0.2853380157782846,0.35502958578714566,0.46915725452049023,,
IDRiD_38_2048_1536,,,0.6956521738185255,0.5333333332222222,0.5326909841340198,0.42387732744535844,,
IDRiD_38_2048_2048,0.7464811007315123,0.6994665085744083,,,,,,
IDRiD_38_512_1024,,,0.6868686867530525,0.8947368417128347,0.6095238094512472,0.5714285713010204,,
IDRiD_38_512_1536,,,0.7368421051939058,0.9116279067647376,0.0,0.0,,
IDRiD_38_512_2560,0.7691111686766232,0.6788655077457061,0.5204560697169378,0.9107981218519253,0.0,0.0,,
IDRiD_38_512_3072,,,0.0,0.0,,,0.8069610343094575,0.6806278771362113
IDRiD_39_0_1024,0.21024546423637963,0.12251243780332634,0.023255813951897686,0.03165735567380683,,,0.5154582004642249,0.6069213189485171
IDRiD_39_0_1536,0.0,0.0,0.4028268550525041,0.44531249982604976,0.0,0.0,,
IDRiD_39_0_2048,0.09047717413570591,0.04744367417574862,0.6153011394298616,0.7631224763954829,,,,
IDRiD_39_0_2560,0.655821817968523,0.9745278114655199,,,,,0.8571428571232966,0.8796252926988467
IDRiD_39_0_3072,0.8235529741473352,0.9452873562783777,,,,,,
IDRiD_39_0_512,0.9080919080465488,0.8991097921959338,0.12377850158834576,0.07480314957684915,0.10056242969515677,0.6376604849304336,0.0,0.0
IDRiD_39_1024_0,0.8974086660907241,0.8463541666497125,0.8216735253208728,0.8569384834253307,,,,
IDRiD_39_1024_1024,0.5705350937953254,0.40107474350751954,0.43513882565156403,0.7672552165702641,0.3042505592160513,0.3035714284359056,,
IDRiD_39_1024_1536,0.13612698412525553,0.11934981072991874,0.5066383430606012,0.6606648199140968,0.5363391655270411,0.7090747330330004,,
IDRiD_39_1024_2048,0.6298889837637935,0.608781776143652,0.6386898669178203,0.9679420888347526,0.6503442998737303,0.5279503104934223,,
IDRiD_39_1024_3072,0.0,0.0,0.7400945110599748,0.7366136034199267,0.28647214852591657,0.16759776535272514,,
IDRiD_39_1024_3584,0.6542711081767222,0.9633361660681882,,,0.0,0.0,,
IDRiD_39_1024_512,0.58536062586448,0.6896464646290493,0.5748870238771,0.5180337405317617,0.5957446807605251,0.45057471254009773,,
IDRiD_39_1536_0,,,0.8338762213625609,0.8707482990235549,,,,
IDRiD_39_1536_1024,0.3701265535430165,0.6179062055839137,0.5899280575376334,0.7533568904061232,0.6932668327448211,0.863354036730836,,
IDRiD_39_1536_1536,0.4080225634554682,0.8216238956322414,0.36349300216117697,0.2644106681885744,0.48988005996083434,0.7679200939619318,,
IDRiD_39_1536_2048,0.4948257761311062,0.8507821901177449,0.3184744923150452,0.20201068174043324,,,,
IDRiD_39_1536_2560,0.6004521051059558,0.6468797564491057,0.2511041009305297,0.15620094190296696,,,,
IDRiD_39_1536_3072,0.7406470855192224,0.6090317764949401,0.19095477384535745,0.17633410668762547,0.8478873238242413,0.8478873237048205,,
IDRiD_39_1536_512,0.6109749198451636,0.4949587534220911,0.3906735751092915,0.6930147057549606,,,,
IDRiD_39_2048_0,0.1449999999909375,0.07869742197566502,,,,,,
IDRiD_39_2048_1024,0.6857801274184235,0.8417637271074582,0.47597864766565934,0.5796316359068655,0.6099597896501714,0.6381877022240655,0.48755605380892625,0.3325177765858818
IDRiD_39_2048_1536,0.3294541091742117,0.46526601150575175,0.6293159608710543,0.6527027026144997,0.15486725660290546,0.22435897421515452,,
IDRiD_39_2048_2048,0.5355191256755567,0.4165213600606687,0.4698162729350514,0.6462093861649442,,,,
IDRiD_39_2048_2560,0.6118673130239592,0.44543072892450164,0.0,0.0,,,,
IDRiD_39_2048_3072,0.8340640361338048,0.788643929396466,,,,,0.6485874954225914,0.655589936764055
IDRiD_39_2048_512,0.6994432007327379,0.9802107634061603,0.7592592592311386,0.9543761637845086,0.7345360823795701,0.6291390727087993,0.6267126314803614,0.5771735590918728
IDRiD_39_512_0,,,0.5140388767788253,0.3469387754090557,,,,
IDRiD_39_512_1024,0.7585041383162521,0.7728717767505044,0.5880636217629058,0.683978275604753,0.6634164635165307,0.647510980942624,,
IDRiD_39_512_1536,0.7201343072551833,0.6689100459582572,0.512928931525241,0.41293532337227196,0.4726886291079131,0.39643493759727505,,
IDRiD_39_512_2048,0.7066857583356461,0.679229303394469,0.6643717727483328,0.8409586054812725,0.704860295827545,0.7793354101360677,,
IDRiD_39_512_2560,0.4381202568529171,0.8078579116895663,0.6818505337592988,0.6525885557694021,,,0.8681501162116191,0.7770511295614119
IDRiD_39_512_512,0.7304038664478062,0.7312569521609426,0.0,0.0,0.0,0.0,,
IDRiD_40_0_1024,0.8766233765949148,0.8474576270654451,0.4825581393946052,0.6194029846123859,,,,
IDRiD_40_0_1536,0.0,0.0,0.46898995862557646,0.8135245899972285,,,,
IDRiD_40_0_2048,,,0.789398280745745,0.916805324306688,0.7557808608968714,0.7056967281065322,,
IDRiD_40_1024_0,,,0.6066350708025426,0.7999999990000001,0.536312848862395,0.4485981304218709,,
IDRiD_40_1024_2048,,,0.741293532153907,0.8816568042120374,0.0,0.0,,
IDRiD_40_1024_2560,,,0.8373919873654837,0.8015037592779694,0.0,0.0,,
IDRiD_40_1024_3072,,,0.3832528179737113,0.45769230751627216,,,,
IDRiD_40_1536_1536,,,,,0.8656716415326353,0.8333333328544061,,
IDRiD_40_1536_2048,,,0.5032258061269511,0.3421052628578024,0.0,0.0,,
IDRiD_40_1536_2560,,,0.8799328294811138,0.9128919859036774,,,,
IDRiD_40_1536_3072,,,0.9189189186931402,0.9211822655560679,,,,
IDRiD_40_1536_512,,,,,0.0,0.0,,
IDRiD_40_2048_1024,,,0.8509874325222644,0.9115384611878697,,,,
IDRiD_40_2048_1536,0.0,0.0,0.6333333332453704,0.9499999996041667,,,,
IDRiD_40_2048_2048,,,0.5042492916418557,0.8240740733110425,0.0,0.0,,
IDRiD_40_2048_2560,,,0.6608569353187468,0.541022592087869,,,,
IDRiD_40_2048_3072,,,0.3747368420263712,0.256484149781993,,,,
IDRiD_40_2048_512,,,0.49445005040419276,0.33063427795807904,,,,
IDRiD_40_512_1536,,,0.40643863170896605,0.480952380723356,,,,
IDRiD_40_512_2048,,,,,0.27929373992306683,0.16231343280553856,,
IDRiD_40_512_2560,,,0.3681415928551962,0.2326621923416863,0.0,0.0,,
IDRiD_41_0_3072,,,0.8425196849288032,0.8447368418829639,,,,
IDRiD_41_1024_1024,0.1604046242658667,0.08719560093580553,0.6278924327312136,0.9436090223790209,,,,
IDRiD_41_1024_1536,,,0.5046664362079272,0.3817991631599477,0.6377708977340912,0.48356807500385723,,
IDRiD_41_1024_2048,,,,,0.7576458493765704,0.6672702580051032,,
IDRiD_41_1024_512,,,,,0.43777777772913584,0.28022759597720803,,
IDRiD_41_1536_1024,,,,,0.7611044416853416,0.6876355746881484,,
IDRiD_41_1536_3072,0.025069637881262558,0.012693935118991964,0.6542056073543542,0.7812499996512277,,,,
IDRiD_41_1536_3584,0.0,0.0,,,,,,
IDRiD_41_1536_512,,,,,0.0,0.0,,
IDRiD_41_2048_1024,0.0,0.0,0.696035242252421,0.7959697731995,,,,
IDRiD_41_2048_2048,,,0.49846153830816564,0.33196721297870196,,,,
IDRiD_41_2048_2560,,,0.7301745635546047,0.8452655888169439,,,,
IDRiD_41_512_1536,,,0.47210300422430573,0.30898876398708075,0.8891213388191296,0.9042553189565414,,
IDRiD_41_512_2048,,,,,0.7913978492921725,0.6715328464702435,,
IDRiD_41_512_3072,,,,,0.3805668014653576,0.2349999998825,,
IDRiD_42_0_1024,,,,,0.7566693612969547,0.6902654866238547,,
IDRiD_42_0_512,0.0,0.0,0.5502092049633672,0.9999999996197718,,,,
IDRiD_42_1024_0,,,0.0,0.0,0.5323510569976826,0.38401109055526755,,
IDRiD_42_1024_1536,,,0.8611764703856055,0.8755980857054555,,,,
IDRiD_42_1024_2048,,,,,0.7945205479294318,0.7905966021023075,,
IDRiD_42_1024_2560,,,,,0.8273629693479999,0.9542060726492234,,
IDRiD_42_1024_3072,,,,,0.8320802002927117,0.9071038246409269,,
IDRiD_42_1024_512,,,,,0.43737166319944853,0.3100436680771407,,
IDRiD_42_1536_0,0.8084544253098774,0.7583643121736847,,,,,,
IDRiD_42_1536_1536,,,0.0,0.0,,,,
IDRiD_42_1536_2048,,,0.596446700431923,0.9999999995744681,0.8488063660155815,0.8756841281567096,,
IDRiD_42_1536_2560,,,,,0.6254545454166391,0.5108910890583276,,
IDRiD_42_2048_1536,,,0.0,0.0,,,,
IDRiD_42_2048_2048,,,,,0.0,0.0,,
IDRiD_42_2048_2560,,,0.7110141765854947,0.9999999996932515,0.0,0.0,,
IDRiD_42_512_1536,,,0.0,0.0,,,,
IDRiD_42_512_2048,,,0.6666666665608466,0.976744185592212,,,,
IDRiD_42_512_2560,,,,,0.812844598729769,0.7380864083002217,,
IDRiD_42_512_3072,,,,,0.0,0.0,,
IDRiD_42_512_512,0.4160496775635049,0.27934573443619803,,,0.0,0.0,,
IDRiD_43_1024_2048,,,,,0.8445603805410348,0.8251049370336543,,
IDRiD_43_1024_2560,,,0.7180585295704455,0.7609682298394905,0.7911506707929327,0.7539337813442307,,
IDRiD_43_1024_3072,,,,,0.023006134968443018,0.01163692785059593,,
IDRiD_43_1024_3584,,,,,0.20557156578236582,0.11655773419209611,,
IDRiD_43_1536_2048,,,,,0.808328579554811,0.7501323451164567,,
IDRiD_43_1536_2560,,,,,0.8238617105365277,0.7832438238369146,,
IDRiD_43_512_2048,,,,,0.8162887551870364,0.8972533061598549,,
IDRiD_43_512_2560,,,,,0.0,0.0,,
IDRiD_43_512_3072,,,,,0.0,0.0,,
IDRiD_44_0_1024,,,0.759776535888393,0.6666666660130719,,,,
IDRiD_44_0_2560,,,,,0.8016740292768735,0.7762269247736954,,
IDRiD_44_0_3072,,,,,0.6335227272277327,0.5392986698259615,,
IDRiD_44_0_512,,,,,0.6879215204973683,0.5337773548493076,,
IDRiD_44_1024_0,,,,,0.0,0.0,,
IDRiD_44_1024_1024,,,0.0,0.0,0.0,0.0,,
IDRiD_44_1024_1536,,,,,0.0,0.0,,
IDRiD_44_1024_3072,,,,,0.638477801223504,0.9999999997792494,,
IDRiD_44_1024_512,,,,,0.059196617323637075,0.030501089317973618,,
IDRiD_44_1536_1024,0.8190675017254859,0.9046887009644624,,,0.5284474445388513,0.3629139072727512,,
IDRiD_44_1536_1536,,,,,0.0,0.0,,
IDRiD_44_1536_2560,,,,,0.0,0.0,,
IDRiD_44_1536_3072,,,,,0.424242424181206,0.2692307691814596,,
IDRiD_44_1536_512,,,0.715517241225104,0.5743944634690676,0.0,0.0,,
IDRiD_44_2048_1024,,,,,0.0,0.0,,
IDRiD_44_2048_1536,0.6086486486321987,0.4703425229544552,,,0.7379341452080319,0.5970802919272203,,
IDRiD_44_2048_512,,,0.8943396224727662,0.8977272723872245,0.6829898660090934,0.566001578169699,,
IDRiD_44_512_1024,,,0.8262910797152241,0.7910112357773008,,,,
IDRiD_44_512_1536,0.0,0.0,0.28759604826700375,0.9703703696515775,,,,
IDRiD_44_512_2048,,,,,0.7636047017516934,0.6193502824421362,,
IDRiD_44_512_2560,,,0.7499999998733109,0.837735848740477,0.0,0.0,,
IDRiD_44_512_512,,,0.3103913629810538,0.2804878048096371,,,,
IDRiD_45_0_1024,,,0.0,0.0,0.29566770878536547,0.17541070481317378,,
IDRiD_45_0_1536,0.8673717820759633,0.8560623965898049,0.005319148935698657,0.007672634269137433,0.7987777832497226,0.6953835592869797,,
IDRiD_45_0_2048,,,,,0.8442752933446155,0.8150642987865852,,
IDRiD_45_0_2560,,,,,0.8601226993337348,0.7771618624415564,,
IDRiD_45_0_512,,,,,0.0,0.0,,
IDRiD_45_1024_1024,0.0,0.0,0.29991126882875674,0.4870317001478294,0.0,0.0,,
IDRiD_45_1024_2560,,,,,0.4373035277528012,0.28941285250626847,,
IDRiD_45_1024_512,,,,,0.7257029001389042,0.5992687385521291,,
IDRiD_45_1536_0,,,0.8834782607159168,0.9844961236494201,,,,
IDRiD_45_1536_1024,,,0.7165109032035791,0.7615894034691462,0.590947907754314,0.45130434780646506,,
IDRiD_45_1536_1536,,,,,0.6405607928295731,0.786817102091044,,
IDRiD_45_1536_2048,,,0.6824324323171568,0.6847457624797472,,,,
IDRiD_45_1536_2560,,,,,0.0,0.0,,
IDRiD_45_1536_3072,,,,,0.605200945483404,0.99999999921875,,
IDRiD_45_1536_512,,,0.5113924049338247,0.45701357445384,0.642011544852343,0.5321115796216005,,
IDRiD_45_2048_1024,0.0,0.0,0.47872340420439113,0.9656652356370535,0.0,0.0,,
IDRiD_45_2048_1536,,,0.0,0.0,,,,
IDRiD_45_2048_2560,,,,,0.4316877152202425,0.2760646108258349,,
IDRiD_45_2048_512,,,,,0.7597447722486591,0.6389331633127304,,
IDRiD_45_512_1024,,,0.7193277309715416,0.6544342505643932,0.6769340974090807,0.5415472779214456,,
IDRiD_45_512_1536,,,,,0.2893081760824334,0.20814479636125385,,
IDRiD_45_512_2560,,,,,0.0,0.0,,
IDRiD_45_512_512,,,,,0.5971014492320941,0.5137157106591377,,
IDRiD_46_0_1024,,,0.8309260831919348,0.740909090796832,,,,
IDRiD_46_0_1536,0.030478192326301723,0.018794556058406055,,,,,,
IDRiD_46_1024_1024,0.8072049429175074,0.9383978572939276,0.005787037036702139,0.0029019152639058665,0.0,0.0,,
IDRiD_46_1024_1536,0.7879853936569559,0.7381220539743122,0.2692307692100592,0.15808491416819467,0.8195806197637602,0.7319910514494599,,
IDRiD_46_1024_2048,0.7739263913155537,0.6750529331132453,0.33879781417679433,0.23815620995670217,0.3933747411193841,0.2448453607616378,,
IDRiD_46_1536_1024,0.8290744522278874,0.900167785224111,0.7396784006632039,0.7050538524685125,,,,
IDRiD_46_1536_1536,0.8535564853333275,0.8486739469137454,0.8353741495462076,0.9446153843247337,0.724999999546875,0.8787878774563821,,
IDRiD_46_1536_2048,0.7101624611068945,0.617059618552079,0.43023255801446725,0.36274509786139947,,,,
IDRiD_46_1536_512,0.8696925329392609,0.7762096774135587,,,,,,
IDRiD_46_2048_1024,0.8941751278709914,0.8497141696385777,0.4748398901887082,0.7532656022128787,,,0.8863130780904409,0.8835200746896706
IDRiD_46_2048_1536,0.7729486023374846,0.7559082892282909,0.0,0.0,,,,
IDRiD_46_2048_2048,0.2998611753748297,0.22704975472224775,0.0,0.0,0.0,0.0,0.8499664354394161,0.7587894526492329
IDRiD_46_2048_2560,,,,,,,0.0,0.0
IDRiD_46_2048_3072,0.8675066206494862,0.8137609153746799,0.8293963253504729,0.8851540613767075,,,0.5394223954618204,0.3712578501288259
IDRiD_46_2048_512,0.8242757691420832,0.7570772959276177,0.0,0.0,0.0,0.0,0.9312343222888483,0.9622810153701742
IDRiD_46_512_1024,0.9243829967805204,0.8885521100386039,0.0,0.0,,,,
IDRiD_46_512_1536,0.8505405171653541,0.8158951385405147,0.6580937972270731,0.863095237923989,0.6121773659726641,0.482147511063796,0.8995380842836513,0.9337042737029568
IDRiD_46_512_2048,0.6741444244254614,0.6316354709936847,0.20682926827250445,0.30547550423473324,0.7342549922067197,0.5945273630361871,0.7867240319552911,0.9364331002936688
IDRiD_47_0_1024,0.0,0.0,,,0.46898432171308896,0.307692307664786,,
IDRiD_47_0_1536,,,,,0.6542404473377983,0.548351820019554,,
IDRiD_47_0_2048,,,0.8248587568291359,0.8111111106604939,0.0,0.0,,
IDRiD_47_0_2560,0.8314390290727907,0.8007421149981172,0.5831157527777967,0.6479690520990389,,,0.903115264796229,0.9445514054650498
IDRiD_47_0_512,,,,,0.3193916349202678,0.1900452488257816,,
IDRiD_47_1024_0,,,,,0.8135593220150091,0.6960667460986864,,
IDRiD_47_1024_1024,0.0,0.0,,,,,,
IDRiD_47_1024_2048,,,0.7879656159329562,0.9482758617419738,0.7264878198974256,0.8450502151474139,,
IDRiD_47_1024_3072,0.0,0.0,,,,,,
IDRiD_47_1024_3584,,,0.0,0.0,,,,
IDRiD_47_1024_512,,,0.7642679899796194,0.9999999996753246,0.783306813247565,0.7237853371601698,,
IDRiD_47_1536_0,,,0.031128404657148476,0.015810276673592777,,,,
IDRiD_47_1536_1024,,,,,0.5637902866394803,0.46783337440306055,,
IDRiD_47_1536_1536,,,,,0.0,0.0,,
IDRiD_47_1536_3072,0.9045542417798653,0.8595352016331208,,,,,,
IDRiD_47_1536_512,,,0.4970238094498477,0.3306930692414469,,,,
IDRiD_47_2048_0,,,,,0.5876106193650247,0.9880952375070862,,
IDRiD_47_2048_1536,0.060477453577693505,0.031198686369392516,,,,,,
IDRiD_47_2048_2048,0.011677282377299507,0.00925925925847986,,,,,,
IDRiD_47_2048_2560,0.0,0.0,0.47524752467405157,0.33410672846076406,,,,
IDRiD_47_2048_512,,,,,0.7859699355199735,0.9384615383011178,,
IDRiD_47_512_0,,,,,0.8784029036518326,0.8231292514207043,,
IDRiD_47_512_1024,,,0.6971340045935605,0.9999999997777778,,,,
IDRiD_47_512_1536,,,0.7988394583366693,0.876857749283045,,,,
IDRiD_47_512_2048,,,,,0.7582558512222146,0.9444888178536547,,
IDRiD_47_512_2560,,,,,0.8176408820154834,0.8848484847814508,,
IDRiD_47_512_512,,,0.8303249094475361,0.9663865538097592,0.4534678436203413,0.3853407629496211,,
IDRiD_48_0_1536,,,0.7492625367626456,0.9621212117567722,,,,
IDRiD_48_0_2048,0.680517241376377,0.7129052650527146,0.6203208555735079,0.6408839778120327,0.3785850859696778,0.3103448274889201,,
IDRiD_48_0_2560,0.0,0.0,0.1883942766220829,0.12687366166344358,0.6017967093913212,0.4505743651685222,,
IDRiD_48_0_3072,,,0.7156970361453681,0.584229390576303,,,,
IDRiD_48_1024_0,0.0,0.0,0.8594917787100529,0.8480825957451206,,,,
IDRiD_48_1024_1024,0.0,0.0,0.08540925263864439,0.0641711229603363,0.39176543977593475,0.5617173523145408,0.8185789510949052,0.9546180536379654
IDRiD_48_1024_1536,0.18727012031552104,0.5988835725439042,,,0.4070213932854075,0.769709543408774,,
IDRiD_48_1024_2048,0.053573193634400974,0.22380840018612777,0.0,0.0,0.8830904346663075,0.9006880436076764,,
IDRiD_48_1024_2560,0.3328275164306316,0.256031128394707,0.46207935709537723,0.39198977416310227,0.847679582479444,0.8470408114424022,,
IDRiD_48_1024_3072,0.38760934114125983,0.2739959155857273,0.3168137587617829,0.27100271001660853,0.8016653016598303,0.7614417217585707,,
IDRiD_48_1024_512,0.0,0.0,,,,,,
IDRiD_48_1536_1024,,,,,0.6982809721329946,0.5801050558013772,0.8663312971457721,0.9374027993414696
IDRiD_48_1536_1536,0.7463070006182946,0.8414192613438508,0.3801220575082718,0.4029574860622999,0.8376658789289281,0.8399125091092599,,
IDRiD_48_1536_2048,,,,,0.7491661389033178,0.6651671914779939,,
IDRiD_48_1536_2560,0.8833693304297147,0.8494288680763536,0.0,0.0,0.8151910982081735,0.7810129782539145,,
IDRiD_48_1536_3072,0.6408712111884735,0.563821964615408,0.41694915247170355,0.398058252298363,0.3530303030035583,0.3371924746255872,0.7858445822644664,0.7116740088027348
IDRiD_48_1536_512,0.0,0.0,0.7873303163858234,0.8207547162068353,0.5071895424615604,0.3518742442350741,,
IDRiD_48_2048_1024,,,0.6428571427295918,0.6067415728064638,0.7329718291134377,0.8116578792966709,0.6887752793707245,0.6191134607513695
IDRiD_48_2048_1536,,,,,0.764419735874606,0.762829403500301,,
IDRiD_48_2048_2048,0.0,0.0,0.6288448393281719,0.5233219567095198,0.8238524911406885,0.8920985555741632,,
IDRiD_48_2048_2560,0.639153953682373,0.7801186943504433,0.4242424241567187,0.29577464780400714,0.7340637449833634,0.623519458492088,,
IDRiD_48_2048_3072,0.2698713096088215,0.7948717947831805,0.0,0.0,,,,
IDRiD_48_2048_512,0.5718888108703043,0.7277154870331894,,,0.6200317964695267,0.4493087557258595,,
IDRiD_48_512_1024,0.0,0.0,0.4411228581683878,0.30586450959019895,0.0,0.0,0.0,0.0
IDRiD_48_512_1536,0.2507049474429453,0.17020536024468483,0.038258575195365525,0.024597116198083364,0.8352564102296393,0.9099162010537768,0.8322916666639574,0.781418092904759
IDRiD_48_512_2048,0.7126823793090525,0.5536181342150289,0.015723270437779362,0.009242144175740824,0.7654770863834693,0.8941426852882932,,
IDRiD_48_512_2560,0.6988547046908494,0.5750538959003693,0.5489344373483245,0.4491337183374249,0.7198850810441231,0.7075433642312408,,
IDRiD_48_512_3072,0.592614388696538,0.7243301564336571,0.0,0.0,0.0,0.0,,
IDRiD_48_512_512,,,0.0,0.0,,,,
IDRiD_49_0_1024,0.06082191780655283,0.0313647923133268,0.4103671706086235,0.7916666665347223,0.6085961758357804,0.5736290819293398,,
IDRiD_49_0_1536,0.0,0.0,0.3389830507653794,0.9999999985714286,0.748057713645568,0.7885676082101192,0.8100641341484921,0.6807628523481954
IDRiD_49_0_2048,0.0,0.0,0.7415730336897516,0.7133458646281323,0.7117212248832249,0.7641723355142662,,
IDRiD_49_0_2560,0.11937716262459443,0.07545106615224434,0.2499999999519231,0.42763157866603185,0.4320843091081918,0.30930427491120666,,
IDRiD_49_0_3072,0.5636203349819683,0.6259791122306801,0.0,0.0,0.21238938034301827,0.1188118810704833,,
IDRiD_49_0_512,0.0,0.0,,,0.8356890458625715,0.8298245612579256,,
IDRiD_49_1024_1024,0.28880866423386203,0.16877637129021347,0.4718384696880001,0.42005676438788486,0.81700535315,0.8184942205518145,,
IDRiD_49_1024_1536,0.7048145224662662,0.5695153060861278,0.5490196077085736,0.4163568771686405,0.8094769340891997,0.732874215107422,,
IDRiD_49_1024_2048,,,0.705069124342734,0.6652173911597353,0.7883245230920989,0.745328118198677,,
IDRiD_49_1024_2560,,,,,0.6956663408162974,0.9384615384202875,,
IDRiD_49_1024_3072,,,0.0,0.0,0.7697332607093231,0.9632152587243576,,
IDRiD_49_1024_512,0.18527004909377184,0.10209235208866911,,,0.6573239310840192,0.5422680412291271,,
IDRiD_49_1536_1024,0.6395764773192174,0.8127272727198842,0.40916713245337244,0.3133561643567332,0.8303677342724748,0.9222661396331419,,
IDRiD_49_1536_1536,,,,,0.8663733209805029,0.8763176387883534,,
IDRiD_49_1536_2048,,,,,0.8059701489529961,0.9908256871643801,,
IDRiD_49_1536_512,0.5816170584340178,0.5196358907604729,0.42353916285024706,0.4538188276683997,0.7373945641848662,0.7301410541674038,,
IDRiD_49_2048_1024,0.7159006590689367,0.774848828412936,0.5232903864694459,0.41444270009192424,0.899203467258845,0.8545586107067389,,
IDRiD_49_2048_1536,0.4500216356360874,0.37249283664953486,0.6057872979855022,0.6014925372685453,0.8487299982129298,0.9332810047034714,,
IDRiD_49_2048_2048,0.08240081383100707,0.04385489983520006,0.33333333313492064,0.19999999985714287,0.21582733809067856,0.12121212118763391,,
IDRiD_49_2048_2560,,,0.7474949899050607,0.6206322794308432,,,,
IDRiD_49_2048_3072,0.4808792532351668,0.6672237309309877,0.20647419070809497,0.11671612263929614,0.0,0.0,,
IDRiD_49_2048_512,0.4761499148143647,0.6442566269441315,0.33768494339967925,0.2261072260808733,0.8217850380281081,0.8273344103339105,,
IDRiD_49_512_0,,,,,0.7927927920785651,0.7857142843112245,,
IDRiD_49_512_1024,0.6871355656326547,0.6404312350860395,,,0.6315789473551247,0.552079499427601,0.867843631776234,0.9779272451639923
IDRiD_49_512_1536,0.725230903213794,0.8210690191965694,0.660450660425002,0.5490956071996708,0.8256454062249657,0.8621692160267529,0.9297559526733088,0.9333598369977967
IDRiD_49_512_2048,,,,,0.7793452460890351,0.8589338598138307,,
IDRiD_49_512_3072,0.37661784740984067,0.885131078629475,0.6061827956581866,0.8825831700816862,,,,
IDRiD_49_512_512,0.6826111884619329,0.6600665293733555,0.6906765398623131,0.7349570200046592,0.3870967738813736,0.23999999976000003,,
IDRiD_50_0_1024,,,,,0.7103231340946433,0.8064935064411367,,
IDRiD_50_0_1536,,,,,0.23965005467521247,0.17040657631258818,,
IDRiD_50_0_2048,,,,,0.5979720079934449,0.5203181309740237,,
IDRiD_50_0_2560,,,,,,,0.7349621374447065,0.8160761501764561
IDRiD_50_0_512,,,,,0.6762156049627551,0.5753688261521691,,
IDRiD_50_1024_1024,0.7382388419634451,0.8535564853159667,,,0.5520455722137728,0.588300220685618,,
IDRiD_50_1024_1536,0.679641612739275,0.7692394366110508,0.6167460857306504,0.8745173743485488,0.5148139369478169,0.48166765226963826,0.8524803117573071,0.8058326937712075
IDRiD_50_1024_2048,,,,,0.6022988505660589,0.6459167950494324,,
IDRiD_50_1024_2560,0.9410935738311571,0.9458923512479918,,,0.48630952380841047,0.4448027472969059,,
IDRiD_50_1024_3072,0.03019744482808392,0.15294117629065745,,,,,,
IDRiD_50_1536_0,,,0.06203208555486288,0.03200883001854207,,,,
IDRiD_50_1536_1024,0.8015695066815264,0.7037401574110492,,,0.0,0.0,,
IDRiD_50_1536_1536,,,,,0.5947185512645814,0.5943672620707193,,
IDRiD_50_1536_2048,,,,,0.4869527711777668,0.5766087844445041,,
IDRiD_50_1536_2560,0.0,0.0,0.864397622859838,0.8040201004217066,0.6840288672690051,0.6851898415805231,,
IDRiD_50_1536_3072,0.7332726663119246,0.6051861807209645,0.7420147419235854,0.7743589741604208,,,0.8701476413364416,0.9009022444194996
IDRiD_50_1536_512,0.0,0.0,,,0.0,0.0,,
IDRiD_50_2048_1024,0.29968454257729704,0.17690875232115796,0.6322580644345474,0.9919028336065171,0.0,0.0,,
IDRiD_50_2048_1536,,,,,0.0,0.0,,
IDRiD_50_2048_2048,,,,,0.0,0.0,,
IDRiD_50_2048_2560,,,,,0.2992623814226278,0.31767337800499473,,
IDRiD_50_2048_512,,,,,0.0,0.0,,
IDRiD_50_512_1536,,,0.5122807017094491,0.6919431277981177,0.6848893278316247,0.6287466666633134,,
IDRiD_50_512_2048,,,0.7845659161464418,0.8970588228698098,0.4605856532952884,0.4124932687085353,,
IDRiD_50_512_2560,0.7041230506151651,0.6669364629434668,0.43059490082546203,0.6312292357755434,0.3004201680514485,0.19833564492383246,0.7084375153174073,0.9771436299570309
IDRiD_51_0_1024,,,0.6791350087271107,0.999999999827883,0.8303677342330742,0.755939524756378,,
IDRiD_51_0_1536,0.7127545551855529,0.5577299412759931,0.24591738710413857,0.99999999921875,,,,
IDRiD_51_0_2048,0.0,0.0,0.628699551541314,0.7256728777716696,,,0.5218625780658188,0.35305416825382047
IDRiD_51_0_3072,,,0.15080346104440007,0.08155080212813492,,,,
IDRiD_51_1024_1024,,,0.45563549158486166,0.5937499999257813,0.77195746353793,0.7060518731479789,,
IDRiD_51_1024_1536,0.7205090552931839,0.6072607260475553,0.7255255254819504,0.9069069067707347,0.5491833476571952,0.4391201885267172,0.5987261146373798,0.4272727272601973
IDRiD_51_1024_2048,,,,,0.820960698570457,0.7014925371389321,,
IDRiD_51_1024_3072,0.6118824668985156,0.44421003281242133,,,,,,
IDRiD_51_1024_3584,0.6948173170886761,0.5440623694759285,,,,,,
IDRiD_51_1024_512,0.17239144522537966,0.17295188554317922,0.5769230768904455,0.8401976934365408,0.7784758262663415,0.7330246913391713,0.90630832399811,0.8416528008815748
IDRiD_51_1536_0,,,0.7374999998463542,0.961956521216328,,,,
IDRiD_51_1536_1024,,,0.48455450598711886,0.5832821142849857,,,,
IDRiD_51_1536_1536,,,0.5750101091558831,0.638814016115111,0.6328467153053706,0.6870047543037239,0.697261072250914,0.5724880382638161
IDRiD_51_1536_512,,,0.511202560561902,0.3500313086819016,,,,
IDRiD_51_2048_1024,0.6711761312953113,0.5988584261195952,0.4287464270956004,0.36790469513889945,,,,
IDRiD_51_2048_1536,0.0,0.0,0.7188068388243432,0.7724784987668116,0.0,0.0,0.9023034865983187,0.9038427006603347
IDRiD_51_2048_2048,,,,,,,0.78791492743415,0.650262467170267
IDRiD_51_2048_2560,,,0.5256241786431506,0.42372881346954894,,,,
IDRiD_51_2048_512,0.0,0.0,0.6087976539232376,0.6919999999077333,0.6299212596771859,0.6486486482980278,0.5706592926752244,0.40661619827432727
IDRiD_51_512_1024,,,0.4052287580375069,0.254098360551599,,,,
IDRiD_51_512_1536,,,,,0.0,0.0,,
IDRiD_51_512_2048,,,0.5714285713135958,0.40687679071436195,,,,
IDRiD_52_0_2560,,,0.7785016285377033,0.9835390942454572,,,,
IDRiD_52_1024_0,,,,,0.5604297224207314,0.3922305763919511,,
IDRiD_52_1024_2560,0.19094488187097,0.11602870812009226,0.22270426607211102,0.8191489357344953,,,,
IDRiD_52_1024_3072,,,0.5135869564519583,0.8146551720626487,,,,
IDRiD_52_1536_2048,,,0.6404494380823129,0.9999999994152047,0.7172413791866825,0.5959885385111781,,
IDRiD_52_1536_2560,,,0.5579831931835323,0.9999999993975904,,,,
IDRiD_52_1536_3072,0.0,0.0,0.0,0.0,,,,
IDRiD_52_2048_2048,0.0,0.0,0.5883366848437709,0.9552238805079082,,,,
IDRiD_52_2048_2560,,,0.6491295937853335,0.8712357216125405,,,,
IDRiD_52_2048_3072,,,0.6622807016817674,0.513605442089523,,,0.8435415403189453,0.7585893473775934
IDRiD_52_512_0,0.0,0.0,,,,,,
IDRiD_52_512_2048,,,0.6232558139051739,0.5153846153185404,0.16865079364242802,0.09304871373327593,,
IDRiD_52_512_2560,,,0.8411633107737889,0.9947089941826937,,,0.8915716026039253,0.9472817133220222
IDRiD_52_512_512,0.0,0.0,0.3503594400170125,0.23670756645006608,,,,
IDRiD_53_0_1024,0.7263960323258339,0.6663016006683546,0.0,0.0,,,,
IDRiD_53_0_1536,,,0.6779999999322001,0.6621093748706818,,,,
IDRiD_53_0_2048,,,0.14285714281789638,0.4406779653547831,,,,
IDRiD_53_0_2560,,,0.7144278606609737,0.73116089605589,,,,
IDRiD_53_0_3072,,,0.8773307163025191,0.9551282049241179,,,,
IDRiD_53_0_512,0.6444845477030849,0.6400089605591396,0.43740219090620497,0.4065454545158876,,,,
IDRiD_53_1024_1536,,,,,0.0,0.0,,
IDRiD_53_1024_2048,0.5974458633981594,0.6699875466720636,0.3596638654857708,0.32326283978149156,0.5947067981256386,0.4445306439031105,,
IDRiD_53_1024_2560,0.703759325645035,0.7205138379093318,0.4796982471675194,0.376305407282707,,,,
IDRiD_53_1024_3072,0.7083421509260238,0.6112044408691023,0.5135699373561177,0.3849765258065346,0.7314285713449796,0.6504065039328442,,
IDRiD_53_1536_1536,0.18524871351882527,0.11180124221287759,,,,,,
IDRiD_53_1536_2048,0.6660264764341448,0.6692859112121686,0.32826747710387005,0.9818181800330579,0.6287744226981187,0.468253968212676,,
IDRiD_53_1536_2560,0.6653666146559365,0.7668564578733337,0.6334193178379645,0.7759831460129225,0.5223463686421305,0.3617021275896128,,
IDRiD_53_1536_3072,0.8110282287493709,0.8924835023194514,0.5669211195640244,0.4942324755550814,0.5870044052540195,0.4404958677321904,0.8505015904034101,0.7705608512439529
IDRiD_53_1536_3584,0.8949324324173153,0.8973577235468375,,,,,,
IDRiD_53_1536_512,,,0.6979865771343633,0.9203539821379905,,,,
IDRiD_53_2048_1024,0.3558718860787815,0.23076923073372782,0.3381088824730503,0.6082474223668828,0.0,0.0,,
IDRiD_53_2048_1536,0.0,0.0,0.7807692307191815,0.9412673877988768,,,,
IDRiD_53_2048_2048,0.0,0.0,0.44897959181128233,0.48828606652425577,0.0,0.0,,
IDRiD_53_2048_2560,0.08041817450420514,0.04189359027893198,0.2061994609025472,0.9999999993464053,0.764565043833634,0.7738287559331456,,
IDRiD_53_2048_3072,0.3667671114779696,0.27030456851076745,0.39540229882027567,0.46319569111971354,,,,
IDRiD_53_2048_512,,,0.7206896551102854,0.9008620687713659,,,,
IDRiD_53_512_0,,,0.8663594469047974,0.9973474798415524,,,,
IDRiD_53_512_1536,,,0.39619435948364956,0.31650380019997265,,,,
IDRiD_53_512_2560,0.6839427286684655,0.6376406560223752,0.36447931525091015,0.3000587198884287,,,,
IDRiD_53_512_3072,,,,,0.8474576267595518,0.8064516122528617,,
IDRiD_53_512_512,0.0,0.0,0.2852564102106961,0.23670212759662176,,,,
IDRiD_54_0_1536,,,0.7594470045382997,0.8273092367816648,,,,
IDRiD_54_0_2048,,,0.6834910619680872,0.8643617018977761,,,,
IDRiD_54_0_2560,0.6283018867805981,0.5012040939042383,0.33184996819250795,0.7631578945136964,0.788685524111875,0.8695474928304302,,
IDRiD_54_0_3072,0.0,0.0,0.6842723004293267,0.6640091115416846,,,,
IDRiD_54_1024_0,0.0,0.0,0.6931155191723319,0.5390199636045336,,,,
IDRiD_54_1024_1024,,,0.0,0.0,,,,
IDRiD_54_1024_1536,,,0.0,0.0,,,,
IDRiD_54_1024_2048,0.4867049009321337,0.3536654669377976,0.3568904593429393,0.22197802196175984,0.8210961736482838,0.9168591221901018,,
IDRiD_54_1024_2560,0.3552500277153204,0.4230261420537886,0.3645934880022501,0.4854620975864246,0.7592732777910949,0.8744551001853134,,
IDRiD_54_1024_3072,0.6029732408205556,0.6986678915618435,0.6031815210154025,0.5904436859816364,0.3870967740974946,0.250803858440256,,
IDRiD_54_1024_3584,0.31728880156391726,0.21440424825043466,0.0,0.0,,,,
IDRiD_54_1024_512,0.0,0.0,,,,,,
IDRiD_54_1536_0,0.0,0.0,0.5128767123006642,0.5354691074902209,,,,
IDRiD_54_1536_1536,,,0.0,0.0,,,,
IDRiD_54_1536_2048,,,0.6117788461170806,0.7854938270392757,,,,
IDRiD_54_1536_2560,0.13715277776587215,0.10353866315812076,0.690996111256626,0.8261802574516323,0.0,0.0,,
IDRiD_54_1536_512,0.5411124546390232,0.3740075219233595,0.0,0.0,,,,
IDRiD_54_2048_0,,,,,,,0.8539275264268754,0.7910758965474948
IDRiD_54_2048_1024,,,,,,,0.4906490648956953,0.3335327550004926
IDRiD_54_2048_1536,,,0.7931897846372964,0.8722466959391799,,,,
IDRiD_54_2048_2048,0.02274881516372049,0.011505273249136598,0.5993920972280005,0.9939516127028323,,,,
IDRiD_54_2048_2560,0.6251348435645865,0.7303087586181279,0.5161290322358655,0.42674253197533835,,,,
IDRiD_54_2048_3072,0.2961354754603531,0.7002053387371453,0.7283098168499457,0.6927470016737437,,,,
IDRiD_54_2048_512,,,,,,,0.6738876175912846,0.6166015261435268
IDRiD_54_512_0,0.5403677058137344,0.6537717600915114,,,,,,
IDRiD_54_512_1024,,,0.0,0.0,,,,
IDRiD_54_512_1536,,,0.4688057040858941,0.5668103447868671,0.697466467854327,0.6410958902353161,,
IDRiD_54_512_2048,,,0.5531914893280735,0.9999999997802197,,,,
IDRiD_54_512_2560,0.2463029066781718,0.795279912140764,0.37242241198974335,0.3090217766917034,0.7260447446103203,0.7975886853513195,,
IDRiD_54_512_3072,0.7853841887929917,0.6947563501504986,0.4129336476789177,0.33315217389493734,,,,
IDRiD_54_512_512,0.886552781389113,0.8115477144497556,,,,,,
IDRiD_55_0_1024,,,,,0.8598848366871623,0.8959999996416,,
IDRiD_55_0_1536,,,,,0.8133839706599437,0.754678007281231,,
IDRiD_55_0_2048,,,0.63999999968,0.5161290318418315,0.8124545926289246,0.7279151943429053,,
IDRiD_55_1024_1024,,,0.7689119170187656,0.9999999997304582,0.8240032219067687,0.7398746383763747,,
IDRiD_55_1024_1536,0.012444444443891358,0.006261180679505315,0.2243902438477097,0.1642857142270408,0.8037745951002889,0.7020576544064167,,
IDRiD_55_1024_2048,,,0.3120260021330416,0.19148936167666367,0.8602615660161128,0.8019456380649446,,
IDRiD_55_1024_2560,,,0.6790476190152835,0.6657329597884469,0.8567095555037051,0.8330173442856704,,
IDRiD_55_1536_1024,,,0.3016759776114978,0.22176591371216306,0.6173849790814931,0.47330266275654115,,
IDRiD_55_1536_1536,,,0.6474890297100201,0.5159285158884283,0.7672203596435263,0.7640185142972606,,
IDRiD_55_1536_2048,0.4869119999968837,0.38005794784314056,0.41988619346481154,0.5548080727916578,0.7045915683448388,0.7406003159499163,0.0,0.0
IDRiD_55_1536_2560,0.8023822953634786,0.7581590745187379,0.5244536940141047,0.6866485011753001,0.8256066722851408,0.7661589131313994,0.0,0.0
IDRiD_55_1536_3072,,,,,0.8602849287463064,0.7934532042050045,,
IDRiD_55_1536_512,,,,,0.6051344742906397,0.4691943127517351,,
IDRiD_55_2048_1024,,,,,0.9173333332517926,0.9165186499260181,,
IDRiD_55_2048_1536,,,0.3503902861794978,0.9950738911354317,0.6580226904162716,0.5344918377812273,,
IDRiD_55_2048_2048,,,0.017045454540612084,0.008595988536218914,0.8325372914921556,0.7597907725219986,,
IDRiD_55_2048_2560,,,,,0.781645939726398,0.6802144117201776,,
IDRiD_55_512_1024,0.5587020648802743,0.4460668864603831,0.6236654803993031,0.4664005322377644,0.7943231987402465,0.6808849665971659,,
IDRiD_55_512_1536,0.6679715669035956,0.5372886973726004,0.4442446042765967,0.9999999995951417,0.8706653351636059,0.8208372071118816,,
IDRiD_55_512_2048,0.8245956450155084,0.9702064778925472,0.5214592274118606,0.43470482997590254,0.8487614762877654,0.8607161803690697,,
IDRiD_55_512_2560,,,,,0.07339449537917683,0.038095238077097505,,
IDRiD_56_0_1024,,,0.010309278345201404,0.005181347147574432,,,,
IDRiD_56_0_1536,,,0.6189917935968356,0.5959367944478697,,,,
IDRiD_56_0_2048,0.5907165847823926,0.4374059207170421,0.555247084921974,0.7092198580554299,,,,
IDRiD_56_0_2560,0.5783197249667341,0.4151627333014161,,,,,,
IDRiD_56_0_3072,0.29436819687448873,0.18055901136119631,,,,,0.8448582875781925,0.9401420079221428
IDRiD_56_0_512,,,0.628571428433281,0.9999999993006994,,,,
IDRiD_56_1024_0,0.0,0.0,,,,,,
IDRiD_56_1024_1024,,,0.09314359637172422,0.11076923075218935,,,,
IDRiD_56_1024_1536,,,0.8112676055195398,0.7384615382721893,,,,
IDRiD_56_1024_2048,,,,,0.6740841659046769,0.8403472353115616,,
IDRiD_56_1024_2560,0.0,0.0,0.78216989059864,0.97077244238606,0.2654761904682894,0.852772466376143,,
IDRiD_56_1024_3072,0.141619748807986,0.08511192087380606,0.19445666519162091,0.18447412352383352,,,,
IDRiD_56_1536_1024,0.0,0.0,,,,,,
IDRiD_56_1536_1536,,,0.46339017046505615,0.7196261680001164,,,,
IDRiD_56_1536_2048,0.5533923796768324,0.6435720532441592,,,0.7343901649713882,0.7183544303342814,,
IDRiD_56_1536_2560,0.441577321452997,0.3440951571695244,0.49931034475871583,0.6073825501317508,,,0.0,0.0
IDRiD_56_1536_512,0.0,0.0,,,,,,
IDRiD_56_2048_1024,0.6835976583274431,0.5943144803057657,,,0.4652665588909101,0.3356643355860922,,
IDRiD_56_2048_1536,,,0.6387154325924428,0.9421052629099722,,,,
IDRiD_56_2048_2048,0.5565338276138667,0.40817944941193857,0.0,0.0,,,,
IDRiD_56_2048_2560,0.6920887235402269,0.567847562665027,,,,,0.6855286313748102,0.9999999999802528
IDRiD_56_2048_3072,,,0.8310762650868798,0.8887195120596465,,,,
IDRiD_56_2048_512,0.05905420991789956,0.036655211911894185,,,,,,
IDRiD_56_512_1024,0.7023348586137373,0.7901267159346604,0.6791778373244336,0.8251900107681661,,,,
IDRiD_56_512_1536,,,0.04810996563298339,0.051724137924664515,0.6995768687306662,0.6648793563901128,,
IDRiD_56_512_2048,,,,,0.7321847283032705,0.9375979112026738,,
IDRiD_56_512_2560,0.5240253853099887,0.3967856565950833,0.7588846363718488,0.6871287128032546,,,,
IDRiD_56_512_3072,0.43413994516370163,0.3668043106016033,0.37897967010437367,0.4340949033010461,0.7025547444614457,0.835140997649644,0.89575551782406,0.9916615405577769
IDRiD_57_0_1024,,,,,0.6094117646341869,0.4658273380457145,,
IDRiD_57_0_1536,0.13884297519513694,0.07720588234584504,,,0.21928665783100573,0.19904076733835951,,
IDRiD_57_0_2048,,,,,0.587070471718866,0.44720496890441835,,
IDRiD_57_0_512,,,,,0.536344389517548,0.7089552237483293,,
IDRiD_57_1024_0,,,,,0.21182147164748322,0.11848852901164673,,
IDRiD_57_1024_1024,,,0.3441295545862086,0.21144278601705402,0.6792562463618123,0.5396214802194242,,
IDRiD_57_1024_1536,,,0.0,0.0,0.8277685950276402,0.8082633957130968,,
IDRiD_57_1024_2048,,,,,0.6084788029166486,0.6354166665011935,,
IDRiD_57_1024_512,,,,,0.46157085701281175,0.3199999999906569,,
IDRiD_57_1536_0,0.0678851174846103,0.035326086951722,,,0.22271714917088703,0.13297872336888863,,
IDRiD_57_1536_1024,,,,,0.6968942954502175,0.5608128151800532,,
IDRiD_57_1536_1536,,,,,0.7019748653395874,0.6340540540369175,,
IDRiD_57_1536_2048,,,,,0.7290594290721077,0.5964777947475898,,
IDRiD_57_1536_512,,,0.6788079469074821,0.75645756429651,0.5047995482635573,0.3486739469442795,,
IDRiD_57_2048_1024,,,,,0.5025432349437902,0.35797101444087376,,
IDRiD_57_2048_1536,,,,,0.7041564791745625,0.5865580447467864,,
IDRiD_57_2048_512,,,0.34549878341295637,0.2167938930966727,0.0782747603771346,0.04073150456851774,,
IDRiD_57_512_0,,,,,0.4899201217006497,0.33894736840321327,,
IDRiD_57_512_1024,,,0.0,0.0,0.39404352801900994,0.2478386166789858,,
IDRiD_57_512_1536,0.0,0.0,,,0.6760563379601553,0.7671232874960905,,
IDRiD_57_512_512,,,0.14925373131853173,0.10843373491363043,0.6463834672604368,0.5217794253697045,,
IDRiD_58_0_1536,0.0,0.0,0.7606142727406852,0.6137026238172445,,,,
IDRiD_58_0_2048,,,0.7023809523112717,0.878411910452007,0.7973122238512765,0.8591549295604215,,
IDRiD_58_0_2560,,,0.6294173829689867,0.8247809761170487,0.8220039292407858,0.8623248144383903,,
IDRiD_58_0_3072,,,0.48818897628185254,0.8671328665264806,,,,
IDRiD_58_0_512,,,0.5034246574480438,0.3525179855269741,,,,
IDRiD_58_1024_0,,,,,0.7946105816497764,0.9637305699097757,,
IDRiD_58_1024_1024,,,0.6332819722162341,0.9903614455444911,,,,
IDRiD_58_1024_1536,0.7292730844698196,0.8629882206800066,0.5893854747780188,0.5171568626183439,0.8076033906908862,0.8236835210682818,,
IDRiD_58_1024_2048,,,,,0.7504138669709766,0.8321814254679875,,
IDRiD_58_1024_2560,0.0,0.0,0.715017064785408,0.9269911502373913,0.8761436569592225,0.9374634716266084,,
IDRiD_58_1024_3584,,,,,0.8566371679899758,0.9453124996307373,,
IDRiD_58_1536_0,,,,,0.014758786089707971,0.007434253322112868,,
IDRiD_58_1536_1536,0.0,0.0,,,,,,
IDRiD_58_1536_2048,0.10532050117840348,0.05558750239494753,,,0.0,0.0,,
IDRiD_58_1536_2560,0.2200898821801282,0.12439074620632669,0.8383838381721253,0.7280701751192675,,,,
IDRiD_58_1536_3072,0.09554531489868594,0.05486944248315333,,,,,,
IDRiD_58_1536_512,,,0.0,0.0,0.7109905020214966,0.5837046467032557,,
IDRiD_58_2048_1024,,,,,0.7393744987378208,0.594838709600666,,
IDRiD_58_2048_1536,0.12083818393340118,0.3184049079559261,,,,,,
IDRiD_58_2048_2048,,,0.7785087718444618,0.912596400793677,,,,
IDRiD_58_2048_2560,0.8169957686738893,0.6926756352558244,,,,,,
IDRiD_58_2048_3072,0.4217443249665323,0.31740526653413736,,,0.667928695367283,0.5015399194384852,,
IDRiD_58_512_1024,0.02378542510106411,0.012552580623539075,,,,,,
IDRiD_58_512_1536,0.6935779816259238,0.6053811658805008,0.4621848739253054,0.7470288623519477,0.7673193572396315,0.8122676579879899,,
IDRiD_58_512_2048,,,,,0.7039906446391658,0.6904329542130322,,
IDRiD_58_512_2560,0.9034766439347299,0.8658602440774829,0.258823529393853,0.1510500807632431,0.690697674338291,0.52753108338765,,
IDRiD_58_512_3072,,,0.4084656084223846,0.927884614938517,0.858091286235843,0.9468864467130245,,
IDRiD_58_512_512,0.766542825577201,0.6361666666560639,,,,,,
IDRiD_59_0_1024,,,0.0,0.0,,,,
IDRiD_59_0_1536,0.673780171960284,0.5141501976203297,0.2391959798754577,0.1358447488429401,0.632183907682653,0.7971014481201429,0.8546611143733115,0.9470614879348485
IDRiD_59_0_2048,,,,,,,0.9286128424392509,0.8767920073874267
IDRiD_59_1024_1024,0.21465968586186743,0.6788882317753466,0.3255813953342763,0.23081800886297918,0.697642163613201,0.8341625205913495,0.0,0.0
IDRiD_59_1024_1536,,,0.657142856955102,0.6249999996603262,0.851645051496337,0.804319509219697,,
IDRiD_59_1024_2048,0.7158199091235314,0.9520234389131657,,,0.7390560985814412,0.669804701200621,,
IDRiD_59_1024_512,0.0,0.0,0.0,0.0,,,,
IDRiD_59_1536_0,,,0.1291666666532118,0.07607361962256766,,,,
IDRiD_59_1536_1024,0.0,0.0,,,0.7234042553121207,0.8949519230554098,,
IDRiD_59_1536_1536,,,0.40288924555354017,0.25226130650731043,0.7901608024137067,0.8439040979281771,,
IDRiD_59_1536_2048,0.6367896009625393,0.8044682069733727,0.0,0.0,0.7611398963631977,0.8990208078060276,,
IDRiD_59_1536_2560,,,,,0.0,0.0,,
IDRiD_59_1536_3072,,,,,0.5003309066512024,0.3586337760570556,,
IDRiD_59_1536_512,0.8496164715360072,0.7560964656183765,0.30226244341155994,0.2982142856610332,,,,
IDRiD_59_2048_1024,0.408604794094547,0.26498724489373426,,,,,,
IDRiD_59_2048_1536,,,0.6568712186121978,0.9452736316056533,,,,
IDRiD_59_2048_2048,0.21749049428003872,0.12456445991946302,0.5531048523734949,0.8849077089158623,,,0.0,0.0
IDRiD_59_2048_2560,,,,,0.6979223125501542,0.7976460871196026,0.7909136970093044,0.6720530409555637
IDRiD_59_2048_3072,,,,,0.4879847727755414,0.33171599546608904,,
IDRiD_59_2048_512,,,0.45698166428371073,0.3091603053140114,,,,
IDRiD_59_512_1024,0.34185583432622973,0.2788823911594687,0.5694059710504954,0.4434324064983973,0.7284243863733918,0.7796610169302746,0.891310843516829,0.8201564454697898
IDRiD_59_512_1536,0.7366506860607677,0.7972803721524666,0.0,0.0,0.8189192213000142,0.8100376272642207,0.0,0.0
IDRiD_59_512_512,0.0,0.0,0.3188908145027919,0.6258503397103059,,,0.58568125993142,0.9851743832666766
IDRiD_60_0_1536,,,0.5135593219903763,0.8911764703261245,,,,
IDRiD_60_0_512,,,,,,,0.802698145011759,0.7175158275333882
IDRiD_60_1024_0,,,,,0.6279712548195696,0.5149592021525404,,
IDRiD_60_1024_1024,,,,,0.5861922913895343,0.7963176063983707,,
IDRiD_60_1024_1536,0.0,0.0,0.34615384610264,0.21428571424646783,0.837335503998384,0.8073602511484489,,
IDRiD_60_1024_2048,0.45317919072524976,0.3586459286039665,0.3269841269322248,0.24178403750192862,0.6539130433645369,0.574923547224794,0.550495942277942,0.3797822705947191
IDRiD_60_1024_2560,0.8636640629280169,0.9480661639388461,0.6883811375455333,0.5831960460804616,0.5857811834573955,0.52239939251918,0.49871585336215934,0.38907103823719236
IDRiD_60_1024_3072,,,,,0.0,0.0,,
IDRiD_60_1536_1024,,,0.0,0.0,0.0795142402771938,0.9116022098440218,,
IDRiD_60_1536_1536,0.21088270858014796,0.11987902116799894,,,0.6930566231015494,0.7302915766541498,,
IDRiD_60_1536_2048,,,0.3003412968941591,0.177419354814863,0.6446759258886182,0.7387267903529541,,
IDRiD_60_1536_2560,0.7716970701903133,0.7240663900164569,0.5889447235589,0.45924764883083896,0.7154876489148853,0.7494359841969905,,
IDRiD_60_1536_3072,,,0.7371428569322449,0.8896551718002379,,,,
IDRiD_60_1536_512,,,,,0.4893813480845161,0.7350901524639265,,
IDRiD_60_2048_0,,,,,0.0,0.0,,
IDRiD_60_2048_1024,0.0,0.0,,,0.7334616150173614,0.7335102853253681,,
IDRiD_60_2048_1536,,,0.5620094190640488,0.3986636970158878,,,,
IDRiD_60_2048_2048,,,0.5530864196165218,0.6436781605496102,0.5869774147009431,0.6641294005618578,0.0,0.0
IDRiD_60_2048_2560,0.6584764970579164,0.555906821960311,0.34053586861103996,0.20890774124024877,0.749414519890368,0.7413647851414759,0.8328190338836833,0.7908747329747994
IDRiD_60_2048_512,0.25238600209412665,0.15275994863250836,0.6626686655678158,0.8983739833746447,0.32167832164083004,0.1916666666400463,,
IDRiD_60_512_0,,,,,0.5437788015927286,0.37341772128264705,,
IDRiD_60_512_1024,,,0.3357142856903061,0.26082130962698985,,,,
IDRiD_60_512_1536,,,0.5905905905314724,0.44427710836682577,0.49386230207269416,0.3677795442403874,,
IDRiD_60_512_2048,0.4228360957486985,0.5242009131941369,0.24159854675371492,0.1386861313723998,,,0.9683676792088004,0.9870086766820586
IDRiD_60_512_2560,0.16248746237901265,0.08842794759342641,,,0.19999999983333333,0.11111111100823046,0.933175198800511,0.9642785389923885
IDRiD_60_512_3072,,,,,,,0.8560235063586855,0.7806105878405227
IDRiD_61_0_1024,0.777926696330895,0.7984007042762835,,,,,,
IDRiD_61_0_1536,0.023169722572957754,0.011720643313453533,0.36650717701595664,0.33074265972964223,,,,
IDRiD_61_0_2048,0.796206989971302,0.6873421274142825,0.6035054476265512,0.8229974159143415,,,,
IDRiD_61_0_2560,,,0.6227544908315106,0.928571427742347,,,,
IDRiD_61_0_512,0.666551485831318,0.49987043275298043,,,,,,
IDRiD_61_1024_0,0.32021628116455325,0.1999774884620869,0.0,0.0,,,,
IDRiD_61_1024_1024,0.6309805275872925,0.47829238823906906,0.8962536021763324,0.956923076628639,0.30575342464078065,0.5205223879625891,,
IDRiD_61_1024_1536,0.6139423633323794,0.6933600557625186,0.0,0.0,0.7292441139987131,0.6138734353215066,,
IDRiD_61_1024_2048,0.023994354267890306,0.01357827475929886,0.4087468460719619,0.3237841438824927,0.7563796804152374,0.8288252972582147,,
IDRiD_61_1024_2560,0.7170019898277774,0.6852976913694051,0.6084967320062583,0.5335243552702851,,,,
IDRiD_61_1024_3072,0.36886260486358324,0.5624999999764052,0.6779900919548485,0.8188034186634524,,,,
IDRiD_61_1536_0,0.0,0.0,,,,,,
IDRiD_61_1536_1024,0.37514124293361417,0.39894256187457483,,,0.0,0.0,,
IDRiD_61_1536_1536,0.0,0.0,0.13476263397629976,0.07547169810026215,0.6649404453306608,0.6125954197888744,,
IDRiD_61_1536_2048,0.35160414361508996,0.24126984126651113,0.43949930455914465,0.9999999996835442,0.7667383211829982,0.8686148728811045,,
IDRiD_61_1536_2560,0.0,0.0,0.19926969221704383,0.11703431371831897,,,,
IDRiD_61_1536_512,0.55511925537969,0.3976593971371105,0.0,0.0,,,,
IDRiD_61_2048_1024,0.8311218676797546,0.7729136366323532,,,,,,
IDRiD_61_2048_1536,0.6067894727642981,0.4919542183688481,,,,,,
IDRiD_61_2048_2048,0.7950801286040456,0.8179324137213246,,,,,,
IDRiD_61_2048_2560,0.7143776429457879,0.782499244781165,0.16744496330328737,0.10389072847252108,,,,
IDRiD_61_2048_512,0.7548118199828994,0.6564307241164876,,,,,,
IDRiD_61_512_0,0.3615581685583554,0.23703703703499535,,,,,,
IDRiD_61_512_1024,0.6012901290119993,0.4930620479247821,,,0.24263431538255906,0.13806706111675204,,
IDRiD_61_512_1536,0.5793010320529232,0.5793941732550042,0.3562231759503767,0.3759057970673998,0.8072992700435293,0.7871886120436165,,
IDRiD_61_512_2048,0.6702940030914935,0.5607535693821742,0.5812194036234438,0.4773391812516565,0.7808258734975216,0.7502774694367216,,
IDRiD_61_512_2560,0.7169265014763999,0.6157694242785657,0.186138613824527,0.10444444442123456,,,,
IDRiD_61_512_3072,0.0,0.0,,,,,,
IDRiD_61_512_512,0.8443048437730392,0.8031198892891991,,,,,,
IDRiD_62_0_1024,0.07455345586138873,0.03872008604359451,0.7689320387602978,0.7485822304823097,0.8169761271042503,0.789743589338593,,
IDRiD_62_0_1536,,,,,0.0,0.0,,
IDRiD_62_0_512,0.02459288800184138,0.01244952893632404,,,0.6309403437496997,0.5853658536036241,,
IDRiD_62_1024_0,,,0.7201492535969871,0.989743589236029,,,,
IDRiD_62_1024_2048,,,0.6701940034091369,0.7983193273956641,,,,
IDRiD_62_1024_2560,,,,,0.8370786514502587,0.9551282045159435,,
IDRiD_62_1024_3072,0.0,0.0,0.5437026840644389,0.46690307323086255,,,,
IDRiD_62_1536_0,,,0.8817204299179096,0.7976653693394298,,,,
IDRiD_62_1536_1024,,,0.0,0.0,,,,
IDRiD_62_1536_2560,,,,,0.8256615667422308,0.8913937331505545,,
IDRiD_62_1536_3072,,,0.5505716798108555,0.9999999996805111,,,,
IDRiD_62_2048_2048,,,,,0.7934893184040522,0.90510572457697,,
IDRiD_62_2048_2560,,,,,0.7557166989395663,0.8587882760517895,,
IDRiD_62_2048_512,,,,,0.0,0.0,,
IDRiD_62_512_1536,,,0.4509688784233136,0.5981308410283286,0.6653696497407228,0.5213414633351614,,
IDRiD_62_512_512,,,,,0.23893805306210356,0.13798977851141572,,
IDRiD_63_0_1024,,,,,0.6843584841933614,0.5434899089025989,,
IDRiD_63_0_1536,,,,,0.6492550394277081,0.4981172673346391,,
IDRiD_63_0_2560,0.637104994886924,0.7058159231673734,0.6948160534826582,0.9952095807191366,,,,
IDRiD_63_0_3072,,,0.6237942120180725,0.5187165772627185,,,,
IDRiD_63_1024_1024,,,,,0.8218198417466386,0.9109461966451181,,
IDRiD_63_1024_1536,,,,,0.8521534055766626,0.8313794236788498,,
IDRiD_63_1024_3072,0.7881114903187129,0.7675900276795682,,,,,,
IDRiD_63_1024_3584,0.8646125116309705,0.9487704917060686,,,,,,
IDRiD_63_1024_512,0.385487528339815,0.3080950463087375,,,,,,
IDRiD_63_1536_1536,,,0.6426886792073886,0.47350130317345773,0.14853195163220886,0.12659470067452458,,
IDRiD_63_1536_2048,,,,,0.2561576354427431,0.7784431133063215,,
IDRiD_63_1536_2560,,,,,0.33333333293650796,0.19999999971428573,,
IDRiD_63_1536_3072,,,,,0.6748884806960145,0.6138424820709384,,
IDRiD_63_1536_512,0.0,0.0,,,,,,
IDRiD_63_2048_1536,,,,,0.0,0.0,,
IDRiD_63_2048_2048,,,,,0.7120827639915659,0.633773453765331,,
IDRiD_63_512_1024,,,,,0.582867198791456,0.4273535781741516,,
IDRiD_63_512_1536,,,,,0.7999376671937253,0.7664170005206499,,
IDRiD_64_0_1024,,,0.5664830841708239,0.4399185335869687,0.7972027970634261,0.9956331873381514,0.7501873220418097,0.6002398081505983
IDRiD_64_0_1536,0.6569943502795164,0.5181066438514534,0.43990665108285254,0.5773353751030115,0.4942049142212748,0.9475555554713283,,
IDRiD_64_0_2048,0.06595822645416057,0.034103827205983185,,,0.8394075981943354,0.9633461424699723,,
IDRiD_64_0_2560,,,,,0.7143512150062196,0.5951107715358968,,
IDRiD_64_0_3072,,,,,0.700285442369145,0.707692307556213,,
IDRiD_64_0_512,,,0.7444831590740718,0.9876733434533632,0.039563437923631414,0.020180932496855885,,
IDRiD_64_1024_1536,,,0.8026315787713527,0.9999999994535519,0.3185840707400736,0.2999999999,,
IDRiD_64_1024_2048,,,0.8636779505156744,0.828070175293321,0.12754766600081868,0.1089887640326979,,
IDRiD_64_1024_2560,,,0.0038095238087981864,0.0033670033658696956,0.7688229056162841,0.7626762044943963,,
IDRiD_64_1024_3072,,,0.3451776647994022,0.20858895692724605,0.6942305093812426,0.7194063287393053,,
IDRiD_64_1536_0,,,0.8292682926234384,0.7100737099864775,,,,
IDRiD_64_1536_2048,0.0,0.0,0.021423106348781706,0.013958125621738971,0.4099099098637489,0.27743902434795137,,
IDRiD_64_1536_2560,0.0,0.0,,,0.6287218958754563,0.5058670143251022,,
IDRiD_64_1536_3072,,,0.0,0.0,0.8363363362735483,0.7661623107611881,,
IDRiD_64_2048_1536,,,0.839609483843848,0.890532544115227,0.8221783599350049,0.810113154143914,,
IDRiD_64_2048_2560,0.3567839195923872,0.26996197717989634,0.24062772447771336,0.14743589742014573,0.5263157891966759,0.36764705855320073,0.8512058640634471,0.8663158595825863
IDRiD_64_2048_3072,0.37993138934905957,0.35754640836500834,0.6366279069304775,0.5983606556559616,0.7987355109801122,0.7316602315189845,,
IDRiD_64_512_1024,,,0.36305732480222325,0.5719063543237771,,,,
IDRiD_64_512_1536,,,,,0.680316831680474,0.9292437520185086,,
IDRiD_64_512_2048,,,0.6150537633747254,0.4798657717315662,0.7364449903459535,0.7409303557177074,,
IDRiD_64_512_2560,,,0.6785212914984314,0.5772292993170995,0.8257531009980378,0.8816017657120984,,
IDRiD_64_512_3072,,,0.1866081229213383,0.10290556899480563,0.3034055727241068,0.17883211676656544,,
IDRiD_65_0_1024,,,0.6184210524959602,0.9657534239960593,0.0,0.0,,
IDRiD_65_0_1536,,,0.7578084997051813,0.9215442091006795,,,,
IDRiD_65_0_2048,0.8531172947920705,0.8433147631724711,0.0,0.0,0.6603203384608595,0.8242172764683434,,
IDRiD_65_0_2560,0.8548320198910239,0.968970380772498,0.6025569760643381,0.6975546974649222,0.8005082591867692,0.7486631015597942,,
IDRiD_65_0_3072,0.5094163714244002,0.4480157428518198,0.2821387940681377,0.3069306930313205,0.0,0.0,,
IDRiD_65_0_3584,0.7103274558746645,0.5507812499462127,0.0,0.0,,,,
IDRiD_65_0_512,,,0.7036144577465525,0.9480519477441389,0.13930348251775945,0.07486631012039235,,
IDRiD_65_1024_1024,,,0.6887686061780265,0.964015151332573,0.5323238206070214,0.5981675392409177,,
IDRiD_65_1024_1536,0.2987442167861933,0.8883065836590794,0.3609806989994528,0.2629179331207098,0.4004537719568659,0.7478813557737539,,
IDRiD_65_1024_2048,0.7252990695533307,0.822406430524431,0.4858882124800283,0.4420946625939482,0.8731684110350305,0.9063256135454727,,
IDRiD_65_1024_2560,0.6931104303998074,0.6360171510182371,0.670399999973184,0.6714743589205548,0.5710316081774564,0.7080103358563298,,
IDRiD_65_1024_3072,0.7193862496099326,0.610110110079574,0.6112376613283509,0.8455882352052954,0.7433053827226588,0.6294090700582039,,
IDRiD_65_1024_3584,0.7609892673750723,0.908827463198644,0.7499999998660715,0.734265734008998,,,,
IDRiD_65_1536_1024,,,0.4769703172734406,0.9831223626617884,0.7040680226683556,0.8278768868686949,,
IDRiD_65_1536_1536,,,0.7433981065897659,0.7995712753698209,0.7963480529011301,0.8473433782376153,,
IDRiD_65_1536_2048,0.8595469255107089,0.8578811368400671,0.8173076921112241,0.9604519768585017,0.7661993179137779,0.8768430181880069,,
IDRiD_65_1536_2560,,,0.276527331100795,0.2193877549901083,0.22439024386595283,0.15646258499853455,,
IDRiD_65_1536_3072,0.3215573179292316,0.2234468937651857,0.07049345417215575,0.193370165639022,0.6324483775438083,0.6988265970405703,,
IDRiD_65_1536_3584,0.6130895091139034,0.6402010049607838,0.38095238090464256,0.4825396823864953,,,,
IDRiD_65_1536_512,,,,,0.7352370390702735,0.6225352112383786,,
IDRiD_65_2048_1536,,,0.658227848008688,0.9999999995726496,,,,
IDRiD_65_2048_2048,,,,,0.5251572326218307,0.9999999994011977,,
IDRiD_65_2048_2560,0.7606830198425875,0.9988618256089492,,,,,,
IDRiD_65_2048_3072,,,0.899902818182711,0.9546391750608991,0.8452982810065421,0.9999999997607655,,
IDRiD_65_512_1024,,,0.0,0.0,,,,
IDRiD_65_512_1536,,,,,0.7470444020662106,0.8476755687333374,,
IDRiD_65_512_2048,0.0,0.0,,,0.7833918128609157,0.7681192660462371,,
IDRiD_65_512_2560,0.004012036107922564,0.0035398230082230404,0.49970582466170416,0.5534317984121012,0.7491124260299622,0.7701901140567272,,
IDRiD_65_512_3072,,,0.7108705457505246,0.9999999998730965,0.3640361592874655,0.7548125632467262,,
IDRiD_65_512_3584,0.9377274565115704,0.9602484471652072,0.7426470585504974,0.8211382107145219,,,,
IDRiD_66_0_1024,,,0.0,0.0,0.674830926692107,0.5367839488067234,,
IDRiD_66_0_1536,,,0.6040772531864765,0.9842657340936599,0.7462788319424352,0.6443005689494938,,
IDRiD_66_0_2048,,,0.8922528939543852,0.9597701147586648,0.36954559132201187,0.24192277382813546,,
IDRiD_66_0_2560,,,,,0.645074223934538,0.48282828273074174,,
IDRiD_66_0_512,,,0.7367055770769513,0.982698961597682,,,,
IDRiD_66_1024_0,,,,,0.5172024816549012,0.37155591570617685,,
IDRiD_66_1024_1024,,,0.5420289854286915,0.6051779933316576,0.9160253219483746,0.9086380209646348,,
IDRiD_66_1024_1536,0.7439516128657282,0.8463302751323016,0.6206896551575506,0.6728971962267447,0.8057065948841531,0.83559145387912,,
IDRiD_66_1024_2048,,,0.4821222606133654,0.6430769228790532,0.8573433287783061,0.8992972165337841,,
IDRiD_66_1024_2560,,,,,0.7484760269693501,0.661142857139951,,
IDRiD_66_1024_512,0.20647275705831739,0.11512105983941887,0.3480825958188669,0.3608562690027962,0.7556621880925559,0.6391233766130012,,
IDRiD_66_1536_1024,0.464638323585238,0.5028347143260866,0.5016260162499669,0.5092860090586345,0.8516605568344815,0.7760048675688525,,
IDRiD_66_1536_1536,,,0.5270935959292873,0.4755555553441975,0.9142389327776467,0.9195956253455783,,
IDRiD_66_1536_2048,,,,,0.9026109313348086,0.886970309449249,,
IDRiD_66_1536_2560,,,0.6394439617168163,0.9999999997282608,0.7217790669392851,0.8430265386311109,,
IDRiD_66_1536_512,,,,,0.8114595118781084,0.7432547466570071,,
IDRiD_66_2048_1024,,,,,0.839656804245875,0.7754089950392836,,
IDRiD_66_2048_1536,,,,,0.8375525263884475,0.7645004365675159,,
IDRiD_66_2048_512,,,,,0.844417327613044,0.8923275305678705,,
IDRiD_66_512_0,,,,,0.0,0.0,,
IDRiD_66_512_1024,0.1966289452313583,0.10952710250486979,0.0,0.0,0.7966098233423908,0.7835834387979196,,
IDRiD_66_512_1536,,,0.4353448275627508,0.4483906769757613,0.8874543093604523,0.9220568465518321,,
IDRiD_66_512_2048,,,0.8288288287666044,0.869291338445781,0.8312660007925294,0.7776653342090815,,
IDRiD_66_512_2560,,,,,0.7789404839679644,0.6713641488036196,,
IDRiD_66_512_512,,,,,0.8238151786633714,0.8134527235815643,,
IDRiD_67_0_1024,0.856614325135622,0.8746524704199345,0.0,0.0,0.0,0.0,,
IDRiD_67_0_1536,0.4265075376839771,0.3165993161281225,0.29172785118493744,0.582031249886322,0.4518793886636977,0.3636968084864563,0.8263672814728905,0.9199400085636341
IDRiD_67_0_2048,0.7776970641895471,0.8169061266998552,0.0,0.0,,,,
IDRiD_67_0_512,,,0.0,0.0,,,,
IDRiD_67_1024_1024,0.6482546367512422,0.7594648448547351,0.3948928408392662,0.5907230558539259,,,,
IDRiD_67_1024_1536,0.26994528948313623,0.21676161050287956,,,0.6546391752456805,0.6016920473569648,,
IDRiD_67_1024_2048,0.4395393473877381,0.28376703839629697,0.6887791107488511,0.6532797857224525,,,,
IDRiD_67_1024_2560,,,0.5803722503739109,0.9744318179049909,0.8007202880671836,0.8389937105862901,,
IDRiD_67_1024_512,0.8433131232127992,0.7444926125774374,0.44636429084066365,0.6072477962186829,,,,
IDRiD_67_1536_1024,0.46151716500234274,0.42256020278298406,,,0.6631950277059769,0.7233418834472942,,
IDRiD_67_1536_1536,0.0,0.0,0.664661654110351,0.8549323016581303,0.733486209310359,0.8762651244130867,,
IDRiD_67_1536_2048,0.0,0.0,0.7494880545563489,0.9498269894550473,0.8189705031573462,0.9639210346518774,,
IDRiD_67_1536_2560,0.4587054520691558,0.8943615256899774,,,0.02448979590837151,0.012396694209753433,,
IDRiD_67_1536_512,0.0,0.0,0.5317313616595277,0.5596627755797884,,,,
IDRiD_67_2048_1024,0.7738668977073323,0.705206020228447,0.6922613065187485,0.6625625240222177,0.6632258063660355,0.8210862617185027,,
IDRiD_67_2048_1536,0.736094491833342,0.6478901950081681,,,0.6041666666296466,0.5841232226796063,,
IDRiD_67_2048_2048,0.037630402383799735,0.07415565344536301,0.4438642297360402,0.9855072460911573,,,,
IDRiD_67_2048_2560,0.46173969911957224,0.33909702206156606,,,,,,
IDRiD_67_2048_512,0.30238116313931845,0.5863371094990331,,,,,,
IDRiD_67_512_1024,0.834885896754526,0.79841282190307,0.8795282223353388,0.9508196719579564,0.8359853120663411,0.9459833793703625,,
IDRiD_67_512_1536,0.43252142753168116,0.5935672514540993,0.3803945745875341,0.8751773048404005,0.8460111315684581,0.9047619044028723,,
IDRiD_67_512_2048,0.4415547835863226,0.3847664239516913,0.5547703179721934,0.5793357932510451,,,,
IDRiD_67_512_2560,,,0.5781433606841195,0.999999999593496,,,,
IDRiD_67_512_512,0.42292780047759687,0.381258265626653,0.6746987950645957,0.989898989399041,0.7558859974280191,0.6301652891259989,,
IDRiD_68_0_1536,,,0.6566186107040224,0.49702380947450164,,,,
IDRiD_68_0_2560,0.7613863585827516,0.7904509283728468,,,,,,
IDRiD_68_1024_0,0.7790921540988239,0.6554182668214136,,,,,,
IDRiD_68_1024_1536,0.0,0.0,0.4764740916928842,0.6644518271321509,,,,
IDRiD_68_1024_2048,0.0,0.0,0.2503863987248244,0.6044776114891959,0.0,0.0,,
IDRiD_68_1024_2560,0.02836879432121121,0.020942408371481043,,,0.35619714700302213,0.9947519083494871,,
IDRiD_68_1024_3072,0.669459114912268,0.6285909712668554,0.0,0.0,,,,
IDRiD_68_1024_512,0.0,0.0,,,,,,
IDRiD_68_1536_0,0.49283091787249145,0.43581681476120426,,,,,,
IDRiD_68_1536_1536,0.3137699899711992,0.3677926255854504,,,,,,
IDRiD_68_1536_2048,0.6475570832290463,0.5520958710526344,,,,,,
IDRiD_68_1536_2560,0.44466514730126844,0.4783831203876229,,,0.5443528841427004,0.9436974789519456,,
IDRiD_68_1536_3072,0.1988779114793077,0.9969696969508149,,,,,,
IDRiD_68_1536_512,0.689542857140887,0.602807473271042,,,,,,
IDRiD_68_2048_0,0.0,0.0,,,,,,
IDRiD_68_2048_1536,,,0.5940902020849005,0.809322033555372,0.6672897195638047,0.6623376622147797,,
IDRiD_68_2048_2048,0.7613812123795513,0.7770339659930127,0.7955112218459462,0.7152466366109312,0.42553191398823,0.5882352906574394,,
IDRiD_68_2048_2560,,,,,0.0031786395422506463,0.047281323865890935,0.45977686435532966,0.3328020401639953
IDRiD_68_2048_512,0.7455962811580303,0.9674030902650874,,,,,,
IDRiD_68_512_1536,,,0.45165945164315807,0.5135356849455672,,,,
IDRiD_68_512_2048,0.5444065799968681,0.44203047072185536,0.16760145166058724,0.1321540062366205,0.737884851603844,0.749074818980297,0.8461239305104606,0.759306654248961
IDRiD_68_512_2560,0.7638432917453979,0.855140644899979,0.5863694813293455,0.9083665337439089,0.2263493905846576,0.26209677415832033,,
IDRiD_68_512_3072,0.07457276022770673,0.5494505494337775,0.361671469714577,0.4744801511390397,,,,
IDRiD_69_0_1024,0.5401901469301637,0.3848048269901703,,,,,,
IDRiD_69_0_1536,0.8505843345800911,0.8715563927463561,,,,,,
IDRiD_69_0_2048,0.01759867372302749,0.008877452557035204,0.6824925815011139,0.7770270267645178,0.8064325344275596,0.9646274086985269,,
IDRiD_69_0_2560,0.0,0.0,0.6102756892039387,0.9567779959767408,0.2696629213180154,0.3560830859477498,,
IDRiD_69_0_3072,0.3337796224371818,0.7312995012985832,,,,,,
IDRiD_69_0_512,0.6341463414433277,0.4980099502239796,0.0,0.0,,,,
IDRiD_69_1024_1024,,,0.30158730156554203,0.5837988825184919,0.0,0.0,,
IDRiD_69_1024_1536,0.6977828311500979,0.6693935427501156,0.37347070184330516,0.2788461538193417,0.46995176638984515,0.5549568965431811,,
IDRiD_69_1024_2048,0.5370260311358964,0.49441891003514077,0.0,0.0,0.5033146353879682,0.6728016359841762,,
IDRiD_69_1024_2560,0.5085889777580622,0.4766573886609523,0.4361389052255404,0.5529850745855981,0.4943952802214043,0.542394821971366,,
IDRiD_69_1024_3072,0.3955257270605028,0.2683667273749737,,,0.09893992931696821,0.20792079197627683,,
IDRiD_69_1536_0,0.3248587570529701,0.5066079294707834,0.0,0.0,,,,
IDRiD_69_1536_1536,,,0.544108574920166,0.8212290501264006,0.31567409571947985,0.471873293256588,,
IDRiD_69_1536_2048,0.7847722876701918,0.6752401845776893,0.0,0.0,0.5532327287753949,0.7313323572206687,,
IDRiD_69_1536_2560,0.4886135297975785,0.4278592375241097,,,,,,
IDRiD_69_1536_3072,,,0.0,0.0,,,,
IDRiD_69_2048_1024,0.5719163179897174,0.43079017699344063,,,,,,
IDRiD_69_2048_1536,0.57070803561121,0.4841386463815279,,,0.0,0.0,,
IDRiD_69_2048_2048,0.7815883484452278,0.7102332317799019,0.6450892856782874,0.5563041385412604,0.2587677724995845,0.2977099236316565,,
IDRiD_69_2048_2560,,,0.05850340135656439,0.046236559134813275,,,,
IDRiD_69_2048_3072,,,0.21929824551785165,0.12315270929893955,,,,
IDRiD_69_512_1024,0.33061920090265823,0.6767441859940508,0.26789838335120103,0.21375921373295342,0.0,0.0,,
IDRiD_69_512_1536,0.6382510991617214,0.626018207939003,0.44428259282998667,0.9242424239623507,0.39331163065413866,0.7084221748023228,,
IDRiD_69_512_2048,0.7764981248483217,0.8167524619470862,0.38908659544613444,0.6919831220708932,0.38023152269010546,0.7140468226230692,,
IDRiD_69_512_2560,0.5456924621875606,0.6077407984775453,0.36201515825403413,0.45875706209505573,0.0,0.0,,
IDRiD_69_512_3072,0.2783265543277234,0.7029350104674438,,,0.0,0.0,,
IDRiD_69_512_512,,,0.0,0.0,,,,
IDRiD_70_0_1536,0.8129952456326353,0.6956605966544817,,,0.0,0.0,,
IDRiD_70_1024_1024,0.0,0.0,0.5681444990856905,0.9664804463874411,0.8451882844481013,0.881326352376732,0.0,0.0
IDRiD_70_1024_1536,0.8496869225103166,0.854855595666327,0.791068580500209,0.9242236023696617,0.0,0.0,,
IDRiD_70_1024_2048,0.7498344005216401,0.6927784577582052,0.550311665133543,0.6732026142324177,0.18648018646931933,0.10309278349851206,,
IDRiD_70_1024_512,0.18469991546524303,0.264527845020307,0.4993757802434846,0.8281573497250192,,,0.869073585119765,0.8085549503321128
IDRiD_70_1536_0,,,0.4239290989347172,0.8441176468105536,,,,
IDRiD_70_1536_1024,0.0,0.0,,,0.4897959173677634,0.35294117543252596,,
IDRiD_70_1536_1536,0.8024749772491265,0.784235612144951,0.31812473837094496,0.4773869346133936,,,,
IDRiD_70_1536_2048,0.744658676374553,0.9661933738359572,0.0,0.0,0.0794851317703775,0.041402598673645236,,
IDRiD_70_1536_512,,,0.13903743314832098,0.09489051094260846,,,,
IDRiD_70_2048_512,,,0.6894824707270882,0.9927884612998105,,,,
IDRiD_70_512_0,0.7735438214269585,0.6868052198798065,,,,,,
IDRiD_70_512_1024,,,0.0,0.0,,,,
IDRiD_70_512_1536,0.7694883720894442,0.7014330535003693,0.5294808550498126,0.40862944160954934,0.23879952498932525,0.13583886022923314,,
IDRiD_70_512_2048,,,,,0.17724152277559307,0.09741596158021001,,
IDRiD_70_512_512,0.6398521578362881,0.588835534201904,0.2315145333895199,0.5865633073419733,,,0.1892458100492582,0.10451214808698372
IDRiD_71_0_1024,0.0,0.0,0.0,0.0,0.42071197404195604,0.27659574462200087,,
IDRiD_71_0_1536,,,0.4497487436620919,0.32427536226009507,,,,
IDRiD_71_0_2048,,,0.5867052022273548,0.6744186044271034,0.7943262405713999,0.9655172397146254,,
IDRiD_71_0_2560,0.6188207493211159,0.48433864327615095,,,,,,
IDRiD_71_0_512,,,0.7260663506420789,0.6976320581607228,0.6452504317566408,0.6281102891305911,,
IDRiD_71_1024_0,0.0,0.0,0.794800371328245,0.6948051946924018,0.4979674796241903,0.38827258313973495,,
IDRiD_71_1024_1024,0.0,0.0,0.0,0.0,0.8440708594572679,0.865201650245951,0.0,0.0
IDRiD_71_1024_1536,,,0.5994729907378475,0.9701492535244883,0.7958695108414768,0.8987975143176595,,
IDRiD_71_1024_2048,,,0.4840182647296762,0.417322834481369,0.0,0.0,,
IDRiD_71_1024_512,,,0.36618004863952675,0.37023370229148417,0.7734989100971877,0.7263817381010708,0.3973007585439991,0.2478947691914199
IDRiD_71_1536_0,0.0,0.0,,,0.0,0.0,,
IDRiD_71_1536_1024,0.5675064777519846,0.42495046234787853,0.5242718446426424,0.6669505961953194,0.8704230198844168,0.848665921072298,,
IDRiD_71_1536_1536,,,0.26182853076265283,0.1567291311687935,0.8397567092305216,0.8412845096405147,,
IDRiD_71_1536_2048,,,0.20160981218085053,0.14109442059328892,0.8407801908919574,0.8680377035008849,,
IDRiD_71_1536_2560,,,,,0.7873462213027511,0.6871165642064059,,
IDRiD_71_1536_3072,,,0.5976627711856991,0.6629629627174211,,,,
IDRiD_71_1536_512,0.13448534935633039,0.07461442267300482,0.4007490636453964,0.8842975204175488,0.8815816905639676,0.9059249208481375,,
IDRiD_71_2048_0,,,,,0.25207933459679593,0.14592592591511658,,
IDRiD_71_2048_1024,0.0,0.0,0.7080181542848708,0.7826086955867384,0.7529589193772238,0.675868157735869,,
IDRiD_71_2048_1536,,,,,0.7456697591483676,0.7443430656866391,,
IDRiD_71_2048_2048,,,0.765771392855535,0.9645948071625023,0.7801387447381868,0.7731702035429496,,
IDRiD_71_2048_3072,0.2637776731031422,0.9999999999725275,,,,,,
IDRiD_71_2048_512,0.17001926782142565,0.525989508797044,0.0,0.0,0.680358245820254,0.8254027725430723,,
IDRiD_71_512_0,,,,,0.0,0.0,,
IDRiD_71_512_1024,0.024926293218642103,0.01323843416351262,0.7456877487507436,0.7893258426227222,0.7742684833559336,0.7965805680595957,,
IDRiD_71_512_1536,0.0,0.0,0.3902583902467996,0.300961978914294,0.7636305323884774,0.8292314836216712,,
IDRiD_71_512_2048,0.0,0.0,0.635593220319746,0.5573248407347492,0.6946264744126419,0.7306985293446049,,
IDRiD_71_512_512,0.41104474688719234,0.605422555506045,0.11556383969818068,0.07096528042461026,0.7685346327813388,0.7281121187019273,0.0,0.0
IDRiD_72_0_1024,,,0.6885145482178097,0.6020353507979628,,,,
IDRiD_72_0_1536,,,0.5213969502940778,0.4736371760077178,0.0,0.0,,
IDRiD_72_0_2048,0.0,0.0,0.0,0.0,0.7687797727823826,0.7102234258151507,,
IDRiD_72_0_2560,,,0.7379912662144124,0.8284313721429258,0.0,0.0,0.6097216878260454,0.44349772995557246
IDRiD_72_0_3072,,,0.0,0.0,0.0,0.0,,
IDRiD_72_0_512,,,0.4570596797005736,0.4999999998407643,,,,
IDRiD_72_1024_0,,,,,0.0,0.0,,
IDRiD_72_1024_2048,0.0,0.0,,,0.7518562654654328,0.7543456267749991,,
IDRiD_72_1024_2560,0.7130214917743589,0.7437065451751689,,,0.9272005294479057,0.9354172989321067,,
IDRiD_72_1024_3072,0.0,0.0,0.33101529898038734,0.24335378318131823,0.7957706010711898,0.7333192120158162,,
IDRiD_72_1024_512,,,,,0.5134986225612397,0.35037593982327997,,
IDRiD_72_1536_1024,,,0.0,0.0,0.8083695403520652,0.8811066799381579,,
IDRiD_72_1536_1536,,,0.6003898634307233,0.4289693592119862,0.8503162332800311,0.9023117076135486,,
IDRiD_72_1536_2048,,,0.696103896013493,0.5338645417263218,0.898022921834589,0.8617607706670497,,
IDRiD_72_1536_2560,,,,,0.8596782818562245,0.7976666219637987,,
IDRiD_72_1536_3072,0.23274161734170007,0.13169642856162972,0.9561200922683465,0.9430523915847261,0.8435020960966728,0.752048532242454,,
IDRiD_72_2048_1024,,,,,0.2043010752614946,0.11689909761620595,,
IDRiD_72_2048_1536,0.3095684802929276,0.9348441925021468,,,0.7548022598585762,0.7834245503687705,,
IDRiD_72_2048_2048,0.0,0.0,0.0,0.0,,,,
IDRiD_72_2048_2560,,,0.0,0.0,0.0,0.0,,
IDRiD_72_2048_3072,,,0.3759512937309017,0.2723263505763698,0.1979695431220851,0.11158798281665408,,
IDRiD_72_512_0,,,,,0.8092963201961356,0.7592054263381975,,
IDRiD_72_512_1536,,,,,0.4307445956650455,0.35582010580441714,,
IDRiD_72_512_2048,0.0,0.0,0.39113428942662537,0.7633587785288348,0.7626295147200063,0.798871719396622,,
IDRiD_72_512_2560,,,0.6772655007590214,0.6960784312967235,0.0,0.0,,
IDRiD_72_512_3072,,,,,0.736089030177421,0.9042968749116896,,
IDRiD_72_512_512,,,0.7412587407403786,0.9999999981132075,0.7556788981318153,0.7206430111601521,,
IDRiD_73_0_1024,,,0.5478260868374291,0.6774193544745057,,,,
IDRiD_73_0_1536,,,0.3327305605184936,0.22330097081958714,0.8532423205279036,0.8223684205115998,,
IDRiD_73_1024_1024,,,0.5310957551564118,0.5183044315492963,,,,
IDRiD_73_1024_1536,,,0.7417763157589731,0.6559999999522909,0.8106194690135058,0.938524590128967,,
IDRiD_73_1024_2048,,,0.6052009455549409,0.7619047616780045,0.9261538460826035,0.871201157616324,,
IDRiD_73_1024_2560,,,0.48767833975516495,0.9999999994680852,,,,
IDRiD_73_1536_1024,0.8337794432492386,0.7264458955139174,0.7095681625140078,0.8914893615124491,0.7551766138548447,0.7737104824647495,0.911931896194118,0.9003361891286176
IDRiD_73_1536_1536,0.6652730598206096,0.650153217535743,0.6683893195233253,0.8471615719599169,0.7433217189026976,0.9421000980429736,,
IDRiD_73_1536_2048,,,0.0,0.0,0.6138749429344164,0.7333696837113757,,
IDRiD_73_1536_2560,,,0.28638497645859506,0.4066666663955556,,,,
IDRiD_73_1536_3072,0.0,0.0,,,,,,
IDRiD_73_1536_512,0.0,0.0,,,,,,
IDRiD_73_2048_1024,,,,,,,0.7237503697023995,0.920963492626234
IDRiD_73_2048_1536,,,0.0,0.0,,,,
IDRiD_73_2048_2048,0.0,0.0,0.0,0.0,,,,
IDRiD_73_2048_2560,0.8381201044286954,0.7815405046307761,0.0,0.0,,,0.79630958482013,0.694191242168111
IDRiD_73_2048_3072,0.7165309329853083,0.7099377123342308,0.5799701045470897,0.801652892230722,,,,
IDRiD_73_512_1024,,,0.6273364485859164,0.8165230612865422,,,,
IDRiD_73_512_1536,0.41889632105272173,0.703651685294431,0.2927018633426746,0.2828207051550772,0.7302104950973879,0.8182724252219843,,
IDRiD_73_512_2048,0.0,0.0,0.5819916517243893,0.9420849419030725,0.799999999847619,0.9170305672851395,,
IDRiD_73_512_2560,0.7644946125826324,0.6828597616239358,,,,,,
IDRiD_74_0_2048,0.0,0.0,0.4220309810525979,0.44581818178575866,0.32289416844908775,0.24448078493503836,,
IDRiD_74_0_2560,,,0.6429447852497774,0.7939393938591981,0.7083333331857639,0.809523809138322,,
IDRiD_74_0_3072,,,0.1839684625251027,0.17412935319051506,,,,
IDRiD_74_0_512,,,0.16260162597219466,0.681818180268595,,,,
IDRiD_74_1024_1024,,,0.6822742474345924,0.9189189187119552,,,,
IDRiD_74_1024_1536,,,0.761261261089806,0.9999999994082841,,,0.607236891592513,0.4368911019653941
IDRiD_74_1024_2048,0.36505190308260793,0.4414225940499116,0.5369422091779852,0.4576059849803484,0.6136363635588843,0.5785714284336735,0.6708507670694828,0.5790529694791713
IDRiD_74_1024_2560,0.7913478686027076,0.732325383297143,0.5842086200546142,0.5346370566610992,0.8073196985919556,0.7784928378497303,,
IDRiD_74_1024_3072,0.6587816355038867,0.7108549471564313,0.18524096384147282,0.210256410220469,0.8139534883573046,0.790681256590516,,
IDRiD_74_1536_0,,,0.6958041956825518,0.5335120642001308,,,,
IDRiD_74_1536_1024,,,0.4529505581414752,0.9999999992957747,,,,
IDRiD_74_1536_2048,,,0.0,0.0,0.8346355215397935,0.8371303926185631,,
IDRiD_74_1536_2560,0.24302262302539823,0.1420392584501814,0.3899204243859452,0.44954128435784496,0.0,0.0,,
IDRiD_74_1536_3072,0.6571324245334887,0.5384999002539547,0.24719101122133702,0.9457013570381442,0.45283018863427704,0.48614072484304033,,
IDRiD_74_2048_1536,0.3279733449177463,0.9999999999116607,0.6328124998764039,0.9999999993827161,,,,
IDRiD_74_2048_2048,0.7213364531712394,0.6495491963872054,0.569868995622819,0.7362482369188412,,,,
IDRiD_74_2048_2560,0.8114061557010375,0.7769804960232266,0.3734439833637506,0.8780487800594884,0.7467811157997016,0.6679462570694922,,
IDRiD_74_2048_3072,0.8249194414430737,0.7020109688957218,0.646934460819563,0.8315217389044778,,,,
IDRiD_74_2048_512,,,0.8158844763870245,0.9338842971347586,,,,
IDRiD_74_512_1024,,,0.4867872043829225,0.925925925436018,,,,
IDRiD_74_512_1536,,,0.41649137566611316,0.2969406118598116,,,,
IDRiD_74_512_2048,0.0,0.0,0.3934426229128792,0.3192488262411191,0.5978066819536393,0.4848986346510179,,
IDRiD_74_512_2560,0.6281992687313962,0.4768430182050851,0.25856587777256923,0.40308370039613617,0.5567010309241083,0.6365584813129737,,
IDRiD_74_512_3072,,,0.4465116278723634,0.42857142850765306,,,,
IDRiD_74_512_512,,,0.5509838997225431,0.4951768487153772,,,,
IDRiD_75_0_1024,0.6779520075987292,0.8047095318555456,0.6499013806545882,0.673135852876755,,,,
IDRiD_75_0_1536,0.6472277446403921,0.48684035623762567,0.5140127388371334,0.41068702287986325,0.4682713347774845,0.4128996692164884,,
IDRiD_75_0_2048,0.6400305382337022,0.4708562156735468,,,0.0,0.0,,
IDRiD_75_0_2560,0.06961832060962415,0.036064536538499455,0.7956521737400756,0.8970588230896771,,,,
IDRiD_75_0_512,0.6419821826101898,0.967281879113483,0.45659526491225505,0.455056179724151,,,,
IDRiD_75_1024_0,,,0.0,0.0,0.27499999965625,0.15942028962402857,,
IDRiD_75_1024_1024,0.7659354542278285,0.890624999988106,0.3490636703989115,0.2679700977419224,0.8027156549200194,0.7550713748493559,,
IDRiD_75_1024_1536,0.0,0.0,0.3256880733571459,0.30148619951136174,0.7976653694946176,0.9318181813946281,,
IDRiD_75_1024_2048,,,0.7577413478592749,0.9570552145771388,0.6928916493655699,0.5983313467701632,,
IDRiD_75_1024_512,0.0,0.0,0.5877672799309912,0.5617870721899442,,,,
IDRiD_75_1536_0,,,0.7242152465555812,0.843342036333331,,,,
IDRiD_75_1536_1024,0.7473389355637627,0.884322174316065,0.5931353644198559,0.4891857506050136,0.5747645950819298,0.5211748633523787,,
IDRiD_75_1536_1536,,,0.6851851845507545,0.649122805878732,0.567685589271753,0.39634146317296254,,
IDRiD_75_1536_2048,,,0.5075528700139649,0.6245353157529608,0.29059829051549907,0.17229729723908874,,
IDRiD_75_1536_2560,0.5008551184827545,0.5288957688065585,0.25490196075307575,0.7761194024058811,,,,
IDRiD_75_1536_3072,0.6263561788750152,0.5053373185203813,,,,,,
IDRiD_75_1536_512,,,0.6638549135105924,0.8105046343140572,,,,
IDRiD_75_2048_1024,0.8504388321614683,0.8002696780583134,0.7387741723782768,0.7327698309016404,0.0,0.0,0.8235494589723799,0.7525107045484428
IDRiD_75_2048_1536,0.462175888793609,0.5504616364039968,0.5249872079050829,0.6656574394175754,,,,
IDRiD_75_2048_2048,0.5549493374686302,0.9295039163277411,0.5853061224250896,0.5154565060736551,,,,
IDRiD_75_2048_2560,0.026498840674842702,0.013427324605121608,0.791666666539797,0.776729559504173,,,,
IDRiD_75_2048_3072,0.8421265173280256,0.8965857359613136,0.2704225351858758,0.15652173911342154,,,,
IDRiD_75_2048_512,0.619626926192919,0.9194480102548227,0.4803804993769096,0.34064080941478575,0.4237288132002298,0.2688172040120245,0.0,0.0
IDRiD_75_512_0,,,0.0,0.0,,,,
IDRiD_75_512_1024,0.6507077743967189,0.8452060069148016,0.2806409701047795,0.2246879334102158,0.8083481466797791,0.7970656972111521,,
IDRiD_75_512_1536,,,0.35627240142092215,0.34537873520879925,0.6679946878706511,0.5317124735167323,,
IDRiD_75_512_2048,0.6189075092667403,0.6296199895723681,0.3194346289526901,0.4977973567185468,0.836666006714776,0.8071046600150075,,
IDRiD_75_512_2560,0.8050988511313883,0.7893019183253259,,,,,,
IDRiD_75_512_512,,,0.5533333332411111,0.42455242955893796,,,,
IDRiD_76_0_1024,0.29406074675383903,0.17237468813399015,0.14652014646647613,0.08230452671510102,,,,
IDRiD_76_0_1536,0.3279217040856193,0.20945796866801897,0.2935540069558557,0.9882697944315924,,,,
IDRiD_76_0_2560,0.15751789975596597,0.0979228486605374,0.7120822621192696,0.6873449129808077,,,,
IDRiD_76_0_512,0.0,0.0,,,,,,
IDRiD_76_1024_0,,,0.7049441785721735,0.6480938415472004,,,,
IDRiD_76_1024_1024,0.6742901443873021,0.6484622553467202,0.25169409486322136,0.17669045191380597,0.7977661034578121,0.805120366828405,,
IDRiD_76_1024_1536,,,0.754966887333889,0.9799426931289562,0.8624641833749107,0.7703134996702455,,
IDRiD_76_1024_2048,0.6523297490779638,0.6453900708711277,0.6515690714768176,0.7794117646455563,0.7504148688889742,0.7524126455656436,,
IDRiD_76_1024_3072,,,0.0,0.0,,,,
IDRiD_76_1024_3584,,,0.6784660764960276,0.9999999991304348,,,,
IDRiD_76_1024_512,0.3514699429535819,0.31448763250266026,0.2609608821144405,0.3380952380722384,0.7484071924005605,0.855893782355703,,
IDRiD_76_1536_0,,,0.7245308310749152,0.8412451361213038,,,,
IDRiD_76_1536_1024,,,0.46684709063147173,0.3766375545440352,0.8995088278202596,0.9109975799864569,,
IDRiD_76_1536_1536,,,0.0,0.0,,,,
IDRiD_76_1536_2048,0.758202247173973,0.6308900523324275,0.5736040607681208,0.9999999991150443,,,,
IDRiD_76_1536_2560,0.9015723912507496,0.841593595104049,0.5090909089586777,0.9999999989795919,,,,
IDRiD_76_1536_3072,,,,,0.0,0.0,,
IDRiD_76_1536_512,0.37110525499634855,0.22843511450163706,0.7276177332977813,0.842925659438732,0.13445135174014095,0.08143607705636714,,
IDRiD_76_2048_1024,,,0.7737017627073034,0.9409038237611931,,,,
IDRiD_76_2048_1536,,,0.5679574790760852,0.44103773579704747,,,,
IDRiD_76_2048_2560,,,0.09756097559842498,0.08045977009952879,0.07206258462410062,0.03762469562455718,,
IDRiD_76_2048_3072,,,0.5082706766152977,0.4828571427191836,,,,
IDRiD_76_2048_512,0.3592334494742227,0.23951678475735255,0.7280909521381315,0.7845839713739364,,,,
IDRiD_76_512_0,0.594284256180221,0.9667911996277796,0.7754077790746038,0.9809523806409675,,,,
IDRiD_76_512_1024,0.5875137985981386,0.6795290111976234,0.4603825136507199,0.4170792079035859,0.688796680484934,0.6720647773031997,,
IDRiD_76_512_1536,0.48424068767214556,0.4352304918765071,0.5891805034499635,0.7343124164573682,,,,
IDRiD_76_512_2048,,,0.0,0.0,,,,
IDRiD_76_512_3072,,,0.849785407664536,0.9627228523561228,,,,
IDRiD_76_512_512,0.5165511932215816,0.696491592262892,0.3998010939632123,0.2573623559374288,0.7703081231953566,0.715214564276305,,
IDRiD_77_0_1024,,,0.6375478926714522,0.555407209538664,0.2841530053868434,0.1656050954886608,,
IDRiD_77_0_1536,0.0,0.0,0.7456445990433294,0.6294117643356402,0.6887091100707454,0.5417819590181637,,
IDRiD_77_0_2048,0.6331131860551911,0.5005401512333356,,,0.2080679405078412,0.11611374404831427,,
IDRiD_77_0_2560,0.7354672256682436,0.6899629377453297,0.0,0.0,0.19260165086540504,0.10725229825988246,,
IDRiD_77_0_3072,,,0.7583732056509124,0.9999999996845426,0.0,0.0,,
IDRiD_77_0_512,,,0.7688022281981052,0.9857142850102041,,,,
IDRiD_77_1024_0,,,0.0,0.0,,,,
IDRiD_77_1024_1024,,,0.4839999999032,0.35276967919744323,0.729411764534256,0.6595744678044364,,
IDRiD_77_1024_1536,0.0,0.0,0.5618843682842877,0.6721311474721178,0.8399776972376917,0.75047324897504,,
IDRiD_77_1024_2048,0.4990059641651088,0.3595988538166764,,,0.6368749999900488,0.4836260085314754,,
IDRiD_77_1024_2560,,,,,0.4886363635808368,0.32330827062807393,,
IDRiD_77_1024_3072,0.589448865302248,0.8054772452353816,0.5308310991245535,0.9999999994949496,0.5516014233893948,0.38083538074180945,,
IDRiD_77_1024_3584,,,,,0.13210445467495358,0.07072368420471022,,
IDRiD_77_1024_512,,,0.10650887567662197,0.06293706289305101,,,,
IDRiD_77_1536_1024,0.4280269715500432,0.3496168582208038,0.271800679486308,0.2705749717846026,0.0,0.0,,
IDRiD_77_1536_1536,,,,,0.5665924275916886,0.4285714285425491,,
IDRiD_77_1536_2048,,,0.6898113207026557,0.8542056073169709,0.0,0.0,,
IDRiD_77_1536_512,0.8626474442931674,0.9470503596986036,0.48735900426901285,0.39777777776514994,0.5467963770455083,0.39717348926907475,,
IDRiD_77_2048_0,,,0.8021680214628271,0.9932885899373902,,,,
IDRiD_77_2048_1024,0.1790645879652978,0.14801178202150134,0.594805194766571,0.8312159708110316,0.6518787496001588,0.5020060790212522,,
IDRiD_77_2048_1536,,,0.33513513510925597,0.9687499995675224,0.6355277675499168,0.4845765563520871,,
IDRiD_77_2048_2048,,,0.6102719032310768,0.48325358840113547,0.4530859792917201,0.29316712833364883,,
IDRiD_77_2048_512,,,0.34211941902409254,0.21662125339123833,0.10913500404056677,0.05771697306459004,,
IDRiD_77_512_1024,,,0.0,0.0,0.17726396913732873,0.09725158560311806,,
IDRiD_77_512_1536,0.3827037773264736,0.30019493176217565,0.3515901059760079,0.3251633986396792,0.6821113499863514,0.5448892573697448,,
IDRiD_77_512_2048,,,,,0.6436346969139244,0.49061053366677776,,
IDRiD_77_512_2560,0.5087912087632532,0.35451761099888834,,,0.5512452107213691,0.39751338282856996,,
IDRiD_77_512_3072,,,0.5571955719043177,0.5033333332494445,0.09190371990576923,0.04816513761099655,,
IDRiD_77_512_512,0.0,0.0,0.2733077905142647,0.4841628957085236,,,,
IDRiD_78_0_1024,,,0.5494505488467577,0.3787878782139578,,,,
IDRiD_78_0_1536,,,0.6698113207231221,0.8574879226017527,,,,
IDRiD_78_0_2048,0.0,0.0,0.4302325581216681,0.3126131562877119,0.19883040929858758,0.1103896103537696,,
IDRiD_78_0_2560,0.6033957335523858,0.4320448877670809,0.0,0.0,0.638388590747347,0.4957186893424395,,
IDRiD_78_0_3072,,,0.0,0.0,0.4473067915167088,0.4004192871277947,,
IDRiD_78_0_512,0.849982835535531,0.8496911461324851,,,,,,
IDRiD_78_1024_0,,,0.0,0.0,,,,
IDRiD_78_1024_1024,,,,,0.6141078837537233,0.5220458552871171,,
IDRiD_78_1024_1536,,,,,0.0,0.0,,
IDRiD_78_1024_2048,0.31614850440380793,0.18996785703697924,0.4638844301393351,0.7789757410299256,0.6984815618149108,0.6043975688129354,,
IDRiD_78_1024_2560,0.35309227425061157,0.22083539297799265,0.18785714285043367,0.3411154344564053,0.7413390184873874,0.7721410880453314,,
IDRiD_78_1024_3072,,,0.007042253518647093,0.005076142129402974,,,,
IDRiD_78_1024_512,,,0.9051094889850284,0.9582689333913031,,,,
IDRiD_78_1536_1536,,,0.46689895464960524,0.8663793099713882,,,,
IDRiD_78_1536_2048,0.07840644204114418,0.042402016959834934,0.6131767775203407,0.576687116493658,0.37840290379408337,0.24955116695095445,,
IDRiD_78_1536_2560,0.0,0.0,0.3610639501776421,0.26539101495296247,0.3423743886019398,0.2242283051704002,,
IDRiD_78_1536_3072,,,0.44207317069801266,0.2879841111928516,0.0,0.0,,
IDRiD_78_2048_1024,,,0.0,0.0,,,,
IDRiD_78_2048_2048,,,0.5722120657612237,0.45827232789776395,,,,
IDRiD_78_2048_2560,0.0,0.0,0.15155279501222949,0.08243243242129292,,,,
IDRiD_78_2048_3072,0.0,0.0,,,0.4639175255340631,0.3061224487713453,,
IDRiD_78_2048_512,,,0.33333333316498315,0.1999999998787879,0.06518010290477186,0.03368794325643831,,
IDRiD_78_512_0,,,0.8476702508201012,0.9256360076466466,,,,
IDRiD_78_512_1536,,,0.38133181557306023,0.9999999997014924,,,,
IDRiD_78_512_2048,,,0.86910994759342,0.8829787232998844,0.8441573785970538,0.8596294216697696,,
IDRiD_78_512_2560,0.4169405815397159,0.26865428478112857,0.3930497303539215,0.47467438488065494,0.7745625567547545,0.8076542581734711,,
IDRiD_78_512_3072,,,,,0.5193432723057305,0.6271649954135294,,
IDRiD_78_512_512,,,0.8554913293561429,0.9932885902707085,0.7701492536163956,0.9520295199439005,,
IDRiD_79_0_1024,,,0.7516778520967523,0.9911504416007518,0.638151425730671,0.5648389903772986,,
IDRiD_79_0_1536,0.5379476508538172,0.5445676274823821,0.0,0.0,0.5702576112245241,0.6585530763584481,,
IDRiD_79_0_2048,0.6656666041565191,0.5288246685456752,0.3897058822096669,0.47747747704731763,,,,
IDRiD_79_0_2560,0.7289959016366767,0.6244358074183523,0.0,0.0,0.6045751633492994,0.5640243901579232,,
IDRiD_79_0_512,0.8654468789935588,0.9797136038019142,0.7720144751782854,0.7494145197308162,,,,
IDRiD_79_1024_0,0.8127997980256703,0.7465507246290254,,,,,,
IDRiD_79_1024_1024,0.0,0.0,0.0,0.0,0.7470394098185009,0.7853061224382951,,
IDRiD_79_1024_1536,0.0,0.0,,,0.7783190479078848,0.7871040159542642,,
IDRiD_79_1024_2048,,,0.2721088434757123,0.24291497965873887,0.7686825280328651,0.924959011212953,,
IDRiD_79_1024_2560,0.021726700970741756,0.03150912105613447,0.4731109598205204,0.472789115614096,0.8657225553006365,0.9481489867488501,,
IDRiD_79_1024_3072,,,,,0.8334308043977169,0.7785061581170192,,
IDRiD_79_1536_0,,,,,0.6683634512428516,0.7104978354593886,,
IDRiD_79_1536_1024,0.26913580246082913,0.17433026788587244,0.6656955571255866,0.5919689118404186,0.7728978150348069,0.7357142856833734,,
IDRiD_79_1536_1536,0.5160183066066351,0.36195826642359885,0.48328767120639515,0.38820422531793974,0.8596833385742693,0.8464588065213856,,
IDRiD_79_1536_2048,,,0.5132317561737585,0.39215686269703964,0.7997644448694179,0.904217762910615,,
IDRiD_79_1536_2560,0.6767513584861691,0.7389352148576352,0.5219236209150664,0.45527452187197565,0.9467579416953361,0.955296162917685,,
IDRiD_79_1536_3072,0.7530432941648034,0.7662645411405553,0.3795121951034385,0.28208846988527275,0.7752825576995533,0.6707064399833375,,
IDRiD_79_1536_512,,,,,0.0,0.0,,
IDRiD_79_2048_1024,0.0,0.0,0.11078717200358694,0.058641975304117126,0.8464662875612571,0.8553001875972022,,
IDRiD_79_2048_1536,,,0.41225165559501226,0.8355704695182649,0.7697733579996249,0.8359914604995856,,
IDRiD_79_2048_2048,0.0,0.0,0.21666666664087303,0.1223118279405495,0.7503994261281737,0.7075570312936877,,
IDRiD_79_2048_2560,0.7281687014396085,0.6135258472311399,,,0.8948164691465592,0.9625682954218573,,
IDRiD_79_2048_3072,0.20946256315069076,0.3917525772522762,0.0,0.0,0.7217901617409141,0.6268854632800689,,
IDRiD_79_2048_512,0.0,0.0,0.0892857142059949,0.049999999950000006,0.8153256704356072,0.9743589741805204,,
IDRiD_79_512_0,0.8461844197054234,0.8018832391562734,,,0.7665706049664062,0.8926174490653574,,
IDRiD_79_512_1024,0.0,0.0,0.16225749558128996,0.10087719297508208,0.7234948479883888,0.9198787353633634,,
IDRiD_79_512_1536,,,0.0,0.0,0.715755968162167,0.7409929701067445,,
IDRiD_79_512_2048,0.0,0.0,0.628027681606572,0.7333333331851851,0.7202129325079034,0.8873456789781117,,
IDRiD_79_512_2560,0.8332977587869094,0.7557104142177425,0.12138728320191118,0.06461538459550295,0.7912145748971837,0.8059301414458083,,
IDRiD_79_512_3072,0.8843023255556889,0.8802083332823953,0.0,0.0,0.7874419740925063,0.6931182795549867,,
IDRiD_79_512_512,,,0.6558120362601852,0.6620890553199298,0.5231884057591892,0.957559681443618,,
IDRiD_80_0_2048,0.8023420010304724,0.6761479073508089,,,,,,
IDRiD_80_0_2560,,,0.8827586203852555,0.7999999995,0.7181328545136325,0.7707129092927336,,
IDRiD_80_0_3072,,,,,0.0,0.0,,
IDRiD_80_1024_2048,,,,,0.2692202462306643,0.16734693876981813,,
IDRiD_80_1024_2560,,,,,0.0,0.0,,
IDRiD_80_1536_1536,,,0.726943942002361,0.9999999995024876,,,,
IDRiD_80_1536_2048,,,,,0.0,0.0,,
IDRiD_80_1536_2560,,,,,0.0,0.0,,
IDRiD_80_1536_3072,,,,,0.6596141878867695,0.5321285140027984,,
IDRiD_80_2048_1536,,,,,0.0,0.0,,
IDRiD_80_2048_2048,,,0.6820512818763971,0.5406504062842885,,,,
IDRiD_80_2048_3072,,,0.0,0.0,0.6261808366226477,0.46868686859218445,,
IDRiD_80_512_2560,,,,,0.4092664091083913,0.2572815532731643,,
image,dice_hemorrhages,recall_hemorrhages,dice_microaneurysms,recall_microaneurysms,dice_hard_exudates,recall_hard_exudates,dice_soft_exudates,recall_soft_exudates
IDRiD_01_0_1024,0.814231612509326,0.9399447767846308,,,,,,
IDRiD_01_0_2048,0.0,0.0,,,,,,
IDRiD_01_0_2560,0.652984194370064,0.911725955144155,0.614807872482211,0.5368248771625491,,,,
IDRiD_01_1024_1024,,,,,0.8473308398359856,0.7883581144957812,,
IDRiD_01_1024_1536,,,,,0.4593942642600002,0.303470254946761,,
IDRiD_01_1024_2048,,,0.7887103096515599,0.7828793773709821,0.5212428661906311,0.39405560880811585,,
IDRiD_01_1024_2560,0.24047417440808855,0.13666987486653803,0.31692307687431953,0.5024390241451517,0.061148680826162975,0.03153861269373611,,
IDRiD_01_1024_512,0.6636931311033144,0.5314285713906122,,,0.0,0.0,,
IDRiD_01_1536_1024,0.9240575668496387,0.914539181853972,0.8722891564163158,0.7869565213969755,0.4007731958633772,0.25060435131947606,,
IDRiD_01_1536_1536,,,,,0.5225225224636799,0.35747303538405656,,
IDRiD_01_1536_2048,,,0.7207107162287223,0.6882290561306226,0.7440694310487173,0.6373698992200155,,
IDRiD_01_1536_2560,,,,,0.0,0.0,,
IDRiD_01_1536_512,0.0,0.0,0.05194805193841409,0.028747433258984097,0.0,0.0,,
IDRiD_01_2048_1024,0.9170277983251399,0.8591800356421154,0.4437499999306641,0.2862903225229253,0.7168037602755418,0.7478310071530021,,
IDRiD_01_2048_1536,,,,,0.8375421126357665,0.7628306088048508,,
IDRiD_01_2048_2048,,,0.6927104309024281,0.5870307166834791,0.8210915487696282,0.8153905370971297,,
IDRiD_01_2048_3072,,,0.0,0.0,,,,
IDRiD_01_512_1024,,,0.0,0.0,0.8106390096886812,0.7181387077439794,,
IDRiD_01_512_1536,0.0,0.0,,,0.760326298060853,0.6674244146245186,,
IDRiD_01_512_2048,0.0,0.0,0.0,0.0,0.5440295066788378,0.3972395219593126,,
IDRiD_01_512_2560,0.0,0.0,,,,,,
IDRiD_02_0_1536,,,,,0.46149711059721144,0.30314265536187956,,
IDRiD_02_0_2048,0.0,0.0,,,0.4181184668261118,0.26431718055852044,,
IDRiD_02_0_2560,,,,,0.0,0.0,,
IDRiD_02_0_3072,,,,,0.0,0.0,,
IDRiD_02_1024_1024,,,,,0.0,0.0,,
IDRiD_02_1024_1536,,,,,0.5004500449594554,0.337378640735755,,
IDRiD_02_1024_2048,0.0,0.0,0.670572329848104,0.6098360655237839,0.5061789421588461,0.3481808908475318,,
IDRiD_02_1024_2560,0.0,0.0,0.531130876730269,0.5138291333427272,0.7030324780182782,0.5583816773405346,,
IDRiD_02_1024_3072,0.0013262599468616537,0.0008006405123458254,0.25294748121619,0.32240437149661083,0.6453529831156958,0.48430253299171777,,
IDRiD_02_1024_512,,,,,0.0,0.0,,
IDRiD_02_1536_1024,,,0.8677165353647467,0.9370748297726064,,,,
IDRiD_02_1536_1536,0.0,0.0,0.6291309668752594,0.5599128539085156,0.0,0.0,,
IDRiD_02_1536_2048,0.0,0.0,0.3288324066458433,0.42680412362333936,0.7694574023871973,0.6451214491294722,,
IDRiD_02_1536_2560,0.0,0.0,0.0,0.0,0.7296467677630236,0.5930808475753432,,
IDRiD_02_1536_3072,0.1771186440602916,0.09872461029292752,0.7422680411824545,0.6086956521003991,0.044751249701386546,0.02289890377532524,,
IDRiD_02_2048_1024,,,,,0.6343949044181914,0.48727984339654795,,
IDRiD_02_2048_1536,0.0,0.0,0.6019801979602,0.9325153371372652,0.0,0.0,,
IDRiD_02_2048_2048,0.0,0.0,0.0,0.0,,,,
IDRiD_02_2048_2560,,,,,0.5414965985657828,0.40283400801562064,,
IDRiD_02_2048_3072,,,0.0,0.0,0.0,0.0,,
IDRiD_02_2048_512,,,,,0.8927038625843172,0.8950086056979332,,
IDRiD_02_512_1024,,,0.4710659897998918,0.8957528954070452,0.0,0.0,,
IDRiD_02_512_1536,,,0.6365475387298349,0.833922261336763,0.7364707159488874,0.5997701352612521,,
IDRiD_02_512_2048,0.7680285165784476,0.6489805375197178,0.5335120643193247,0.5146551723694263,0.7680559520356262,0.6425841891492406,,
IDRiD_02_512_2560,,,0.5195989060602006,0.3649167733207533,0.31007751929972155,0.18348623847599807,,
IDRiD_02_512_3072,,,,,0.20114942525845556,0.11182108624411805,,
IDRiD_03_0_1024,0.0,0.0,,,0.4878618113798352,0.32544378697211324,,
IDRiD_03_0_1536,0.07604562737511156,0.03955411722330899,0.0,0.0,0.561237373719658,0.4140661387790375,,
IDRiD_03_0_2048,0.0,0.0,0.20327304046483435,0.9147286814614507,0.7704455724325749,0.6312384472614382,,
IDRiD_03_0_2560,0.769693551417028,0.7417114560013182,0.4516523867532648,0.41931818177053204,0.5833333331983024,0.451612903063938,,
IDRiD_03_0_512,,,,,0.0,0.0,,
IDRiD_03_1024_0,0.0,0.0,,,,,,
IDRiD_03_1024_1024,0.23610547666384968,0.15132605303425242,0.45578575035594815,0.9740820732237403,0.6196200371596844,0.46827534819471384,,
IDRiD_03_1024_1536,0.8039158386790778,0.7021439509774848,0.0,0.0,0.8678340426653797,0.8290505815512087,,
IDRiD_03_1024_2048,0.31519699811643537,0.1964912280644301,0.4944812361848977,0.5874125873612401,0.7527952966312073,0.6879493591720539,,
IDRiD_03_1024_2560,0.004895960832163527,0.002453987729986074,0.07453416148553939,0.08503937006534813,0.7553307293310004,0.656536984467877,,
IDRiD_03_1024_3072,0.4971662848155241,0.39225573208645936,0.504464285657984,0.5721518985893286,0.5356083085656077,0.479415670587063,,
IDRiD_03_1536_1024,0.0,0.0,0.6215189873024355,0.524012806774385,0.5444730707821804,0.3865180282113479,,
IDRiD_03_1536_1536,0.23553934339575094,0.22156862742925798,0.5462753950133079,0.6285714285170068,0.7979682639666142,0.7143209615427221,,
IDRiD_03_1536_2048,0.6972049689260558,0.6583577712288192,0.5892116181961399,0.5368620036792322,0.8376214872289256,0.7604090077445405,,
IDRiD_03_1536_2560,0.2862315476729819,0.17790986207987816,0.22645869438322017,0.46335697388573116,0.7727707567575329,0.65080778526629,,
IDRiD_03_1536_3072,,,0.0,0.0,0.0,0.0,,
IDRiD_03_2048_0,,,0.5470588233685121,0.3765182184710453,,,,
IDRiD_03_2048_1024,0.6669210953132114,0.5185203501284876,0.7699530515226991,0.999999999593496,0.0,0.0,,
IDRiD_03_2048_1536,0.18955660017726605,0.10520377943835424,,,0.733631557540402,0.628620102209783,,
IDRiD_03_2048_2048,,,0.0,0.0,0.6985119689416729,0.5589301121608375,,
IDRiD_03_2048_2560,0.061417322829809655,0.03313508920704035,0.6603773583348166,0.9929078007142498,0.7673495315107615,0.715216104182498,,
IDRiD_03_2048_3072,0.6210659391801113,0.8875998478340129,,,,,,
IDRiD_03_512_0,0.0,0.0,0.09166666662847223,0.04803493447684064,0.0,0.0,,
IDRiD_03_512_1024,,,0.0,0.0,0.09190120619805277,0.04816375677012861,,
IDRiD_03_512_1536,0.6086448598012336,0.6333063208819568,0.704149932971332,0.5668103447054288,0.713025499650496,0.588175099481658,,
IDRiD_03_512_2048,0.0,0.0,0.0,0.0,0.7321554770253342,0.7640117993959438,,
IDRiD_03_512_2560,0.729036375230006,0.6492384632723519,0.5518644067422465,0.9044444442434567,0.7326026000447565,0.6774041483237366,,
IDRiD_03_512_3072,0.0,0.0,0.6393088552225369,0.682027649612436,0.43898753303970584,0.30562861650154505,,
IDRiD_03_512_512,0.5404242237768084,0.47411003233688725,0.575757575719647,0.8092592591093964,0.05089058524011163,0.02610966057356039,,
IDRiD_04_0_1024,,,,,0.4754625904877127,0.5353260869080321,,
IDRiD_04_1024_0,,,,,0.8393285369689859,0.791855203261604,,
IDRiD_04_1024_1024,0.8737702646407958,0.8457618025524206,0.04390243901368233,0.022443890268717234,0.0,0.0,,
IDRiD_04_1024_2560,,,,,0.8164794006471312,0.764018691410276,,
IDRiD_04_1024_3072,,,,,0.0,0.0,,
IDRiD_04_1024_3584,,,,,0.00787401574493149,0.003952569168398194,,
IDRiD_04_1536_1024,0.8793154761839336,0.873079196204594,,,,,,
IDRiD_04_1536_2560,,,0.7396351574229462,0.9999999995515695,,,,
IDRiD_04_1536_512,0.8137507673369321,0.6861993995166559,0.8474576268792492,0.8333333328703704,0.7999999996862746,0.684563757929823,,
IDRiD_04_2048_512,0.7694391430142685,0.6680743017488492,,,,,,
IDRiD_04_512_1024,,,,,0.34922279790936667,0.23985765122847988,,
IDRiD_04_512_1536,,,,,0.0,0.0,,
IDRiD_04_512_2560,,,,,0.8131868130378779,0.8314606738458948,,
IDRiD_04_512_3072,0.0,0.0,,,0.7985611507918844,0.8879999992896,,
IDRiD_04_512_3584,,,,,0.5078124998016357,0.9848484833562903,,
IDRiD_04_512_512,,,,,0.0,0.0,,
IDRiD_05_0_512,0.39781881273518627,0.9993773349315456,0.0,0.0,,,,
IDRiD_05_1024_1024,,,,,0.6205940136297169,0.4970381340152344,,
IDRiD_05_1024_1536,,,0.0,0.0,0.8292682926659302,0.8708566508449912,,
IDRiD_05_1024_2048,0.0,0.0,0.0,0.0,,,,
IDRiD_05_1024_512,,,0.6373292867014675,0.9999999995238096,,,,
IDRiD_05_1536_1024,0.0,0.0,0.0,0.0,0.0,0.0,,
IDRiD_05_1536_1536,,,,,0.0,0.0,,
IDRiD_05_1536_512,0.0,0.0,0.0,0.0,,,,
IDRiD_05_2048_1024,,,0.42992261389252595,0.28669724767354393,,,,
IDRiD_05_2048_1536,,,0.0,0.0,,,,
IDRiD_05_2048_512,0.5660874144211943,0.7823871906556628,,,,,,
IDRiD_05_512_1536,,,0.6666666665144596,0.5427509291662636,,,,
IDRiD_06_0_1536,0.44313890053623295,0.2852512155514519,0.16819571862871627,0.1276102087870974,,,,
IDRiD_06_0_2048,0.6545908806944519,0.5021562050730455,0.6964285713663902,0.7001795330879391,,,,
IDRiD_06_0_2560,0.7615018508680798,0.9927991420102222,,,0.0,0.0,,
IDRiD_06_0_3072,,,0.0,0.0,,,,
IDRiD_06_0_512,,,0.6846846846406252,0.527254707579063,0.0,0.0,,
IDRiD_06_1024_1024,,,0.7488312791861951,0.6771714065582497,0.807032434066038,0.6848441197583615,,
IDRiD_06_1024_1536,,,,,0.8858896950586742,0.8130005587556993,,
IDRiD_06_1024_512,0.0,0.0,0.38110749184116016,0.2705202311982358,,,,
IDRiD_06_1536_0,,,,,0.0,0.0,,
IDRiD_06_1536_1024,0.7863318237634281,0.7683024939044004,,,,,,
IDRiD_06_1536_512,,,0.6108786610367465,0.6358885016313783,0.043859649113188674,0.022421524658649883,,
IDRiD_06_2048_512,,,0.0,0.0,,,,
IDRiD_06_512_0,,,0.0,0.0,,,,
IDRiD_06_512_1024,0.45581395346717146,0.2991452991270363,0.0,0.0,0.7075772825285188,0.5595324722550503,,
IDRiD_06_512_1536,0.12384716730911105,0.06601123594578494,,,0.6846144475533888,0.5284438175784819,,
IDRiD_06_512_2048,0.6230820546892799,0.8014874141417913,0.5098039213187235,0.3561643833176956,0.0,0.0,,
IDRiD_06_512_3072,,,0.3199566160347095,0.21361332366302582,,,,
IDRiD_06_512_512,0.4517399868383624,0.5695364237467655,0.2466321243267739,0.14200477325274408,0.5227475468215266,0.37624398072628434,,
IDRiD_07_0_1024,,,0.3419847327722161,0.20702402953659446,0.548192771029298,0.9999999996336996,,
IDRiD_07_0_1536,0.45057803467556967,0.6479634247444737,,,0.0,0.0,,
IDRiD_07_0_2048,0.43157894735760455,0.6093418258592115,0.33473810955239386,0.2771684944888167,0.3894339622347597,0.9662921344695534,,
IDRiD_07_0_512,0.5813820673734614,0.7794793261271454,,,,,,
IDRiD_07_1024_0,,,,,0.0,0.0,,
IDRiD_07_1024_1024,,,0.0,0.0,0.64319036868859,0.5221109210720227,,
IDRiD_07_1024_1536,,,,,0.41229431852821646,0.27597672484879515,,
IDRiD_07_1024_2048,0.0,0.0,,,0.12547528514724804,0.0793269230578541,,
IDRiD_07_1024_2560,,,0.7889908255975928,0.7034764824737266,,,,
IDRiD_07_1024_512,,,0.6192644483145617,0.531569452764187,0.8101531023302969,0.8328363154268914,,
IDRiD_07_1536_0,,,0.0,0.0,0.6669015324878123,0.5073706780887867,,
IDRiD_07_1536_1024,,,,,0.6681968034024612,0.6100274306567355,,
IDRiD_07_1536_1536,,,0.6787148593014628,0.5136778113940189,0.8998451062324285,0.8748650338100958,,
IDRiD_07_1536_2048,0.039534883719780964,0.02016607354625842,,,0.8495336131931897,0.8292357251333947,,
IDRiD_07_1536_2560,,,0.0,0.0,0.6178856360763164,0.7218062704669957,,
IDRiD_07_1536_512,0.04650613786536229,0.04552807949975669,0.4948545861076128,0.6801968018843547,0.6385346626330041,0.6197119711692299,,
IDRiD_07_2048_0,,,,,0.21166306690892805,0.11835748789411654,,
IDRiD_07_2048_1024,,,,,0.7296432964150149,0.728746928711118,,
IDRiD_07_2048_1536,,,,,0.7885805197066087,0.7341397185819621,,
IDRiD_07_2048_2048,0.37474803791064565,0.7314582286835517,0.4163063619261083,0.352142110726004,0.785809312629869,0.747679324878741,,
IDRiD_07_2048_512,0.8380681818137727,0.9119532859982601,0.12551534584857924,0.06715686274180603,0.6643041237006394,0.5355844155705043,,
IDRiD_07_512_0,,,0.0,0.0,0.7788018431385249,0.812499999609375,,
IDRiD_07_512_1024,,,0.5230769226745562,0.6296296284636488,,,,
IDRiD_07_512_1536,,,0.6010536398323503,0.5531070956124677,0.7715415019152931,0.6981402001862461,,
IDRiD_07_512_2048,0.0,0.0,0.44835680745911305,0.43018018008329273,,,,
IDRiD_07_512_2560,0.5582909460720592,0.4502789628995642,,,,,,
IDRiD_07_512_512,,,0.6058032554419106,0.6815286623118585,,,,
IDRiD_08_0_1024,0.4947834161769007,0.5141916439541985,,,,,,
IDRiD_08_0_1536,0.6904708935829051,0.6589059514495866,0.0,0.0,,,,
IDRiD_08_1024_1024,0.6682213271076084,0.8856420342544074,0.4055505818976925,0.4480712165728911,0.4788913954083503,0.3306631063493252,,
IDRiD_08_1024_1536,0.6940020332032022,0.7922630560775191,0.0,0.0,0.0,0.0,0.5709472738470944,0.39952848722672274
IDRiD_08_1024_2048,,,,,0.793241965968849,0.7605346624290832,,
IDRiD_08_1024_2560,,,,,0.39999999992452834,0.24999999994103772,,
IDRiD_08_1024_512,0.5515411308317709,0.43977864581901766,,,0.8538638101871565,0.9102773244844573,,
IDRiD_08_1536_1024,,,,,0.1874999999609375,0.10344827583828775,,
IDRiD_08_1536_1536,0.7699910152567387,0.6958993097565612,,,0.8495038588676084,0.8350794797537017,,
IDRiD_08_1536_2048,,,,,0.4605026929775358,0.3037300177440065,,
IDRiD_08_512_1024,,,0.4641833810223233,0.4821428569993622,,,,
IDRiD_08_512_1536,,,0.29305912592634203,0.4042553190055832,0.6992187498634339,0.972826086427812,0.8802565458844213,0.805189306877917
IDRiD_08_512_2048,,,0.6321890325175128,0.5342878673297446,,,0.4370205049488281,0.3450060565978966
IDRiD_08_512_512,,,0.7855530472267375,0.7372881352808102,,,,
IDRiD_09_0_1024,0.4925941211514991,0.34685179205458927,,,,,,
IDRiD_09_0_1536,,,0.0,0.0,,,,
IDRiD_09_0_2560,,,0.14545454544475053,0.07843137254332379,,,,
IDRiD_09_0_3072,,,0.0,0.0,,,,
IDRiD_09_0_512,0.49095309438180296,0.3625531914831906,,,,,,
IDRiD_09_1024_1024,0.0,0.0,0.5041930515060039,0.37414274827599336,0.7874983001659319,0.7066791409017789,,
IDRiD_09_1024_1536,0.8878237051737561,0.8476167835391938,,,0.8575290204452924,0.8153481589485685,,
IDRiD_09_1024_2048,0.5690900336956055,0.47912444263317544,0.5716282319856175,0.44432373707526757,0.740249864196195,0.6114501076702898,,
IDRiD_09_1024_2560,,,,,0.4854215917663182,0.32835820892021766,,
IDRiD_09_1024_3072,,,0.0,0.0,,,,
IDRiD_09_1024_3584,,,0.0,0.0,,,,
IDRiD_09_1024_512,0.2512768130681492,0.1814828476509966,0.3453779649668504,0.2413258983816194,0.7266006097533285,0.6226649248816285,,
IDRiD_09_1536_1024,0.0,0.0,0.22460288141024742,0.127249895348378,0.7022099328147973,0.6023868648285742,,
IDRiD_09_1536_1536,0.6958930506961833,0.8437499999753578,0.4168797953697647,0.28079242030311863,0.8127443123259143,0.808236557038456,,
IDRiD_09_1536_2048,0.7485681557739323,0.9095337508382209,0.31007751934550637,0.1834862385080621,0.0,0.0,,
IDRiD_09_1536_2560,,,0.0,0.0,,,,
IDRiD_09_1536_512,,,0.0,0.0,0.8815702979136999,0.8600194951753026,,
IDRiD_09_2048_1024,,,,,0.7001574803094476,0.7733518872712932,,
IDRiD_09_2048_1536,0.2226720647322526,0.15406162460670542,0.5271398747115271,0.4616087750949169,0.6898379648586227,0.5862981885713595,,
IDRiD_09_2048_2048,0.6432555257045393,0.5620938627955923,0.5585284280469458,0.4019253910466997,,,,
IDRiD_09_2048_2560,,,,,0.7877629062720956,0.9526011559592369,,
IDRiD_09_2048_512,,,0.3851963746078098,0.23854069222457716,0.0,0.0,,
IDRiD_09_512_0,0.3477588871648424,0.21495103892488773,,,,,,
IDRiD_09_512_1024,0.0,0.0,0.47636103151009385,0.3810888252039803,0.749637486014212,0.7200159172246715,,
IDRiD_09_512_1536,0.5856697817490125,0.4215246634881055,0.6731182794975142,0.577490774801201,0.7211142511073027,0.7846599894501435,,
IDRiD_09_512_2048,,,,,0.7511587485406843,0.8348358016473009,,
IDRiD_09_512_3072,,,0.0,0.0,,,,
IDRiD_09_512_512,0.3568671694058733,0.23700607303228166,0.25409836062970304,0.19076923073988167,0.754385964829563,0.8132387704933242,,
IDRiD_10_0_1024,,,,,0.7507183908023506,0.6611483102195331,,
IDRiD_10_0_1536,,,0.7207055858580133,0.7559471364972733,0.797304393487538,0.7250380880898537,,
IDRiD_10_0_2048,0.836352362811301,0.7737441612654777,0.6199123355904876,0.5650684930861795,0.7769168247066461,0.7447151093297423,,
IDRiD_10_0_2560,0.5120996441190018,0.6186586414179425,0.7540650406248623,0.7405189620265789,0.7546538380933978,0.6703827573143671,,
IDRiD_10_0_3072,,,,,0.20261198583909906,0.11326419213819236,,
IDRiD_10_0_512,,,,,0.38754325246105764,0.2434782607637051,,
IDRiD_10_1024_0,,,,,0.4528301885843123,0.2926829267499504,,
IDRiD_10_1024_1024,0.14439699003163725,0.09431455897730302,0.291162790684132,0.17663656883879025,0.8479434981260493,0.8397449084464128,,
IDRiD_10_1024_1536,,,,,0.974975598479087,0.9677298048357695,,
IDRiD_10_1024_2048,,,0.8687150837382182,0.9779874212298763,0.9753927360931245,0.9795603017833295,,
IDRiD_10_1024_2560,0.7936193120621249,0.7715403261306107,0.6154232604718558,0.49675587994741466,0.7830034423391071,0.7154314920357168,,
IDRiD_10_1024_3072,0.5925925925795285,0.9586305277490277,0.6617480135833287,0.5859296481823186,0.7795792899717945,0.6849909967091939,,
IDRiD_10_1024_512,,,,,0.7060267119698616,0.5803848541233676,,
IDRiD_10_1536_0,,,0.0,0.0,0.553295362075491,0.3832425323993379,,
IDRiD_10_1536_1024,,,0.6661460366784012,0.6423192770600663,0.6913717761944504,0.6765889652802566,,
IDRiD_10_1536_1536,,,0.3423423421881341,0.2065217390181947,0.8050788612227538,0.8020555390822477,,
IDRiD_10_1536_2048,0.5846744817498862,0.993025871743689,0.4033613445312967,0.2596213854741082,0.750236091150174,0.6481041393230657,,
IDRiD_10_1536_2560,,,0.5589478628201527,0.5499075785074022,0.8270165856239547,0.7738718524026682,,
IDRiD_10_1536_3072,,,0.2297872340262562,0.20428751573716425,0.7036855036682141,0.7023050514613877,,
IDRiD_10_1536_512,0.618556701023598,0.478635613415026,,,,,,
IDRiD_10_2048_1024,0.0,0.0,0.0,0.0,0.0,0.0,,
IDRiD_10_2048_1536,0.0,0.0,0.7185104052180443,0.9278642148616882,0.56820038115208,0.5103937392880804,,
IDRiD_10_2048_2048,0.7264800767222384,0.7288313505820708,0.15100350429592216,0.08562138728014373,0.6909686667961195,0.8187333171361628,,
IDRiD_10_2048_2560,0.2536240155218946,0.14705493050862306,,,0.2623762375588177,0.15099715095413185,,
IDRiD_10_2048_3072,0.27704221833278736,0.3707790036653033,0.0,0.0,0.4878803506710737,0.3545727136165987,,
IDRiD_10_2048_512,,,,,0.7791063561743516,0.6431168830834744,,
IDRiD_10_512_1024,,,0.0031007751933177096,0.0015527950308147835,0.8252887008167047,0.7754121323116573,,
IDRiD_10_512_1536,,,,,0.835796681589849,0.8099185365139959,,
IDRiD_10_512_2048,0.6796440489338204,0.5516930022448828,0.22767343809016202,0.13060686015256787,0.8585666513664979,0.9192355694213429,,
IDRiD_10_512_2560,0.22326399061754282,0.1919395465898267,0.3689005871559243,0.23115960415551487,0.804154440871864,0.7416985265658246,,
IDRiD_10_512_3072,0.44890778477570875,0.3403734993254697,0.18018018017245047,0.10725229825805657,0.6368397757427086,0.5107981776196036,,
IDRiD_10_512_512,0.1513197598699256,0.967899227916786,0.3049504949891187,0.1824644549330653,0.7910379515136937,0.6755173759986132,,
IDRiD_11_0_1024,,,0.0,0.0,,,,
IDRiD_11_0_1536,0.2800684020467401,0.38127263319289845,0.0,0.0,0.0,0.0,,
IDRiD_11_0_2048,,,0.5243832472447284,0.38827527609275486,,,,
IDRiD_11_0_2560,0.6744643891062597,0.515215852786355,0.0,0.0,,,,
IDRiD_11_0_3072,,,,,0.5015290519110812,0.34381551355475565,,
IDRiD_11_0_512,0.3171390013281283,0.28143712571479795,0.4696356274352964,0.30769230761069166,0.0,0.0,,
IDRiD_11_1024_1024,,,0.6789510984635754,0.6992700728906175,,,,
IDRiD_11_1024_1536,0.0,0.0,0.22816114877430552,0.15237080446710863,0.8089849970630753,0.7611387114520847,,
IDRiD_11_1024_2048,0.0,0.0,0.2768079800153606,0.2551724137344431,0.8226045650686069,0.7536368094133017,,
IDRiD_11_1024_2560,0.0035523978684824068,0.0017793594305654057,0.22281879193135443,0.2181340341369075,0.8287473036238902,0.7701936240935601,,
IDRiD_11_1024_3072,0.4037826478519822,0.2958319586478839,,,0.8486842103867296,0.8958333330222801,,
IDRiD_11_1536_1024,,,0.240837696272032,0.1455696202070982,,,,
IDRiD_11_1536_1536,,,0.2980209545636763,0.19571865440432437,0.8447429604644182,0.8391070053672285,,
IDRiD_11_1536_2048,0.0,0.0,0.0,0.0,0.8680585553134915,0.8289105825160231,,
IDRiD_11_1536_2560,0.0,0.0,0.0,0.0,0.7957268991230523,0.6829489991489657,,
IDRiD_11_1536_3072,,,,,0.6770356816033645,0.5414634146253421,,
IDRiD_11_2048_1024,,,0.10007698229022029,0.05267423014373281,0.49671484881777733,0.3304195803618148,,
IDRiD_11_2048_1536,,,,,0.0,0.0,,
IDRiD_11_2048_2048,,,,,0.7961597961579849,0.696133036279853,,
IDRiD_11_2048_2560,0.3227434338763305,0.19345524542563652,0.0,0.0,0.6686915887811408,0.5425592417010183,,
IDRiD_11_2048_3072,0.6456165746797645,0.5463175623863679,0.0,0.0,0.5738278516043507,0.43067226886232435,,
IDRiD_11_512_1024,,,,,0.43107476632996056,0.27475800444715126,,
IDRiD_11_512_1536,,,0.6992700729416591,0.6156812338540256,0.5992929771471289,0.4627680531296067,,
IDRiD_11_512_2048,,,0.25488372090652245,0.14605543708464228,0.8146221690937637,0.7387928508621776,,
IDRiD_11_512_2560,0.0,0.0,0.5494367959606109,0.43594836142642024,0.6676002358441362,0.5548205316604824,,
IDRiD_11_512_3072,0.18737926593538812,0.2638259292777918,0.0873586844764975,0.04743303571163878,0.0,0.0,,
IDRiD_11_512_512,,,0.020370370368484225,0.010289990644500467,,,,
IDRiD_12_0_1024,,,,,0.5688654353261812,0.8056801194610343,,
IDRiD_12_0_2560,0.04365620736400708,0.02231520222996407,0.3030303029962929,0.1985294117355104,,,,
IDRiD_12_0_3072,0.16202090590923163,0.0881516587594169,0.23529411750865054,0.14598540135329532,,,,
IDRiD_12_0_512,0.12455303932882739,0.0664124563054842,,,,,,
IDRiD_12_1024_1024,0.15745826601961518,0.9999999999316005,,,,,,
IDRiD_12_1024_2048,0.5062240663600341,0.9838709675152371,0.5893060295120244,0.9999999996138995,0.0678503487613237,0.7985074620906661,,
IDRiD_12_1024_2560,,,0.844950213251074,0.8813056377206807,,,,
IDRiD_12_1536_2048,0.0,0.0,,,0.6595315650639093,0.8092881613854342,,
IDRiD_12_1536_3072,,,0.0,0.0,,,,
IDRiD_12_2048_1536,,,0.6495726492950544,0.6785714279655612,,,,
IDRiD_12_2048_2048,,,0.5407407405404664,0.45624999971484376,,,,
IDRiD_12_2048_2560,,,0.4838095237173696,0.32564102555752794,,,,
IDRiD_12_2048_3072,,,0.0,0.0,,,,
IDRiD_12_2048_512,0.5592948717724642,0.3888579386969995,0.6378482228013594,0.46826516213423625,,,,
IDRiD_12_512_2560,0.8844033380505395,0.84893001734616,0.0,0.0,,,,
IDRiD_12_512_512,,,,,0.7770700635705303,0.8052805277870361,,
IDRiD_13_0_1024,0.7467659741131563,0.5994336060226736,0.36914600540794873,0.2263513512748813,,,,
IDRiD_13_0_1536,,,0.5576176089530592,0.3870581186107215,,,,
IDRiD_13_0_2048,0.6022750775470057,0.4492440604613007,0.5611510790559495,0.49999999987179483,0.7381974247342924,0.7166666663680555,,
IDRiD_13_0_2560,0.8394723743051336,0.955794842704568,0.5847953216111204,0.413223140469598,,,,
IDRiD_13_0_3072,0.1171512852904098,0.37315436236601957,0.4525896413982,0.3043944265482964,,,,
IDRiD_13_0_512,,,0.5456339417589722,0.42735703242447004,0.49044585971641846,0.32489451463084623,0.7606762219744186,0.6610667518322512
IDRiD_13_1024_0,0.0,0.0,0.606451612805411,0.7286821702602007,,,,
IDRiD_13_1024_1024,0.20243531201921777,0.31466876969127217,0.677127338543237,0.5765673175448834,0.8912525089628834,0.847642356011017,,
IDRiD_13_1024_1536,0.13250388802076193,0.3872727272023141,0.24383916989866672,0.15359477123346432,0.7769463826643938,0.7301553062953833,0.0,0.0
IDRiD_13_1024_2048,,,0.47513498151534145,0.36682755592949423,0.0,0.0,0.0,0.0
IDRiD_13_1024_2560,,,,,0.0,0.0,,
IDRiD_13_1024_3072,,,,,0.5567408497281888,0.420825802858045,,
IDRiD_13_1024_3584,,,0.7793296088297026,0.6533957843903054,0.8225806444979189,0.7846153834082841,,
IDRiD_13_1024_512,0.474074074058806,0.31560891936897045,0.7859963147989999,0.7394749875810066,0.6933034349129211,0.6360576023819702,,
IDRiD_13_1536_0,,,0.5786516852307158,0.5919540226483023,0.4734982330482338,0.3175355448732059,,
IDRiD_13_1536_1024,,,0.32905982903639175,0.20298769769745273,0.7538789169340755,0.6970464134825023,,
IDRiD_13_1536_1536,0.159420289826192,0.1131105398166811,0.43968053802271206,0.3565098840929441,0.702721809801954,0.586430678431479,,
IDRiD_13_1536_2048,0.20182757249893415,0.15544675641643532,0.6563245822997419,0.5516549648393526,0.5002660989755119,0.3663289165874385,0.38440402982870336,0.24161184210327621
IDRiD_13_1536_2560,0.43632363724717277,0.2889284558062653,0.7119437938554298,0.7889273355036458,,,,
IDRiD_13_1536_3072,,,0.5926660058877438,0.9867986795423106,0.49951783987468484,0.3481182795231024,,
IDRiD_13_1536_3584,,,,,0.0,0.0,,
IDRiD_13_1536_512,,,0.19426565241695343,0.11806543384651028,0.0,0.0,,
IDRiD_13_2048_1024,0.10791826308723122,0.057075312392533765,0.6026986506294828,0.5903083699573703,0.5527559054682869,0.4448669200957076,0.8855721392901316,0.8070898598294287
IDRiD_13_2048_1536,,,0.6727272726981504,0.688829787172976,,,0.09059379926336737,0.047446059004321375
IDRiD_13_2048_2048,0.18431546299582122,0.10181106215850166,0.0,0.0,0.7687499997597655,0.6406249996663411,,
IDRiD_13_2048_2560,0.0,0.0,0.0,0.0,,,,
IDRiD_13_2048_512,,,0.48423423420696876,0.37423846820067547,,,0.1440341776003659,0.07760605064059843
IDRiD_13_512_0,0.11659192822497938,0.06326034061721159,0.0,0.0,,,,
IDRiD_13_512_1024,0.07413376308830509,0.05027322403822151,0.6376811594043558,0.5393068469763607,0.803603824465796,0.7592300921833529,,
IDRiD_13_512_1536,,,0.583870251042349,0.45847871596446343,0.7387071908371999,0.6155215444457617,,
IDRiD_13_512_2048,,,0.7913188646425178,0.6694915252346069,0.8000921234269901,0.7304457527026726,,
IDRiD_13_512_2560,0.7019693653959751,0.5778097982292644,0.7542553191088162,0.683044315926489,,,,
IDRiD_13_512_3072,,,,,0.5956284152679984,0.42745098035863127,,
IDRiD_13_512_3584,,,,,0.3858695651125354,0.23905723897674838,,
IDRiD_13_512_512,0.0,0.0,0.34229390677936433,0.21484814395783486,0.5310924369569381,0.37229029215964704,0.0,0.0
IDRiD_14_0_1024,,,0.7066473987928723,0.8042763156571915,,,,
IDRiD_14_0_1536,0.013552758954064126,0.006822612085548323,0.6791044773585431,0.7520661150809371,0.0,0.0,,
IDRiD_14_0_2048,0.7407625931061231,0.5980707395427167,0.5838264299226996,0.9999999996621621,0.7203161487206697,0.9308263695018187,,
IDRiD_14_0_2560,0.3906444045785108,0.2708572521979443,0.39174674956495914,0.33062977097659213,,,0.8387235183650377,0.8267075491559874
IDRiD_14_0_3072,0.0,0.0,,,0.0,0.0,,
IDRiD_14_0_512,,,0.2896026129401414,0.1814461118566544,,,,
IDRiD_14_1024_0,,,0.0,0.0,,,,
IDRiD_14_1024_1024,0.1592920353873865,0.5624999997295673,0.6547619047131873,0.740740740616037,,,,
IDRiD_14_1024_1536,0.6602996871289264,0.5600558659061438,0.3512643677999419,0.2273809523674178,0.8174001748731514,0.7711025570472154,,
IDRiD_14_1024_2048,,,0.23208191123639568,0.1345646437817197,0.8169445045813424,0.83062338576887,,
IDRiD_14_1024_2560,,,0.0,0.0,0.7824478125160581,0.7648520277648343,,
IDRiD_14_1024_3072,,,0.0,0.0,0.7684597004442656,0.678501595135551,,
IDRiD_14_1024_3584,,,,,0.0,0.0,,
IDRiD_14_1024_512,,,0.5146198829406199,0.3464566928224523,0.3244540436687196,0.1945883707485726,,
IDRiD_14_1536_0,0.1871072841473794,0.4304068522023119,,,,,,
IDRiD_14_1536_1024,,,0.0,0.0,,,,
IDRiD_14_1536_1536,0.8754254594927504,0.8931285235648898,0.024806201546541676,0.012903225804370448,0.6314085267020794,0.5262368815434412,,
IDRiD_14_1536_2048,0.0,0.0,0.59289340100319,0.4842454394532589,0.7279286120993369,0.6228070175236256,,
IDRiD_14_1536_2560,,,0.7701102490498118,0.6938925680136944,0.774377804961763,0.7671786580126444,,
IDRiD_14_1536_3072,0.009595613433201122,0.0048209366387864366,0.5192307691309171,0.5999999997333334,0.508875739569693,0.35833333325868055,,
IDRiD_14_1536_512,,,0.757004002243739,0.8552971575122356,,,,
IDRiD_14_2048_1024,0.04439252335929994,0.022700119471600944,0.2670068026983838,0.22081575243026502,,,,
IDRiD_14_2048_1536,,,0.5973597358750232,0.6510791364564463,,,,
IDRiD_14_2048_2048,,,0.0,0.0,0.5261489698612705,0.3627093954579235,,
IDRiD_14_2048_2560,0.8030888030753217,0.7973333333067556,0.7145471179911004,0.643858202749888,0.6933932007623114,0.7198668146344092,,
IDRiD_14_2048_3072,0.5351429956287745,0.535229476388648,0.5679583574156172,0.4071310115917442,0.0,0.0,,
IDRiD_14_2048_512,0.8345791354944888,0.7161182375506905,,,,,,
IDRiD_14_512_1536,0.0,0.0,0.0,0.0,0.7229729729655715,0.6203443429265576,,
IDRiD_14_512_2048,0.0,0.0,0.5322862128680378,0.8689458686983059,0.8191040192991744,0.7891178024258366,,
IDRiD_14_512_2560,0.023437499998855593,0.011857707509295568,0.5892040255995974,0.6388888888466343,0.7742491489620066,0.6930494484274742,0.0,0.0
IDRiD_14_512_3072,0.0,0.0,0.0,0.0,0.7983496647653643,0.7525522605553585,,
IDRiD_14_512_512,,,0.6789473683317174,0.5191146880243229,,,,
IDRiD_15_0_1536,,,0.0,0.0,,,,
IDRiD_15_1024_0,,,0.0,0.0,0.5241830065188176,0.3598026020475638,,
IDRiD_15_1024_1024,,,,,0.7602183464151215,0.7902020481375532,,
IDRiD_15_1024_1536,,,,,0.5654736841986217,0.40920170626419256,,
IDRiD_15_1024_512,,,,,0.8068594485523272,0.7224809313499699,,
IDRiD_15_1536_2048,,,0.3324396781950564,0.19999999993548387,0.34988179660759294,0.21203438389339987,,
IDRiD_15_1536_512,0.0,0.0,,,0.0,0.0,,
IDRiD_15_2048_2048,,,0.5393794748116039,0.9912280693059403,,,,
IDRiD_15_512_1024,0.0,0.0,,,0.7394366197138968,0.7565950170889522,,
IDRiD_15_512_512,0.43351158643730797,0.2769931662743967,0.0,0.0,,,,
IDRiD_16_0_2560,,,0.0,0.0,0.8992280408742077,0.9142978361937083,,
IDRiD_16_1024_2048,,,0.8535233570187234,0.7656249998912464,0.0,0.0,,
IDRiD_16_1024_2560,0.10126582278208279,0.053393922179682085,0.0,0.0,0.5122173889666923,0.3982463465519979,,
IDRiD_16_1024_3072,0.7894894894855381,0.6707202993394785,0.3555555555300677,0.2162162161973656,0.7880968544901831,0.6968544901524858,,
IDRiD_16_1024_3584,0.5455835402431507,0.3998959958190382,,,,,,
IDRiD_16_1536_2048,,,,,0.67937743188018,0.5894665765976052,,
IDRiD_16_1536_2560,,,,,0.7087822649352082,0.6330656327799354,,
IDRiD_16_1536_3072,,,,,0.7990833726440717,0.7548707500222225,,
IDRiD_16_2048_1024,,,,,0.0927467300722061,0.049180327862650655,,
IDRiD_16_2048_1536,,,0.0,0.0,,,,
IDRiD_16_2048_2560,,,,,0.524232081875479,0.3552266419652889,,
IDRiD_16_2048_3072,,,,,0.0,0.0,,
IDRiD_16_2048_512,,,0.5246548322436578,0.35561497316694785,0.0,0.0,,
IDRiD_16_512_1536,,,0.5811074918188204,0.4385447393865738,,,,
IDRiD_16_512_2048,,,,,0.29166666661603013,0.1707317072823716,,
IDRiD_16_512_2560,,,,,0.818302402564253,0.7644548843808279,,
IDRiD_16_512_3072,,,,,0.7497650576612578,0.6177671406361007,,
IDRiD_17_0_1024,0.5524936348618205,0.8917089678295453,0.0,0.0,0.8105132962225694,0.8394824493871448,,
IDRiD_17_0_1536,0.317646666443259,0.19314540661045165,0.1838819523060293,0.10424710423368763,0.6062014737124465,0.4765199813366776,,
IDRiD_17_0_2048,0.4063336648042879,0.34141743079809145,,,0.5880169124441166,0.5439282648045032,,
IDRiD_17_0_2560,0.6944243190320877,0.6291444373044631,0.0,0.0,0.7575496117124663,0.7972154963197811,,
IDRiD_17_0_3072,0.7417127071652461,0.8989955356641185,,,,,,
IDRiD_17_0_512,,,,,0.8541033433352427,0.8864353309506513,0.7919495635267122,0.6560340671649041
IDRiD_17_1024_0,0.2204206836092578,0.16102870557932952,0.06191950462479272,0.041841004166593726,0.0,0.0,,
IDRiD_17_1024_1024,0.2651625931323364,0.15433249574325741,0.4377990430360168,0.29186602868485917,0.8202248689587204,0.8658763234938447,,
IDRiD_17_1024_1536,0.7924122214703063,0.8060874044783803,0.7688564475950297,0.6666666665260197,0.677350930941095,0.7239294710236281,,
IDRiD_17_1024_2048,0.7213504699761314,0.7031413612512853,,,0.7082512209689978,0.741877580313375,,
IDRiD_17_1024_2560,0.038929440379822516,0.019851116620384336,,,0.6078252956957314,0.4492266307700587,,
IDRiD_17_1024_3072,0.1839110416121045,0.6961525813800706,0.0,0.0,,,,
IDRiD_17_1024_3584,,,0.7287933093513986,0.6517094015701476,,,,
IDRiD_17_1024_512,0.7779555126285638,0.6618734593228128,0.0,0.0,0.7600400904347947,0.7186811249196919,,
IDRiD_17_1536_0,0.8146052206408214,0.8367090651390597,,,,,,
IDRiD_17_1536_1024,0.0,0.0,,,0.6843596242697462,0.811910377348916,,
IDRiD_17_1536_1536,0.6638664141825998,0.7930410463042441,0.42760487139003994,0.3397849461634871,0.6614047534528077,0.8360986546897736,,
IDRiD_17_1536_2048,0.6996349396591859,0.6118810613567649,0.6688102892815417,0.9811320750089,0.2814302191140219,0.18944099375940357,0.8526571244571707,0.8253116011426144
IDRiD_17_1536_2560,0.041182078169587265,0.16164639850024984,,,,,,
IDRiD_17_1536_3072,0.875765800697379,0.9191762982243757,0.5625806450886993,0.41842610356652093,,,0.045459685626535566,0.023258504975430933
IDRiD_17_1536_512,0.9355671574945416,0.9123486824744776,,,0.6107341976179839,0.8936504816022479,,
IDRiD_17_2048_0,0.8513685743712365,0.7412025784556567,,,,,,
IDRiD_17_2048_1024,0.805724886134293,0.9999828184592741,,,0.7979242978999413,0.874832663930734,,
IDRiD_17_2048_1536,0.7443330735347395,0.9920568965840867,,,0.48640248636469285,0.3726190475746882,,
IDRiD_17_2048_2048,0.5080524870824963,0.35141601124330446,,,0.7606915376923847,0.6183431951748013,0.0,0.0
IDRiD_17_2048_2560,0.8858343072980623,0.893416017491982,0.34333733489275664,0.20967741932409423,,,0.17492856255218128,0.26307922271064726
IDRiD_17_2048_3072,0.6899592379990185,0.6267380002399143,,,,,,
IDRiD_17_2048_512,0.9805253392678887,0.9646580056622915,,,,,,
IDRiD_17_512_0,,,0.547368420764543,0.3768115939298467,0.1552238805738472,0.08469055373213509,,
IDRiD_17_512_1024,0.7092644825264779,0.5657667012709282,0.0,0.0,0.7560391527731137,0.7375368564266839,,
IDRiD_17_512_1536,0.607737718740208,0.4792186201123922,0.695696896953614,0.6115129595957953,0.8283793481118926,0.792319919078129,,
IDRiD_17_512_2048,0.6222301573119439,0.5832930412445297,0.0,0.0,0.5280658436127067,0.3980148883275927,,
IDRiD_17_512_2560,0.0007748934521403217,0.0003931847968493685,0.510480887761376,0.4099009900584257,0.38378849505543594,0.2768811569843454,,
IDRiD_17_512_3072,0.41407506086446744,0.9890278691904976,0.4722222221753748,0.3090909090507674,,,,
IDRiD_17_512_512,0.14435240963801071,0.3003760576574683,0.02954898911123258,0.01787394167282465,0.6200894359733611,0.4973006324194254,0.26579378068522264,0.15326538316201146
IDRiD_18_0_1024,0.0,0.0,0.5360890301896315,0.5513407455492909,,,,
IDRiD_18_0_1536,0.6913693900876555,0.6375212223838065,0.0,0.0,0.6312231099990405,0.5477333333041209,,
IDRiD_18_0_2048,,,0.3364907532550072,0.3123953098565833,0.724278240637003,0.7826633165501398,,
IDRiD_18_0_2560,0.7416648970017962,0.6936444885730522,0.2907036466209192,0.22161315581663169,0.5626794258296285,0.49011669443938755,0.593588532692963,0.4359392851278281
IDRiD_18_0_3072,,,0.0,0.0,,,0.852239293879926,0.8708869216490582
IDRiD_18_0_512,,,0.8098495211484371,0.7098321342074542,,,,
IDRiD_18_1024_0,0.43817427382255814,0.3441981746617734,0.5803571428139614,0.7065217390024418,0.583333333029514,0.4179104474493206,,
IDRiD_18_1024_1024,0.2145110410010051,0.1291547958153298,0.4347826086757537,0.602027883320402,0.7623322809749292,0.7990692864446838,,
IDRiD_18_1024_1536,0.42896418997721847,0.49049041181632747,0.18226950353963584,0.2154233025804339,0.7083213083179013,0.7377016330955044,,
IDRiD_18_1024_2048,,,0.3861641713791345,0.3859649122408705,,,,
IDRiD_18_1024_3072,,,,,,,0.8531771684950634,0.9297969332703705
IDRiD_18_1024_512,0.6856225494715025,0.6173690648247672,0.2565720294292023,0.17719680463491672,0.7693926491441065,0.8308757465206338,,
IDRiD_18_1536_0,0.3980929677713835,0.24851190472492385,0.47717842313751485,0.5808080805147434,0.8451971420787193,0.8037242073073113,,
IDRiD_18_1536_1024,0.3167118049973441,0.2002417405277953,0.5821256038412993,0.48686868683590107,0.7726906635228753,0.8088197146458,,
IDRiD_18_1536_1536,,,0.0,0.0,0.4723865877479099,0.31184895831303067,,
IDRiD_18_1536_2048,,,0.4073756432072309,0.35527299922548444,0.5817843865630311,0.5520282185975259,,
IDRiD_18_1536_3072,,,0.19210977698248546,0.21374045793368682,,,,
IDRiD_18_1536_3584,0.0,0.0,,,,,,
IDRiD_18_1536_512,0.23058252426484885,0.19095477385975101,0.08670795616547367,0.08081705150259173,0.787788277920022,0.8204905910509435,,
IDRiD_18_2048_0,0.13037037035105625,0.12324929968536433,0.0,0.0,,,,
IDRiD_18_2048_1024,0.43505477307159485,0.291302829189965,0.0,0.0,0.7595628415254428,0.8390342052201337,,
IDRiD_18_2048_1536,,,0.1679496151037124,0.21352313163460443,0.8181056160253054,0.755417956539409,0.0,0.0
IDRiD_18_2048_2048,,,0.2824048538178486,0.23902894488897955,0.0,0.0,,
IDRiD_18_2048_2560,,,0.0,0.0,,,,
IDRiD_18_2048_3072,0.48715890848767424,0.46728252498327305,0.13461538459381164,0.14634146336364406,,,,
IDRiD_18_2048_512,0.6463408533824062,0.8202247190959168,0.25324384786338955,0.2105654761748091,0.7414170927413654,0.6904761904292193,,
IDRiD_18_512_1024,0.5070785070676302,0.42244460327296485,0.41899915178804076,0.7417417415189964,0.8301329394211832,0.858202443243534,,
IDRiD_18_512_1536,0.5334978843347409,0.7988384371278332,,,0.0,0.0,,
IDRiD_18_512_2048,0.6106042575616739,0.534986098226715,0.0,0.0,,,,
IDRiD_18_512_3072,,,0.010657193603790908,0.00958466453367902,0.5488029465677348,0.39706862089293343,,
IDRiD_18_512_512,0.6324510931960311,0.6921914357333908,0.6293427749362837,0.7588046957972889,0.8297420333803176,0.8266954643557088,,
IDRiD_19_0_1024,0.7526815813437732,0.6149223835445707,,,,,0.3977070063643604,0.24821116234300825
IDRiD_19_0_1536,,,,,0.685393258041914,0.5213675209219081,,
IDRiD_19_0_2048,,,,,,,0.5095952878537944,0.34191738908284147
IDRiD_19_0_2560,0.3579766536616754,0.2573426573066654,,,,,,
IDRiD_19_1024_0,,,0.02162162160993426,0.025641025608152533,,,,
IDRiD_19_1024_1024,,,,,0.8366313851432752,0.7664418211832679,,
IDRiD_19_1024_1536,,,,,0.710049423382042,0.6143101482150995,,
IDRiD_19_1024_2560,,,0.6919431278527737,0.8111111108106995,,,,
IDRiD_19_1024_512,0.2816209578271952,0.9999999997093023,0.0,0.0,,,,
IDRiD_19_1536_2048,0.0,0.0,0.5428881649790567,0.5010020039076148,,,,
IDRiD_19_1536_2560,,,0.0,0.0,,,,
IDRiD_19_1536_3072,,,0.0,0.0,0.6837387963710795,0.6223776223050842,,
IDRiD_19_1536_512,0.5838509316467986,0.43925233641438843,,,,,,
IDRiD_19_2048_1024,0.7632528841336028,0.6421340955026541,0.8173652693387178,0.8834951453451472,,,,
IDRiD_19_2048_1536,0.18662262591357368,0.10443622919552345,0.23833167822856688,0.6030150750738618,,,,
IDRiD_19_2048_2048,0.7222444889490083,0.6774436089716207,0.709090908876033,0.7134146337113325,,,,
IDRiD_19_2048_2560,0.0,0.0,,,,,,
IDRiD_19_2048_3072,,,0.7296587924594071,0.574380165051909,,,0.9070483391832203,0.8460240296192891
IDRiD_19_2048_512,0.7933869838978884,0.7690351025814985,0.7413268410991279,0.7106184363231484,,,0.8044038881094583,0.8467320943652802
IDRiD_19_512_1024,0.7458563535842923,0.7709880068385496,0.4994818652332143,0.39768976891127233,0.6364719904269087,0.6054421768021041,,
IDRiD_19_512_1536,0.8054956896527613,0.7327234112033288,0.6964980544069553,0.5868852458054287,0.7571954984525585,0.6988051470524006,0.5652434328692971,0.408029647925781
IDRiD_19_512_2048,0.04144527098610811,0.02116115029727829,,,,,,
IDRiD_19_512_512,0.36759581879932074,0.22786177104601177,0.5560450317887399,0.4493670885720437,,,,
IDRiD_20_0_1024,0.05844980940031979,0.03451725862758793,0.262535931004071,0.6442006268582758,,,,
IDRiD_20_0_1536,0.8576615232244506,0.7712398901775526,0.00595238095060941,0.0029850746259746045,0.6195671300315012,0.6023952095705322,,
IDRiD_20_0_2048,0.6378818737011046,0.46830143537869007,0.6784968684051673,0.6040892192185708,0.6579916523285542,0.6815869786021573,,
IDRiD_20_0_2560,,,0.0,0.0,,,,
IDRiD_20_0_512,0.0,0.0,,,,,,
IDRiD_20_1024_0,,,0.6202090591902293,0.4504048582540076,,,,
IDRiD_20_1024_1024,0.5225933202100888,0.4466834592404128,0.3442340791442139,0.4081632652228238,0.8198341750592275,0.8191925733979966,,
IDRiD_20_1024_1536,0.0,0.0,0.0,0.0,0.7894097787757591,0.732468674429916,,
IDRiD_20_1024_2048,,,0.6555010106654491,0.5536585365583582,0.0,0.0,,
IDRiD_20_1024_2560,,,0.6765498651379314,0.7050561795772313,,,,
IDRiD_20_1024_3072,0.5984171559714471,0.5528301886531685,0.7632687446703227,0.8899803534597288,,,,
IDRiD_20_1024_512,0.651742301452069,0.5656761033837582,0.6436285097018459,0.6205101509307387,0.7649572649164018,0.7033398820527171,,
IDRiD_20_1536_1024,0.4701992517143461,0.3264862252256345,0.6313645621020528,0.5477031801878224,0.7182870764485003,0.6020408163222346,,
IDRiD_20_1536_1536,,,0.7718631177239804,0.6304347824129084,0.8418706435368704,0.7560230002128537,,
IDRiD_20_1536_2048,0.09472880060391682,0.04971932637933285,,,,,,
IDRiD_20_1536_3072,0.3941296083423735,0.41835585584800383,0.5464834276254453,0.39348079159525723,0.0,0.0,,
IDRiD_20_1536_512,0.6239999999782957,0.48829613497614066,0.4205570811918181,0.42405063287784406,0.8334953343660891,0.7663776923695917,,
IDRiD_20_2048_1024,,,0.6006055601266005,0.6212984054315889,0.7345116943376736,0.6401717913566527,,
IDRiD_20_2048_1536,0.6086783439369292,0.47602739724545373,0.4869312681274477,0.6644649933072041,0.7463370876034452,0.6275561515147913,,
IDRiD_20_2048_2560,0.6053550640044488,0.4340567612446268,,,,,,
IDRiD_20_2048_3072,0.0746411483217875,0.038767395624315734,0.18076477402308636,0.10077519378542957,0.0,0.0,,
IDRiD_20_2048_512,0.194019630216982,0.12188127329733636,0.512037580709804,0.3559183673178842,0.8923632702588246,0.8277756413732473,,
IDRiD_20_512_1024,0.0,0.0,0.6912415216546376,0.6022610482732651,0.808680122013547,0.7644931867058197,,
IDRiD_20_512_1536,0.5709335643328384,0.5457324840694812,0.5550631872549637,0.47446689112024504,0.7409953744641685,0.6656978064368695,,
IDRiD_20_512_2048,,,,,0.0,0.0,,
IDRiD_20_512_2560,0.41622793433210814,0.27042253520038545,0.0,0.0,,,,
IDRiD_20_512_3072,,,0.0,0.0,,,,
IDRiD_20_512_512,,,0.5220700151809687,0.5568181817277893,0.7999999999610706,0.800389483855853,,
IDRiD_21_0_1024,0.4500537056847466,0.3190355329868265,0.31654676256462455,0.2397094430702531,0.18688524589551198,0.10307414104509678,,
IDRiD_21_0_1536,0.24242424239230248,0.13897280964668085,0.5481597493912232,0.8695652172832838,0.3727087575995205,0.2548746517750871,,
IDRiD_21_0_2048,,,0.5641025640509063,0.4362606231676685,0.5849233656370059,0.5373563218081979,,
IDRiD_21_0_2560,,,0.4468949506415035,0.32136894822025297,,,,
IDRiD_21_0_3072,,,0.0,0.0,,,,
IDRiD_21_0_512,0.7177563997926341,0.5646485376971614,,,0.0,0.0,,
IDRiD_21_1024_1024,,,0.7065263157597252,0.732111692780793,0.1883239171303833,0.18642803876312988,,
IDRiD_21_1024_1536,0.7637097267178351,0.6640442270820323,0.15477629986036562,0.13114754095673206,0.8665803345051406,0.8405038211122258,,
IDRiD_21_1024_2048,0.3748927301658098,0.23372057474421093,0.4655075714825851,0.3646748681577614,0.8018326779450885,0.8003024629094041,,
IDRiD_21_1024_2560,0.6512236491366551,0.5015301933231205,0.3125469571515742,0.3072378138394036,0.8149048197584859,0.7413411937989486,,
IDRiD_21_1024_3072,0.8012124767693242,0.6754038905262875,0.7258297257773572,0.5696489240577974,,,,
IDRiD_21_1536_0,,,,,0.11981566819172206,0.06372549018983084,,
IDRiD_21_1536_1024,,,0.810699588393961,0.7864271455516113,0.0,0.0,,
IDRiD_21_1536_1536,0.3984206747882836,0.24876736888172268,,,0.885182592743495,0.9447922302059799,,
IDRiD_21_1536_2048,0.37342970228233646,0.25421743204652725,0.22128998425688043,0.2392290249161872,0.7614129312099379,0.7759455476754196,,
IDRiD_21_1536_2560,0.6848784878457026,0.5366386910181491,0.28897772699663177,0.5029821072558683,0.8008957072733315,0.7396814221563861,,
IDRiD_21_1536_3072,,,0.8358208953837777,0.9402985071118288,,,,
IDRiD_21_1536_512,0.6979255470105733,0.5409691629717636,,,0.36787737419633865,0.22539812167311565,,
IDRiD_21_2048_1024,0.0,0.0,0.0,0.0,0.0,0.0,,
IDRiD_21_2048_1536,0.5559243279031543,0.6236038719053014,0.4367578729769356,0.3841961852512083,0.5944208233890447,0.4576812519888585,,
IDRiD_21_2048_2048,0.5097633815700693,0.35356915232068886,0.6281805745382167,0.6689976689586831,0.7636553797862109,0.6916264090144376,,
IDRiD_21_2048_2560,0.8250209555655382,0.7640209586500287,0.7080194948733709,0.6799999999421276,0.7616613418287009,0.7553865652246269,,
IDRiD_21_2048_3072,,,0.7222982215154176,0.5677419353617759,0.5180023228202089,0.35623003189197605,,
IDRiD_21_2048_512,0.1379310344749615,0.11498586238313045,0.0,0.0,0.0,0.0,,
IDRiD_21_512_1024,,,0.5322195703422172,0.36260162595730056,,,,
IDRiD_21_512_1536,,,0.0,0.0,0.7268489745070409,0.7090027280779326,,
IDRiD_21_512_2048,0.802181322421253,0.8475943532001211,0.3429951690655558,0.2629629629434842,0.7143897617239164,0.6556531703465307,,
IDRiD_21_512_2560,0.422161868545115,0.2684072385651553,0.32279909705331833,0.42100098131295377,0.6620462045986124,0.9278445882582936,,
IDRiD_21_512_3072,0.06668935011681901,0.034494896162108594,0.8483412321269739,0.768240343182781,,,,
IDRiD_21_512_512,,,0.2754662840350838,0.15973377701169156,0.010152284262241577,0.005102040815458837,,
IDRiD_22_0_1024,0.7318266199112125,0.6114530503687456,0.0,0.0,,,0.5707931801315088,0.8486123634821299
IDRiD_22_0_1536,0.20245757751887317,0.11263020832600062,0.5055611728508027,0.97276264553589,,,,
IDRiD_22_0_2048,0.4046808344080283,0.961860465098384,0.41180507890104284,0.325732898987434,,,0.8354465525181145,0.8495999999920038
IDRiD_22_0_2560,0.8552093328598172,0.8461500024941481,,,0.6885092440746897,0.5410077234078335,,
IDRiD_22_0_3072,0.34146787871288675,0.3462418806041061,,,,,,
IDRiD_22_0_512,0.6678346180564879,0.5291504719306412,,,,,,
IDRiD_22_1024_1024,,,0.6881118880878283,0.6944248411648253,,,,
IDRiD_22_1024_1536,,,0.606180144601829,0.43904761900580497,0.795932770471297,0.7789716039868049,,
IDRiD_22_1024_2048,,,0.5147182505874921,0.5125628139844953,0.7750624331060024,0.7615592245915744,,
IDRiD_22_1024_3072,0.0,0.0,,,,,,
IDRiD_22_1024_512,,,0.7967479673177341,0.7999999996734694,,,,
IDRiD_22_1536_0,,,,,0.5488487865246515,0.5256257448717967,,
IDRiD_22_1536_1024,,,0.9151450052722723,0.9815668200503301,0.748858447374603,0.6648648646851716,,
IDRiD_22_1536_1536,0.0,0.0,0.5843621398776158,0.5324999999334376,0.8495842781476796,0.8002847988465596,,
IDRiD_22_1536_2048,0.3334597875505793,0.9024640656157634,0.13480392155210738,0.12249443204398787,0.7773004747894015,0.8164654660565348,,
IDRiD_22_1536_3072,0.7208599610990538,0.9350783924989409,0.5179723501826753,0.3584183673012222,0.6714140386400963,0.5180533751759006,,
IDRiD_22_1536_3584,0.20371119717785008,0.11340670657068026,,,,,,
IDRiD_22_1536_512,,,0.7676991149593253,0.9278074863829391,0.6374829001193575,0.5851330989158647,,
IDRiD_22_2048_1024,0.6301488654338756,0.5061527745413014,0.13186813179567686,0.07058823525259515,,,0.8807938018193993,0.9095587891222123
IDRiD_22_2048_1536,0.8107614213115658,0.7220614828079194,,,,,,
IDRiD_22_2048_2048,,,0.0,0.0,,,,
IDRiD_22_2048_3072,,,0.6641929497840088,0.6780303027734733,,,,
IDRiD_22_2048_512,,,,,0.31365313647349574,0.18973214281479192,0.0,0.0
IDRiD_22_512_1024,0.6191646191636117,0.5030006609372029,,,0.9148211243221968,0.9093988144869264,0.6372939027730559,0.8093543467157513
IDRiD_22_512_1536,,,0.7572156196301175,0.9158110881076363,,,,
IDRiD_22_512_2560,0.0,0.0,,,,,,
IDRiD_22_512_3072,0.8484563430090037,0.8036567110970068,,,,,0.8297827580875562,0.7551692449054087
IDRiD_22_512_512,0.773824399863375,0.8987167735884706,,,0.750147666854694,0.6389615616695722,0.26334519571391785,0.1538461538354923
IDRiD_23_0_1024,0.1962683604589419,0.11639514078428857,0.0,0.0,,,,
IDRiD_23_0_1536,,,,,,,0.67436580790964,0.5195437262278396
IDRiD_23_0_2048,0.6628757108008586,0.5631469979247485,,,,,,
IDRiD_23_0_2560,0.29247512230741013,0.23768053226463093,,,,,,
IDRiD_23_0_3072,0.4724849526983559,0.35705003247702893,,,,,,
IDRiD_23_1024_1024,,,,,0.0,0.0,,
IDRiD_23_1024_1536,,,0.590214067233164,0.6531302875375414,,,,
IDRiD_23_1024_2560,,,,,,,0.0,0.0
IDRiD_23_1024_3072,,,0.8476135709690849,0.796756756670621,,,,
IDRiD_23_1536_1024,,,0.48305084725294456,0.3184357540120471,0.6346986346774992,0.49739039663374784,,
IDRiD_23_1536_1536,,,0.8327721660120346,0.9686684070577889,0.7379061371308371,0.7813455656297638,,
IDRiD_23_1536_2560,,,,,0.6087834426749731,0.44666666663358023,,
IDRiD_23_1536_3072,,,0.753568030375493,0.7135135133849526,0.4391613627772527,0.28785276072913246,,
IDRiD_23_1536_3584,,,,,0.0,0.0,,
IDRiD_23_1536_512,,,0.7115384613674186,0.564885495967601,0.6053268764949962,0.545851528354484,,
IDRiD_23_2048_1024,0.0,0.0,,,,,,
IDRiD_23_2048_2048,0.0,0.0,,,,,,
IDRiD_23_2048_2560,0.6777519121992205,0.5125754527098519,0.8999999998593751,0.9350649347613424,,,,
IDRiD_23_2048_3072,,,,,0.2547854785310372,0.146101438293255,,
IDRiD_23_2048_512,0.7167445813778501,0.9836687080494702,,,0.0,0.0,,
IDRiD_23_512_1024,0.7165967645153466,0.625959525449199,,,,,,
IDRiD_23_512_2048,,,0.0,0.0,,,,
IDRiD_23_512_2560,,,,,,,0.19297867757707324,0.10679380214413832
IDRiD_23_512_3072,0.0,0.0,,,,,0.38693683983200106,0.23987705465401743
IDRiD_23_512_512,,,0.6162162160496713,0.8837209295475031,,,,
IDRiD_24_0_2048,,,,,0.0,0.0,,
IDRiD_24_1024_1536,,,,,0.0,0.0,,
IDRiD_24_1024_2048,,,,,0.4744704570685737,0.33692210258591127,,
IDRiD_24_1024_2560,,,0.06666666664814815,0.056338028142564306,,,,
IDRiD_24_1536_1536,,,,,0.0,0.0,,
IDRiD_24_1536_2048,,,0.868347338813957,0.7711442784151382,0.3032207383893778,0.17870370368715705,,
IDRiD_24_1536_2560,,,0.4893617020532885,0.32394366190665114,,,,
IDRiD_24_1536_512,0.5069278547478866,0.42894683645787457,,,0.008219178081065866,0.004126547454728123,,
IDRiD_24_2048_1024,0.7897481481458082,0.9303315881261407,,,,,,
IDRiD_24_2048_1536,0.8051323175298665,0.9053201081239567,0.6413502108351582,0.6280991732941739,,,,
IDRiD_24_512_1536,,,,,0.0,0.0,,
IDRiD_24_512_2048,,,,,0.6900119378953438,0.5411985018388765,,
IDRiD_24_512_2560,0.7520351466500577,0.6350938454684615,,,,,,
IDRiD_24_512_512,0.8376880443167674,0.7478793590599492,,,,,,
IDRiD_25_0_1024,,,0.7207722559627897,0.6206896551341939,0.700212032024114,0.5940822682816341,0.0,0.0
IDRiD_25_0_1536,0.0,0.0,0.02109704641201849,0.010660980809476832,0.8025476630928405,0.6827052973460339,,
IDRiD_25_0_2048,0.032722696126187084,0.01663349445538361,0.0,0.0,0.6890167519465614,0.5996747727082575,0.0,0.0
IDRiD_25_0_2560,0.5758698160144764,0.5060832443916106,0.0,0.0,0.8452861916869061,0.7713865841277975,,
IDRiD_25_0_3072,0.19021209622880753,0.19565217391002696,,,0.529064869374131,0.4030808728622489,,
IDRiD_25_0_512,0.5287192293782119,0.361463414616514,0.0,0.0,0.23619255420378846,0.13430521091603126,0.0,0.0
IDRiD_25_1024_0,,,0.0,0.0,,,,
IDRiD_25_1024_1024,0.0,0.0,0.0,0.0,0.0,0.0,,
IDRiD_25_1024_1536,0.5428878318161288,0.5538509705524781,0.0,0.0,0.8562426062416323,0.7804781950505351,,
IDRiD_25_1024_2048,,,0.0,0.0,0.8779237423897186,0.861218568664336,,
IDRiD_25_1024_2560,0.7892759697876759,0.7358796637636931,0.27507886433595713,0.16717791409760904,0.8575072228231565,0.8168526521730916,,
IDRiD_25_1024_3072,0.0,0.0,,,0.8015911575343083,0.6846664591727115,,
IDRiD_25_1024_512,,,0.49085365849917273,0.44536652829248047,,,,
IDRiD_25_1536_0,,,,,0.8855218853728078,0.9633699630170806,,
IDRiD_25_1536_1024,0.485404650497608,0.9783239876748635,,,,,0.9040727027886005,0.9539481472599272
IDRiD_25_1536_1536,0.0,0.0,0.0,0.0,0.8684871837820223,0.7916210049749535,,
IDRiD_25_1536_2048,0.0,0.0,0.36569579282108483,0.3156424580123904,0.912605012538519,0.9050020870985633,0.0,0.0
IDRiD_25_1536_2560,0.47309947331715574,0.31893456240870643,0.0,0.0,0.776732898522852,0.7200506186625415,0.0,0.0
IDRiD_25_1536_3072,0.5097283265209095,0.5130646246157549,0.32706459523082054,0.20040080158312618,,,,
IDRiD_25_1536_512,0.0,0.0,0.8484042552063292,0.8715846992154139,0.0,0.0,,
IDRiD_25_2048_1024,0.0,0.0,,,,,,
IDRiD_25_2048_1536,0.20480376238617767,0.12587749483739932,0.235722964748741,0.15085536546260844,0.6931842614342467,0.654752233929539,,
IDRiD_25_2048_2048,0.1801597243964134,0.11699801698216811,0.18386108272809698,0.12211668927258366,,,,
IDRiD_25_2048_2560,0.0,0.0,0.0,0.0,0.0,0.0,,
IDRiD_25_2048_3072,,,0.19221411189875742,0.11755952379202984,0.0,0.0,,
IDRiD_25_512_1024,0.0,0.0,,,0.8122554671389187,0.7350254848946908,,
IDRiD_25_512_1536,0.6858096309796725,0.7023525671575733,0.19843487981558317,0.2743431220808081,0.6977259536711986,0.6579759179952435,,
IDRiD_25_512_2048,0.5209465089143127,0.35284424379152857,0.3038649489048453,0.19751660409478727,0.7012673506276293,0.6448390676923286,0.7951244813209273,0.6651721145405673
IDRiD_25_512_2560,0.7095383141082531,0.6684723028266687,0.044198895015414665,0.04020100500492412,0.8595928031303823,0.8240935768167847,,
IDRiD_25_512_3072,,,0.49038461514885356,0.32484076412430524,0.7424486788906627,0.6070393644365348,,
IDRiD_25_512_512,0.7656940760163368,0.6600609755762163,,,,,,
IDRiD_26_0_1024,0.4673629242764376,0.3103230890416025,0.5997931747052955,0.6682027648229947,,,,
IDRiD_26_0_1536,0.7941778975655613,0.6786438179347956,,,,,,
IDRiD_26_0_2048,,,0.26692965152748654,0.2706666666305778,,,,
IDRiD_26_0_2560,0.0,0.0,0.5160857908674235,0.4425287356067512,,,,
IDRiD_26_1024_1024,,,0.7608832807090925,0.9526066349205993,,,,
IDRiD_26_1024_1536,,,0.688747532338479,0.618841150941315,,,,
IDRiD_26_1024_2048,0.09802081937140678,0.9777183599841605,0.21656050951965597,0.13255360621197787,,,,
IDRiD_26_1024_2560,0.6526883952532139,0.500477554902882,0.453599999981856,0.6217105262476195,,,,
IDRiD_26_1024_3072,0.9262391422729518,0.9708533653787809,0.0,0.0,,,,
IDRiD_26_1536_1024,,,0.5755584756142499,0.999999999543379,,,,
IDRiD_26_1536_1536,,,0.7504798464131248,0.823157894650194,,,,
IDRiD_26_1536_2048,0.154677688576785,0.652144772074253,,,,,,
IDRiD_26_1536_2560,,,0.6260069044518983,0.9267461667927179,,,,
IDRiD_26_1536_3072,0.3870803662159949,0.30007886434147957,0.315940985954806,0.19195452557096834,,,,
IDRiD_26_2048_1024,,,,,0.8473019516822845,0.9111111108861454,,
IDRiD_26_2048_1536,0.25638371290102857,0.9649350648097488,0.0,0.0,,,,
IDRiD_26_2048_2048,,,0.8153005463589835,0.9613402059377989,,,,
IDRiD_26_2048_3072,0.8141092424407343,0.6887433895657423,,,,,,
IDRiD_26_512_1024,0.8264909779201215,0.7815696484956148,0.0,0.0,,,,
IDRiD_26_512_1536,0.0,0.0,0.47379912661169216,0.9999999997695852,,,,
IDRiD_26_512_2048,0.7284288541679858,0.899344910045759,0.6718714121622058,0.6757505773515993,0.6625372791772761,0.6872917657930847,,
IDRiD_26_512_2560,,,0.7669172932068723,0.7780859916242658,,,,
IDRiD_26_512_3072,0.6302192850692395,0.505055368317955,0.5929203538511237,0.42138364766623154,,,,
IDRiD_26_512_3584,0.0,0.0,,,,,,
IDRiD_26_512_512,0.6635379061132297,0.8493530498290801,,,,,,
IDRiD_27_0_1024,,,,,0.877618522505224,0.781925343657775,,
IDRiD_27_0_1536,0.0,0.0,0.7464607463646769,0.892307692033136,0.48866913883441826,0.32762430937416437,,
IDRiD_27_0_2048,0.0,0.0,,,,,,
IDRiD_27_0_2560,0.26734055995034023,0.3738839285644739,0.21788470266827578,0.12226184410992043,,,,
IDRiD_27_0_3072,,,0.0,0.0,,,,
IDRiD_27_0_512,0.0,0.0,0.7093889716311931,0.5935162094023048,,,,
IDRiD_27_1024_0,0.8075463743591109,0.7010064043787556,0.13300492607561454,0.08737864074842115,0.4043126684091223,0.5791505789269689,,
IDRiD_27_1024_1024,0.05734767023034133,0.03636363634710744,0.7241930328947206,0.7085678548650051,0.7454153182107494,0.7120041215501286,,
IDRiD_27_1024_1536,0.0,0.0,0.6085649886845556,0.6982758619485732,0.8136323464382809,0.8634232121821404,,
IDRiD_27_1024_2048,,,0.7363083163926821,0.8249999999062501,0.6811981020065065,0.5653458035794894,,
IDRiD_27_1024_2560,,,0.06431852985232489,0.033227848096008254,,,,
IDRiD_27_1024_512,0.5719526429786235,0.9953569355197123,0.6225165562749002,0.7551413881262762,0.7176236639279292,0.681539187905081,,
IDRiD_27_1536_0,0.8329457528187689,0.7888835495692064,0.0,0.0,,,,
IDRiD_27_1536_1024,0.3887789346838587,0.2908458864388973,0.5042120402608545,0.5010208248060016,0.5001969279145294,0.346994535509645,,
IDRiD_27_1536_1536,0.0,0.0,0.13079470197592757,0.08568329717075018,0.792125072373297,0.7507055503174866,,
IDRiD_27_1536_2048,,,0.5468577728173255,0.6408268732194246,0.0,0.0,,
IDRiD_27_1536_2560,,,0.35588235288884085,0.5789473681440443,,,,
IDRiD_27_1536_512,0.6183404975861773,0.4736106953958534,0.48355263156304107,0.6947069942632601,0.6863955356329889,0.5587830396398846,,
IDRiD_27_2048_1024,0.5268079800334536,0.5081178592598846,0.515224358953717,0.6117982872871742,0.651299081839201,0.5428199283444214,,
IDRiD_27_2048_1536,0.0,0.0,0.5576420251828467,0.48471074378162354,0.6971284845871187,0.6365550239112622,,
IDRiD_27_2048_2048,0.8188464662543117,0.7881157153410386,0.4103773583937789,0.9999999988505748,0.46153846151641004,0.32459677417173405,,
IDRiD_27_2048_512,0.4618525133844896,0.5358200118096021,0.44270403955306253,0.32388419780917466,,,,
IDRiD_27_512_1024,0.0,0.0,0.7666466706198772,0.931486880330687,0.6787582838967995,0.6422442243800498,,
IDRiD_27_512_1536,,,0.30500582070401594,0.2290209790009597,0.7093819434965338,0.7158414935415407,,
IDRiD_27_512_2048,,,0.6450381678158325,0.7379912660532789,0.722817173171994,0.9116573375295289,,
IDRiD_27_512_512,0.5058859975177673,0.7327798967751228,0.053936494125535604,0.032683183972974,,,,
IDRiD_28_0_3072,,,,,0.8289241621113009,0.7230769228544378,,
IDRiD_28_1024_1536,,,0.6065442936467242,0.5993690850789639,0.5246478873123978,0.44017725256867885,,
IDRiD_28_1024_2048,,,0.1904761904608171,0.1351660939134976,0.0,0.0,,
IDRiD_28_1024_2560,0.7264457439660025,0.737953795330828,0.5112612612036869,0.8798449608992848,,,,
IDRiD_28_1024_3072,0.0,0.0,0.4317897371444437,0.9971098263014133,,,,
IDRiD_28_1536_1536,0.8059909438939049,0.8432944605799347,,,0.0,0.0,,
IDRiD_28_1536_2048,0.8419594509401592,0.7428888888723802,0.8293963252416282,0.9404761899163833,0.4493758667892683,0.3028037382611582,,
IDRiD_28_1536_2560,0.8541418740577733,0.8725158562275632,0.46728971958249627,0.8833922258362571,0.40597954363446265,0.3633802816389605,,
IDRiD_28_1536_3072,,,0.5308848079247271,0.43089430882631585,,,,
IDRiD_28_2048_1024,0.0,0.0,,,,,,
IDRiD_28_2048_1536,0.6512702078307071,0.7316530762986172,0.0,0.0,,,,
IDRiD_28_2048_2048,0.7663144810203134,0.7009664581750445,0.29830508469520256,0.17670682727375364,,,,
IDRiD_28_2048_2560,0.0,0.0,0.4269810084854629,0.7581395347074094,,,,
IDRiD_28_2048_3072,0.8610800744558258,0.7945017181584535,,,,,,
IDRiD_28_2048_512,0.7420998979875536,0.9122807015257441,,,,,,
IDRiD_28_512_1536,0.8393863904439572,0.8180424226726798,,,,,,
IDRiD_28_512_2048,0.7656320287727029,0.6913078797444636,0.5405960944973693,0.9100346017612336,0.3444976075730867,0.21176470582006918,,
IDRiD_28_512_2560,0.0,0.0,0.36172450048772614,0.30659536536424326,,,,
IDRiD_28_512_3072,0.8050188205569632,0.8769819573057964,,,,,,
IDRiD_29_0_1024,,,0.7114228456200979,0.8217592590690371,,,,
IDRiD_29_0_1536,,,0.6594464499808127,0.6372093021773931,,,,
IDRiD_29_0_2560,0.0,0.0,0.6382978722649766,0.6338028167526284,,,,
IDRiD_29_1024_1024,,,,,0.7336757153158798,0.7389162561212356,,
IDRiD_29_1024_2048,,,0.27895981084173055,0.19765494134042633,,,,
IDRiD_29_1024_2560,,,0.5722713862618668,0.447004608088938,,,,
IDRiD_29_1024_3072,0.0,0.0,,,,,,
IDRiD_29_1536_1024,,,0.0,0.0,0.0,0.0,,
IDRiD_29_1536_1536,,,0.5798319326919004,0.5814606739939717,,,,
IDRiD_29_1536_2560,,,0.5537190080356533,0.9436619705018846,,,,
IDRiD_29_1536_3072,0.0296479308196635,0.01504702194263028,0.30427350422149174,0.9999999988764046,,,,
IDRiD_29_2048_1024,,,0.795640326867079,0.9480519477441389,0.6304347819234405,0.9062499971679687,,
IDRiD_29_2048_1536,,,0.9258649092379135,0.8699690399783377,,,,
IDRiD_29_2048_2560,,,0.8344198173618749,0.9495548958606661,0.47109577217678206,0.9999999996336996,,
IDRiD_29_2048_3072,,,0.5289256193975822,0.35955056139376346,,,,
IDRiD_29_512_2048,,,0.0,0.0,,,,
IDRiD_29_512_2560,,,0.534270650169724,0.3958333332302517,,,,
IDRiD_29_512_3072,,,0.6066666664644444,0.9381443289297482,,,,
IDRiD_30_0_1024,,,0.0,0.0,,,,
IDRiD_30_0_2048,0.7628128724651565,0.8500362231293767,0.0,0.0,,,,
IDRiD_30_0_2560,0.6159901598864456,0.48209472466376224,0.0,0.0,,,0.7624081344973199,0.7427422518561911
IDRiD_30_1024_1024,0.7655693144018992,0.659691859247765,,,0.5466052934302531,0.6347438752501228,,
IDRiD_30_1024_1536,,,,,0.8071657244001964,0.814881034234426,,
IDRiD_30_1024_2048,0.0,0.0,0.6023622046947656,0.6594827585496247,0.5513094083307215,0.4802298073511244,,
IDRiD_30_1024_512,0.32147513503146324,0.22340150142087237,0.02992843200846269,0.01894563426532573,0.4782608693572779,0.31428571410612244,,
IDRiD_30_1536_1024,,,,,0.5866616427922634,0.6278225806198459,,
IDRiD_30_1536_1536,,,,,0.40184177478435157,0.3758809709964071,,
IDRiD_30_1536_2048,0.9199151418599852,0.8987046631891528,0.8121951218521714,0.8975741237472845,0.6726433034318761,0.6779846658993436,,
IDRiD_30_1536_2560,,,0.7869918697907331,0.6894586892622624,,,,
IDRiD_30_1536_512,0.0,0.0,0.3731109952906143,0.28708901360969613,0.6557680443967993,0.5175267769952518,,
IDRiD_30_2048_2048,0.8234937323047741,0.7679834071766948,0.5260454878750533,0.4637774902675435,,,,
IDRiD_30_2048_2560,,,,,,,0.5640866872890375,0.40167548499110783
IDRiD_30_512_1024,0.0,0.0,,,,,,
IDRiD_30_512_2560,,,0.647435897406253,0.9592944367762152,,,,
IDRiD_30_512_512,0.0,0.0,,,,,,
IDRiD_31_0_1024,,,0.7355223880157896,0.6984126983335134,,,,
IDRiD_31_0_1536,0.7990215012216538,0.8370972714627829,0.5720930232114656,0.7001897531878198,0.6750636132272578,0.5853281853217283,0.8939471068749086,0.8643821488802532
IDRiD_31_0_2048,0.7390624431729313,0.7352919892847869,0.39438302956694404,0.2828975567817018,0.766456904470293,0.6753052579033727,0.7946452193227226,0.8859654297655419
IDRiD_31_0_2560,0.826642393041757,0.7305003883239182,0.7628865976759839,0.6491228066379399,0.6082348145004437,0.46479750777368234,0.24604523466798214,0.1402802623711944
IDRiD_31_0_3072,0.7855198540738445,0.9916395068655828,,,,,0.7924891318897815,0.7176410912363151
IDRiD_31_0_512,,,0.6331360944872378,0.93859649040474,,,,
IDRiD_31_1024_0,,,0.8622589530492757,0.9936507933353489,,,0.06650281914028476,0.034395094959856515
IDRiD_31_1024_1536,0.9529389899138669,0.931285012330208,0.5672727272039669,0.5404157042631834,0.8302691180315279,0.8014403292043649,,
IDRiD_31_1024_2048,,,0.7553551295653489,0.7863849763412242,0.8009764360045784,0.7075961623034275,,
IDRiD_31_1024_2560,0.0,0.0,,,,,,
IDRiD_31_1024_3072,0.0,0.0,,,,,,
IDRiD_31_1024_512,0.0,0.0,,,,,0.0,0.0
IDRiD_31_1536_0,0.28228962817773734,0.1793224904156291,,,,,0.05497735209690198,0.02836955358088581
IDRiD_31_1536_1024,0.7859761255683243,0.6957896488484642,,,0.7508722958565641,0.6924066923621359,,
IDRiD_31_1536_1536,0.8722406180955281,0.8212522733070765,0.7529880476587673,0.9895287952934404,,,,
IDRiD_31_1536_2048,0.0,0.0,,,0.7930635837921081,0.7021494370162666,,
IDRiD_31_1536_2560,,,,,0.7016021361581575,0.8685950412505293,,
IDRiD_31_1536_512,0.6739467520019994,0.5511250202312031,0.0,0.0,0.33593749986877436,0.2018779341775221,0.0,0.0
IDRiD_31_2048_1024,,,0.4673913042631538,0.42999999985666665,,,,
IDRiD_31_2048_2048,,,,,0.899696048495487,0.9966329962974299,,
IDRiD_31_512_0,0.8195858981487432,0.7198466528976718,,,0.6547945204582474,0.5519630483713711,,
IDRiD_31_512_1024,0.7221138722823396,0.8232678238298198,,,,,,
IDRiD_31_512_1536,0.5208195637719627,0.5185916419704314,0.6423173803121967,0.8838821488936079,,,,
IDRiD_31_512_2048,0.0,0.0,0.7331306990435786,0.6334033612780039,0.6761512541865912,0.5940789473293369,,
IDRiD_31_512_2560,0.0,0.0,0.727272727166089,0.8701754382911664,0.7949534541793857,0.7841952633933255,,
IDRiD_31_512_3072,0.7413526868380068,0.7721132196723688,,,,,0.0,0.0
IDRiD_31_512_512,0.7282233052703346,0.6183596689209011,0.6646795826133116,0.8991935480245188,0.0,0.0,,
IDRiD_32_0_1024,0.7094188376688885,0.6111111111015206,,,,,,
IDRiD_32_0_2048,,,0.7837837837308254,0.8089260807797872,,,0.7973231357362017,0.8624612202242781
IDRiD_32_0_2560,,,,,,,0.7422436191321173,0.9505774124001705
IDRiD_32_0_512,0.0,0.0,,,,,,
IDRiD_32_1024_2048,,,0.43818466346820273,0.44164037840957715,0.7778425655523123,0.8617571058318144,,
IDRiD_32_1024_2560,0.0,0.0,,,0.8589356263058017,0.8543125082523633,,
IDRiD_32_1024_3072,0.73310104524508,0.587709497141038,0.26806083647642004,0.1552863435952328,0.8700330154672107,0.8261561475513983,,
IDRiD_32_1536_0,0.17685037896344294,0.09781596107962098,,,,,,
IDRiD_32_1536_1024,,,,,0.0,0.0,,
IDRiD_32_1536_2048,,,,,0.2669491525282336,0.9767441856679285,,
IDRiD_32_1536_2560,,,,,0.8291948833584771,0.7512953367670768,,
IDRiD_32_1536_3072,,,,,0.7835412562752563,0.719742661812636,,
IDRiD_32_1536_512,0.2080408423673248,0.27121464224033154,,,,,,
IDRiD_32_2048_0,0.0,0.0,,,,,,
IDRiD_32_2048_1024,0.805488822833166,0.8009231142928825,,,,,0.8959276017861079,0.8134364426866392
IDRiD_32_2048_1536,0.0,0.0,0.0,0.0,,,,
IDRiD_32_2048_2048,0.06266318537531784,0.03234501347534528,,,,,0.7967366170725677,0.6838675853753454
IDRiD_32_2048_2560,0.7174987814169104,0.6444833625138293,,,,,,
IDRiD_32_2048_3072,0.47188627200356703,0.3088031102385781,0.7515151514012857,0.9018181814902478,,,,
IDRiD_32_2048_512,0.8923354141135701,0.9097231334351171,,,,,0.8495951416918056,0.9999999999761735
IDRiD_32_512_1024,0.42261904757712115,0.311403508726403,,,,,,
IDRiD_32_512_2048,,,,,0.5772357722403992,0.9999999992957747,,
IDRiD_32_512_2560,,,0.7051509768467894,0.6856649394325277,0.7982585162040462,0.8139172165469235,0.8842021488190672,0.9456928838790315
IDRiD_32_512_3072,,,,,0.8152450830447849,0.8004802881568845,,
IDRiD_32_512_512,0.0,0.0,,,,,,
IDRiD_33_0_1024,0.822723814333687,0.6991379310043475,,,0.5525383706549541,0.3817292005902563,,
IDRiD_33_0_1536,0.706167978997991,0.6317210612745747,0.4936562859868909,0.9067796606327205,,,,
IDRiD_33_0_2048,0.0,0.0,0.8261287223029655,0.7832422585094276,,,,
IDRiD_33_0_2560,0.5980720636394982,0.5258549751472109,0.9020172909363088,0.8942857140302041,,,,
IDRiD_33_0_3072,0.24701195218772037,0.27269871189843864,0.0,0.0,,,,
IDRiD_33_1024_0,0.8552041232494523,0.8060390018815542,,,0.6562499998291015,0.6086956518798572,,
IDRiD_33_1024_1024,0.7595594983117194,0.9823936696145916,0.853658536325104,0.8284023663737264,0.581958195787571,0.5539267015126779,,
IDRiD_33_1024_1536,0.6661486158296933,0.8990561090600543,0.5342752485469839,0.49276061773683594,0.6139396935168816,0.6807344477752608,,
IDRiD_33_1024_2048,0.6049239920637398,0.5449538553059697,0.6076817558194842,0.5598736176758334,0.7031214050103296,0.7080630213050964,,
IDRiD_33_1024_2560,0.7904288821765838,0.7891734197679794,0.4067567567475956,0.28476821191154944,0.6442610062766458,0.6032388663745588,,
IDRiD_33_1024_3072,0.854069098400048,0.7657277220559253,0.6929762743553447,0.6327756327484867,0.545454545218418,0.5779816508458884,,
IDRiD_33_1024_3584,,,0.0,0.0,,,,
IDRiD_33_1024_512,0.7598073320825266,0.8142349162605286,,,0.0,0.0,,
IDRiD_33_1536_0,,,0.3426294820034603,0.20673076918107433,0.0,0.0,,
IDRiD_33_1536_1024,0.5835365853599234,0.5458174904839198,0.0,0.0,0.276676829264778,0.4408906882412595,,
IDRiD_33_1536_1536,0.7159207514348731,0.8892156862570743,0.14350453171121566,0.09030418250092165,0.5878274889110211,0.537203477227977,,
IDRiD_33_1536_2048,0.513207547105257,0.4154786149866642,0.7583465818157117,0.6445945945074872,0.7188388823794594,0.6836661627760071,,
IDRiD_33_1536_2560,0.7529722588968832,0.629416961102941,0.6878154289586224,0.7517730495861487,0.6303680981474239,0.5325558794774035,,
IDRiD_33_1536_3072,0.6461258171651155,0.5206839968864264,0.5793794350830753,0.46870778927355455,,,,
IDRiD_33_1536_3584,0.7742234584712925,0.643793369264164,,,,,,
IDRiD_33_1536_512,0.8333629682301544,0.7860736847968187,,,0.47445255465794667,0.3927492445943355,,
IDRiD_33_2048_1024,,,0.6688311687225924,0.5049019606605633,0.9401913874473455,0.9608801953640879,,
IDRiD_33_2048_1536,0.6182981230484109,0.6126772310156351,0.4503697936852789,0.3543644716583656,0.5925063094429721,0.5736842105047487,,
IDRiD_33_2048_2048,0.6369335482601302,0.5229411764552077,0.6935123041729853,0.7345971562240291,0.7382066016254295,0.7113972955478249,,
IDRiD_33_2048_2560,0.6534351144947477,0.9572997152925051,0.6564729866812974,0.7076923075367709,0.5135427951772976,0.4003378377702132,,
IDRiD_33_2048_3072,0.21882951652830382,0.38808664252922626,0.7092024539007113,0.7665782491335336,,,,
IDRiD_33_2048_512,0.6939836985801465,0.5544800324318139,0.07568590349331258,0.06482982170748301,0.07843137253503897,0.040816326523039646,0.6134108449372214,0.549273020991756
IDRiD_33_512_0,0.732347810111722,0.6264530317212307,,,,,,
IDRiD_33_512_1536,0.8115519568107338,0.7811493297227355,0.37435456108544085,0.2903871828911624,0.48451730417178446,0.3900293254903208,,
IDRiD_33_512_2048,0.7909897226512868,0.76194092597911,0.4461232604196373,0.3237160992311762,0.6867105985627854,0.6412820512656082,,
IDRiD_33_512_2560,0.6597781406592157,0.6883040592099612,0.3395721925076943,0.4620281946129137,0.4179456906236192,0.36122448972219906,,
IDRiD_33_512_3072,0.5626713532473626,0.4970811079307281,0.38251879697450575,0.25956632651405825,,,,
IDRiD_33_512_512,0.2742154642492771,0.16252492713481725,0.0,0.0,,,,
IDRiD_34_0_1024,0.7197603870615178,0.5731409001886847,0.0,0.0,0.0,0.0,,
IDRiD_34_0_1536,,,0.0,0.0,,,,
IDRiD_34_0_2048,0.5228185083428966,0.4041649652886552,,,,,,
IDRiD_34_0_2560,0.09540269616150358,0.05009983663005809,,,0.03193122505324023,0.016224648985706323,,
IDRiD_34_0_3072,,,0.0,0.0,0.0,0.0,,
IDRiD_34_0_512,0.0,0.0,,,,,,
IDRiD_34_1024_1024,,,,,0.24390243897862995,0.14038876886816656,,
IDRiD_34_1024_1536,,,0.5584541062532148,0.5202520251556928,0.3893333332814222,0.2949494948899092,,
IDRiD_34_1024_2048,,,0.7264472189867824,0.7390300229240115,,,,
IDRiD_34_1024_3072,0.8246600332658718,0.8650673537530924,0.7445887442664119,0.601398600978043,0.8410231890786273,0.838817358090662,,
IDRiD_34_1024_3584,0.0,0.0,,,,,,
IDRiD_34_1024_512,,,,,0.0,0.0,,
IDRiD_34_1536_0,0.2598230088480246,0.15352436728610802,,,,,,
IDRiD_34_1536_1024,0.4900787401420448,0.3907584128382341,0.0,0.0,0.6811594202449829,0.6221419975183945,,
IDRiD_34_1536_1536,0.7186922530103953,0.6550919927272586,0.0,0.0,0.07119741099171563,0.03846153845481442,,
IDRiD_34_1536_2048,0.6558504351492871,0.5816657137300998,0.0,0.0,,,,
IDRiD_34_1536_3072,0.6777965817428566,0.5372845713167743,,,0.6626658243631502,0.6028735631837429,,
IDRiD_34_1536_3584,0.2039144287572183,0.13493975902801567,,,,,,
IDRiD_34_1536_512,0.7739634179038057,0.7133887076023104,0.6801099907717589,0.6857670978399691,,,,
IDRiD_34_2048_0,0.0,0.0,,,,,,
IDRiD_34_2048_1024,0.0,0.0,0.6740300198053234,0.595595595565786,0.7212364052248863,0.8961593170844724,,
IDRiD_34_2048_1536,0.7919482386753128,0.6556622490252533,,,0.3873217115566618,0.5156118143024799,,
IDRiD_34_2048_2048,0.7752751031570213,0.7911914370803441,0.5913370997559946,0.5147540982762698,0.27925531913036866,0.202507232381629,,
IDRiD_34_2048_2560,0.6747269132259093,0.5255769327853074,,,,,,
IDRiD_34_2048_3072,,,,,0.7800829875302882,0.6891495600836193,,
IDRiD_34_2048_512,0.7783798728206293,0.7033225081153968,0.36149513567017433,0.23659517424687698,0.6799999999284211,0.5686619717308694,,
IDRiD_34_512_1024,0.7404783465605651,0.6169858636057411,0.0,0.0,0.8391866911572669,0.965957446397465,,
IDRiD_34_512_1536,0.0,0.0,0.5613496931654371,0.8206278023225885,0.7796234772115589,0.9971671385277147,,
IDRiD_34_512_2560,0.3100030038957644,0.22701275845899638,,,0.0,0.0,,
IDRiD_34_512_3072,0.49775585696425273,0.3418467583473894,0.0,0.0,0.0,0.0,,
IDRiD_34_512_3584,0.0,0.0,,,,,,
IDRiD_34_512_512,0.7179953062287885,0.6893109797427593,0.0,0.0,,,,
IDRiD_35_0_1024,,,0.30472636814025333,0.19066147858438431,0.0,0.0,,
IDRiD_35_0_1536,0.08361379890574457,0.07304299889679305,,,0.0,0.0,0.0,0.0
IDRiD_35_0_2048,0.1540629582370283,0.08569007520371637,0.2284263959100982,0.21276595739650922,,,0.0,0.0
IDRiD_35_0_2560,0.49401105650915994,0.7690652641552824,,,,,,
IDRiD_35_1024_0,0.4118402174726047,0.27002005099321724,,,,,,
IDRiD_35_1024_1024,0.1268753074272521,0.9925444925206218,,,,,,
IDRiD_35_1024_1536,0.12227218349027567,0.13052668662911285,,,0.6065318817097152,0.43721973084367266,0.14345001804273322,0.07726698415708749
IDRiD_35_1024_2048,0.8123159303845947,0.934784841317297,0.4554455444642682,0.4655870443459162,0.8255651459070055,0.8240072202098456,,
IDRiD_35_1024_2560,0.7547693793758229,0.6534089424291075,0.6231187960095063,0.5222758990594591,0.6126549807479125,0.6048965808102619,,
IDRiD_35_1024_3072,0.8033731739697166,0.6742382024460573,,,,,,
IDRiD_35_1024_512,0.008589362404879595,0.004376367614805986,0.2621951219112508,0.15087719295598648,,,,
IDRiD_35_1536_0,0.0,0.0,,,,,,
IDRiD_35_1536_1024,,,0.3736434108237485,0.2879330943503067,,,,
IDRiD_35_1536_1536,,,0.1646234675718698,0.08969465647143232,,,,
IDRiD_35_1536_2048,,,0.11480075900783679,0.06157760813935992,0.7096111015811272,0.6471874999797754,,
IDRiD_35_1536_2560,0.22110552763601235,0.13841598815521322,0.5504424778273944,0.4430199429568348,0.6412614979446437,0.5202558634285168,,
IDRiD_35_1536_3072,0.46559102872128894,0.9102053599350802,,,,,,
IDRiD_35_1536_512,0.8221181829664125,0.7275374003371515,,,,,,
IDRiD_35_2048_1024,,,,,,,0.8608197847453134,0.7583313160594017
IDRiD_35_2048_2048,0.8596476853678029,0.8324341478763498,0.0,0.0,0.8213333332238223,0.9277108430940629,,
IDRiD_35_2048_512,0.3987436221764916,0.8807685063045094,,,,,0.7842264150913802,0.7089929039252935
IDRiD_35_512_0,0.0,0.0,,,,,,
IDRiD_35_512_1024,,,0.0,0.0,,,,
IDRiD_35_512_1536,0.5322796678203552,0.3628560993359595,,,0.0,0.0,0.8041191936721271,0.6927142317594295
IDRiD_35_512_2048,0.7744333138770807,0.6802686923207562,0.5433723196748691,0.5415250121155161,0.8240963853435912,0.7245762708794169,0.0,0.0
IDRiD_35_512_2560,0.6274917663264432,0.6160653505576561,0.37723577232705396,0.23697650661522202,,,,
IDRiD_35_512_512,0.17448289985485885,0.235749861642619,0.0,0.0,,,,
IDRiD_36_0_1024,,,0.6963730569587371,0.7409040793008926,,,,
IDRiD_36_0_1536,0.5212158617416878,0.47086701978057244,0.4126074497976207,0.3295194507255104,0.7069324605561758,0.6696730552046407,,
IDRiD_36_1024_1024,,,0.5762711863011449,0.49173553698688616,0.7692307690267292,0.700483091449042,,
IDRiD_36_1024_1536,0.8558373314860445,0.9132130667521593,0.3714285713906706,0.28482003125433175,0.6908077993947905,0.6748299318809755,,
IDRiD_36_1024_2048,,,0.7908366533076856,0.8725274723357082,,,,
IDRiD_36_1024_3584,0.49655941974155554,0.3597413096103546,,,,,,
IDRiD_36_1024_512,0.7074607329611433,0.60290016728372,0.3700440528226824,0.5350318469633656,,,,
IDRiD_36_1536_1024,,,0.1301204819172594,0.06958762886000106,0.5842696628803181,0.4297520660713066,,
IDRiD_36_1536_1536,0.6734914299099625,0.5153801926080539,,,,,,
IDRiD_36_1536_2048,0.6542155816260882,0.5372480280220312,,,,,,
IDRiD_36_1536_3584,0.0,0.0,,,,,,
IDRiD_36_1536_512,0.0,0.0,0.696707105598491,0.7790697671398954,0.0,0.0,,
IDRiD_36_2048_1024,,,0.0,0.0,0.8216463414007891,0.9135593218790578,,
IDRiD_36_2048_1536,,,0.6468023255343893,0.8364661652563034,,,,
IDRiD_36_2048_3072,0.3111610123192597,0.20466248852259525,,,,,,
IDRiD_36_2048_512,0.5667559565689164,0.4342190537819352,0.6759326992921775,0.6078947367621191,,,,
IDRiD_36_512_1024,,,0.6340867440052482,0.4859550561342738,,,,
IDRiD_36_512_1536,,,0.8137285491165763,0.8221941991915388,0.6551111110819952,0.5938759064791397,,
IDRiD_36_512_2048,,,0.6015132408195767,0.4640077820560303,0.7832167830342152,0.6640316202908966,,
IDRiD_37_0_1024,0.6594141277874105,0.5230983949731421,,,0.4108108106997808,0.2585034012726179,,
IDRiD_37_0_1536,,,0.8393903867714666,0.8753056232578714,,,,
IDRiD_37_0_2048,,,0.901345291378773,0.8553191487541874,0.024096385513136885,0.012195121936347413,,
IDRiD_37_1024_1024,,,0.6642857140484694,0.4973262029426063,,,,
IDRiD_37_1024_1536,0.23008849555825306,0.13109243696377373,0.6993755574755239,0.8322717620313648,0.8571763053098971,0.8361310951143527,,
IDRiD_37_1024_2048,,,0.9400386845377102,0.9239543722722606,0.8762044599390831,0.8679999999921091,,
IDRiD_37_1024_2560,,,0.5324232080094118,0.4062499997884115,0.0,0.0,,
IDRiD_37_1024_3072,,,0.0,0.0,,,,
IDRiD_37_1536_1536,,,0.6902788243639578,0.5797468353696523,,,,
IDRiD_37_1536_2048,0.5037037036829752,0.3377483443522214,,,0.6985294116362998,0.9313725485630527,,
IDRiD_37_1536_2560,,,0.6301507537371783,0.5081037276735734,0.0,0.0,,
IDRiD_37_1536_3072,0.3209509658127433,0.37177280547575103,0.2666666666441631,0.1850117095802094,0.0,0.0,,
IDRiD_37_1536_512,0.1153136531347584,0.06118453254917304,,,,,,
IDRiD_37_2048_3072,,,0.0,0.0,,,,
IDRiD_37_2048_512,0.8674568382266198,0.9191421034416889,,,,,,
IDRiD_37_512_1536,0.05177993525832364,0.026936026926957565,,,0.5726907630292093,0.5471987720224712,,
IDRiD_37_512_2048,0.3910838993552943,0.24307289808249405,0.5994065280120455,0.5771428568130612,0.6514470609266323,0.5220397579797742,,
IDRiD_37_512_2560,,,0.7523961660740898,0.9999999997876857,0.4545454542871901,0.3100775191394748,,
IDRiD_38_0_2048,,,0.32247557000631305,0.19565217389371026,,,,
IDRiD_38_0_2560,,,0.5922551251498279,0.43918918904081444,,,,
IDRiD_38_0_512,,,,,0.2594142258328811,0.14903846146680844,,
IDRiD_38_1024_1024,,,0.8075560802356814,0.9243243241994157,0.0,0.0,,
IDRiD_38_1024_1536,0.6202956989038879,0.613696808469834,0.5751258087293223,0.40899795496840513,,,,
IDRiD_38_1024_2048,,,0.8088064888981684,0.857493857283171,,,,
IDRiD_38_1024_3072,,,0.21612349910529616,0.12115384613054735,,,,
IDRiD_38_1536_1024,,,0.26666666665197425,0.208981001709069,0.6949327817275147,0.6109090907980166,,
IDRiD_38_1536_1536,,,0.0,0.0,0.7106773823123739,0.6257792754738706,,
IDRiD_38_1536_2048,,,0.4690067213988792,0.607350096594323,0.0,0.0,,
IDRiD_38_1536_2560,,,0.0,0.0,,,,
IDRiD_38_1536_3072,,,,,,,0.7291390728396342,0.6273504273385119
IDRiD_38_2048_1024,,,0.6288888888539506,0.4969271290169511,0.424037812260362,0.2728062554063591,,
IDRiD_38_2048_1536,,,0.4688995214563159,0.3062499999361979,0.39441535773172637,0.24753559690607496,,
IDRiD_38_2048_2048,0.6037234042438503,0.4709543568325147,,,,,,
IDRiD_38_512_1024,,,0.7816593884756202,0.7850877189539089,0.6405529953179087,0.6205357141472018,,
IDRiD_38_512_1536,,,0.7815384614583037,0.8860465114218496,0.5508241757863445,0.38009478669382984,,
IDRiD_38_512_2560,0.8432355046327074,0.8083257090206621,0.7048138055672285,0.9107981218519253,0.0,0.0,,
IDRiD_38_512_3072,,,0.0,0.0,,,0.8726735598190645,0.7802430005223738
IDRiD_39_0_1024,0.17104527668132782,0.09514925372542604,0.0,0.0,,,0.5498203819143539,0.47469800847291227
IDRiD_39_0_1536,0.0,0.0,0.5013927575205034,0.35156249986267085,0.0,0.0,,
IDRiD_39_0_2048,0.016956337430755482,0.008665511264976918,0.64428619868958,0.6393001345464805,,,,
IDRiD_39_0_2560,0.7220275006724138,0.9280887194540051,,,,,0.8437664386942724,0.7512880561708999
IDRiD_39_0_3072,0.722241681248297,0.948045976967906,,,,,,
IDRiD_39_0_512,0.8778913393825771,0.8071216616412343,0.0,0.0,0.11204481792560161,0.5706134093337214,0.07652134423164712,0.04195194821309658
IDRiD_39_1024_0,0.8810949529418188,0.82532051280398,0.8292682926234384,0.8268955649746931,,,,
IDRiD_39_1024_1024,0.7360343768957632,0.5857352222478879,0.47323506590587777,0.48956661308353666,0.30663615553623885,0.2991071427236129,,
IDRiD_39_1024_1536,0.11701105237725838,0.10843910042065377,0.515970515958991,0.5332409972052983,0.4952251023023457,0.6459074732521434,,
IDRiD_39_1024_2048,0.7580215776830879,0.8930340045925047,0.6487046631900275,0.9710444673246076,0.6511987625173087,0.5229813663946608,,
IDRiD_39_1024_3072,0.30373831772152593,0.6132075468805624,0.7370803470110494,0.706946454362739,0.08783382788796237,0.045934202355932076,,
IDRiD_39_1024_3584,0.7927530777872547,0.8951074420189983,,,0.0,0.0,,
IDRiD_39_1024_512,0.5734702992343292,0.6484848484684727,0.5591397849356887,0.43106457241329077,0.5296052630707886,0.37011494244365173,,
IDRiD_39_1536_0,,,0.7843137253364091,0.6802721086121523,,,,
IDRiD_39_1536_1024,0.31410256410188386,0.6870677404008804,0.39281530650555196,0.3554770317769981,0.7167630055731898,0.7701863349253502,,
IDRiD_39_1536_1536,0.4478686311950526,0.8376104332840719,0.2732718893946251,0.17006022368310697,0.4626682986455208,0.7773207990142584,,
IDRiD_39_1536_2048,0.5158961094917777,0.8229327832074449,0.19833795013301003,0.11247251020695971,,,,
IDRiD_39_1536_2560,0.6231279155337205,0.7726027397025084,0.17558886508382662,0.09654631082444691,,,,
IDRiD_39_1536_3072,0.6868686868663508,0.5383877159280316,0.0,0.0,0.830963664955614,0.7408450702138464,,
IDRiD_39_1536_512,0.6406117247129888,0.5759242285189147,0.5427286356414746,0.6654411763482645,,,,
IDRiD_39_2048_0,0.3653017241182488,0.2299864314633659,,,,,,
IDRiD_39_2048_1024,0.6257564754258911,0.8602329450772008,0.5860132720476767,0.6218851570290482,0.6372832369711965,0.5708737863708172,0.475400324898611,0.3132502484875506
IDRiD_39_2048_1536,0.32988659105520535,0.3351406302834585,0.5451895043334409,0.5054054053371074,0.01315789473251385,0.012820512812294543,,
IDRiD_39_2048_2048,0.4987752602495595,0.3550566695650598,0.49454545450948756,0.6137184114415671,,,,
IDRiD_39_2048_2560,0.55844809843768,0.393065187238733,0.0,0.0,,,,
IDRiD_39_2048_3072,0.7807616112672214,0.6683625400372567,,,,,0.7202718694034036,0.7983990313413265
IDRiD_39_2048_512,0.6670864244828298,0.9801303193549985,0.8393556812869241,0.8975791433056257,0.6559139784064633,0.5386313464594632,0.449927078263856,0.30136763268802724
IDRiD_39_512_0,,,0.0,0.0,,,,
IDRiD_39_512_1024,0.7685758513898839,0.7892087601484528,0.5782344698648881,0.6303462321578294,0.6445219306176451,0.6427525622019491,,
IDRiD_39_512_1536,0.7194553706483526,0.6505252790509383,0.48034357448826653,0.38072793924114356,0.770426540269755,0.7244206773360278,,
IDRiD_39_512_2048,0.5944925795608261,0.7336438704058089,0.4210526315096953,0.2788671023357588,0.7042322834472384,0.7429906541670306,,
IDRiD_39_512_2560,0.39762036524076344,0.7734122712177927,0.5641025640489931,0.4046321525334289,,,0.0,0.0
IDRiD_39_512_512,0.7338956117789152,0.6678531701816701,0.0,0.0,0.0,0.0,,
IDRiD_40_0_1024,0.8811378259098837,0.8166980539349216,0.516853932439086,0.686567163666741,,,,
IDRiD_40_0_1536,0.0,0.0,0.5060679611343405,0.8545081965462072,,,,
IDRiD_40_0_2048,,,0.7818815330465587,0.9334442594120725,0.764515831249289,0.6877595083758884,,
IDRiD_40_1024_0,,,0.5690376566656746,0.8499999989375001,0.8272727268966943,0.850467288924797,,
IDRiD_40_1024_2048,,,0.7808564229771142,0.9171597627709114,0.0,0.0,,
IDRiD_40_1024_2560,,,0.8212765956864342,0.8706766915983946,0.0,0.0,,
IDRiD_40_1024_3072,,,0.3423137875844194,0.41538461522485204,,,,
IDRiD_40_1536_1536,,,,,0.8837209299756624,0.8735632178887568,,
IDRiD_40_1536_2048,,,0.6461538458224853,0.5526315784626039,0.05263157887811635,0.027027026990504018,,
IDRiD_40_1536_2560,,,0.8625893565637339,0.945993031194078,,,,
IDRiD_40_1536_3072,,,0.9144254276492847,0.9211822655560679,,,,
IDRiD_40_1536_512,,,,,0.0,0.0,,
IDRiD_40_2048_1024,,,0.8309859153466574,0.9076923073431952,,,,
IDRiD_40_2048_1536,0.0,0.0,0.59096774185923,0.9541666662690973,,,,
IDRiD_40_2048_2048,,,0.42562929052045095,0.8611111103137861,0.0,0.0,,
IDRiD_40_2048_2560,,,0.6576125803675759,0.5469678952976257,,,,
IDRiD_40_2048_3072,,,0.3900414936950121,0.2708933716798578,,,,
IDRiD_40_2048_512,,,0.46279306825047983,0.30634277998564874,,,,
IDRiD_40_512_1536,,,0.49717514114930794,0.6285714282721089,,,,
IDRiD_40_512_2048,,,,,0.5977301386383695,0.44216417902198435,,
IDRiD_40_512_2560,,,0.38769230763266277,0.28187919456781224,0.0,0.0,,
IDRiD_41_0_3072,,,0.8355437664674346,0.8289473682029085,,,,
IDRiD_41_1024_1024,0.007458048476851582,0.004713275726259758,0.5884615384238165,0.862781954725041,,,,
IDRiD_41_1024_1536,,,0.4355758266653145,0.29968619245294525,0.6151419557389366,0.45774647876578717,,
IDRiD_41_1024_2048,,,,,0.7548369997149527,0.6446355816819993,,
IDRiD_41_1024_512,,,,,0.6159844053980521,0.4495021336487195,,
IDRiD_41_1536_1024,,,,,0.7543424316681958,0.6594360085337448,,
IDRiD_41_1536_3072,0.4076361594380889,0.2559943582330046,0.6280623606619015,0.6294642854332749,,,,
IDRiD_41_1536_3584,0.0,0.0,,,,,,
IDRiD_41_1536_512,,,,,0.0,0.0,,
IDRiD_41_2048_1024,0.0,0.0,0.707943925192293,0.7632241812640775,,,,
IDRiD_41_2048_2048,,,0.6253521124999007,0.45491803260044344,,,,
IDRiD_41_2048_2560,,,0.7188139058937212,0.8117782908993328,,,,
IDRiD_41_512_1536,,,0.6566416039277392,0.49063670402797066,0.9033570701013879,0.9446808508628338,,
IDRiD_41_512_2048,,,,,0.771300448257556,0.627737226048271,,
IDRiD_41_512_3072,,,,,0.5815602834817162,0.409999999795,,
IDRiD_42_0_1024,,,,,0.7517842981164325,0.6991150441446733,,
IDRiD_42_0_512,0.0,0.0,0.6666666665774208,0.946768060476514,,,,
IDRiD_42_1024_0,,,0.0,0.0,0.5218534340939253,0.3669131238277767,,
IDRiD_42_1024_1536,,,0.805687203600548,0.8133971287974177,,,,
IDRiD_42_1024_2048,,,,,0.798197090743737,0.7696562623164893,,
IDRiD_42_1024_2560,,,,,0.8330235101057077,0.9479840716538581,,
IDRiD_42_1024_3072,,,,,0.8608923882254875,0.8961748628982651,,
IDRiD_42_1024_512,,,,,0.3110047846517937,0.18922852981233937,,
IDRiD_42_1536_0,0.7995064774337133,0.8029739775956662,,,,,,
IDRiD_42_1536_1536,,,0.0,0.0,,,,
IDRiD_42_1536_2048,,,0.695915279773689,0.9787234038388412,0.866431649006407,0.8647380765547507,,
IDRiD_42_1536_2560,,,,,0.6536180308034627,0.5455445544014312,,
IDRiD_42_2048_1536,,,0.0,0.0,,,,
IDRiD_42_2048_2048,,,,,0.0,0.0,,
IDRiD_42_2048_2560,,,0.7041036716302264,0.9999999996932515,0.0,0.0,,
IDRiD_42_512_1536,,,0.0,0.0,,,,
IDRiD_42_512_2048,,,0.6818923326783211,0.9720930228036777,,,,
IDRiD_42_512_2560,,,,,0.8277454326398929,0.7645095494088214,,
IDRiD_42_512_3072,,,,,0.0,0.0,,
IDRiD_42_512_512,0.49872300904344735,0.34445157150915806,,,0.0,0.0,,
IDRiD_43_1024_2048,,,,,0.8469130135392678,0.8297521487066273,,
IDRiD_43_1024_2560,,,0.7166023165469805,0.7019667169891125,0.7802182456544772,0.8013030650680163,,
IDRiD_43_1024_3072,,,,,0.0,0.0,,
IDRiD_43_1024_3584,,,,,0.21082621080618932,0.12091503266656699,,
IDRiD_43_1536_2048,,,,,0.7569175840298448,0.6733721545434953,,
IDRiD_43_1536_2560,,,,,0.8142458895100743,0.7686358753945366,,
IDRiD_43_512_2048,,,,,0.7895961090972807,0.9496439470524087,,
IDRiD_43_512_2560,,,,,0.0,0.0,,
IDRiD_43_512_3072,,,,,0.0,0.0,,
IDRiD_44_0_1024,,,0.8115942025064763,0.8235294109573241,,,,
IDRiD_44_0_2560,,,,,0.8216833095382386,0.778027915318414,,
IDRiD_44_0_3072,,,,,0.5876701360618358,0.44377267225589206,,
IDRiD_44_0_512,,,,,0.6720799499892517,0.5118934347752717,,
IDRiD_44_1024_0,,,,,0.0,0.0,,
IDRiD_44_1024_1024,,,0.0,0.0,0.0,0.0,,
IDRiD_44_1024_1536,,,,,0.002406738868687922,0.0012738853502373322,,
IDRiD_44_1024_3072,,,,,0.6348983881825578,0.9999999997792494,,
IDRiD_44_1024_512,,,,,0.008676789585970327,0.004357298473996231,,
IDRiD_44_1536_1024,0.8034812880626027,0.8870099922795154,,,0.6131059245822912,0.45231788077972457,,
IDRiD_44_1536_1536,,,,,0.0,0.0,,
IDRiD_44_1536_2560,,,,,0.0,0.0,,
IDRiD_44_1536_3072,,,,,0.44222539223363405,0.28388278383079074,,
IDRiD_44_1536_512,,,0.41643835605029084,0.2629757784557177,0.30834512018269516,0.18227424746115817,,
IDRiD_44_2048_1024,,,,,0.0,0.0,,
IDRiD_44_2048_1536,0.6640605912371351,0.5676691729086187,,,0.780339277912991,0.6547445254996537,,
IDRiD_44_2048_512,,,0.8680688334860289,0.8598484845227846,0.6591390261068515,0.5264344493233408,,
IDRiD_44_512_1024,,,0.8594470045092804,0.8382022470026511,,,,
IDRiD_44_512_1536,0.0,0.0,0.32406287783264054,0.9925925918573388,,,,
IDRiD_44_512_2048,,,,,0.8253968253632318,0.716101694864682,,
IDRiD_44_512_2560,,,0.7862068964161713,0.8603773581658952,0.0,0.0,,
IDRiD_44_512_512,,,0.29329173162351146,0.2292682926270077,,,,
IDRiD_45_0_1024,,,0.0,0.0,0.21814762575373073,0.12294647588113691,,
IDRiD_45_0_1536,0.8732827952404153,0.8939572992917831,0.0,0.0,0.7986521463065944,0.70164750299724,,
IDRiD_45_0_2048,,,,,0.7754373437780994,0.6650336803022024,,
IDRiD_45_0_2560,,,,,0.8468691877962263,0.7572062083417732,,
IDRiD_45_0_512,,,,,0.0,0.0,,
IDRiD_45_1024_1024,0.0,0.0,0.29684210523191135,0.4063400575197867,0.0,0.0,,
IDRiD_45_1024_2560,,,,,0.582596290996217,0.47202958851262,,
IDRiD_45_1024_512,,,,,0.7297118979386472,0.6065813528114595,,
IDRiD_45_1536_0,,,0.8861646233124055,0.9806201546586742,,,,
IDRiD_45_1536_1024,,,0.8148148145130315,0.7284768207096181,0.5679723502140561,0.4286956521552741,,
IDRiD_45_1536_1536,,,,,0.6709511567950912,0.7749406175311793,,
IDRiD_45_1536_2048,,,0.6764168188891377,0.627118643855214,,,,
IDRiD_45_1536_2560,,,,,0.1853658536133254,0.10215053760694877,,
IDRiD_45_1536_3072,,,,,0.7650602407334155,0.9921874992248536,,
IDRiD_45_1536_512,,,0.49681528646598233,0.35294117631088634,0.6293443917789361,0.5168666882822435,,
IDRiD_45_2048_1024,0.0,0.0,0.5379310344085613,0.8369098708854464,0.0,0.0,,
IDRiD_45_2048_1536,,,0.0,0.0,,,,
IDRiD_45_2048_2560,,,,,0.4249422632303762,0.27019089570188093,,
IDRiD_45_2048_512,,,,,0.7760268023279809,0.6645414939893258,,
IDRiD_45_512_1024,,,0.6029723990227235,0.43425076439319543,0.6683029452898264,0.5461318051419447,,
IDRiD_45_512_1536,,,,,0.21291696236955876,0.13574660632255686,,
IDRiD_45_512_2560,,,,,0.0,0.0,,
IDRiD_45_512_512,,,,,0.6025738076758081,0.4962593515590699,,
IDRiD_46_0_1024,,,0.8147497804376865,0.7030303029237833,,,,
IDRiD_46_0_1536,0.07843137254497258,0.04925469863582276,,,,,,
IDRiD_46_1024_1024,0.696980461805533,0.9554419283916377,0.0011600928073573031,0.0005803830527811734,0.0,0.0,,
IDRiD_46_1024_1536,0.768176677973418,0.722562883240635,0.24146147734380766,0.13730803973466052,0.822849893159646,0.7876637903433195,,
IDRiD_46_1024_2048,0.8413608324479988,0.8408892763679108,0.3504424778450936,0.2535211267281023,0.09803921566224529,0.051546391739292166,,
IDRiD_46_1536_1024,0.8381900553675362,0.8980105464897169,0.7774647887011081,0.8003314000993925,,,,
IDRiD_46_1536_1536,0.8615925646605981,0.8918356733805597,0.861971830864511,0.9415384612487573,0.7339449534550964,0.6060606051423325,,
IDRiD_46_1536_2048,0.7551957996007059,0.7775942333566963,0.0,0.0,,,,
IDRiD_46_1536_512,0.8659177920784807,0.7684438470671412,,,,,,
IDRiD_46_2048_1024,0.8715843213223361,0.8223789210968272,0.5306577480194727,0.6908563133975535,,,0.14999280264754575,0.0810768751938914
IDRiD_46_2048_1536,0.7689658297764074,0.7481481481349533,0.0,0.0,,,,
IDRiD_46_2048_2048,0.4031158714624515,0.36264891379247904,0.0,0.0,0.0,0.0,0.7730718325064789,0.641729924084681
IDRiD_46_2048_2560,,,,,,,0.0,0.0
IDRiD_46_2048_3072,0.8154751601106501,0.7092743149546933,0.8066759386917002,0.8123249297444467,,,0.18140488994743356,0.09975001524236479
IDRiD_46_2048_512,0.8420591584639762,0.7435157015379594,0.0,0.0,0.0,0.0,0.9176755447925056,0.8943153378587976
IDRiD_46_512_1024,0.9018679950130642,0.8442527395564904,0.06584362138562888,0.2077922075223478,,,,
IDRiD_46_512_1536,0.8521892847415485,0.8318566450943028,0.6781249999470215,0.8611111109402557,0.6015572105517678,0.4631222308974949,0.8983905837118696,0.8855214869149381
IDRiD_46_512_2048,0.643085812441297,0.6317888922885581,0.22483940040419279,0.3025936598551603,0.7253086418633783,0.5845771142824435,0.8315636363575886,0.929442367079671
IDRiD_47_0_1024,0.0,0.0,,,0.43186582806206386,0.2763864042686595,,
IDRiD_47_0_1536,,,,,0.6545223853484273,0.5641306045842192,,
IDRiD_47_0_2048,,,0.10526315783933518,0.05555555552469136,0.0,0.0,,
IDRiD_47_0_2560,0.7979780372878164,0.8493506493191336,0.5979945304833186,0.6344294002641336,,,0.9066943854925048,0.9301264772935336
IDRiD_47_0_512,,,,,0.43539823001143396,0.27828054292346593,,
IDRiD_47_1024_0,,,,,0.7850646242033255,0.6515693285398662,,
IDRiD_47_1024_1024,0.02636534839920315,0.9791411041743385,,,,,,
IDRiD_47_1024_2048,,,0.8388106414962738,0.9241379307158144,0.692923470999266,0.7761836441337027,,
IDRiD_47_1024_3072,0.025912545159977107,0.21532091095822492,,,,,,
IDRiD_47_1024_3584,,,0.2598870056007746,0.14935064931832237,,,,
IDRiD_47_1024_512,,,0.6659459458739518,0.9999999996753246,0.7832318939720415,0.726725923940876,,
IDRiD_47_1536_0,,,0.25429553255866133,0.1462450592307332,,,,
IDRiD_47_1536_1024,,,,,0.5643786451239065,0.46512201132696274,,
IDRiD_47_1536_1536,,,,,0.0,0.0,,
IDRiD_47_1536_3072,0.8806531510830169,0.8202323991727594,,,,,,
IDRiD_47_1536_512,,,0.3442622950255308,0.20792079203803548,,,,
IDRiD_47_2048_0,,,,,0.7384615382721893,0.8571428566326531,,
IDRiD_47_2048_1536,0.2516746411362835,0.1439518335991269,,,,,,
IDRiD_47_2048_2048,0.0,0.0,,,,,,
IDRiD_47_2048_2560,0.0,0.0,0.32028469745190663,0.20881670528797755,,,,
IDRiD_47_2048_512,,,,,0.7661691541744016,0.9213675212100227,,
IDRiD_47_512_0,,,,,0.8981818180185125,0.8401360541360081,,
IDRiD_47_512_1024,,,0.8840864439210131,0.9999999997777778,,,,
IDRiD_47_512_1536,,,0.7868525895630625,0.8386411887816048,,,,
IDRiD_47_512_2048,,,,,0.8019576996888313,0.9161341852669276,,
IDRiD_47_512_2560,,,,,0.831435079695086,0.8295454544826102,,
IDRiD_47_512_512,,,0.7814569533836234,0.9915966378221878,0.5322507893429804,0.5057865409127396,,
IDRiD_48_0_1536,,,0.7535641546326753,0.7007575754921372,,,,
IDRiD_48_0_2048,0.694829398830666,0.6565519732623809,0.610687022854146,0.5524861877689936,0.33057851232839286,0.25078369898094555,,
IDRiD_48_0_2560,0.29888475834209033,0.22686230245746475,0.0631578947338202,0.035331905779693154,0.5520965692444716,0.39404474001822787,,
IDRiD_48_0_3072,,,0.5492227978563183,0.3799283153440989,,,,
IDRiD_48_1024_0,0.0,0.0,0.4746906636136456,0.31120943948212254,,,,
IDRiD_48_1024_1024,0.0,0.0,0.0,0.0,0.38600723761242417,0.5724508049065383,0.7463001204595889,0.9553891061246054
IDRiD_48_1024_1536,0.19419315929874909,0.4493620414493875,,,0.387787894997976,0.7510373442425233,,
IDRiD_48_1024_2048,0.04368360926862575,0.1511326097197837,0.0,0.0,0.8800263678254447,0.8665455017413145,,
IDRiD_48_1024_2560,0.2895015906604056,0.2124513618594377,0.48993963781463934,0.41499786960311047,0.8611853859148657,0.8590737285276803,,
IDRiD_48_1024_3072,0.4784750481867746,0.38019060585000913,0.30002595379444524,0.2237708091279996,0.8050709011252364,0.7986516271126844,,
IDRiD_48_1024_512,0.28279386711292465,0.16864205891741815,,,,,,
IDRiD_48_1536_1024,,,,,0.6650412603088424,0.5820748522557112,0.6973749380708921,0.5474339035556985
IDRiD_48_1536_1536,0.7345065034149003,0.6951484431067959,0.4218051831615902,0.4362292050949669,0.8450382669585029,0.8481408186603054,,
IDRiD_48_1536_2048,,,,,0.7559133953495644,0.6792622582045339,,
IDRiD_48_1536_2560,0.8327328872662704,0.8400830736843155,0.0,0.0,0.8202697461955007,0.8021237148120591,,
IDRiD_48_1536_3072,0.6147739684045532,0.49911328344435696,0.0,0.0,0.35641891888881594,0.3053545585665189,0.4841402337188302,0.3193832599083768
IDRiD_48_1536_512,0.2777985773014677,0.22175732216247715,0.7602339176840738,0.6132075465913137,0.6508447304645678,0.4891172913851803,,
IDRiD_48_2048_1024,,,0.5687645686319895,0.4569288387801764,0.7217511946859604,0.6857059167930374,0.7593256467359785,0.637413582752034
IDRiD_48_2048_1536,,,,,0.7506702412365502,0.7766990290184884,,
IDRiD_48_2048_2048,0.0,0.0,0.5881447266675793,0.43458475535442725,0.8201941747254294,0.8971962616060155,,
IDRiD_48_2048_2560,0.7612873703419669,0.740504451027589,0.042666666655288885,0.022535211261257685,0.7534113060061691,0.6539763112813894,,
IDRiD_48_2048_3072,0.13389058884891492,0.9999999998885173,0.0,0.0,,,,
IDRiD_48_2048_512,0.5590577967546553,0.8349334267665209,,,0.5387205386903074,0.36866359444173086,,
IDRiD_48_512_1024,0.0,0.0,0.4264109184645367,0.2922143579225372,0.0,0.0,0.0,0.0
IDRiD_48_512_1536,0.18746372605375905,0.1124260354990454,0.03416370106518408,0.020356234094965543,0.8544073951517198,0.9036312848530983,0.7724879174753931,0.6545843520742385
IDRiD_48_512_2048,0.7177193962706696,0.5597210112851159,0.0,0.0,0.7902921574347559,0.8723049875000248,,
IDRiD_48_512_2560,0.7232168639881489,0.6170619032915488,0.47120088369147545,0.33163038648752485,0.74323744094583,0.698265429580546,,
IDRiD_48_512_3072,0.5890478539665429,0.6441287538096723,0.0,0.0,0.0,0.0,,
IDRiD_48_512_512,,,0.0,0.0,,,,
IDRiD_49_0_1024,0.20991401112266278,0.11726476405432991,0.552474170714928,0.8466666665255556,0.6436388508781867,0.5797905113807829,,
IDRiD_49_0_1536,0.08294930875151309,0.04423812124280513,0.3517060366530955,0.9571428557755103,0.7546927643128934,0.786227644981009,0.0,0.0
IDRiD_49_0_2048,0.0,0.0,0.6771919932146268,0.5643796992215987,0.672340425496152,0.7165532879006176,,
IDRiD_49_0_2560,0.20268620267795337,0.1361399671877452,0.0,0.0,0.38335435054329414,0.2548197820406689,,
IDRiD_49_0_3072,0.5753078623121154,0.5946475195434303,0.0,0.0,0.05769230763683432,0.029702970267620823,,
IDRiD_49_0_512,0.06127450979641244,0.0316455696162474,,,0.8431550316551989,0.8157894735410897,,
IDRiD_49_1024_1024,0.6685393257957486,0.5021097045883851,0.5045351473636884,0.42100283818155126,0.8152834008076536,0.8388003748784817,,
IDRiD_49_1024_1536,0.6281833616032181,0.47193877548010593,0.5146443513567689,0.45724907046198915,0.8285075306255497,0.8479238403854651,,
IDRiD_49_1024_2048,,,0.7001114826421281,0.6826086955037807,0.7969067333166934,0.738954077926424,,
IDRiD_49_1024_2560,,,,,0.6528531491423639,0.8725274724891198,,
IDRiD_49_1024_3072,,,0.0,0.0,0.8037937166091408,0.9237057219449992,,
IDRiD_49_1024_512,0.6245110821246304,0.5183982683795672,,,0.5994631120929421,0.47687776140682064,,
IDRiD_49_1536_1024,0.6415080968050689,0.8229090909016099,0.38790644607028485,0.2910958903860363,0.8338354018455978,0.9117259551801917,,
IDRiD_49_1536_1536,,,,,0.868372374730527,0.8875949536496082,,
IDRiD_49_1536_2048,,,,,0.8606557373521903,0.963302751409814,,
IDRiD_49_1536_512,0.591816029755889,0.5689206761954627,0.4326315789245983,0.365008880962255,0.7414364640747434,0.7472160356070077,,
IDRiD_49_2048_1024,0.707571018463912,0.7801398337038913,0.509090909046832,0.4615384614660065,0.8888623576627981,0.8287877101168073,,
IDRiD_49_2048_1536,0.48992747782071205,0.4355300859286869,0.5746855345686052,0.5455223880189909,0.8661073511497174,0.9082286760798781,,
IDRiD_49_2048_2048,0.2552763819031338,0.27504060637384725,0.47826086930529305,0.3142857140612245,0.10325047799173032,0.05454545453443526,,
IDRiD_49_2048_2560,,,0.7189409367903319,0.5873544092200742,,,,
IDRiD_49_2048_3072,0.45477098529842347,0.6414246918671253,0.0,0.0,0.0,0.0,,
IDRiD_49_2048_512,0.47420606408285376,0.6338839799986983,0.19425173437123372,0.11421911420580197,0.8027853767690951,0.7300807754395471,,
IDRiD_49_512_0,,,,,0.635294116899654,0.48214285628188774,,
IDRiD_49_512_1024,0.6712673124638999,0.6174555951556232,,,0.6081714668316996,0.5012881854802618,0.8878040275457941,0.9647593785479123
IDRiD_49_512_1536,0.7167707703657806,0.8307213284855697,0.5624178711974412,0.41472868214375136,0.6269451671486096,0.843866662258932,0.0,0.0
IDRiD_49_512_2048,,,,,0.7849323581395624,0.8104639684026607,,
IDRiD_49_512_3072,0.38903663034919345,0.9075445266978679,0.6347131444709722,0.8551859098130751,,,,
IDRiD_49_512_512,0.7021042846218025,0.6580072865411373,0.7668393782077785,0.6891117478016395,0.18181818165289257,0.09999999990000001,,
IDRiD_50_0_1024,,,,,0.7133578085085186,0.8201298700766149,,
IDRiD_50_0_1536,,,,,0.3344899375387302,0.2677182848196463,,
IDRiD_50_0_2048,,,,,0.6244283023902042,0.5768609419587815,,
IDRiD_50_0_2560,,,,,,,0.6533516088985487,0.529349550496781
IDRiD_50_0_512,,,,,0.5937234944742638,0.44900577291696586,,
IDRiD_50_1024_1024,0.6884377758042641,0.9065550906133634,,,0.544224765840571,0.5772626930930174,,
IDRiD_50_1024_1536,0.17319556976010408,0.13126760563232373,0.470426409839006,0.3301158300521012,0.530692207222967,0.54065641631371,0.696739347862605,0.5346124328390697
IDRiD_50_1024_2048,,,,,0.5941201058855494,0.6570107858040983,,
IDRiD_50_1024_2560,0.9333886124801909,0.9566572237689333,,,0.4846083937257134,0.43546360666540135,,
IDRiD_50_1024_3072,0.0015775174549338975,0.317647058449827,,,,,,
IDRiD_50_1536_0,,,0.0,0.0,,,,
IDRiD_50_1536_1024,0.7929061784443417,0.6820866141060938,,,0.0,0.0,,
IDRiD_50_1536_1536,,,,,0.5927102803724469,0.5993762404281288,,
IDRiD_50_1536_2048,,,,,0.5016386279112598,0.5863125638107093,,
IDRiD_50_1536_2560,0.0,0.0,0.7323775387854016,0.6160804019481326,0.6751147842015603,0.6932361076100926,,
IDRiD_50_1536_3072,0.3373141100997518,0.6464542651541904,0.7263803680090332,0.7589743587797502,,,0.7929902953264225,0.8469167101569837
IDRiD_50_1536_512,0.0,0.0,,,0.0,0.0,,
IDRiD_50_2048_1024,0.2886989553564831,0.16983240222831164,0.8439999998312,0.8542510117998984,0.0,0.0,,
IDRiD_50_2048_1536,,,,,0.0,0.0,,
IDRiD_50_2048_2048,,,,,0.0,0.0,,
IDRiD_50_2048_2560,,,,,0.32657657653979993,0.32438478739946647,,
IDRiD_50_2048_512,,,,,0.0,0.0,,
IDRiD_50_512_1536,,,0.5397923874809928,0.5545023695368477,0.693106066996616,0.6571199999964953,,
IDRiD_50_512_2048,,,0.7798742135912344,0.9117647052119378,0.4733727810623693,0.44372644049064375,,
IDRiD_50_512_2560,0.7416858397669591,0.7175232699021642,0.48270893368280193,0.5564784052231764,0.3239211507552519,0.21081830789106668,0.7956833731946615,0.9672707600626552
IDRiD_51_0_1024,,,0.7542262678313246,0.99827882943231,0.8192488262430018,0.7537796975427884,,
IDRiD_51_0_1536,0.6655474724740618,0.49874196252449704,0.2791712104384764,0.99999999921875,,,,
IDRiD_51_0_2048,0.0,0.0,0.5995316158899572,0.5300207038788799,,,0.1784464660539382,0.09796388781798064
IDRiD_51_0_3072,,,0.18226002427919077,0.10026737966573966,,,,
IDRiD_51_1024_1024,,,0.5575539568011059,0.5812499999273438,0.7531236535651391,0.6296829970727894,,
IDRiD_51_1024_1536,0.6998610467647092,0.6233498349577826,0.7399103138460456,0.7432432431316452,0.5185672755168748,0.4641594658241932,0.0,0.0
IDRiD_51_1024_2048,,,,,0.0,0.0,,
IDRiD_51_1024_3072,0.524550484089518,0.355602437876751,,,,,,
IDRiD_51_1024_3584,0.8200792997619505,0.7630516497179026,,,,,,
IDRiD_51_1024_512,0.36322869953528125,0.5266579973307337,0.6666666666213151,0.8072487642821666,0.6992469155472001,0.5612139917551129,0.7644084934244842,0.6289517470838258
IDRiD_51_1536_0,,,0.32727272712396693,0.1956521738067108,,,,
IDRiD_51_1536_1024,,,0.49999999998568156,0.5365703748901923,,,,
IDRiD_51_1536_1536,,,0.5707885304403769,0.5723270439737351,0.633004926082389,0.6109350237233807,0.544502617791851,0.3856459330051281
IDRiD_51_1536_512,,,0.5274725274483758,0.3606762679799201,,,,
IDRiD_51_2048_1024,0.5771476230154798,0.42088518760717797,0.4275011017881225,0.33987386122355473,,,,
IDRiD_51_2048_1536,0.0,0.0,0.7246376811302482,0.7036747458402131,0.0,0.0,0.9093559437309362,0.8401418567029981
IDRiD_51_2048_2048,,,,,,,0.8104524180809194,0.6817585301613597
IDRiD_51_2048_2560,,,0.5236270752843388,0.4343220338062877,,,,
IDRiD_51_2048_512,0.0,0.0,0.7734056987263632,0.7599999998986667,0.48979591816743023,0.3243243241490139,0.07870093644073818,0.040962356112817976
IDRiD_51_512_1024,,,0.20588235286548442,0.11475409831362537,,,,
IDRiD_51_512_1536,,,,,0.0,0.0,,
IDRiD_51_512_2048,,,0.3729603728734358,0.2292263609658377,,,,
IDRiD_52_0_2560,,,0.8257839719815708,0.975308641573947,,,,
IDRiD_52_1024_0,,,,,0.5956331877209053,0.4273182956857997,,
IDRiD_52_1024_2560,0.16993464050436444,0.0933014353955381,0.25118934345849764,0.702127659200996,,,,
IDRiD_52_1024_3072,,,0.643617021105421,0.5215517239131243,,,,
IDRiD_52_1536_2048,,,0.7168141591334481,0.947368420498615,0.7469553449598166,0.79083094533214,,
IDRiD_52_1536_2560,,,0.6069469834356587,0.9999999993975904,,,,
IDRiD_52_1536_3072,0.0,0.0,0.0,0.0,,,,
IDRiD_52_2048_2048,0.06710430342326007,0.03487490522859174,0.6480599046750151,0.8880597014096958,,,,
IDRiD_52_2048_2560,,,0.6499535747144869,0.7268951193430016,,,,
IDRiD_52_2048_3072,,,0.5129469789749758,0.35374149653847936,,,0.6500613496852753,0.48154880929864485
IDRiD_52_512_0,0.0,0.0,,,,,,
IDRiD_52_512_2048,,,0.7384403036067329,0.6858974358095004,0.09974293058613147,0.05309250136545744,,
IDRiD_52_512_2560,,,0.8495145629006032,0.925925925436018,,,0.8871722846338111,0.8919745822336556
IDRiD_52_512_512,0.0,0.0,0.288799999988448,0.1845603271889284,,,,
IDRiD_53_0_1024,0.7402237136432205,0.6968828980564711,0.0,0.0,,,,
IDRiD_53_0_1536,,,0.7016229711982993,0.5488281248928071,,,,
IDRiD_53_0_2048,,,0.14325068866577115,0.4406779653547831,,,,
IDRiD_53_0_2560,,,0.7359490985823993,0.7067209775247738,,,,
IDRiD_53_0_3072,,,0.754863813131665,0.6217948716620096,,,,
IDRiD_53_0_512,0.6931901904989665,0.737679211453009,0.33183856500588743,0.24218181816420495,,,,
IDRiD_53_1024_1536,,,,,0.0,0.0,,
IDRiD_53_1024_2048,0.631104703538816,0.7268576172384036,0.38135593212259405,0.2719033231806938,0.5701540095531582,0.4164468580230187,,
IDRiD_53_1024_2560,0.710435508241705,0.7811725027240295,0.44530704137531785,0.3327918310474264,,,,
IDRiD_53_1024_3072,0.7048921620171371,0.6361843546809131,0.5170207320062191,0.3951486697810975,0.7026431717287838,0.6483739836080541,,
IDRiD_53_1536_1536,0.04293381036799038,0.024844720491750575,,,,,,
IDRiD_53_1536_2048,0.7496310870581854,0.7353184449857276,0.2985915492116643,0.9636363618842975,0.6771378708157569,0.513227513182255,,
IDRiD_53_1536_2560,0.5798579857927807,0.8687443811546676,0.6722044728219744,0.7387640448919407,0.5294924553457486,0.373307543448103,,
IDRiD_53_1536_3072,0.7932302143248025,0.920328343780455,0.5230296826753823,0.4534161490280908,0.5735047512256286,0.4239669421137217,0.48694354637746046,0.3255375748135054
IDRiD_53_1536_3584,0.8652329748948884,0.8177506774790735,,,,,,
IDRiD_53_1536_512,,,0.6341176470215225,0.9539823007161093,,,,
IDRiD_53_2048_1024,0.5367286973029649,0.4215384614736095,0.19215686270742022,0.2525773194574344,0.0,0.0,,
IDRiD_53_2048_1536,0.0,0.0,0.8410256409640273,0.8871715609138839,,,,
IDRiD_53_2048_2048,0.0,0.0,0.2258726899229382,0.20345252771843989,0.0,0.0,,
IDRiD_53_2048_2560,0.40793388428403526,0.25848345202101036,0.2746858168514644,0.9999999993464053,0.7464671653577334,0.7253634893820091,,
IDRiD_53_2048_3072,0.29459616501177815,0.3217005075938007,0.4421593829955304,0.46319569111971354,,,,
IDRiD_53_2048_512,,,0.7072847681182405,0.5754310343587433,,,,
IDRiD_53_512_0,,,0.8982630271838383,0.9602122013368137,,,,
IDRiD_53_512_1536,,,0.4434845212223368,0.3344191096452541,,,,
IDRiD_53_512_2560,0.6822069065035102,0.6952268882790672,0.32284825439603015,0.2742219612287597,,,,
IDRiD_53_512_3072,,,,,0.8631578944339796,0.9919354830710199,,
IDRiD_53_512_512,0.0,0.0,0.021582733809067854,0.015957446804266636,,,,
IDRiD_54_0_1536,,,0.7605381165237185,0.8514056223189949,,,,
IDRiD_54_0_2048,,,0.7283236993167163,0.6702127657791986,,,,
IDRiD_54_0_2560,0.555012224927567,0.4099939795180616,0.2839999999716,0.4152046782411682,0.8130112972182897,0.8507949449306648,,
IDRiD_54_0_3072,0.0,0.0,0.43879907617869135,0.3246013667056263,,,,
IDRiD_54_1024_0,0.0,0.0,0.3770250367633248,0.2323049001393276,,,,
IDRiD_54_1024_1024,,,0.0,0.0,,,,
IDRiD_54_1024_1536,,,0.0,0.0,,,,
IDRiD_54_1024_2048,0.5202483801225668,0.36503125591276697,0.4039194338375656,0.2717948717749601,0.7381590705327828,0.9538106233363024,,
IDRiD_54_1024_2560,0.40501263689548217,0.5077898072218698,0.2895622895547899,0.2902388369527394,0.7265569076332657,0.8849171751626053,,
IDRiD_54_1024_3072,0.6827386692217277,0.6504363803100397,0.5704008221847277,0.47354948803440494,0.40196078421520565,0.26366559477052554,,
IDRiD_54_1024_3584,0.19324732362906266,0.11682708263800774,0.0,0.0,,,,
IDRiD_54_1024_512,0.0,0.0,,,,,,
IDRiD_54_1536_0,0.0,0.0,0.5877813504445156,0.5228832951346816,,,,
IDRiD_54_1536_1536,,,0.0,0.0,,,,
IDRiD_54_1536_2048,,,0.5876288659361097,0.615740740645719,,,,
IDRiD_54_1536_2560,0.005489478499040304,0.003931847968029902,0.723771580321256,0.7796852646080339,0.0,0.0,,
IDRiD_54_1536_512,0.5018703241738819,0.3363978269813457,0.0,0.0,,,,
IDRiD_54_2048_0,,,,,,,0.9031991743879629,0.9124270224807162
IDRiD_54_2048_1024,,,,,,,0.41127016586204795,0.2707149267044357
IDRiD_54_2048_1536,,,0.7444141688967622,0.7522026430889645,,,,
IDRiD_54_2048_2048,0.007640878700320833,0.003835091083045533,0.605052372113059,0.9899193546391292,,,,
IDRiD_54_2048_2560,0.6304347825906627,0.6943919344237938,0.5477410339754196,0.4182076813358316,,,,
IDRiD_54_2048_3072,0.22652116401741865,0.7032854208723527,0.3828054298469319,0.2415762421335479,,,,
IDRiD_54_2048_512,,,,,,,0.72294523538858,0.7702400893283989
IDRiD_54_512_0,0.4956369982259664,0.4119922630162483,,,,,,
IDRiD_54_512_1024,,,0.0,0.0,,,,
IDRiD_54_512_1536,,,0.5106658047669468,0.5675287355914131,0.7228915661779649,0.821917807993995,,
IDRiD_54_512_2048,,,0.5889967637159225,0.9999999997802197,,,,
IDRiD_54_512_2560,0.3427163056123659,0.7250274423312278,0.472768878707717,0.3570687867142389,0.7308402585326541,0.734059819134383,,
IDRiD_54_512_3072,0.7609257822552306,0.6415567426071999,0.43653705060761056,0.32336956519981686,,,,
IDRiD_54_512_512,0.7435768261590138,0.5918203688378653,,,,,,
IDRiD_55_0_1024,,,,,0.809106829980892,0.9239999996304,,
IDRiD_55_0_1536,,,,,0.7976712328712487,0.7075334143291915,,
IDRiD_55_0_2048,,,0.42162162139371806,0.31451612877861607,0.8132808220943291,0.724893063042938,,
IDRiD_55_1024_1024,,,0.8264277714640059,0.9946091641523964,0.8282267534941063,0.7481195756955249,,
IDRiD_55_1024_1536,0.0,0.0,0.0,0.0,0.7759533315314582,0.6475932792186131,,
IDRiD_55_1024_2048,,,0.3677221654374135,0.23936170209582958,0.8613829269605467,0.8031049560835174,,
IDRiD_55_1024_2560,,,0.7094972066708801,0.7114845937711032,0.8601511420555075,0.8298808604245257,,
IDRiD_55_1536_1024,,,0.2695252679525995,0.18069815191361432,0.6619633485273856,0.5363167433356153,,
IDRiD_55_1536_1536,,,0.7732864674528434,0.6837606837075555,0.7696301103150375,0.7649290537919042,,
IDRiD_55_1536_2048,0.453407510428288,0.3582775502012361,0.47065727698609827,0.476058567452471,0.7022491826497725,0.7041074249549438,0.0,0.0
IDRiD_55_1536_2560,0.40670849182332974,0.2581120481541897,0.11999999997,0.06539509535002858,0.7415869554433989,0.6160148209126883,0.0,0.0
IDRiD_55_1536_3072,,,,,0.8028731045277235,0.6957123097881184,,
IDRiD_55_1536_512,,,,,0.604395604358706,0.4691943127517351,,
IDRiD_55_2048_1024,,,,,0.9180327868060368,0.9449378328694604,,
IDRiD_55_2048_1536,,,0.35438596488119417,0.9950738911354317,0.5753523671638832,0.4191679831269527,,
IDRiD_55_2048_2048,,,0.0,0.0,0.8306652959257551,0.7585836909769503,,
IDRiD_55_2048_2560,,,,,0.7491160333235151,0.625322296101063,,
IDRiD_55_512_1024,0.46638297871017353,0.38718794157384895,0.5143139190269341,0.34664005320381636,0.7973059425632689,0.6874119016955096,,
IDRiD_55_512_1536,0.42446229592608886,0.27146171693285615,0.4776699028662456,0.9959514166008294,0.8623265606366446,0.8001482823946429,,
IDRiD_55_512_2048,0.7869325699433176,0.9798314629158915,0.5192307691752959,0.43470482997590254,0.8368113522525921,0.7977453580880697,,
IDRiD_55_512_2560,,,,,0.13333333327407407,0.07142857139455783,,
IDRiD_56_0_1024,,,0.0,0.0,,,,
IDRiD_56_0_1536,,,0.3927392738625843,0.2686230247700625,,,,
IDRiD_56_0_2048,0.5761386811643767,0.42523833416425943,0.5572254334938019,0.6836879431654344,,,,
IDRiD_56_0_2560,0.5375489688806683,0.3739266800340019,,,,,,
IDRiD_56_0_3072,0.6649508074197146,0.6642614248928899,,,,,0.871206527705134,0.9498431307754712
IDRiD_56_0_512,,,0.7277353687715685,0.9999999993006994,,,,
IDRiD_56_1024_0,0.0,0.0,,,,,,
IDRiD_56_1024_1024,,,0.0,0.0,,,,
IDRiD_56_1024_1536,,,0.7196110209530615,0.5692307690848126,,,,
IDRiD_56_1024_2048,,,,,0.6682695920003886,0.83921494620043,,
IDRiD_56_1024_2560,0.0,0.0,0.7559808611837335,0.9895615864322418,0.236036911116172,0.9292543019255729,,
IDRiD_56_1024_3072,0.12803878234741542,0.07791081034115989,0.0,0.0,,,,
IDRiD_56_1536_1024,0.0,0.0,,,,,,
IDRiD_56_1536_1536,,,0.4999999999439462,0.694704049627818,,,,
IDRiD_56_1536_2048,0.4985551186673999,0.5113205713680757,,,0.7287449392466686,0.683544303754206,,
IDRiD_56_1536_2560,0.45883605393082266,0.3661852166421358,0.4320785596674176,0.4429530199855862,,,0.0,0.0
IDRiD_56_1536_512,0.0,0.0,,,,,,
IDRiD_56_2048_1024,0.73622939770697,0.6671602013596862,,,0.4771573603253541,0.3286713285947153,,
IDRiD_56_2048_1536,,,0.6582278480318325,0.8210526313628809,,,,
IDRiD_56_2048_2048,0.5347475067236446,0.3826894754686452,0.0,0.0,,,,
IDRiD_56_2048_2560,0.6065723692214163,0.4601331976669127,,,,,0.7449249779292076,0.9999999999802528
IDRiD_56_2048_3072,,,0.8337349396920695,0.7911585364647624,,,,
IDRiD_56_2048_512,0.04596704249683506,0.03035509736453737,,,,,,
IDRiD_56_512_1024,0.7351387796340311,0.8635163674648427,0.6428226195919371,0.7220412594221454,,,,
IDRiD_56_512_1536,,,0.06023271731278352,0.0541871921115533,0.6739427011358878,0.6621983912433784,,
IDRiD_56_512_2048,,,,,0.7399020807758068,0.9469973890092168,,
IDRiD_56_512_2560,0.5113244175986231,0.38289452430638915,0.6695121950811272,0.5435643563818253,,,,
IDRiD_56_512_3072,0.4045538787370628,0.30778527545263584,0.32251197443733304,0.26625659048626915,0.6650641025108122,0.9002169195444214,0.9245915088503295,0.9243387328212402
IDRiD_57_0_1024,,,,,0.6138828632739823,0.5089928056638503,,
IDRiD_57_0_1536,0.6087450311976862,0.4926470587782493,,,0.2873345935184623,0.1822541965989798,,
IDRiD_57_0_2048,,,,,0.22691705788521774,0.12866015970464417,,
IDRiD_57_0_512,,,,,0.5063480208733123,0.6324626864491675,,
IDRiD_57_1024_0,,,,,0.04020100502406239,0.020512820512266862,,
IDRiD_57_1024_1024,,,0.4307116104062338,0.28606965167013193,0.7095115681171038,0.615787044151165,,
IDRiD_57_1024_1536,,,0.0,0.0,0.6841910403427585,0.5965138799032759,,
IDRiD_57_1024_2048,,,,,0.5993883791437933,0.7656249998006185,,
IDRiD_57_1024_512,,,,,0.49564689207338236,0.35737226276328843,,
IDRiD_57_1536_0,0.36116504850862474,0.25271739127001125,,,0.1469194312448058,0.08244680848871096,,
IDRiD_57_1536_1024,,,,,0.7249425490478615,0.6082764758141757,,
IDRiD_57_1536_1536,,,,,0.7100702576001551,0.6145945945779839,,
IDRiD_57_1536_2048,,,,,0.7247191010896668,0.5926493108275154,,
IDRiD_57_1536_512,,,0.7376146787637404,0.7416974167004806,0.4702158273245981,0.31864274569740086,,
IDRiD_57_2048_1024,,,,,0.4736842104764543,0.32608695647448016,,
IDRiD_57_2048_1536,,,,,0.6951871657340946,0.5957230141959549,,
IDRiD_57_2048_512,,,0.035982008990107645,0.01832061068422586,0.0,0.0,,
IDRiD_57_512_0,,,,,0.28043282234984523,0.16368421051770082,,
IDRiD_57_512_1024,,,0.0,0.0,0.4694533761554712,0.31556195960870864,,
IDRiD_57_512_1536,0.0,0.0,,,0.614412136458355,0.5547945204212797,,
IDRiD_57_512_512,,,0.06837606836438016,0.048192771072724634,0.6803113288936203,0.5468025949700277,,
IDRiD_58_0_1536,0.0,0.0,0.7481751824134876,0.5976676383968414,,,,
IDRiD_58_0_2048,,,0.3992322456047539,0.25806451606499636,0.8018185191983501,0.8571711961742279,,
IDRiD_58_0_2560,,,0.6103806227951294,0.5519399248370539,0.8149420351732528,0.7823577905373159,,
IDRiD_58_0_3072,,,0.03496503495280943,0.034965034940583894,,,,
IDRiD_58_0_512,,,0.368217054192206,0.22781774574872474,,,,
IDRiD_58_1024_0,,,,,0.8421250234495565,0.8939816659667604,,
IDRiD_58_1024_1024,,,0.7899891185212199,0.8746987949699521,,,,
IDRiD_58_1024_1536,0.8270893371638748,0.8896466211751505,0.5584795320820937,0.46813725478722124,0.8087561011565041,0.7162693214378761,,
IDRiD_58_1024_2048,,,,,0.768131868123427,0.7548596112147978,,
IDRiD_58_1024_2560,0.0,0.0,0.7233661592906565,0.8938053095367687,0.8542934852887671,0.963763880743315,,
IDRiD_58_1024_3584,,,,,0.8679245281381275,0.8984374996490477,,
IDRiD_58_1536_0,,,,,0.10378854625459216,0.05473469008405599,,
IDRiD_58_1536_1536,0.0,0.0,,,,,,
IDRiD_58_1536_2048,0.5195800226941036,0.35096798925913425,,,0.0,0.0,,
IDRiD_58_1536_2560,0.1807888515604032,0.09974600123498492,0.8543209874433775,0.7587719294917668,,,,
IDRiD_58_1536_3072,0.27909024210889083,0.16778405080861356,,,,,,
IDRiD_58_1536_512,,,0.0,0.0,0.6709290709156658,0.5343730108041257,,
IDRiD_58_2048_1024,,,,,0.740031897867621,0.598709677342102,,
IDRiD_58_2048_1536,0.017894422904327634,0.018404907974330986,,,,,,
IDRiD_58_2048_2048,,,0.7326732672360553,0.7609254496758546,,,,
IDRiD_58_2048_2560,0.8173636844747245,0.692376681593651,,,,,,
IDRiD_58_2048_3072,0.4228297197667081,0.31689145792784984,,,0.5248995282102936,0.3558398483687316,,
IDRiD_58_512_1024,0.16718191186174952,0.09207451425457652,,,,,,
IDRiD_58_512_1536,0.6666666666402431,0.5387572068841283,0.4887573964207836,0.7011884548894417,0.7610059370427887,0.7652923284850439,,
IDRiD_58_512_2048,,,,,0.6660314435410193,0.6012615884488075,,
IDRiD_58_512_2560,0.9031818181766864,0.8584080354157207,0.25102880656714477,0.14781906299290637,0.6891734574285013,0.5257548844536848,,
IDRiD_58_512_3072,,,0.5372168283920361,0.7980769226932323,0.8824561402734687,0.921245421076695,,
IDRiD_58_512_512,0.644691108861479,0.4791666666586806,,,,,,
IDRiD_59_0_1024,,,0.0,0.0,,,,
IDRiD_59_0_1536,0.6249999999932064,0.45454545453826806,0.26915520626039735,0.1563926940460739,0.4837545124607384,0.9710144913463559,0.8931545366040522,0.9352281734744919
IDRiD_59_0_2048,,,,,,,0.9329454440955842,0.8887672357720985
IDRiD_59_1024_1024,0.10528622775442585,0.7102306327196788,0.29595494110107756,0.18325935319066206,0.6859716859275437,0.8839137643641934,0.0,0.0
IDRiD_59_1024_1536,,,0.6339869278973899,0.5271739127569707,0.8331798043583954,0.7981007605328034,,
IDRiD_59_1024_2048,0.7234826999381488,0.9342611243190944,,,0.8108215975802189,0.831540170735402,,
IDRiD_59_1024_512,0.0,0.0,0.0,0.0,,,,
IDRiD_59_1536_0,,,0.06942889136960483,0.03803680981128383,,,,
IDRiD_59_1536_1024,0.0,0.0,,,0.7717378085762892,0.7627403845970495,,
IDRiD_59_1536_1536,,,0.7441860464648531,0.5949748743120629,0.7930499534533583,0.8692399251680116,,
IDRiD_59_1536_2048,0.6385887541298155,0.8294825281491411,0.0,0.0,0.8077581289103286,0.8665850672929442,,
IDRiD_59_1536_2560,,,,,0.0,0.0,,
IDRiD_59_1536_3072,,,,,0.38536221057614917,0.24478178365799033,,
IDRiD_59_1536_512,0.8515266610742083,0.7752728252536252,0.4473007711507326,0.31071428565880105,,,,
IDRiD_59_2048_1024,0.4927406745533533,0.3517219387699024,,,,,,
IDRiD_59_2048_1536,,,0.7248618783729435,0.8159203978069849,,,,
IDRiD_59_2048_2048,0.48300355147219665,0.41463414630534545,0.6972647194855233,0.8165038001285012,,,0.0,0.0
IDRiD_59_2048_2560,,,,,0.6586562040161954,0.8319223621550295,0.8370390586106548,0.7482563646257333
IDRiD_59_2048_3072,,,,,0.5102016747197758,0.34983017951884476,,
IDRiD_59_2048_512,,,0.2630312750390512,0.15648854960338848,,,,
IDRiD_59_512_1024,0.31339569209376644,0.23729694606579213,0.5557501459265689,0.4563758389042965,0.6964938271536149,0.8537530266137107,0.8800520427530616,0.7997003065660361
IDRiD_59_512_1536,0.743800975446765,0.8117731257755253,0.0,0.0,0.8257355490921984,0.856463036737182,0.0,0.0
IDRiD_59_512_512,0.0007736943906857372,0.00038789759501986433,0.2052238805587269,0.37414965960942204,,,0.5525904800687425,0.9889415481712365
IDRiD_60_0_1536,,,0.5479704796542463,0.8735294115077854,,,,
IDRiD_60_0_512,,,,,,,0.7474633596251886,0.5996382272957601
IDRiD_60_1024_0,,,,,0.565749235456705,0.41931097006258794,,
IDRiD_60_1024_1024,,,,,0.7921364556001117,0.788262370495497,,
IDRiD_60_1024_1536,0.0,0.0,0.353801169538918,0.2216117215711334,0.8448602966503757,0.8543646986931684,,
IDRiD_60_1024_2048,0.3646759847290549,0.2625800548707612,0.29459459455478454,0.25586854454087593,0.724590163815641,0.675840978386593,0.8291666666522715,0.7427682736938486
IDRiD_60_1024_2560,0.8683029530673815,0.9530527851988195,0.7473550570991386,0.7273476111427225,0.546057479714589,0.5626423689777796,0.17292983038999238,0.09471766848470975
IDRiD_60_1024_3072,,,,,0.0,0.0,,
IDRiD_60_1536_1024,,,0.0,0.0,0.9264367815559519,0.8906077347082202,,
IDRiD_60_1536_1536,0.33675392669451826,0.22106131426392464,,,0.6696195343478748,0.7958963282722491,,
IDRiD_60_1536_2048,,,0.09718670075483546,0.05107526881033935,0.5679691799357199,0.6843501325352321,,
IDRiD_60_1536_2560,0.7696693272373685,0.7002074688554563,0.5642701524439793,0.4059561127890351,0.7348510437023924,0.7669204737624518,,
IDRiD_60_1536_3072,,,0.769716088085263,0.841379309764566,,,,
IDRiD_60_1536_512,,,,,0.5709459459137981,0.7031900137720958,,
IDRiD_60_2048_0,,,,,0.0,0.0,,
IDRiD_60_2048_1024,0.23678516228016122,0.24709677417760664,,,0.7398119122205516,0.704711347037761,,
IDRiD_60_2048_1536,,,0.0,0.0,,,,
IDRiD_60_2048_2048,,,0.0,0.0,0.5978542796475014,0.6892755199036391,0.0,0.0
IDRiD_60_2048_2560,0.6540829443181987,0.5362174154157725,0.13564078577475955,0.07688229055795957,0.772537313417462,0.8176074136134117,0.8054493897151848,0.7156707016447627
IDRiD_60_2048_512,0.4185803757610344,0.5147625159801332,0.8537549405427362,0.8780487801308745,0.17490494294361156,0.09583333332002315,,
IDRiD_60_512_0,,,,,0.25414364626842895,0.1455696201610319,,
IDRiD_60_512_1024,,,0.33972992179532835,0.2652608212802152,,,,
IDRiD_60_512_1536,,,0.5330578511846015,0.3885542168089527,0.6989414255370651,0.656067832521037,,
IDRiD_60_512_2048,0.1744578313168936,0.1652968036378724,0.169847328228068,0.09280500520408708,,,0.9610810310496527,0.9846854108340776
IDRiD_60_512_2560,0.22394571012002204,0.12609170304988582,,,0.19999999983333333,0.11111111100823046,0.9304937527914608,0.962068549841435
IDRiD_60_512_3072,,,,,,,0.8412385895754318,0.7632348164864691
IDRiD_61_0_1024,0.7930063214375489,0.7345205780933768,,,,,,
IDRiD_61_0_1536,0.005794302269409621,0.0029081295439395984,0.39534883718840647,0.3229706390049248,,,,
IDRiD_61_0_2048,0.744162321464837,0.6141828047468034,0.6168999481276879,0.7687338500298794,,,,
IDRiD_61_0_2560,,,0.6139240504386316,0.8660714277981506,,,,
IDRiD_61_0_512,0.7306703945054156,0.5756348795005972,,,,,,
IDRiD_61_1024_0,0.14710129977254968,0.0802536299850664,0.0,0.0,,,,
IDRiD_61_1024_1024,0.6683648776005956,0.5283527990323633,0.9027576196077275,0.956923076628639,0.414835164778182,0.28171641785788876,,
IDRiD_61_1024_1536,0.6167886146151934,0.6684384803009024,0.12579957354735613,0.09609120519607636,0.7315634218252509,0.6359527120946109,,
IDRiD_61_1024_2048,0.058466629891976464,0.04233226836722585,0.32474226802728773,0.25183211190860544,0.7535517200848094,0.8386253756587139,,
IDRiD_61_1024_2560,0.7180297995478667,0.7077500132035092,0.573315719928226,0.4974212034098899,,,,
IDRiD_61_1024_3072,0.21902529701592963,0.5683724831976354,0.7554479418276474,0.7999999998632479,,,,
IDRiD_61_1536_0,0.0,0.0,,,,,,
IDRiD_61_1536_1024,0.23738317756878843,0.5188656572814501,,,0.0,0.0,,
IDRiD_61_1536_1536,0.009491525423621564,0.005933879626929445,0.0,0.0,0.6139737990998265,0.6708015266535494,,
IDRiD_61_1536_2048,0.5236172080726635,0.41159420289286963,0.7378410438033404,0.9841772148784249,0.7761822102952176,0.8764552150050313,,
IDRiD_61_1536_2560,0.0,0.0,0.13613159386635668,0.0735294117602004,,,,
IDRiD_61_1536_512,0.30722908517796316,0.18957494096336444,0.0,0.0,,,,
IDRiD_61_2048_1024,0.8146370859741635,0.7206073010373604,,,,,,
IDRiD_61_2048_1536,0.7157686757453406,0.6534175685112911,,,,,,
IDRiD_61_2048_2048,0.7739014815747918,0.783485462282981,,,,,,
IDRiD_61_2048_2560,0.6577550816027948,0.6614641022992501,0.1343761109088384,0.07822847681795413,,,,
IDRiD_61_2048_512,0.7200816702879534,0.5936846678053985,,,,,,
IDRiD_61_512_0,0.4263021327737086,0.2900947459062007,,,,,,
IDRiD_61_512_1024,0.5316303872140759,0.4034837376361672,,,0.0,0.0,,
IDRiD_61_512_1536,0.561989079802073,0.5858254550094165,0.4059976931715111,0.3188405796812644,0.8197315922807498,0.8042704625762085,,
IDRiD_61_512_2048,0.6437416352163163,0.5271628586652044,0.1777188328794616,0.09795321636710867,0.7724349157496958,0.6997780243784807,,
IDRiD_61_512_2560,0.7387616276681238,0.6478832746343018,0.0,0.0,,,,
IDRiD_61_512_3072,0.0,0.0,,,,,,
IDRiD_61_512_512,0.8309742412623343,0.8197886526555554,,,,,,
IDRiD_62_0_1024,0.7285961016441082,0.7940306533801014,0.30338733427048786,0.19470699429211588,0.7655786347876621,0.6615384611992111,,
IDRiD_62_0_1536,,,,,0.0,0.0,,
IDRiD_62_0_512,0.22620113398310351,0.12752355315856248,,,0.6543001685972849,0.5459662288418418,,
IDRiD_62_1024_0,,,0.7546296294549468,0.8358974354687706,,,,
IDRiD_62_1024_2048,,,0.6198473281496416,0.8529411761122097,,,,
IDRiD_62_1024_2560,,,,,0.7898734175215509,0.9999999993589744,,
IDRiD_62_1024_3072,0.0,0.0,0.37301587298626854,0.27777777774494355,,,,
IDRiD_62_1536_0,,,0.29801324493443265,0.17509727619646018,,,,
IDRiD_62_1536_1024,,,0.32116788297724974,0.1964285712531888,,,,
IDRiD_62_1536_2560,,,,,0.8293429844040273,0.8447469161938927,,
IDRiD_62_1536_3072,,,0.7963917524746918,0.9872204469689391,,,,
IDRiD_62_2048_2048,,,,,0.7931839402335061,0.8762248581517219,,
IDRiD_62_2048_2560,,,,,0.7702138646224661,0.8380466335759994,,
IDRiD_62_2048_512,,,,,0.07968127486865288,0.041493775916392625,,
IDRiD_62_512_1536,,,0.4710947109181368,0.5965732086298173,0.45794392518014676,0.29878048775933225,,
IDRiD_62_512_512,,,,,0.20150375936819492,0.11413969333660312,,
IDRiD_63_0_1024,,,,,0.6113432835747898,0.45722450436761525,,
IDRiD_63_0_1536,,,,,0.5067238354997715,0.3496503496409454,,
IDRiD_63_0_2560,0.612573884991602,0.6437041219286446,0.7424849699026811,0.8874251495943204,,,,
IDRiD_63_0_3072,,,0.6375838924034953,0.5080213901026623,,,,
IDRiD_63_1024_1024,,,,,0.8061129757851452,0.9519311856813639,,
IDRiD_63_1024_1536,,,,,0.8616038950088891,0.8434315766314952,,
IDRiD_63_1024_3072,0.7717093235743634,0.9354570636859985,,,,,,
IDRiD_63_1024_3584,0.8230203374806137,0.9743852458018049,,,,,,
IDRiD_63_1024_512,0.5491168267698394,0.7136528392929188,,,,,,
IDRiD_63_1536_1536,,,0.5346912794058121,0.36490008684927017,0.5396236416501557,0.9990186456330699,,
IDRiD_63_1536_2048,,,,,0.44333333325944446,0.796407185151852,,
IDRiD_63_1536_2560,,,,,0.055555555478395066,0.028571428530612248,,
IDRiD_63_1536_3072,,,,,0.7212863705788339,0.6744630071277107,,
IDRiD_63_1536_512,0.0,0.0,,,,,,
IDRiD_63_2048_1536,,,,,0.0,0.0,,
IDRiD_63_2048_2048,,,,,0.7231858406951649,0.709867963839129,,
IDRiD_63_512_1024,,,,,0.7714597856602553,0.6833325653164216,,
IDRiD_63_512_1536,,,,,0.8037921861133955,0.7668897902287632,,
IDRiD_64_0_1024,,,0.4569160997602915,0.3283095722880526,0.7595356549320836,0.9999999995633188,0.7732219542303276,0.6304076738578878
IDRiD_64_0_1536,0.6589784335951919,0.5173224978577322,0.45121107263313415,0.4992343031394741,0.5066603234893754,0.9466666665825184,,
IDRiD_64_0_2048,0.0,0.0,,,0.8546683987846685,0.9480490688667746,,
IDRiD_64_0_2560,,,,,0.6560077519062012,0.5171886936197716,,
IDRiD_64_0_3072,,,,,0.6832669322028618,0.6596153844885355,,
IDRiD_64_0_512,,,0.847009735685187,0.9383667178831485,0.09668874171545107,0.05080027835415447,,
IDRiD_64_1024_1536,,,0.7973856207413103,0.9999999994535519,0.44797687854798024,0.5166666664944444,,
IDRiD_64_1024_2048,,,0.8390804596897432,0.7684210524967683,0.20877659573079943,0.17640449436220174,,
IDRiD_64_1024_2560,,,0.0,0.0,0.7646622909127426,0.7598358931121414,,
IDRiD_64_1024_3072,,,0.4862385318870466,0.32515337403364825,0.7032700847705118,0.7317278073163896,,
IDRiD_64_1536_0,,,0.7639612806579329,0.6302211301437075,,,,
IDRiD_64_1536_2048,0.0,0.0,0.0691785052458815,0.055832502486955884,0.44136460549665624,0.31554878043970297,,
IDRiD_64_1536_2560,0.0,0.0,,,0.6811454929717251,0.5775749673866502,,
IDRiD_64_1536_3072,,,0.0,0.0,0.838368579997102,0.7634112791247027,,
IDRiD_64_2048_1536,,,0.801223241467703,0.775147928764749,0.8047197639959741,0.7234794907806408,,
IDRiD_64_2048_2560,0.35209235208670686,0.26093155892916037,0.2427440633031887,0.14743589742014573,0.31055900601828634,0.18382352927660037,0.8541044408676466,0.8666489042771821
IDRiD_64_2048_3072,0.4042643923068544,0.3825665859255394,0.6567164178559937,0.5409836064834722,0.7863436122482,0.6891891890561411,,
IDRiD_64_512_1024,,,0.3555956678379426,0.6588628760338251,,,,
IDRiD_64_512_1536,,,,,0.7320209275484082,0.8931082981619267,,
IDRiD_64_512_2048,,,0.1479198767106441,0.08053691273816495,0.73020051774503,0.7344867155023878,,
IDRiD_64_512_2560,,,0.6366336633348201,0.5119426751184759,0.8245693562947675,0.8603184612823535,,
IDRiD_64_512_3072,,,0.2023939063979985,0.11259079901784616,0.5519650654539768,0.38442822379751485,,
IDRiD_65_0_1024,,,0.6183368868617618,0.9931506842512667,0.0,0.0,,
IDRiD_65_0_1536,,,0.7707006369017675,0.9041095889285045,,,,
IDRiD_65_0_2048,0.8088626292227811,0.9533426183180123,0.0,0.0,0.7251160391829962,0.7955488494607489,,
IDRiD_65_0_2560,0.8543491545965707,0.9858956275982185,0.6049170954485468,0.6808236807360588,0.8094761427824666,0.7207367795174844,,
IDRiD_65_0_3072,0.5911163654688208,0.5739586749565773,0.3388888888653549,0.3019801979824282,0.0,0.0,,
IDRiD_65_0_3584,0.839842035943842,0.9345703124087333,0.0,0.0,,,,
IDRiD_65_0_512,,,0.7876344084962857,0.951298700989838,0.23584905649252402,0.13368983950070062,,
IDRiD_65_1024_1024,,,0.7133757961215464,0.8484848483241506,0.5688938175611619,0.4476439790380609,,
IDRiD_65_1024_1536,0.37661658069539794,0.8250900753087098,0.24983860554390452,0.14703647415854726,0.5225225224863116,0.7987288133900998,,
IDRiD_65_1024_2048,0.6927875670275496,0.7950263752626219,0.48527048738697,0.45619335342837936,0.8803013256349843,0.8886474741944168,,
IDRiD_65_1024_2560,0.6560791460522984,0.600285850399235,0.7185391027900541,0.7251602563521505,0.6124893070738885,0.6167097329356839,,
IDRiD_65_1024_3072,0.7997875730005367,0.7537537537160283,0.5787781350249688,0.7563025209289599,0.7444897958981092,0.6266605588352423,,
IDRiD_65_1024_3584,0.7462577582991397,0.9112795363149514,0.35051546382718674,0.2377622376791041,,,,
IDRiD_65_1536_1024,,,0.5604606525553127,0.9240506327164449,0.7284170972219031,0.7600470495832181,,
IDRiD_65_1536_1536,,,0.756183745544867,0.8027867094530775,0.7618129218778237,0.9397303726828021,,
IDRiD_65_1536_2048,0.8368298367810705,0.9276485786915183,0.8133971289920102,0.9604519768585017,0.7934963512892909,0.8959236773374987,,
IDRiD_65_1536_2560,,,0.3150684930427847,0.23469387743127865,0.0,0.0,,
IDRiD_65_1536_3072,0.4391437308599912,0.3597194388417115,0.05074971164351215,0.12154696125881384,0.604761904725907,0.6623207300309882,,
IDRiD_65_1536_3584,0.47146401983941777,0.9547738692507766,0.230179028074123,0.14285714281179138,,,,
IDRiD_65_1536_512,,,,,0.7736100026397018,0.6826291079491724,,
IDRiD_65_2048_1536,,,0.6554621847821482,0.9999999995726496,,,,
IDRiD_65_2048_2048,,,,,0.5361155697373812,0.9999999994011977,,
IDRiD_65_2048_2560,0.7801264679242987,0.9829273844529268,,,,,,
IDRiD_65_2048_3072,,,0.7082228115771588,0.5505154638040174,0.7872340424485061,0.7081339711224559,,
IDRiD_65_512_1024,,,0.0,0.0,,,,
IDRiD_65_512_1536,,,,,0.7540400447161599,0.9172848664575014,,
IDRiD_65_512_2048,0.0,0.0,,,0.7768553204374969,0.8799311926504594,,
IDRiD_65_512_2560,0.0,0.0,0.4180478821266564,0.39443961770658387,0.7446255610619369,0.7190874524605462,,
IDRiD_65_512_3072,,,0.7540983606193782,0.9923857866760932,0.5085114088913977,0.7112462005358413,,
IDRiD_65_512_3584,0.8801766979407293,0.9900621117602459,0.764285714012755,0.8699186984797409,,,,
IDRiD_66_0_1024,,,0.0,0.0,0.6851514045843643,0.5460889793385842,,
IDRiD_66_0_1536,,,0.6781829814025474,0.9265734264114383,0.6098967413087046,0.44614479104480786,,
IDRiD_66_0_2048,,,0.8764241892308129,0.9578544059467713,0.387134848026346,0.2584712371844574,,
IDRiD_66_0_2560,,,,,0.6937172773961103,0.5353535352453831,,
IDRiD_66_0_512,,,0.7671232875661476,0.9688581311526442,,,,
IDRiD_66_1024_0,,,,,0.544771808187615,0.3820907617349234,,
IDRiD_66_1024_1024,,,0.34374999993286137,0.28478964392078004,0.9130453193655638,0.8871727350984407,,
IDRiD_66_1024_1536,0.4653661294751098,0.9438073393413066,0.6262626262475647,0.6760124610240907,0.7911185048111644,0.8673416213769547,,
IDRiD_66_1024_2048,,,0.4525547444842559,0.7630769228421301,0.8532106298393632,0.7993248851742578,,
IDRiD_66_1024_2560,,,,,0.5833104164739105,0.41956043955859534,,
IDRiD_66_1024_512,0.4986282578704174,0.3321151210446727,0.5223880596040321,0.4281345564439955,0.783253056680407,0.6863636363524941,,
IDRiD_66_1536_1024,0.45386634362095973,0.4901875272354912,0.5091931646007096,0.4857614527244837,0.8295376218537118,0.7322588255736999,,
IDRiD_66_1536_1536,,,0.40282685498133325,0.25333333322074075,0.912257341088719,0.8891460924863659,,
IDRiD_66_1536_2048,,,,,0.8808712138892856,0.8216650404223208,,
IDRiD_66_1536_2560,,,0.7357065802874103,0.9266304345308068,0.8119475769334975,0.7521174477271532,,
IDRiD_66_1536_512,,,,,0.5761102366253552,0.4131537066493462,,
IDRiD_66_2048_1024,,,,,0.8254124705369345,0.7319538657380305,,
IDRiD_66_2048_1536,,,,,0.8372332042864187,0.762068105271535,,
IDRiD_66_2048_512,,,,,0.802306952874005,0.8072211475946344,,
IDRiD_66_512_0,,,,,0.0,0.0,,
IDRiD_66_512_1024,0.38404476283165595,0.24097026437448282,0.0,0.0,0.7875357710643481,0.7463388175721763,,
IDRiD_66_512_1536,,,0.435686918421692,0.44173140949592327,0.8905772378562671,0.8672652198954607,,
IDRiD_66_512_2048,,,0.7211611916943345,0.7433070864971171,0.7205785806553288,0.5738838570382805,,
IDRiD_66_512_2560,,,,,0.7828457586160967,0.7014280345602889,,
IDRiD_66_512_512,,,,,0.8268150146053787,0.7842447500182896,,
IDRiD_67_0_1024,0.8345906992450276,0.7854729519121477,0.0,0.0,0.0,0.0,,
IDRiD_67_0_1536,0.3585995520410397,0.23640037301466585,0.2255017709430046,0.3730468749271393,0.30082520629029164,0.26662234040780436,0.798643036045786,0.8995143550857054
IDRiD_67_0_2048,0.6627143571927544,0.8134445023419435,0.0,0.0,,,,
IDRiD_67_0_512,,,0.0,0.0,,,,
IDRiD_67_1024_1024,0.7171926519042996,0.7223645507095325,0.48851540613509714,0.5948158252940224,,,,
IDRiD_67_1024_1536,0.27265131823118893,0.2835763251879542,,,0.6441351888539933,0.5482233502352547,,
IDRiD_67_1024_2048,0.018416206260379604,0.009293680296821953,0.6902218569687574,0.5622489959086682,,,,
IDRiD_67_1024_2560,,,0.6047619046899093,0.7215909088859116,0.752060875031575,0.7459119495917093,,
IDRiD_67_1024_512,0.8864183270745827,0.8147394497000144,0.492320464902768,0.5808031341252886,,,,
IDRiD_67_1536_1024,0.501586821818788,0.4206590620985975,,,0.6320360244349946,0.7200439721245862,,
IDRiD_67_1536_1536,0.0,0.0,0.7027477102122087,0.8162475821260882,0.7629670129368946,0.7964386271912606,,
IDRiD_67_1536_2048,0.0,0.0,0.8533554266070128,0.8910034600534597,0.8410084033330754,0.851599727647951,,
IDRiD_67_1536_2560,0.46395553892767616,0.7199004975004992,,,0.0,0.0,,
IDRiD_67_1536_512,0.0,0.0,0.49034292469490176,0.40337224381301084,,,,
IDRiD_67_2048_1024,0.7411376519339486,0.6484085862292207,0.5979673835831254,0.4867256636980868,0.6731078903908039,0.6677316291796385,,
IDRiD_67_2048_1536,0.7419949049549598,0.6432017394805789,,,0.6613255644092261,0.537914691879394,,
IDRiD_67_2048_2048,0.1209495754614287,0.2562408223013039,0.5282093212977752,0.9362318837865994,,,,
IDRiD_67_2048_2560,0.46238532107263697,0.36311239189595457,,,,,,
IDRiD_67_2048_512,0.29267857142726483,0.5626501887991306,,,,,,
IDRiD_67_512_1024,0.7993298922358085,0.6867657356205806,0.853761622920223,0.9198542803424674,0.8224637680662763,0.943213296268253,,
IDRiD_67_512_1536,0.44295024309277464,0.5691121743677683,0.5821782177929614,0.8340425530731855,0.8421052630050626,0.9206349202695894,,
IDRiD_67_512_2048,0.5148607292882678,0.4060377975913766,0.48394675015787414,0.5701107010018246,,,,
IDRiD_67_512_2560,,,0.5597269623936602,0.999999999593496,,,,
IDRiD_67_512_512,0.1706653475121115,0.13036085395559494,0.7424242422836318,0.989898989399041,0.763505402069207,0.6570247932526808,,
IDRiD_68_0_1536,,,0.5077490774533027,0.34126984123598514,,,,
IDRiD_68_0_2560,0.7247549856125372,0.8571099065752841,,,,,,
IDRiD_68_1024_0,0.6925364740483301,0.5345967607271087,,,,,,
IDRiD_68_1024_1536,0.0,0.0,0.43428571425469387,0.5049833886204347,,,,
IDRiD_68_1024_2048,0.001333405409299001,0.11526479747188012,0.2379182155691602,0.4776119399420807,0.0,0.0,,
IDRiD_68_1024_2560,0.2363636363329398,0.23821989522559686,,,0.46198118427822926,0.995706106822724,,
IDRiD_68_1024_3072,0.5888236150867173,0.518467852252749,0.0,0.0,,,,
IDRiD_68_1024_512,0.01203369434271556,0.00646830530317357,,,,,,
IDRiD_68_1536_0,0.42087903026131407,0.3488721804487432,,,,,,
IDRiD_68_1536_1536,0.23799555978357756,0.23212076218614128,,,,,,
IDRiD_68_1536_2048,0.6517416086109824,0.5385420482466976,,,,,,
IDRiD_68_1536_2560,0.412972792042733,0.38854147921453,,,0.6962025316313556,0.7163865545917485,,
IDRiD_68_1536_3072,0.3132544700925385,0.9804924242238543,,,,,,
IDRiD_68_1536_512,0.6566414485902994,0.5289739234662355,,,,,,
IDRiD_68_2048_0,0.0,0.0,,,,,,
IDRiD_68_2048_1536,,,0.5994152045907288,0.8686440674285407,0.7318718380495892,0.8051948050454184,,
IDRiD_68_2048_2048,0.6108929309624187,0.8993191586440252,0.741758241656352,0.6053811657835468,0.190476189569161,0.11764705813148789,,
IDRiD_68_2048_2560,,,,,0.010297801280123883,0.08747044915189824,0.6481527398938502,0.5555201360080995
IDRiD_68_2048_512,0.8231511254007262,0.9541881268604154,,,,,,
IDRiD_68_512_1536,,,0.46567586693327406,0.5397867103740945,,,,
IDRiD_68_512_2048,0.5627447641726429,0.45159527225215823,0.1470937129241956,0.09677419354335201,0.6876535830487891,0.8329847143939422,0.7727114997517335,0.6476268031567284
IDRiD_68_512_2560,0.7365168539291361,0.7709497206628348,0.6048932847160389,0.7715803451830571,0.252964426860806,0.25806451609434616,,
IDRiD_68_512_3072,0.05823508395829655,0.19902319901712384,0.4730290455777277,0.3232514177082701,,,,
IDRiD_69_0_1024,0.6163201255377001,0.4513811927904963,,,,,,
IDRiD_69_0_1536,0.8328749157536268,0.7690134212372279,,,,,,
IDRiD_69_0_2048,0.52393041842725,0.3584432293318852,0.652757078889306,0.7398648646149104,0.8751641712605884,0.8979248079713116,,
IDRiD_69_0_2560,0.20353063342660796,0.21491228067818946,0.806300553392665,0.9302554026591106,0.2830409356394104,0.35905044499731437,,
IDRiD_69_0_3072,0.31628078363743606,0.7553534760705383,,,,,,
IDRiD_69_0_512,0.607823470390912,0.4522388059476498,0.0,0.0,,,,
IDRiD_69_1024_1024,,,0.31058823526975776,0.5530726255438344,0.0,0.0,,
IDRiD_69_1024_1536,0.6924963217220911,0.6160558464156188,0.42407277813687383,0.2913461538181398,0.4545573770461996,0.533559113292279,,
IDRiD_69_1024_2048,0.5176499937567962,0.454147515857865,0.0,0.0,0.5097471694879129,0.6802999318259452,,
IDRiD_69_1024_2560,0.5061620640278387,0.45856528339790886,0.4074412930647319,0.4985074626493651,0.4808033077235439,0.5268608413898471,,
IDRiD_69_1024_3072,0.6080912493208325,0.5179113539612049,,,0.07900677200011211,0.17326732664689737,,
IDRiD_69_1536_0,0.2787543947694939,0.4889867840978866,0.0,0.0,,,,
IDRiD_69_1536_1536,,,0.5438813349478442,0.8193668527338237,0.33144198786281664,0.46258874929204863,,
IDRiD_69_1536_2048,0.7415337753057627,0.6261441863936292,0.0,0.0,0.5376315438852054,0.7386530014370918,,
IDRiD_69_1536_2560,0.48503094162092275,0.4252199413365038,,,,,,
IDRiD_69_1536_3072,,,0.0,0.0,,,,
IDRiD_69_2048_1024,0.5514518160446898,0.4084514144500607,,,,,,
IDRiD_69_2048_1536,0.48752224097740543,0.34637825222502727,,,0.0,0.0,,
IDRiD_69_2048_2048,0.6809840631264708,0.5495180542348823,0.5728813558998372,0.48796920110799136,0.21959858322198356,0.20283533258420552,,
IDRiD_69_2048_2560,,,0.16249153688811838,0.1290322580506417,,,,
IDRiD_69_2048_3072,,,0.03864734297649887,0.01970443348783033,,,,
IDRiD_69_512_1024,0.30651508525783744,0.5434108526710534,0.3751937984205276,0.2972972972607743,0.0,0.0,,
IDRiD_69_512_1536,0.6288283908528338,0.6197891710440875,0.5138339920440875,0.7878787876400367,0.427347498279175,0.6647121534826912,,
IDRiD_69_512_2048,0.7691889097467711,0.7909019695568996,0.4125984251318743,0.5527426158005305,0.38586956519991533,0.7123745818206731,,
IDRiD_69_512_2560,0.5077962729997139,0.5882871280377666,0.3192046049021871,0.3446327683226404,0.0,0.0,,
IDRiD_69_512_3072,0.32891475374324325,0.6398322851018903,,,0.0,0.0,,
IDRiD_69_512_512,,,0.0,0.0,,,,
IDRiD_70_0_1536,0.7014158626650618,0.5422316931316886,,,0.0,0.0,,
IDRiD_70_1024_1024,0.0,0.0,0.6642066418213259,0.5027932958084954,0.8078920040697932,0.6788830714347499,0.0,0.0
IDRiD_70_1024_1536,0.8434919716738256,0.8159566786988881,0.8454011741131505,0.8049689439993828,0.0,0.0,,
IDRiD_70_1024_2048,0.728305535403332,0.6146470828107987,0.49652432964284765,0.5446623092495289,0.0,0.0,,
IDRiD_70_1024_512,0.21202531644898656,0.20278450361968617,0.3867069486171174,0.6625258797800153,,,0.7575893142431214,0.6330236035424915
IDRiD_70_1536_0,,,0.5156249999328614,0.5823529410051903,,,,
IDRiD_70_1536_1024,0.0,0.0,,,0.0,0.0,,
IDRiD_70_1536_1536,0.8279689234153608,0.7960446752451017,0.18226299693074843,0.18718592962472538,,,,
IDRiD_70_1536_2048,0.8386114494263517,0.9310344826956704,0.0,0.0,0.0,0.0,,
IDRiD_70_1536_512,,,0.0,0.0,,,,
IDRiD_70_2048_512,,,0.7589641433507008,0.9158653843952246,,,,
IDRiD_70_512_0,0.7533407572173346,0.6539391009833766,,,,,,
IDRiD_70_512_1024,,,0.0,0.0,,,,
IDRiD_70_512_1536,0.6498584477290216,0.515814466204394,0.27516976674711635,0.16896301667262645,0.051423104519834686,0.02640628838090879,,
IDRiD_70_512_2048,,,,,0.0,0.0,,
IDRiD_70_512_512,0.6075165492140986,0.5692276910650415,0.2913315459972,0.4211886303821218,,,0.0,0.0
IDRiD_71_0_1024,0.0,0.0,0.0,0.0,0.46646341456303914,0.3255319148243549,,
IDRiD_71_0_1536,,,0.4635416666063097,0.3224637680575247,,,,
IDRiD_71_0_2048,,,0.3692307691496196,0.27906976734914624,0.7422680404718887,0.6206896541022592,,
IDRiD_71_0_2560,0.6755561843430992,0.569775073082932,,,,,,
IDRiD_71_0_512,,,0.5118601747176205,0.37340619301030853,0.6664460621884035,0.6772024209363011,,
IDRiD_71_1024_0,0.35960591124147634,0.21987951800606037,0.5611175785144217,0.3912337661702543,0.4570815450153346,0.3375594294235247,,
IDRiD_71_1024_1024,0.0,0.0,0.0,0.0,0.8494813718627457,0.8699727765123909,0.0,0.0
IDRiD_71_1024_1536,,,0.35439137128591813,0.24520255858311246,0.8082034575914996,0.8809619885329597,,
IDRiD_71_1024_2048,,,0.4327731091527787,0.40551181086397176,0.0,0.0,,
IDRiD_71_1024_512,,,0.34528076461497725,0.3554735546918237,0.7802986971694302,0.7616152844069126,0.07227916345712258,0.037494621672890194
IDRiD_71_1536_0,0.0,0.0,,,0.0,0.0,,
IDRiD_71_1536_1024,0.46508758943705225,0.3112615587821065,0.497767857124339,0.5698466779753112,0.8707000751356778,0.8516695957807131,,
IDRiD_71_1536_1536,,,0.011012282930495033,0.0055366269162889,0.8402691253403098,0.8764006006649162,,
IDRiD_71_1536_2048,,,0.20596205961262246,0.1427038626532884,0.8407178911887218,0.8563267637695469,,
IDRiD_71_1536_2560,,,,,0.8169014083228636,0.8006134966869283,,
IDRiD_71_1536_3072,,,0.5986394556805035,0.6518518516104251,,,,
IDRiD_71_1536_512,0.24837074582735805,0.14297624009408186,0.39192139735851955,0.988980715980997,0.8740343470064769,0.9116617867578098,,
IDRiD_71_2048_0,,,,,0.0,0.0,,
IDRiD_71_2048_1024,0.0,0.0,0.7083164299915491,0.7299331103068617,0.7376161508097546,0.6494408475535641,,
IDRiD_71_2048_1536,,,,,0.7312414733941484,0.8558394160505853,,
IDRiD_71_2048_2048,,,0.8124765125587194,0.8505114082729731,0.7688395996712531,0.7693806842705783,,
IDRiD_71_2048_3072,0.3383913517785461,0.9373626373368856,,,,,,
IDRiD_71_2048_512,0.2227926876684341,0.6828803051653372,0.0,0.0,0.6094779116367955,0.7107530910187054,,
IDRiD_71_512_0,,,,,0.0,0.0,,
IDRiD_71_512_1024,0.05543149875140639,0.030035587188184547,0.7656702024703149,0.7434456928142841,0.7770470544610177,0.7711186689882239,,
IDRiD_71_512_1536,0.0,0.0,0.2981205443843772,0.2107191937603885,0.7740088105684251,0.8158811237425599,,
IDRiD_71_512_2048,0.0,0.0,0.5592125499674189,0.48248407640751145,0.6620801294754318,0.7518382352250148,,
IDRiD_71_512_512,0.3926454335336818,0.5635996538631786,0.05037957211696413,0.027851964897830907,0.7555272495609541,0.6845836768230077,0.0,0.0
IDRiD_72_0_1024,,,0.6300341296713299,0.4943760042584694,,,,
IDRiD_72_0_1536,,,0.4883323847189338,0.3833780160515301,0.0,0.0,,
IDRiD_72_0_2048,0.10328638495228018,0.05486284287908657,0.0,0.0,0.736764705855266,0.6784021665078942,,
IDRiD_72_0_2560,,,0.5814536339394852,0.5686274507016532,0.0,0.0,0.4111931597337194,0.2632004477874047
IDRiD_72_0_3072,,,0.0,0.0,0.0,0.0,,
IDRiD_72_0_512,,,0.44133099817139565,0.4012738852225242,,,,
IDRiD_72_1024_0,,,,,0.0,0.0,,
IDRiD_72_1024_2048,0.0,0.0,,,0.7516094669040266,0.7462521843028947,,
IDRiD_72_1024_2560,0.6370542036740433,0.59314313112939,,,0.9274543742949578,0.9269195751081826,,
IDRiD_72_1024_3072,0.0,0.0,0.35168195713277034,0.23517382408278653,0.7950085082155982,0.7422156322655747,,
IDRiD_72_1024_512,,,,,0.24190350295823504,0.1375939849520606,,
IDRiD_72_1536_1024,,,0.0,0.0,0.8028329328341617,0.7911266201198622,,
IDRiD_72_1536_1536,,,0.449244060378133,0.2896935932340686,0.8695003728236578,0.8695003727912378,,
IDRiD_72_1536_2048,,,0.5118343194509121,0.3446215138755734,0.9069380511316428,0.8751940058823913,,
IDRiD_72_1536_2560,,,,,0.8613180763509183,0.8014751240423723,,
IDRiD_72_1536_3072,0.0029717682018594524,0.0014880952379845167,0.9389140270431093,0.9453302959122254,0.8662371054167061,0.8039734337690003,,
IDRiD_72_2048_1024,,,,,0.22795698923914134,0.1304347826033456,,
IDRiD_72_2048_1536,0.17468688199819754,0.37535410759555893,,,0.7486423583883381,0.7544956997064507,,
IDRiD_72_2048_2048,0.0,0.0,0.0,0.0,,,,
IDRiD_72_2048_2560,,,0.0,0.0,0.0,0.0,,
IDRiD_72_2048_3072,,,0.3395918367069721,0.22932745311694297,0.1407702523053426,0.07582260370875213,,
IDRiD_72_512_0,,,,,0.8142893336608273,0.7785852712989684,,
IDRiD_72_512_1536,,,,,0.4273653566105571,0.3236331569522208,,
IDRiD_72_512_2048,0.33291614516064355,0.26052889321640266,0.501050861685538,0.7582697200053092,0.7545227416370532,0.7685185185138059,,
IDRiD_72_512_2560,,,0.6820682067831645,0.6753812635429868,0.0,0.0,,
IDRiD_72_512_3072,,,,,0.7696289904758573,0.8710937499149322,,
IDRiD_72_512_512,,,0.7578947360443213,0.679245281737273,0.7422975352030997,0.6612428935373212,,
IDRiD_73_0_1024,,,0.5121951218471148,0.6774193544745057,,,,
IDRiD_73_0_1536,,,0.3281733745622023,0.25728155333561126,0.827380952134708,0.9144736836088989,,
IDRiD_73_1024_1024,,,0.37440435667975464,0.2649325625949005,,,,
IDRiD_73_1024_1536,,,0.6861248315812248,0.5556363635959537,0.8321217244153488,0.9169150521267916,,
IDRiD_73_1024_2048,,,0.5445292620172355,0.6369047617152068,0.8699918233139826,0.7698986974283794,,
IDRiD_73_1024_2560,,,0.5026737967242415,0.9999999994680852,,,,
IDRiD_73_1536_1024,0.8657350763032665,0.783815298498323,0.728987993076416,0.9042553189565414,0.7756117793125006,0.7778702162414417,0.8979488335374226,0.8640602971431295
IDRiD_73_1536_1536,0.7365634100943457,0.7104187946521747,0.725616291493804,0.7390829693516285,0.7650626768796983,0.9283611382798468,,
IDRiD_73_1536_2048,,,0.0,0.0,0.6903460837677491,0.6199563794645607,,
IDRiD_73_1536_2560,,,0.17777777772839506,0.2133333331911111,,,,
IDRiD_73_1536_3072,0.0,0.0,,,,,,
IDRiD_73_1536_512,0.0,0.0,,,,,,
IDRiD_73_2048_1024,,,,,,,0.7877691928195336,0.901768912273174
IDRiD_73_2048_1536,,,0.0,0.0,,,,
IDRiD_73_2048_2048,0.0,0.0,0.0,0.0,,,,
IDRiD_73_2048_2560,0.7620600624981375,0.6206285967104774,0.0,0.0,,,0.787950766564587,0.6521894548587633
IDRiD_73_2048_3072,0.693170635697086,0.7478765571808058,0.546282245744115,0.7438016525852059,,,,
IDRiD_73_512_1024,,,0.7320228912482701,0.7455651292070165,,,,
IDRiD_73_512_1536,0.3408934707786635,0.6966292133853049,0.2615923009509365,0.2243060765023026,0.7197887542603326,0.7697674418348914,,
IDRiD_73_512_2048,0.0,0.0,0.657931034437384,0.9208494206716508,0.7806841044706873,0.8471615716824622,,
IDRiD_73_512_2560,0.7708867247170227,0.6892758936123486,,,,,,
IDRiD_74_0_2048,0.20804597699953759,0.4268867923521493,0.3544520547793471,0.30109090906901154,0.34363852554437346,0.23630417005426785,,
IDRiD_74_0_2560,,,0.6686695278682975,0.7868686867892052,0.7004048581578127,0.8238095234172336,,
IDRiD_74_0_3072,,,0.1988950275876805,0.1343283581755402,,,,
IDRiD_74_0_512,,,0.2439024389252429,0.681818180268595,,,,
IDRiD_74_1024_1024,,,0.6872246695429758,0.8783783781805453,,,,
IDRiD_74_1024_1536,,,0.7176220805270441,0.9999999994082841,,,0.038432954665692395,0.01959298549448373
IDRiD_74_1024_2048,0.4045627376118203,0.556485355532116,0.5402455661295876,0.49376558597334597,0.6474622770030917,0.561904761770975,0.631578947351717,0.4791332263050107
IDRiD_74_1024_2560,0.816509645576399,0.7751277683052051,0.623829149482506,0.551872721227979,0.8033064857905541,0.7867967614534608,,
IDRiD_74_1024_3072,0.5699806505087535,0.8489090160443405,0.3391384051018205,0.31623931618525825,0.8112491373220971,0.8298623367162068,,
IDRiD_74_1536_0,,,0.39224137922581004,0.24396782835282363,,,,
IDRiD_74_1536_1024,,,0.4437499999306641,0.9999999992957747,,,,
IDRiD_74_1536_2048,,,0.0,0.0,0.8254792637224052,0.8731620617083025,,
IDRiD_74_1536_2560,0.3239207569461567,0.19910941475646027,0.43313280886473243,0.47706422013485583,0.0,0.0,,
IDRiD_74_1536_3072,0.638300531080048,0.5094753640483795,0.3277645186692311,0.9321266964108025,0.4348837208796647,0.39872068221775675,,
IDRiD_74_2048_1536,0.32430883827067314,0.9999999999116607,0.6821052630142936,0.9999999993827161,,,,
IDRiD_74_2048_2048,0.714565366908023,0.6617992943878694,0.551101783828938,0.617301363393639,,,,
IDRiD_74_2048_2560,0.8249895754106674,0.8098723814071279,0.3333333332996633,0.8048780483878644,0.7510729612928033,0.6717850286618455,,
IDRiD_74_2048_3072,0.8363713437720142,0.7213893966829474,0.6548672565543784,0.7038043476348357,,,,
IDRiD_74_2048_512,,,0.8912133889348925,0.8801652888924937,,,,
IDRiD_74_512_1024,,,0.4774193547617066,0.783068782654461,,,,
IDRiD_74_512_1536,,,0.3999999999828694,0.28014397118895357,,,,
IDRiD_74_512_2048,0.596107055924811,0.4516129031841831,0.390446521247098,0.2942097026143647,0.6067467652355188,0.543235415782241,,
IDRiD_74_512_2560,0.7333610648842204,0.6116218560171445,0.31957857768570774,0.40088105722457257,0.5857962820133145,0.5234231475731258,,
IDRiD_74_512_3072,,,0.47269890791944624,0.45089285707576,,,,
IDRiD_74_512_512,,,0.06289308174782116,0.048231511238510764,,,,
IDRiD_75_0_1024,0.7122359218349394,0.6964184997081724,0.6838276440771174,0.6241062308159292,,,,
IDRiD_75_0_1536,0.6314207408689266,0.47467765518759353,0.36326696463375596,0.2274809160189577,0.5180591024984291,0.3914002204855898,,
IDRiD_75_0_2048,0.5880694334276673,0.4165002496229624,,,0.0,0.0,,
IDRiD_75_0_2560,0.016005021182865134,0.00806706738361172,0.5179856113244655,0.3529411762975779,,,,
IDRiD_75_0_512,0.7501779359163638,0.8842281878452828,0.4703272323643745,0.4764044943284939,,,,
IDRiD_75_1024_0,,,0.0,0.0,0.0,0.0,,
IDRiD_75_1024_1024,0.778494371477612,0.8866185897317492,0.30471771073841003,0.22656699251141074,0.7589743589419242,0.6671675431504758,,
IDRiD_75_1024_1536,0.0,0.0,0.12661498706374483,0.1040339702539206,0.7374999998463542,0.8045454541797521,,
IDRiD_75_1024_2048,,,0.7697121401270518,0.9432515335976609,0.6907630521625995,0.6150178783533948,,
IDRiD_75_1024_512,0.0,0.0,0.5953488371785349,0.5475285170582197,,,,
IDRiD_75_1536_0,,,0.7503736919655645,0.6553524802466443,,,,
IDRiD_75_1536_1024,0.8291873963378245,0.8286377195615301,0.5413961038741317,0.42430025442593505,0.5725689404726935,0.5389344261926957,,
IDRiD_75_1536_1536,,,0.6222222215308643,0.49122806931363494,0.44549763012061727,0.28658536567891135,,
IDRiD_75_1536_2048,,,0.5617597291773673,0.6171003715178065,0.3674540681450252,0.2364864864065924,,
IDRiD_75_1536_2560,0.32354685646020837,0.5629514963589808,0.32162162157815927,0.8880597008298062,,,,
IDRiD_75_1536_3072,0.468129261777822,0.3371050384214965,,,,,,
IDRiD_75_1536_512,,,0.6732495511367482,0.7723995879740062,,,,
IDRiD_75_2048_1024,0.7835842928768468,0.6709927523905108,0.7527593818707594,0.6651495448202113,0.0,0.0,0.8039470267428203,0.7230829116331406
IDRiD_75_2048_1536,0.5039963806288041,0.5319961795437124,0.4916928603392076,0.4736159169345322,,,,
IDRiD_75_2048_2048,0.5735498839641044,0.8067885116440224,0.5300592717811152,0.45003594533069474,,,,
IDRiD_75_2048_2560,0.0,0.0,0.8449197859456471,0.7452830186335587,,,,
IDRiD_75_2048_3072,0.8356388050722525,0.8089782498714998,0.10699588476265474,0.05652173912429112,,,,
IDRiD_75_2048_512,0.6115793532715718,0.890725288817543,0.4217419777065002,0.27150084314742823,0.0,0.0,0.0,0.0
IDRiD_75_512_0,,,0.0,0.0,,,,
IDRiD_75_512_1024,0.5599999999964159,0.8423180592829742,0.2688766114056687,0.2024965325795772,0.8065476190424007,0.8092703193870519,,
IDRiD_75_512_1536,,,0.31602506712998996,0.24530924251248717,0.7029702969862023,0.6004228329175029,,
IDRiD_75_512_2048,0.6908605413194457,0.7407600208032077,0.2173584905496333,0.3171806166702245,0.8326213592071335,0.8189457600909494,,
IDRiD_75_512_2560,0.8059012968891727,0.7370054923128472,,,,,,
IDRiD_75_512_512,,,0.2898550724037567,0.1790281329465401,,,,
IDRiD_76_0_1024,0.3018286814186366,0.1778180993382214,0.0,0.0,,,,
IDRiD_76_0_1536,0.4190152801334521,0.27226594101439827,0.47026279388172454,0.9970674483879567,,,,
IDRiD_76_0_2560,0.19190238490871042,0.14667231877292616,0.6127366608239696,0.4416873448035515,,,,
IDRiD_76_0_512,0.12300319488326665,0.08835341364954943,,,,,,
IDRiD_76_1024_0,,,0.6236345580314167,0.4604105571172419,,,,
IDRiD_76_1024_1024,0.6612725266581346,0.6702702702577769,0.2631578947306032,0.18858307848492753,0.7943623140162704,0.7981944975124274,,
IDRiD_76_1024_1536,,,0.7450462350402846,0.808022922404578,0.8674801969537752,0.777735124750125,,
IDRiD_76_1024_2048,0.563388130382742,0.7966903072658242,0.6163035839558573,0.6787925696069046,0.7453355155360829,0.7577371048000754,,
IDRiD_76_1024_3072,,,0.0,0.0,,,,
IDRiD_76_1024_3584,,,0.6725146196863991,0.9999999991304348,,,,
IDRiD_76_1024_512,0.3237738985835019,0.30585001962493424,0.21173385774461706,0.21972789114151509,0.7720555306646955,0.8374352331335028,,
IDRiD_76_1536_0,,,0.6686956521448394,0.5984435797199654,,,,
IDRiD_76_1536_1024,,,0.41358024688166817,0.29257641918203314,0.8939325436255813,0.8860804875783267,,
IDRiD_76_1536_1536,,,0.0,0.0,,,,
IDRiD_76_1536_2048,0.7433191106951871,0.6189229618317531,0.4967032965941311,0.9999999991150443,,,,
IDRiD_76_1536_2560,0.9100497512347258,0.8717117803875007,0.5794392521559378,0.9489795908683882,,,,
IDRiD_76_1536_3072,,,,,0.0,0.0,,
IDRiD_76_1536_512,0.4802384162316026,0.3229007633556975,0.7782824112143212,0.7533972821441488,0.13350977797186428,0.07950963222277567,,
IDRiD_76_2048_1024,,,0.794291338543588,0.9351100810040429,,,,
IDRiD_76_2048_1536,,,0.568940493427508,0.46226415088888395,,,,
IDRiD_76_2048_2560,,,0.0,0.0,0.0197542386061615,0.009975649988139379,,
IDRiD_76_2048_3072,,,0.51999999992,0.4828571427191836,,,,
IDRiD_76_2048_512,0.48208578637105054,0.33290742246099536,0.746611053160933,0.730985196491527,,,,
IDRiD_76_512_0,0.6931650893650229,0.6841012868126152,0.8054054052965669,0.9460317457314185,,,,
IDRiD_76_512_1024,0.6359084859583249,0.7117321605800577,0.5180942462765401,0.4104785478378516,0.667874614954378,0.6783216782967125,,
IDRiD_76_512_1536,0.6725852272647658,0.7316507854563057,0.5227272727002723,0.6755674231407788,,,,
IDRiD_76_512_2048,,,0.0,0.0,,,,
IDRiD_76_512_3072,,,0.8235294117077142,0.9643435978988099,,,,
IDRiD_76_512_512,0.5713139096189797,0.7388416026419173,0.37282941775419665,0.23367477591333707,0.7503410640688717,0.715214564276305,,
IDRiD_77_0_1024,,,0.6326194398160939,0.5126835780356898,0.0,0.0,,
IDRiD_77_0_1536,0.0,0.0,0.7632508831225261,0.6352941172733564,0.584192439840237,0.42335362476904514,,
IDRiD_77_0_2048,0.2739893211247294,0.16168527187321416,,,0.1368653421331423,0.0734597156224029,,
IDRiD_77_0_2560,0.7665989029927253,0.7558429770761981,0.0,0.0,0.2274768033454811,0.12938372488493757,,
IDRiD_77_0_3072,,,0.8122503327813249,0.9621451101065788,0.0,0.0,,
IDRiD_77_0_512,,,0.68273092342059,0.6071428567091837,,,,
IDRiD_77_1024_0,,,0.0,0.0,,,,
IDRiD_77_1024_1024,,,0.4210526314903047,0.2915451894193746,0.6563307491844106,0.5404255316849254,,
IDRiD_77_1024_1536,0.0,0.0,0.5885558582838984,0.6639344261614821,0.8497400865447847,0.7776726113341752,,
IDRiD_77_1024_2048,0.441147378789204,0.3194842406419077,,,0.6191381495465916,0.4636924537146727,,
IDRiD_77_1024_2560,,,,,0.0,0.0,,
IDRiD_77_1024_3072,0.3208742256537838,0.9283125251337773,0.5484764542176626,0.9999999994949496,0.5173041893411103,0.34889434880862547,,
IDRiD_77_1024_3584,,,,,0.1306687163619778,0.06990131578372522,,
IDRiD_77_1024_512,,,0.015267175566691916,0.013986013976233558,,,,
IDRiD_77_1536_1024,0.43063773831588964,0.31369731799263906,0.2771633051218501,0.2401352874588348,0.0,0.0,,
IDRiD_77_1536_1536,,,,,0.5811732605465588,0.4305929918847309,,
IDRiD_77_1536_2048,,,0.6987778576061267,0.9084112147834746,0.0,0.0,,
IDRiD_77_1536_512,0.8664800559771415,0.8907913668936577,0.4481310373698419,0.3387301587194054,0.5739101933698146,0.4266569200675766,,
IDRiD_77_2048_0,,,0.6074766352301512,0.43624161044547544,,,,
IDRiD_77_2048_1024,0.16251761389560745,0.1273932253219887,0.5566343041620846,0.624319419124443,0.6654208518207162,0.5195136778052338,,
IDRiD_77_2048_1536,,,0.3723776223450719,0.9508928567183514,0.6082650923517756,0.447840717878636,,
IDRiD_77_2048_2048,,,0.6170886074972961,0.4665071769218882,0.5569536423656638,0.38827331484818683,,
IDRiD_77_2048_512,,,0.09226770629679872,0.048365122612509186,0.12473290598124022,0.06655265783003346,,
IDRiD_77_512_1024,,,0.0,0.0,0.18773946356556717,0.10359408031636488,,
IDRiD_77_512_1536,0.3783413296692177,0.3228070175312746,0.35421888050507777,0.3464052287015678,0.6966851614714159,0.580007106475305,,
IDRiD_77_512_2048,,,,,0.6723611958473994,0.5293912132017696,,
IDRiD_77_512_2560,0.47695852531814753,0.31699846858215935,,,0.5087081819257148,0.3505439474986955,,
IDRiD_77_512_3072,,,0.5884615384049556,0.509999999915,0.14861995752663693,0.08027522935166091,,
IDRiD_77_512_512,0.0,0.0,0.36923076917912856,0.5972850676030385,,,,
IDRiD_78_0_1024,,,0.11428571412244899,0.06060606051423325,,,,
IDRiD_78_0_1536,,,0.6801573917549096,0.7306763284141695,,,,
IDRiD_78_0_2048,0.0,0.0,0.40498960497276554,0.2939046469345863,0.16666666661706347,0.09090909087957497,,
IDRiD_78_0_2560,0.7085346215638378,0.548628428910579,0.0,0.0,0.5997244757339681,0.4473113369054993,,
IDRiD_78_0_3072,,,0.0,0.0,0.3568627450630527,0.38155136260344835,,
IDRiD_78_0_512,0.7737341771845834,0.6712422786086999,,,,,,
IDRiD_78_1024_0,,,0.0,0.0,,,,
IDRiD_78_1024_1024,,,,,0.5374855824062877,0.4109347441956024,,
IDRiD_78_1024_1536,,,,,0.0,0.0,,
IDRiD_78_1024_2048,0.3611963190175393,0.22222877532298596,0.6293393056406116,0.7574123987176785,0.7130177514722581,0.6462281015258093,,
IDRiD_78_1024_2560,0.5093900912134735,0.35195254571982265,0.24882873502088346,0.309987029791182,0.7280635849550078,0.7862328123598408,,
IDRiD_78_1024_3072,,,0.0,0.0,,,,
IDRiD_78_1024_512,,,0.8831350594203544,0.9752704789837295,,,,
IDRiD_78_1536_1536,,,0.40255591047882494,0.5431034480417658,,,,
IDRiD_78_1536_2048,0.2773777946139186,0.16777446710594146,0.6183574878800305,0.5496932514662953,0.6380057803237715,0.5284260921287597,,
IDRiD_78_1536_2560,0.0,0.0,0.19284149012470111,0.10981697170467412,0.30798479085988667,0.18870122305249265,,
IDRiD_78_1536_3072,,,0.0,0.0,0.0,0.0,,
IDRiD_78_2048_1024,,,0.0,0.0,,,,
IDRiD_78_2048_2048,,,0.5767790261632229,0.4509516836821447,,,,
IDRiD_78_2048_2560,0.0,0.0,0.0,0.0,,,,
IDRiD_78_2048_3072,0.06585788560383746,0.034050179205367355,,,0.3103448274078478,0.18367346926280717,,
IDRiD_78_2048_512,,,0.0,0.0,0.0,0.0,,
IDRiD_78_512_0,,,0.8230088494664813,0.7279843442802378,,,,
IDRiD_78_512_1536,,,0.4270235818720826,0.9999999997014924,,,,
IDRiD_78_512_2048,,,0.9102639295653804,0.9172576831067072,0.8532852928932091,0.8643218095738175,,
IDRiD_78_512_2560,0.4831058402300117,0.3517432388371477,0.4773175542092493,0.5253256149746273,0.7917705735649629,0.7897340230057669,,
IDRiD_78_512_3072,,,,,0.597739048502173,0.5783956244039018,,
IDRiD_78_512_512,,,0.4949494948245077,0.32885906029232914,0.8267223380319995,0.7306273060034585,,
IDRiD_79_0_1024,,,0.7290322578293443,0.9999999991150443,0.6316861945679222,0.5395996518242298,,
IDRiD_79_0_1536,0.527116848082775,0.606651884687214,0.0,0.0,0.6504455106014241,0.6416497633102333,,
IDRiD_79_0_2048,0.6368400621056207,0.48875316549249587,0.4166666665331196,0.585585585058031,,,,
IDRiD_79_0_2560,0.652240095443073,0.4969282848514485,0.0,0.0,0.6219879517603925,0.6295731706357358,,
IDRiD_79_0_512,0.8257548718621903,0.9860211387489598,0.3287671232313755,0.22482435591924488,,,,
IDRiD_79_1024_0,0.8652242374708974,0.860057971004521,,,,,,
IDRiD_79_1024_1024,0.48979591803415246,0.43373493923646395,0.0,0.0,0.7374990928170585,0.6912925169973974,,
IDRiD_79_1024_1536,0.0,0.0,,,0.7809733162314161,0.7975804439910504,,
IDRiD_79_1024_2048,,,0.27570093451502314,0.23886639666442658,0.755874606203812,0.9229411022711195,,
IDRiD_79_1024_2560,0.05157593122913605,0.07462686565926586,0.5316973414915461,0.44217687071821926,0.8722347629773676,0.9295822483814695,,
IDRiD_79_1024_3072,,,,,0.8456476218922842,0.8423718712669609,,
IDRiD_79_1536_0,,,,,0.6983505730864313,0.675865800829228,,
IDRiD_79_1536_1024,0.332089552229955,0.24910035984609757,0.5946843853326673,0.46373056988811784,0.7677272727098244,0.7096638655164007,,
IDRiD_79_1536_1536,0.4602307224978609,0.3041733547107405,0.5116279069514286,0.45510563376275476,0.8593963782678885,0.881932686347793,,
IDRiD_79_1536_2048,,,0.49243697474853465,0.3590686274069769,0.7958744691401524,0.8937198067605174,,
IDRiD_79_1536_2560,0.5764397905683712,0.706221937116542,0.5219136834887282,0.48118445401103116,0.9456125329005397,0.9256798708527081,,
IDRiD_79_1536_3072,0.7264564007394194,0.7029297716451032,0.35237586757328476,0.23930384334740362,0.7939394902927011,0.7086822013433183,,
IDRiD_79_1536_512,,,,,0.0,0.0,,
IDRiD_79_2048_1024,0.0,0.0,0.0,0.0,0.8404307390988689,0.8053470919135707,,
IDRiD_79_2048_1536,,,0.5855421686041515,0.8154362413371019,0.781185246578707,0.8285194022301361,,
IDRiD_79_2048_2048,0.0,0.0,0.010695187164345563,0.005376344085298879,0.7486177785110126,0.6951976879991687,,
IDRiD_79_2048_2560,0.7401595511495566,0.6316301339071472,,,0.9111641969309552,0.9459061494924905,,
IDRiD_79_2048_3072,0.21099656356663243,0.5274914088440736,0.0,0.0,0.652436394994327,0.5015746726296902,,
IDRiD_79_2048_512,0.0,0.0,0.0,0.0,0.8573784005888393,0.9523809522065237,,
IDRiD_79_512_0,0.8419956254469118,0.7612052730553446,,,0.7028753991364615,0.7382550330615738,,
IDRiD_79_512_1024,0.0012445550715231937,0.001432664756344365,0.17171717170633097,0.09941520467109538,0.7138372783514563,0.9110004330681897,,
IDRiD_79_512_1536,,,0.0,0.0,0.7151931687939685,0.7543936730941478,,
IDRiD_79_512_2048,0.0,0.0,0.624277456575228,0.5454545453443526,0.689029081386536,0.8638117283617357,,
IDRiD_79_512_2560,0.8472927241783568,0.7754548973760955,0.0,0.0,0.7985302134000958,0.8155387851011772,,
IDRiD_79_512_3072,0.8763594733578604,0.8859953703190975,0.0,0.0,0.7828458106001135,0.6791397849316314,,
IDRiD_79_512_512,,,0.6981132075302827,0.6004993757552851,0.6585612967924457,0.8620689652885758,,
IDRiD_80_0_2048,0.7802806113540358,0.6504905090808005,,,,,,
IDRiD_80_0_2560,,,0.8321167880174756,0.7124999995546876,0.6971428570764625,0.7052023120028512,,
IDRiD_80_0_3072,,,,,0.0,0.0,,
IDRiD_80_1024_2048,,,,,0.3201293451813493,0.20204081631965848,,
IDRiD_80_1024_2560,,,,,0.0,0.0,,
IDRiD_80_1536_1536,,,0.6802030455701856,0.9999999995024876,,,,
IDRiD_80_1536_2048,,,,,0.0,0.0,,
IDRiD_80_1536_2560,,,,,0.16576086954269553,0.09037037035698217,,
IDRiD_80_1536_3072,,,,,0.5653370013366343,0.4126506023682078,,
IDRiD_80_2048_1536,,,,,0.0,0.0,,
IDRiD_80_2048_2048,,,0.5945945944606769,0.5365853656355344,,,,
IDRiD_80_2048_3072,,,0.0,0.0,0.6206896550868014,0.45454545445362715,,
IDRiD_80_512_2560,,,,,0.23175965655289285,0.13106796110142332,,
image,dice_hemorrhages,recall_hemorrhages,dice_microaneurysms,recall_microaneurysms,dice_hard_exudates,recall_hard_exudates,dice_soft_exudates,recall_soft_exudates
IDRiD_01_0_1024,0.8801729462540644,0.9836631384955439,,,,,,
IDRiD_01_0_2048,0.008639308853425634,0.004338394792985163,,,,,,
IDRiD_01_0_2560,0.5866071428440489,0.8656126481643206,0.48563611487786346,0.5810147298558078,,,,
IDRiD_01_1024_1024,,,,,0.8503713066700842,0.8513128756453239,,
IDRiD_01_1024_1536,,,,,0.4763636363512633,0.3247167138695214,,
IDRiD_01_1024_2048,,,0.7682880122264156,0.7805447470209692,0.6565349543955563,0.5867689357434718,,
IDRiD_01_1024_2560,0.29738562089073645,0.17516843116697126,0.23796033990963736,0.4097560973610946,0.4631366325172187,0.31538612693736107,,
IDRiD_01_1024_512,0.5020463846974967,0.394285714257551,,,0.28198433413003016,0.16413373855193503,,
IDRiD_01_1536_1024,0.8895994153341725,0.9598817151211445,0.9142857140991253,0.9739130430548204,0.4583850931534663,0.29734085413789924,,
IDRiD_01_1536_1536,,,,,0.6299357207869664,0.5285053928307388,,
IDRiD_01_1536_2048,,,0.6557878633015917,0.681866383808922,0.7607901418020906,0.6765791067752818,,
IDRiD_01_1536_2560,,,,,0.0,0.0,,
IDRiD_01_1536_512,0.0,0.0,0.02208201892396183,0.014373716629492049,0.0,0.0,,
IDRiD_01_2048_1024,0.9343102577011909,0.9155278272834667,0.6884848484013958,0.5725806450458506,0.7586933614250927,0.678989060718993,,
IDRiD_01_2048_1536,,,,,0.8363581549567791,0.7533264541315737,,
IDRiD_01_2048_2048,,,0.6689275116291257,0.5385665528642617,0.8309495088735267,0.8566352815750085,,
IDRiD_01_2048_3072,,,0.2276264591218262,0.1284302963635093,,,,
IDRiD_01_512_1024,,,0.0,0.0,0.873685862217579,0.8251333728267596,,
IDRiD_01_512_1536,0.0,0.0,,,0.7615553925071955,0.7078881563830897,,
IDRiD_01_512_2048,0.0,0.0,0.0,0.0,0.6604668817549775,0.5857599730586474,,
IDRiD_01_512_2560,0.0,0.0,,,,,,
IDRiD_02_0_1536,,,,,0.5867257669358832,0.44403248586786664,,
IDRiD_02_0_2048,0.0,0.0,,,0.821888411928982,0.8436123346159444,,
IDRiD_02_0_2560,,,,,0.0,0.0,,
IDRiD_02_0_3072,,,,,0.0,0.0,,
IDRiD_02_1024_1024,,,,,0.0,0.0,,
IDRiD_02_1024_1536,,,,,0.6057692307276257,0.5351941746923309,,
IDRiD_02_1024_2048,0.0,0.0,0.7502996404015062,0.7696721310844531,0.5689217270772463,0.4189051343009367,,
IDRiD_02_1024_2560,0.001538461538402367,0.0007806401248719501,0.5408845052325523,0.522433927441768,0.7630774150984798,0.6400858455440125,,
IDRiD_02_1024_3072,0.0,0.0,0.2509652509410265,0.3551912567335543,0.7087239439648315,0.5731359257835688,,
IDRiD_02_1024_512,,,,,0.0,0.0,,
IDRiD_02_1536_1024,,,0.827285921565509,0.969387754937179,,,,
IDRiD_02_1536_1536,0.0,0.0,0.6144721232960294,0.5642701523825119,0.0,0.0,,
IDRiD_02_1536_2048,0.0,0.0,0.27517730494502285,0.3999999999175258,0.8194105916060401,0.7612186084495176,,
IDRiD_02_1536_2560,0.0,0.0,0.0,0.0,0.7584213062316386,0.6447696719150755,,
IDRiD_02_1536_3072,0.2121454254851749,0.25082664146193545,0.7755644089790461,0.7053140095766529,0.18150537634018268,0.10280146162965162,,
IDRiD_02_2048_1024,,,,,0.7455741021373002,0.7211350292836463,,
IDRiD_02_2048_1536,0.01697792869212299,0.09505703418438895,0.6004016063654215,0.9171779138290864,0.36734693852561434,0.22881355912812412,,
IDRiD_02_2048_2048,0.0,0.0,0.0,0.0,,,,
IDRiD_02_2048_2560,,,,,0.5529573589335685,0.40688259101075247,,
IDRiD_02_2048_3072,,,0.0494382022360813,0.02534562211397566,0.0,0.0,,
IDRiD_02_2048_512,,,,,0.8878357029314505,0.967297762311997,,
IDRiD_02_512_1024,,,0.36262866188736115,0.8841698838285058,0.49411764647750867,0.3281249994873047,,
IDRiD_02_512_1536,,,0.22628951745205578,0.24028268546991474,0.8156912804359009,0.7344178233513003,,
IDRiD_02_512_2048,0.7840566408708004,0.6927710843212982,0.5452408930456232,0.5999999999482758,0.828741574498863,0.7561499880492458,,
IDRiD_02_512_2560,,,0.40108401080387673,0.2842509602709026,0.5225225224048372,0.3547400610535963,,
IDRiD_02_512_3072,,,,,0.5322391558578853,0.3626198082487828,,
IDRiD_03_0_1024,0.0,0.0,,,0.5135937856862327,0.3500467144082826,,
IDRiD_03_0_1536,0.06131336004073657,0.03164329377864719,0.0,0.0,0.5725658297436447,0.43549138330528686,,
IDRiD_03_0_2048,0.0013404825736366968,0.0006715916722181604,0.1640464798247405,0.9302325574184244,0.7855153202905005,0.6515711644499471,,
IDRiD_03_0_2560,0.7550091356701403,0.7361555649451286,0.46898002100583697,0.5068181817605889,0.5674044264451902,0.505376343904883,,
IDRiD_03_0_512,,,,,0.0,0.0,,
IDRiD_03_1024_0,0.0,0.0,,,,,,
IDRiD_03_1024_1024,0.24845201237428594,0.16692667705840214,0.4315196997921426,0.993520518143948,0.7081493650932397,0.5929386140849834,,
IDRiD_03_1024_1536,0.8136689635661135,0.7383869320893724,0.0,0.0,0.8776315563707447,0.864738301323937,,
IDRiD_03_1024_2048,0.3659249269416515,0.23801169589947335,0.46984126982635427,0.6468531467966037,0.7644922502912054,0.7526180056238175,,
IDRiD_03_1024_2560,0.0,0.0,0.08797327393719524,0.1244094487993056,0.7784442021059662,0.715144431453692,,
IDRiD_03_1024_3072,0.5149536371913611,0.3751308153327454,0.331828442419197,0.744303797279923,0.5749588137911895,0.4634794156090997,,
IDRiD_03_1536_1024,0.0,0.0,0.583653846125786,0.6478121664196572,0.6298453954668402,0.48963595191622306,,
IDRiD_03_1536_1536,0.2986167615826438,0.35980392153335256,0.526719999983145,0.7125541124924195,0.8139947859583367,0.7593669592162442,,
IDRiD_03_1536_2048,0.6160267111681684,0.5410557184486288,0.4980299447992096,0.5973534970515401,0.8435282001792087,0.7773028059422784,,
IDRiD_03_1536_2560,0.33699535548259646,0.21772750879902056,0.22604951559601455,0.49645390059185485,0.8091793225678887,0.716193868461535,,
IDRiD_03_1536_3072,,,0.0,0.0,0.0,0.0,,
IDRiD_03_2048_0,,,0.7368421050945441,0.6518218620842826,,,,
IDRiD_03_2048_1024,0.7357040586718414,0.622570594922988,0.40897755607572917,0.999999999593496,0.004102564102143327,0.0020554984581649025,,
IDRiD_03_2048_1536,0.07205002718844464,0.03737131575223039,,,0.7775916931804656,0.7190645810692344,,
IDRiD_03_2048_2048,,,0.0,0.0,0.716472975462477,0.6702329594420169,,
IDRiD_03_2048_2560,0.0,0.0,0.6453089243374579,0.9999999992907802,0.7962057210494116,0.7951450562227607,,
IDRiD_03_2048_3072,0.47370733850654895,0.9225941422418678,,,,,,
IDRiD_03_512_0,0.0,0.0,0.0,0.0,0.0,0.0,,
IDRiD_03_512_1024,,,0.0,0.0,0.18072289155636787,0.09933774833839026,,
IDRiD_03_512_1536,0.6075379711118032,0.656401944868055,0.585635359051311,0.5711206895320861,0.7601170160850798,0.7090392268253661,,
IDRiD_03_512_2048,0.0,0.0,0.0,0.0,0.7433975123467081,0.8043879055898896,,
IDRiD_03_512_2560,0.7343550446904936,0.6535576267184916,0.5196647323971847,0.8955555553565432,0.717654171699534,0.7460716530366739,,
IDRiD_03_512_3072,0.0,0.0,0.45793581956132384,0.6082949307354159,0.4376647834110108,0.30562861650154505,,
IDRiD_03_512_512,0.4058469475378089,0.3818770226331242,0.4295415959070653,0.9370370368635117,0.08919170021402317,0.0469973890324087,,
IDRiD_04_0_1024,,,,,0.4526593738041245,0.5434782608203371,,
IDRiD_04_1024_0,,,,,0.8584474883884823,0.8506787326467518,,
IDRiD_04_1024_1024,0.8741020793840693,0.9302575107046606,0.10849056601214845,0.057356608464499595,0.0,0.0,,
IDRiD_04_1024_2560,,,,,0.8319623970820256,0.8271028035450694,,
IDRiD_04_1024_3072,,,,,0.058823529377162634,0.03030303028466483,,
IDRiD_04_1024_3584,,,,,0.589010988881536,0.529644268565358,,
IDRiD_04_1536_1024,0.8637888956615025,0.8367316784746346,,,,,,
IDRiD_04_1536_2560,,,0.6520467835304026,0.9999999995515695,,,,
IDRiD_04_1536_512,0.8239297868480271,0.714359664554153,0.7938144327850993,0.8555555550802469,0.8507936505235575,0.8993288584568263,,
IDRiD_04_2048_512,0.8392666157359217,0.7340638781217852,,,,,,
IDRiD_04_512_1024,,,,,0.39241803276678183,0.27259786474928127,,
IDRiD_04_512_1536,,,,,0.0,0.0,,
IDRiD_04_512_2560,,,,,0.809999999865,0.9101123592096957,,
IDRiD_04_512_3072,0.0,0.0,,,0.4969450100820886,0.9759999992192,,
IDRiD_04_512_3584,,,,,0.434210526172957,0.9999999984848486,,
IDRiD_04_512_512,,,,,0.003105590061629567,0.0015552099531018337,,
IDRiD_05_0_512,0.46206995824871067,0.9993773349315456,0.3732767762064394,0.3039723660960324,,,,
IDRiD_05_1024_1024,,,,,0.656230432053264,0.5820066641876711,,
IDRiD_05_1024_1536,,,0.0,0.0,0.8142340168714469,0.8717176065057376,,
IDRiD_05_1024_2048,0.13779527557698865,0.11864406777650101,0.0,0.0,,,,
IDRiD_05_1024_512,,,0.6231454005010171,0.9999999995238096,,,,
IDRiD_05_1536_1024,0.0,0.0,0.049861495840271323,0.03253012047800842,0.472955974783276,0.3375224415911091,,
IDRiD_05_1536_1536,,,,,0.0,0.0,,
IDRiD_05_1536_512,0.0,0.0,0.7396562698447068,0.8206214688106467,,,,
IDRiD_05_2048_1024,,,0.7094631986325698,0.7350917430349666,,,,
IDRiD_05_2048_1536,,,0.0,0.0,,,,
IDRiD_05_2048_512,0.8205718671882447,0.7780203784287475,,,,,,
IDRiD_05_512_1536,,,0.2811501596545846,0.1635687731733945,,,,
IDRiD_06_0_1536,0.17932386084813023,0.09886547811726458,0.06806930692648086,0.1276102087870974,,,,
IDRiD_06_0_2048,0.7001074883504113,0.5851701006158939,0.6517027863272675,0.7558348293077496,,,,
IDRiD_06_0_2560,0.8168888888837023,0.9855982840357653,,,0.017559262509432898,0.00885739592481334,,
IDRiD_06_0_3072,,,0.6076458751903777,0.9773462780008587,,,,
IDRiD_06_0_512,,,0.7877461706352437,0.7135777997310627,0.15047021941215202,0.08135593218960069,,
IDRiD_06_1024_1024,,,0.7472231571609821,0.8531898538929139,0.8571265678400392,0.773433480802825,,
IDRiD_06_1024_1536,,,,,0.8861373629105668,0.8164462655912046,,
IDRiD_06_1024_512,0.0,0.0,0.5820895522207062,0.5410404623964716,,,,
IDRiD_06_1536_0,,,,,0.33134328353263537,0.1985688729519555,,
IDRiD_06_1536_1024,0.7358897026826416,0.6870474657532544,,,,,,
IDRiD_06_1536_512,,,0.596169858401651,0.6236933796822834,0.5797468353696523,0.5134529146830823,,
IDRiD_06_2048_512,,,0.0,0.0,,,,
IDRiD_06_512_0,,,0.0,0.0,,,,
IDRiD_06_512_1024,0.13649182176331123,0.07387057386606406,0.16477272726336517,0.25217391299962194,0.778069514126971,0.6805985082741468,,
IDRiD_06_512_1536,0.3404710920406348,0.22331460671020864,,,0.7823289727601205,0.6860366713616733,,
IDRiD_06_512_2048,0.639165251137123,0.7534324942360736,0.32475884239151787,0.6917808214439858,0.0,0.0,,
IDRiD_06_512_3072,,,0.7013793103206422,0.7364228819162619,,,,
IDRiD_06_512_512,0.0,0.0,0.3968871595110124,0.4260143197582322,0.6630434782492454,0.6070626003015389,,
IDRiD_07_0_1024,,,0.7290748897875469,0.6118299444340426,0.5214899712968968,0.9999999996336996,,
IDRiD_07_0_1536,0.4780037501734025,0.6886949293146843,,,0.0,0.0,,
IDRiD_07_0_2048,0.43140495866580153,0.5541401273493177,0.4987990392114172,0.6211365901673842,0.35991820038446365,0.9887640445734965,,
IDRiD_07_0_512,0.8806426931568232,0.8813169984011242,,,,,,
IDRiD_07_1024_0,,,,,0.0,0.0,,
IDRiD_07_1024_1024,,,0.6333333328055556,0.5066666659911111,0.6749183895446829,0.6061568531491288,,
IDRiD_07_1024_1536,,,,,0.4839430326656808,0.3601413133757244,,
IDRiD_07_1024_2048,0.0,0.0,,,0.2847571188802752,0.20432692302780603,,
IDRiD_07_1024_2560,,,0.8141414140591776,0.8241308791770693,,,,
IDRiD_07_1024_512,,,0.5612722170077558,0.5411906193300546,0.7848328472007715,0.8692842942201908,,
IDRiD_07_1536_0,,,0.0,0.0,0.7636695018110013,0.6738139908691018,,
IDRiD_07_1536_1024,,,,,0.6845572993756124,0.7045870161482429,,
IDRiD_07_1536_1536,,,0.30412371126182375,0.17933130693637345,0.9079330368343091,0.8729897141533415,,
IDRiD_07_1536_2048,0.00826934435888159,0.0041518386712884985,,,0.8570528431048031,0.8400013352680721,,
IDRiD_07_1536_2560,,,0.0,0.0,0.6444775009277164,0.8109499298018176,,
IDRiD_07_1536_512,0.38844331024071777,0.4924890224059975,0.41701870849677075,0.8499384992804504,0.6625878087318697,0.6579657965500466,,
IDRiD_07_2048_0,,,,,0.4789762339160921,0.3164251206965156,,
IDRiD_07_2048_1024,,,,,0.720712277396422,0.7557739557368169,,
IDRiD_07_2048_1536,,,,,0.8054569388455644,0.8307413807222024,,
IDRiD_07_2048_2048,0.4314691151901858,0.8653942742195648,0.4425531914658216,0.4346917449911503,0.8068110153373259,0.8097046413331286,,
IDRiD_07_2048_512,0.7802517850395516,0.9508816120797929,0.3184568834977891,0.20637254900949153,0.7016528925523189,0.6615584415412582,,
IDRiD_07_512_0,,,0.3369963368728951,0.20264317171689727,0.7611336030847907,0.9038461534116125,,
IDRiD_07_512_1024,,,0.5931034478668252,0.7962962948216735,,,,
IDRiD_07_512_1536,,,0.6477987421256329,0.7263111502544597,0.82183908040073,0.8183118739887967,,
IDRiD_07_512_2048,0.0,0.0,0.3893280632026356,0.44369369359376265,,,,
IDRiD_07_512_2560,0.48976072428347145,0.37282573021421644,,,,,,
IDRiD_07_512_512,,,0.5509964829688747,0.7484076431929287,,,,
IDRiD_08_0_1024,0.3913222121752706,0.27032243414770296,,,,,,
IDRiD_08_0_1536,0.6902425476738002,0.6595428490506011,0.0,0.0,,,,
IDRiD_08_1024_1024,0.5173516711936882,0.9089631918822995,0.42874062374935884,0.537091988077439,0.5486238531942317,0.39919893189144645,,
IDRiD_08_1024_1536,0.6653589642945048,0.8201160541427444,0.0,0.0,0.22746781110998543,0.12864077666780563,0.7710063743443548,0.6273477406630463
IDRiD_08_1024_2048,,,,,0.772330071682422,0.8359764385949707,,
IDRiD_08_1024_2560,,,,,0.25360230543896223,0.20754716976237095,,
IDRiD_08_1024_512,0.5425998614513369,0.3824869791542159,,,0.8406226834069219,0.9249592168148517,,
IDRiD_08_1536_1024,,,,,0.4187725631013046,0.266666666605364,,
IDRiD_08_1536_1536,0.782197376891374,0.7385302476354637,,,0.8453970484816813,0.8692196531634896,,
IDRiD_08_1536_2048,,,,,0.477704194239395,0.3203078744629776,,
IDRiD_08_512_1024,,,0.5108433734529443,0.9464285711468962,,,,
IDRiD_08_512_1536,,,0.3298245613456448,0.33333333321513,0.6547406081118532,0.9945652168507798,0.8790588838642207,0.8293213983256966
IDRiD_08_512_2048,,,0.6086576300564646,0.5244913337961951,,,0.6225693170468968,0.6540028631135998
IDRiD_08_512_512,,,0.7384615383195267,0.8135593216891698,,,,
IDRiD_09_0_1024,0.5148886703008366,0.3718437197263684,,,,,,
IDRiD_09_0_1536,,,0.11627244228793752,0.06172465960478897,,,,
IDRiD_09_0_2560,,,0.5581151832168526,0.38707334782955166,,,,
IDRiD_09_0_3072,,,0.32640949553512466,0.19513431321869568,,,,
IDRiD_09_0_512,0.5805981035679837,0.4742127659493751,,,,,,
IDRiD_09_1024_1024,0.0,0.0,0.5369572422847704,0.4114808229511943,0.8124608248698081,0.7908802473121099,,
IDRiD_09_1024_1536,0.8917721913736399,0.8496374658165976,,,0.8639457632026684,0.8687568355798966,,
IDRiD_09_1024_2048,0.5084063461933648,0.4351438994642249,0.5083179297479594,0.5975013579251764,0.749260128576903,0.658829863591909,,
IDRiD_09_1024_2560,,,,,0.4387510007655123,0.29211087416928455,,
IDRiD_09_1024_3072,,,0.0,0.0,,,,
IDRiD_09_1024_3584,,,0.0,0.0,,,,
IDRiD_09_1024_512,0.15186860271002456,0.11766875691192664,0.5065943992681735,0.4343246592182675,0.7447725802948021,0.6770084911778118,,
IDRiD_09_1536_1024,0.0,0.0,0.22733918127824054,0.1301799916228472,0.7444572275398388,0.7074978688680645,,
IDRiD_09_1536_1536,0.6164658634476258,0.8966121495065242,0.4982698961650363,0.3720930232237646,0.7996278190479853,0.8806154646859874,,
IDRiD_09_1536_2048,0.7120836773917962,0.9001391788134956,0.5606694560200276,0.43905635643000573,0.0,0.0,,
IDRiD_09_1536_2560,,,0.23753976668941995,0.13477737664652362,,,,
IDRiD_09_1536_512,,,0.0,0.0,0.8845970433942165,0.9040888569646417,,
IDRiD_09_2048_1024,,,,,0.7020955826873051,0.8100539224072003,,
IDRiD_09_2048_1536,0.08064516126864377,0.04201680671091966,0.49276714883374867,0.48263254108933884,0.697724925177589,0.6117974918689651,,
IDRiD_09_2048_2048,0.5467716535346965,0.6267148014214182,0.6186046511148368,0.4801444042743509,,,,
IDRiD_09_2048_2560,,,,,0.804369414061352,0.9364161848628421,,
IDRiD_09_2048_512,,,0.5983606557213563,0.5121608980115921,0.0,0.0,,
IDRiD_09_512_0,0.4160902802982146,0.2729878194346074,,,,,,
IDRiD_09_512_1024,0.0,0.0,0.6312941530041892,0.6017191976904952,0.7661772702525977,0.7849582172639478,,
IDRiD_09_512_1536,0.632603406172116,0.5829596409941885,0.7571942445362235,0.776752767384363,0.6953868390384415,0.7608504656408289,,
IDRiD_09_512_2048,,,,,0.7350153128082979,0.811332904030543,,
IDRiD_09_512_3072,,,0.0,0.0,,,,
IDRiD_09_512_512,0.3954577382322907,0.2664247969061722,0.6187335091940149,0.7215384614274557,0.7610062892284061,0.8581560281659205,,
IDRiD_10_0_1024,,,,,0.760034110287777,0.7048558021790222,,
IDRiD_10_0_1536,,,0.7379471228328948,0.8361233479439538,0.8172313236434988,0.7838188143784619,,
IDRiD_10_0_2048,0.8472345272714541,0.8228304515215698,0.6241737487901713,0.7545662099595244,0.7752996432492998,0.7845011167050095,,
IDRiD_10_0_2560,0.4035958674305166,0.646603611322158,0.4198062432610386,0.518962075813775,0.7371165644058725,0.8929765885955788,,
IDRiD_10_0_3072,,,,,0.25462690085754297,0.14737991266174427,,
IDRiD_10_0_512,,,,,0.32116788309446426,0.19130434774291116,,
IDRiD_10_1024_0,,,,,0.7275862067711059,0.571815718002218,,
IDRiD_10_1024_1024,0.10207696023020324,0.08421891604452128,0.32552301253868104,0.21952595935555722,0.8444400337376845,0.8752314338523427,,
IDRiD_10_1024_1536,,,,,0.9742285131340939,0.9738932017789247,,
IDRiD_10_1024_2048,,,0.8518771330476534,0.9811320753174321,0.9744231356449411,0.9914545894458178,,
IDRiD_10_1024_2560,0.7957511878084328,0.8027214631952252,0.5744954916149744,0.5425790754037884,0.7910462919688995,0.7655592687211891,,
IDRiD_10_1024_3072,0.4110834188475138,0.9999999999286733,0.6897980320719939,0.6693467336010707,0.8095079787189189,0.7737527804176066,,
IDRiD_10_1024_512,,,,,0.7453768318181029,0.6630198634337133,,
IDRiD_10_1536_0,,,0.0,0.0,0.6482554555461933,0.4938944204303232,,
IDRiD_10_1536_1024,,,0.7057981388437439,0.7424698794621634,0.685444531861977,0.7305047794672941,,
IDRiD_10_1536_1536,,,0.5390624997894287,0.37499999979619564,0.8103969373350325,0.8611852291041237,,
IDRiD_10_1536_2048,0.410074265416255,0.9999999999775029,0.5030129124748491,0.36467651341034585,0.7889598336907176,0.7538396055731783,,
IDRiD_10_1536_2560,,,0.515313563416854,0.4898336413595347,0.8346996207006103,0.8504113687324424,,
IDRiD_10_1536_3072,,,0.24903225804844953,0.24337957121773274,0.7183921476812716,0.75380088274871,,
IDRiD_10_1536_512,0.6621229050205348,0.543370621666177,,,,,,
IDRiD_10_2048_1024,0.0,0.0,0.4373673035783887,0.2962607861652674,0.0,0.0,,
IDRiD_10_2048_1536,0.0,0.0,0.635505193548843,0.9519094765273113,0.5205479451992243,0.5297138664580652,,
IDRiD_10_2048_2048,0.6879248132861632,0.7171098670273424,0.1474025973978116,0.08200867051726848,0.6596595665458128,0.8604707595035072,,
IDRiD_10_2048_2560,0.16160163040123718,0.08921244209073982,,,0.49032258053971556,0.32478632469379304,,
IDRiD_10_2048_3072,0.29927007298879993,0.38381812101692353,0.3078276165076669,0.18636847708345383,0.671966527168537,0.6019490254421327,,
IDRiD_10_2048_512,,,,,0.8209982788060529,0.7433766233380064,,
IDRiD_10_512_1024,,,0.5949895615245314,0.4425465837822133,0.8307555671076696,0.8264411162572428,,
IDRiD_10_512_1536,,,,,0.8308171333748173,0.8280691725008104,,
IDRiD_10_512_2048,0.6540447504209116,0.5146726862186304,0.29815376135855187,0.23790677219710174,0.8324603055818226,0.9545241809657495,,
IDRiD_10_512_2560,0.21087021086394803,0.17884130981466795,0.4975574452596787,0.34889621922484404,0.8338296094753029,0.8360324756182137,,
IDRiD_10_512_3072,0.48534156262469713,0.3846153846068338,0.17787056366689477,0.10878447394745738,0.6926104621613363,0.64552393349124,,
IDRiD_10_512_512,0.10582832294254692,0.9691182445766308,0.0,0.0,0.8199335547991156,0.7227645450713486,,
IDRiD_11_0_1024,,,0.0,0.0,,,,
IDRiD_11_0_1536,0.41089944537229567,0.4407656492270685,0.324507042235239,0.19367854739786963,0.16207455426870754,0.08818342150120223,,
IDRiD_11_0_2048,,,0.5452513966175837,0.41461342392399203,,,,
IDRiD_11_0_2560,0.7277674975429653,0.5914720452832365,0.0,0.0,,,,
IDRiD_11_0_3072,,,,,0.5852311938864574,0.888888888702539,,
IDRiD_11_0_512,0.34354688947599377,0.22155688620101116,0.6367583211813664,0.583554376503036,0.0,0.0,,
IDRiD_11_1024_1024,,,0.6586706646347491,0.9620437954799936,,,,
IDRiD_11_1024_1536,0.0,0.0,0.3459614009883502,0.25785828448279924,0.8254370007085919,0.8229634886773679,,
IDRiD_11_1024_2048,0.015247776364009178,0.007978723403194318,0.20512820510797553,0.2390804597151539,0.8185615691963102,0.7366786531531205,,
IDRiD_11_1024_2560,0.13753106876268578,0.07384341636846434,0.09749670618593566,0.09724047304898285,0.8350455514623828,0.7898982984529878,,
IDRiD_11_1024_3072,0.35165022842597815,0.2264379192773208,,,0.812316715423414,0.9618055552215952,,
IDRiD_11_1536_1024,,,0.628099173467204,0.7215189871134433,,,,
IDRiD_11_1536_1536,,,0.3882709807494165,0.29357798160648657,0.8146946343630235,0.9019758788580453,,
IDRiD_11_1536_2048,0.0,0.0,0.0,0.0,0.8588832988042348,0.7980659058582058,,
IDRiD_11_1536_2560,0.0,0.0,0.0,0.0,0.7547325102871524,0.6160807793376093,,
IDRiD_11_1536_3072,,,,,0.7357162446225823,0.6543089430787917,,
IDRiD_11_2048_1024,,,0.34650648117778987,0.22204213937511985,0.8073394494589868,0.6923076921866596,,
IDRiD_11_2048_1536,,,,,0.20521739126865784,0.15526315785387812,,
IDRiD_11_2048_2048,,,,,0.8023172905507969,0.7162635264134458,,
IDRiD_11_2048_2560,0.4658730158683941,0.32283789357455195,0.0,0.0,0.7359370143958565,0.6733649289035699,,
IDRiD_11_2048_3072,0.7240018936348114,0.7024957893017533,0.1679389312656605,0.09322033896330077,0.627714581146447,0.6376050419498315,,
IDRiD_11_512_1024,,,,,0.5396341463140429,0.3953834698141933,,
IDRiD_11_512_1536,,,0.7626886144881557,0.7146529562063428,0.6835418855647354,0.6041537682185841,,
IDRiD_11_512_2048,,,0.32830523510840237,0.19722814496831256,0.7990778212684948,0.705801347785802,,
IDRiD_11_512_2560,0.0,0.0,0.5639751552444736,0.4508440913157057,0.6884757309062697,0.5942668136641643,,
IDRiD_11_512_3072,0.215977822579738,0.5827289211109989,0.054755043225035785,0.03180803571251071,0.0,0.0,,
IDRiD_11_512_512,,,0.10460992906874025,0.055191768002320694,,,,
IDRiD_12_0_1024,,,,,0.5128453707943362,0.7907324363541507,,
IDRiD_12_0_2560,0.2917505030034331,0.2022315202090494,0.29571303584464453,0.24852941172815746,,,,
IDRiD_12_0_3072,0.40513983368063944,0.2540284359948788,0.2603550294317426,0.16058394148862487,,,,
IDRiD_12_0_512,0.12455303932882739,0.0664124563054842,,,,,,
IDRiD_12_1024_1024,0.15484007625421076,0.9999999999316005,,,,,,
IDRiD_12_1024_2048,0.4398713826083684,0.7880184329981524,0.4827586206446636,0.9999999996138995,0.03401450230673679,0.9626865664457563,,
IDRiD_12_1024_2560,,,0.7258426965476582,0.9584569730093598,,,,
IDRiD_12_1536_2048,0.0,0.0,,,0.6594048127533859,0.8814236771815489,,
IDRiD_12_1536_3072,,,0.0,0.0,,,,
IDRiD_12_2048_1536,,,0.5943396223611606,0.5624999994977679,,,,
IDRiD_12_2048_2048,,,0.0,0.0,,,,
IDRiD_12_2048_2560,,,0.5347593581934476,0.38461538451676525,,,,
IDRiD_12_2048_3072,,,0.27999999996266667,0.23702031597358456,,,,
IDRiD_12_2048_512,0.7138544112474386,0.5927576601341081,0.7417923690557415,0.5895627643738276,,,,
IDRiD_12_512_2560,0.9109193727018279,0.9037015615910716,0.0,0.0,,,,
IDRiD_12_512_512,,,,,0.7395411604939891,0.9042904287444585,,
IDRiD_13_0_1024,0.8458210762961443,0.7690371302464117,0.48286604353849444,0.5236486484717403,,,,
IDRiD_13_0_1536,,,0.5943940642788791,0.43199520668472163,,,,
IDRiD_13_0_2048,0.6483839373036556,0.5106448626809428,0.45057471259188797,0.50256410243524,0.7435897433990795,0.6041666664149306,,
IDRiD_13_0_2560,0.8317779960605135,0.9597619722028972,0.672551492195353,0.5085823267318129,,,,
IDRiD_13_0_3072,0.050159598722447796,0.22147651003738572,0.5106382978451788,0.5144694533210644,,,,
IDRiD_13_0_512,,,0.5442459492918884,0.5061823801772656,0.6381766379948214,0.47257383946304904,0.8001271949941697,0.7232832960669224
IDRiD_13_1024_0,0.0,0.0,0.5524625267074451,0.999999999612403,,,,
IDRiD_13_1024_1024,0.16127541589276168,0.27523659303823056,0.6379789005930601,0.5904419321382095,0.8909246386865822,0.858443465490523,,
IDRiD_13_1024_1536,0.06474372276271542,0.2836363635847934,0.3304552590137184,0.22930283223151945,0.7852183549295854,0.7489214840347328,0.0,0.0
IDRiD_13_1024_2048,,,0.5514018691445638,0.46599385693435746,0.22622622620358096,0.15127175366114168,0.0,0.0
IDRiD_13_1024_2560,,,,,0.7320261435516254,0.9824561394890736,,
IDRiD_13_1024_3072,,,,,0.636155217792,0.520784095641307,,
IDRiD_13_1024_3584,,,0.8016085789810177,0.7002341918734815,0.0,0.0,,
IDRiD_13_1024_512,0.24262295081083343,0.1427958833557978,0.6759696285516936,0.8157503714306216,0.6696484479768346,0.7000187020628387,,
IDRiD_13_1536_0,,,0.563953488208153,0.5574712640474303,0.5714285712653061,0.47393364906448643,,
IDRiD_13_1536_1024,,,0.5669975185752483,0.401581722284571,0.7569698676322589,0.7561181434386465,,
IDRiD_13_1536_1536,0.0,0.0,0.6555099463007418,0.707566462119457,0.7163037080424867,0.7179941002526257,,
IDRiD_13_1536_2048,0.2685486789624123,0.22705018358463583,0.6837315130441564,0.6028084252153653,0.5506391346963954,0.43647700699779907,0.43300798580027244,0.2809210526292687
IDRiD_13_1536_2560,0.5549094162317724,0.40158627386854023,0.5680933851697981,0.6314878891641025,,,,
IDRiD_13_1536_3072,,,0.5780346820252374,0.9900990095742247,0.48316831678384475,0.32795698920323163,,
IDRiD_13_1536_3584,,,,,0.0,0.0,,
IDRiD_13_1536_512,,,0.6316590562925549,0.5903271692325514,0.22191400829099667,0.12698412696397077,,
IDRiD_13_2048_1024,0.24316628700902146,0.14420803782018887,0.5881533100635433,0.6196769455771399,0.5680297397347189,0.48415716090188127,0.8546459323884508,0.9137125583700546
IDRiD_13_2048_1536,,,0.6882898062052111,0.7242907800776337,,,0.12042209807448352,0.06406869220537133
IDRiD_13_2048_2048,0.13188798554056513,0.07146353401510212,0.0,0.0,0.7790055246466835,0.7343749996175131,,
IDRiD_13_2048_2560,0.0,0.0,0.1328790459739559,0.13732394361361833,,,,
IDRiD_13_2048_512,,,0.49425742572299974,0.5430809399005151,,,0.3402919907194686,0.2050312397220895
IDRiD_13_512_0,0.0,0.0,0.0,0.0,,,,
IDRiD_13_512_1024,0.29082969431044414,0.363934426189734,0.6378302548366185,0.5765004226299028,0.8172523267454312,0.7840598508343354,,
IDRiD_13_512_1536,,,0.7655743608072457,0.741800418676141,0.7907091138037239,0.7374844013786657,,
IDRiD_13_512_2048,,,0.7932379712882656,0.86158192066057,0.8216535432909123,0.877628259004305,,
IDRiD_13_512_2560,0.5229808121141017,0.4221902016986894,0.6919642856833945,0.7466281309492651,,,,
IDRiD_13_512_3072,,,,,0.605105920662406,0.4368627450637754,,
IDRiD_13_512_3584,,,,,0.0,0.0,,
IDRiD_13_512_512,0.0,0.0,0.3422459892743096,0.21597300335028427,0.5362074772470122,0.37511781336592287,0.0,0.0
IDRiD_14_0_1024,,,0.6823979591401531,0.8799342103815898,,,,
IDRiD_14_0_1536,0.04447268106593162,0.022742040285161077,0.5070422533782979,0.7438016522778499,0.0,0.0,,
IDRiD_14_0_2048,0.7723277572953477,0.6488031439722662,0.4352941176150519,0.9999999996621621,0.768225039604433,0.9001857009795643,,
IDRiD_14_0_2560,0.5456006428247917,0.3897818599273844,0.5718427251210031,0.7528625953839284,,,0.8291310998133461,0.8883484880430498
IDRiD_14_0_3072,0.0,0.0,,,0.0,0.0,,
IDRiD_14_0_512,,,0.3074534161331546,0.20259208729859535,,,,
IDRiD_14_1024_0,,,0.0,0.0,,,,
IDRiD_14_1024_1024,0.13934894345292123,0.5865384612564719,0.48309178740071723,0.5050505049654798,,,,
IDRiD_14_1024_1536,0.6276996914530734,0.511452513952194,0.31705590940137807,0.26666666665079364,0.8331820168773894,0.8515947209179846,,
IDRiD_14_1024_2048,,,0.27184466016484954,0.16622691290683023,0.8261826345082246,0.8209086640032258,,
IDRiD_14_1024_2560,,,0.0,0.0,0.8025823989111591,0.7766898063544878,,
IDRiD_14_1024_3072,,,0.0,0.0,0.7730166924753454,0.6934238962571428,,
IDRiD_14_1024_3584,,,,,0.0,0.0,,
IDRiD_14_1024_512,,,0.7919075143364296,0.7191601047981206,0.41197658711364304,0.26338514679725433,,
IDRiD_14_1536_0,0.27595445411306196,0.6616702354751959,,,,,,
IDRiD_14_1536_1024,,,0.0,0.0,,,,
IDRiD_14_1536_1536,0.8915278552606538,0.913963559106839,0.31734317339270074,0.20806451609547347,0.6943037974573686,0.6578710644480399,,
IDRiD_14_1536_2048,0.0,0.0,0.6029097963025624,0.515422885555044,0.7911402277212426,0.823911630902407,,
IDRiD_14_1536_2560,,,0.7774736018467941,0.7314201618299175,0.7601078166969559,0.7978981406306428,,
IDRiD_14_1536_3072,0.0,0.0,0.34517766493081503,0.6044444441758025,0.488549618246023,0.33333333326388886,,
IDRiD_14_1536_512,,,0.741671217873202,0.8772609817988035,,,,
IDRiD_14_2048_1024,0.05122235156563186,0.026284348861853723,0.47700701477186225,0.4303797467749115,,,,
IDRiD_14_2048_1536,,,0.5879043599735718,0.7517985608806479,,,,
IDRiD_14_2048_2048,,,0.0,0.0,0.5795958600010056,0.4282592862033314,,
IDRiD_14_2048_2560,0.8074050016107924,0.8286666666390445,0.686980609386566,0.6133553173443235,0.6818404787532439,0.7713651498163959,,
IDRiD_14_2048_3072,0.5632873425230461,0.6069812540204595,0.7199999999830589,0.6343283581826564,0.0,0.0,,
IDRiD_14_2048_512,0.8846034214343825,0.7930842163528675,,,,,,
IDRiD_14_512_1536,0.0,0.0,0.0,0.0,0.7439938496949452,0.6800773014638075,,
IDRiD_14_512_2048,0.0,0.0,0.3736263736047642,0.9202279199657469,0.8185365853637522,0.8421024828270359,,
IDRiD_14_512_2560,0.0,0.0,0.5992260917468428,0.7169312168838008,0.78822924168991,0.7387178893746096,0.0,0.0
IDRiD_14_512_3072,0.0,0.0,0.022889842629057248,0.035555555539753085,0.8153735632086281,0.8276616431495464,,
IDRiD_14_512_512,,,0.7106481480658973,0.6177062373002603,,,,
IDRiD_15_0_1536,,,0.0,0.0,,,,
IDRiD_15_1024_0,,,0.04263565890646596,0.021782178213508478,0.6678082191590238,0.5248990578499373,,
IDRiD_15_1024_1024,,,,,0.7450157397593781,0.7860503736289497,,
IDRiD_15_1024_1536,,,,,0.0,0.0,,
IDRiD_15_1024_512,,,,,0.8017536403677237,0.7194700923295083,,
IDRiD_15_1536_2048,,,0.3958868893583838,0.24838709669406867,0.5755102039641815,0.404011461202289,,
IDRiD_15_1536_512,0.0,0.0,,,0.0,0.0,,
IDRiD_15_2048_2048,,,0.49457700640030866,0.999999999122807,,,,
IDRiD_15_512_1024,0.0,0.0,,,0.7355343771231249,0.7917684416122158,,
IDRiD_15_512_512,0.588159999981179,0.41867881547067526,0.0,0.0,,,,
IDRiD_16_0_2560,,,0.0,0.0,0.8848758464829699,0.9147221043311531,,
IDRiD_16_1024_2048,,,0.8725817210892206,0.9289772725953158,0.0,0.0,,
IDRiD_16_1024_2560,0.0,0.0,0.0,0.0,0.4992782016884962,0.40434237995486977,,
IDRiD_16_1024_3072,0.7902347231811913,0.678544093879764,0.29268292680827235,0.17785527461396203,0.7969238163885497,0.729870337759205,,
IDRiD_16_1024_3584,0.29721362227787645,0.174726989070477,,,,,,
IDRiD_16_1536_2048,,,,,0.4611673902334218,0.32275489531919277,,
IDRiD_16_1536_2560,,,,,0.6760631834696147,0.5778177790005841,,
IDRiD_16_1536_3072,,,,,0.7783344617415143,0.7319495734021145,,
IDRiD_16_2048_1024,,,,,0.1832402234432134,0.1034047919163424,,
IDRiD_16_2048_1536,,,0.18749999985351565,0.10344827577288943,,,,
IDRiD_16_2048_2560,,,,,0.5460659044689935,0.3755781683278836,,
IDRiD_16_2048_3072,,,,,0.0,0.0,,
IDRiD_16_2048_512,,,0.6807017542665436,0.5187165774014126,0.0,0.0,,
IDRiD_16_512_1536,,,0.7960457855985408,0.7522123893065672,,,,
IDRiD_16_512_2048,,,,,0.0,0.0,,
IDRiD_16_512_2560,,,,,0.8139193885435051,0.7596060599513833,,
IDRiD_16_512_3072,,,,,0.7945748730901445,0.7051949880232973,,
IDRiD_17_0_1024,0.5266146202943462,0.8967851099614024,0.0,0.0,0.7877760897464778,0.8635664873063853,,
IDRiD_17_0_1536,0.13798214087169594,0.07552220644868983,0.2982601491053637,0.23166023163041696,0.6312784862546325,0.533043072612867,,
IDRiD_17_0_2048,0.39642259471510677,0.3095809409533397,,,0.6178986732205425,0.5753124105640054,,
IDRiD_17_0_2560,0.6793527027434646,0.6132789586865918,0.031205673754438914,0.016768292680370687,0.7415058439591872,0.8256658595141848,,
IDRiD_17_0_3072,0.591962647980791,0.9905133928018687,,,,,,
IDRiD_17_0_512,,,,,0.8656716416618401,0.9148264981341241,0.7629121970562033,0.6171460710218774
IDRiD_17_1024_0,0.22966579046016022,0.16316294952338956,0.41491841487005615,0.7447698741653682,0.0,0.0,,
IDRiD_17_1024_1024,0.25232794230727207,0.1460646834712972,0.5047887323659274,0.3572567782809205,0.785427276834371,0.9054685740006041,,
IDRiD_17_1024_1536,0.7735484867187046,0.8602215162665913,0.7890345648642391,0.6983122361395966,0.7079440543937866,0.80642317379337,,
IDRiD_17_1024_2048,0.7812553300324865,0.6851907254997368,,,0.6799961363790206,0.6318434751277716,,
IDRiD_17_1024_2560,0.039215686266820454,0.024813895775480422,,,0.16039502809193948,0.3167451243902659,,
IDRiD_17_1024_3072,0.22720865665234255,0.8746026526266074,0.0,0.0,,,,
IDRiD_17_1024_3584,,,0.7212073073295308,0.9700854698781868,,,,
IDRiD_17_1024_512,0.7873945586290026,0.6807210353292896,0.0,0.0,0.7656404736259081,0.7838314378877553,,
IDRiD_17_1536_0,0.7787582153269106,0.9555264526991702,,,,,,
IDRiD_17_1536_1024,0.0,0.0,,,0.6721416187577692,0.8686320754614547,,
IDRiD_17_1536_1536,0.6595359658739108,0.8394340708987461,0.34365634362201236,0.3698924730387328,0.6231307667783715,0.8782511210565415,,
IDRiD_17_1536_2048,0.6499084433445024,0.5424415068966769,0.6052631578062481,0.9764150938790495,0.0,0.0,0.8762179718468,0.8147651006633292
IDRiD_17_1536_2560,0.036105492156650106,0.08849391954932659,,,,,,
IDRiD_17_1536_3072,0.8739028208193915,0.935305768081644,0.5564102563389218,0.4165067177703442,,,0.0,0.0
IDRiD_17_1536_512,0.936418200233548,0.9132280094961964,,,0.6470457079104641,0.8557106349350165,,
IDRiD_17_2048_0,0.43935021027097093,0.2815174891653649,,,,,,
IDRiD_17_2048_1024,0.8567069522553805,0.9840898938175182,,,0.8186309103451436,0.7764390896401312,,
IDRiD_17_2048_1536,0.7425853807359012,0.9995941479997298,,,0.4972720186673989,0.379761904716695,,
IDRiD_17_2048_2048,0.5588960578310325,0.4947815425087629,,,0.6666666666009204,0.49999999992603555,0.0,0.0
IDRiD_17_2048_2560,0.8805486977413791,0.9200662839946014,0.29499999996312504,0.17302052783386795,,,0.23720092615803445,0.1722720478261483
IDRiD_17_2048_3072,0.6831637638663517,0.7184741869159761,,,,,,
IDRiD_17_2048_512,0.9877571053739868,0.9802123068794985,,,,,,
IDRiD_17_512_0,,,0.7619047616256759,0.7536231878596934,0.4526066350174637,0.3110749185161116,,
IDRiD_17_512_1024,0.6889424732975461,0.6922810661008605,0.0,0.0,0.7345781721806566,0.8110682694451754,,
IDRiD_17_512_1536,0.641277978666905,0.5822942643343118,0.7186953989411955,0.7438215792421995,0.814678278513884,0.8701683404346862,,
IDRiD_17_512_2048,0.6483217828494625,0.5323390486088729,0.0,0.0,0.6134730174124318,0.6248138957661337,,
IDRiD_17_512_2560,0.0,0.0,0.5006016846870878,0.4118811880780316,0.40424577664218503,0.28337874658806583,,
IDRiD_17_512_3072,0.21221011455664476,0.9999999999780558,0.5965548503538934,0.4272727272172373,,,,
IDRiD_17_512_512,0.2179804242564423,0.4902851770528003,0.08048595291719923,0.049858889929458236,0.6739227010187742,0.5849915162688185,0.6154849650993707,0.4452623631517057
IDRiD_18_0_1024,0.0,0.0,0.4758230452552515,0.6049705689597795,,,,
IDRiD_18_0_1536,0.6809789609128172,0.6731748726369621,0.0,0.0,0.6004760285412963,0.47093333330821685,,
IDRiD_18_0_2048,,,0.3359649122659665,0.3207705192361163,0.723689246063458,0.7918760468680119,,
IDRiD_18_0_2560,0.7657611481252395,0.7418073485527129,0.3289280469736207,0.263116679697485,0.6050078953236521,0.6387235055813593,0.6280359739316709,0.4758446221603081
IDRiD_18_0_3072,,,0.04790419160720475,0.02857142856462585,,,0.8401819443308906,0.9101386336911619
IDRiD_18_0_512,,,0.818800247321039,0.7937649879144167,,,,
IDRiD_18_1024_0,0.2661207778642661,0.16949152540163084,0.5675355449900749,0.8677536230312041,0.7048458146674689,0.5970149249276008,,
IDRiD_18_1024_1024,0.1746166950521884,0.09734093066964193,0.3842561707677033,0.7300380227211613,0.7376205787747467,0.8302998965787972,,
IDRiD_18_1024_1536,0.47581448547955646,0.5067588808510943,0.1401816118007894,0.2070410729080435,0.7157503175434778,0.7904017633424466,,
IDRiD_18_1024_2048,,,0.4618794326036401,0.5376676986029238,,,,
IDRiD_18_1024_3072,,,,,,,0.8898562300283951,0.9234148362957031
IDRiD_18_1024_512,0.6921990720708562,0.6677415767782289,0.2463563704632649,0.190268700058804,0.7804301345723043,0.8198826700448185,,
IDRiD_18_1536_0,0.6115702478707056,0.44047619041064345,0.47157190627565687,0.712121211761555,0.8322565206788166,0.8751887266796583,,
IDRiD_18_1536_1024,0.011199999999776,0.00564061240923367,0.427028384817206,0.5723905723520275,0.7629963160004503,0.8461738002484284,,
IDRiD_18_1536_1536,,,0.0,0.0,0.5746003552142718,0.42122395830590986,,
IDRiD_18_1536_2048,,,0.42675635274937385,0.42707554222684546,0.47954545449096075,0.3721340387350734,,
IDRiD_18_1536_3072,,,0.2662538699278245,0.3282442746838762,,,,
IDRiD_18_1536_3584,0.2504798464431267,0.1436433681853703,,,,,,
IDRiD_18_1536_512,0.24514633438872369,0.2125628140596702,0.11312700106321143,0.14120781526277015,0.7839802432300825,0.8580243765574072,,
IDRiD_18_2048_0,0.14513274333714465,0.1148459383431804,0.4403444033898716,0.34960937493171695,,,,
IDRiD_18_2048_1024,0.368861024023802,0.24659448130469458,0.0,0.0,0.7230446310167751,0.877934272288693,,
IDRiD_18_2048_1536,,,0.1553516819476849,0.22597864764662304,0.8373860181734508,0.852941176338554,0.0,0.0
IDRiD_18_2048_2048,,,0.3030612244743336,0.2773109243438552,0.0,0.0,,
IDRiD_18_2048_2560,,,0.0,0.0,,,,
IDRiD_18_2048_3072,0.3795744680770303,0.6866820630726187,0.13202247189156988,0.16376306614503028,,,,
IDRiD_18_2048_512,0.6320960698674273,0.8086078842073978,0.2835309617843602,0.40029761901783495,0.7019498607064586,0.9428571427930028,,
IDRiD_18_512_1024,0.4697267369089172,0.4699785560947113,0.323732718875361,0.8438438435904372,0.8440871588566937,0.8704188481295629,,
IDRiD_18_512_1536,0.48570914973061824,0.7133051741967632,,,0.0,0.0,,
IDRiD_18_512_2048,0.5609220636586043,0.47358665429857305,0.0,0.0,,,,
IDRiD_18_512_3072,,,0.0838509316639983,0.08626198080311118,0.49043977053104976,0.34177215187596455,,
IDRiD_18_512_512,0.5998707175048509,0.7012594458085007,0.5958838238008101,0.8265741728481016,0.8126574307272801,0.8919222462125967,,
IDRiD_19_0_1024,0.7724056603545871,0.6559839759310975,,,,,0.5123595505557379,0.34441087612745414
IDRiD_19_0_1536,,,,,0.5988023948510166,0.4273504269851706,,
IDRiD_19_0_2048,,,,,,,0.730100200394949,0.5805711371675093
IDRiD_19_0_2560,0.010638297870925758,0.00559440559362316,,,,,,
IDRiD_19_1024_0,,,0.22737819020246444,0.6282051273997371,,,,
IDRiD_19_1024_1024,,,,,0.8128390596377559,0.7580101179799317,,
IDRiD_19_1024_1536,,,,,0.7419114358022676,0.7092360319068063,,
IDRiD_19_1024_2560,,,0.7486818979352053,0.7888888885967078,,,,
IDRiD_19_1024_512,0.258743888670224,0.9999999997093023,0.09953703702551656,0.1409836065111529,,,,
IDRiD_19_1536_2048,0.0,0.0,0.47328244269647957,0.4348697393918097,,,,
IDRiD_19_1536_2560,,,0.0,0.0,,,,
IDRiD_19_1536_3072,,,0.0,0.0,0.6559657570542554,0.714452214368945,,
IDRiD_19_1536_512,0.7257501744338538,0.8099688472889431,,,,,,
IDRiD_19_2048_1024,0.809647302899315,0.7435989043617529,0.8055172412682046,0.9449838184644065,,,,
IDRiD_19_2048_1536,0.11139674377794372,0.06007393714786747,0.28186528494488444,0.68341708508371,,,,
IDRiD_19_2048_2048,0.7306711979298781,0.6466165413047656,0.7793696272838482,0.8292682921772755,,,,
IDRiD_19_2048_2560,0.0,0.0,,,,,,
IDRiD_19_2048_3072,,,0.6131805155836159,0.4421487601478724,,,0.783611616075551,0.6460290672762751
IDRiD_19_2048_512,0.7920809050326355,0.7836187892015666,0.7005524861491407,0.7397899649078425,,,0.7235532047236811,0.9711839632288332
IDRiD_19_512_1024,0.726641883513204,0.8372358652039361,0.37745098036902874,0.5082508249986385,0.7011718749657632,0.8140589568238029,,
IDRiD_19_512_1536,0.8115406162442254,0.7888689211959437,0.6490909090319008,0.5852459015434024,0.7659735707821438,0.7431985294049338,0.371058614210032,0.2318715256302425
IDRiD_19_512_2048,0.062039957935749734,0.03201302224460049,,,,,,
IDRiD_19_512_512,0.6212169480528443,0.5264578833409039,0.5815664214374052,0.5316455695781925,,,,
IDRiD_20_0_1024,0.004573170731533035,0.0030015007502250373,0.2434547908166409,0.7068965516133391,,,,
IDRiD_20_0_1536,0.8000704907886154,0.6737404466819489,0.0,0.0,0.5991991263141682,0.5632164242846327,,
IDRiD_20_0_2048,0.6798756798492667,0.5233253588203752,0.6659459458739518,0.5724907062132917,0.6282170542440864,0.5152594099432727,,
IDRiD_20_0_2560,,,0.0,0.0,,,,
IDRiD_20_0_512,0.0,0.0,,,,,,
IDRiD_20_1024_0,,,0.7461617195114554,0.7378542509374642,,,,
IDRiD_20_1024_1024,0.432842105244933,0.4315701091157372,0.34679020513919323,0.5346938774418992,0.8173903811423257,0.8310664939506095,,
IDRiD_20_1024_1536,0.0,0.0,0.10698878342476369,0.1469194312448058,0.7983108568293193,0.8051769619652386,,
IDRiD_20_1024_2048,,,0.6772287862331572,0.6151219511895063,0.0,0.0,,
IDRiD_20_1024_2560,,,0.5886654477900064,0.4522471908842002,,,,
IDRiD_20_1024_3072,0.3320792079175041,0.7910377358117435,0.660465116235185,0.9764243613012918,,,,
IDRiD_20_1024_512,0.6423441539725907,0.5897661332760723,0.5693430656812077,0.6902654866897311,0.7917599641383001,0.8683693515846396,,
IDRiD_20_1536_1024,0.5866344605427807,0.4401884968530668,0.6838540528581198,0.6912544169305983,0.7724875696821889,0.7316968745487962,,
IDRiD_20_1536_1536,,,0.7453416147910961,0.7453416146753596,0.8669032484464887,0.8090108450337796,,
IDRiD_20_1536_2048,0.0,0.0,,,,,,
IDRiD_20_1536_3072,0.28377307213065467,0.47034534533651756,0.5342512908594061,0.4516880092868633,0.06327372763916456,0.03267045454081386,,
IDRiD_20_1536_512,0.5508305647657532,0.4512792596379271,0.40239183959189617,0.4525316455338187,0.8609222515107492,0.8317990883829492,,
IDRiD_20_2048_1024,,,0.5702063412035681,0.6452164008744181,0.7630348118129044,0.7565044192658004,,
IDRiD_20_2048_1536,0.498791297330806,0.38542963884229675,0.3429923122311357,0.7661822984456826,0.7961442341949647,0.7475695608322567,,
IDRiD_20_2048_2560,0.7667121418565241,0.6254869226140519,,,,,,
IDRiD_20_2048_3072,0.570631321919406,0.4065606361626958,0.32452142203058143,0.22997416017700592,0.0,0.0,,
IDRiD_20_2048_512,0.13546000924328572,0.0840263837085166,0.5632730732367616,0.4832653060829987,0.9259279809107087,0.9167719606607879,,
IDRiD_20_512_1024,0.0,0.0,0.7703591299754589,0.782631037986504,0.818639798487452,0.8255139851756349,,
IDRiD_20_512_1536,0.4435760427430929,0.3542675159190539,0.5442339966369667,0.6369248035735993,0.7699384397080579,0.7639765656897952,,
IDRiD_20_512_2048,,,,,0.0,0.0,,
IDRiD_20_512_2560,0.41725731893937573,0.2724346076349121,0.11673151750064345,0.13157894734533704,,,,
IDRiD_20_512_3072,,,0.0,0.0,,,,
IDRiD_20_512_512,,,0.5130801687330734,0.49350649342637887,0.8202357563447821,0.8130477117027217,,
IDRiD_21_0_1024,0.43843519018499305,0.3086294416165323,0.33088235291076445,0.2179176755184119,0.2425585813729399,0.13851717901849847,,
IDRiD_21_0_1536,0.012012012010208408,0.0060422960715948194,0.42933408259541067,0.9490683228634698,0.39038461534707836,0.2827298049745502,,
IDRiD_21_0_2048,,,0.6096451318826528,0.4745042492245745,0.5693160813133298,0.5310344827281014,,
IDRiD_21_0_2560,,,0.45132245354804035,0.3347245408735622,,,,
IDRiD_21_0_3072,,,0.0,0.0,,,,
IDRiD_21_0_512,0.7579329102333343,0.6434068753041712,,,0.0,0.0,,
IDRiD_21_1024_1024,,,0.709103840657571,0.8699825479171044,0.423640661918504,0.33407904546352873,,
IDRiD_21_1024_1536,0.7669039145864829,0.7331490537876552,0.1732851985403172,0.19672131143509808,0.8722837665088903,0.8691975658050198,,
IDRiD_21_1024_2048,0.4903932082161484,0.33552430448890974,0.4709897610691863,0.42442882245831026,0.7895724366944133,0.8561140717238366,,
IDRiD_21_1024_2560,0.6753186985103994,0.5476599238594636,0.25755879057908404,0.3397341210724174,0.8208603417735646,0.8212232866496504,,
IDRiD_21_1024_3072,0.6367007528864288,0.4670293438762442,0.7838023335083183,0.6466591165745573,,,,
IDRiD_21_1536_0,,,,,0.0,0.0,,
IDRiD_21_1536_1024,,,0.8058536584579654,0.8243512972406484,0.13358169238601433,0.07157114342539005,,
IDRiD_21_1536_1536,0.7468411552178059,0.7418198117103623,,,0.8895718883849743,0.9469562305151172,,
IDRiD_21_1536_2048,0.36287799790908865,0.28537956887803706,0.1397802197740756,0.1802721088230984,0.7581016404195751,0.7280190863747946,,
IDRiD_21_1536_2560,0.7317644209392009,0.6392552366130245,0.2562747688130218,0.5785288269227576,0.8128989361684111,0.8069611898230794,,
IDRiD_21_1536_3072,,,0.8096774192242456,0.936567163829639,,,,
IDRiD_21_1536_512,0.7523992322250508,0.6044052863169866,,,0.26864616471302066,0.15516537361555063,,
IDRiD_21_2048_1024,0.0,0.0,0.0,0.0,0.0,0.0,,
IDRiD_21_2048_1536,0.5724999999910547,0.6820551004958282,0.4546351084588444,0.4187102633588819,0.6090835360846605,0.4797189396282383,,
IDRiD_21_2048_2048,0.5255587519304541,0.3784257488786102,0.6037650260693181,0.775641025595825,0.7787872284598831,0.7734204792991691,,
IDRiD_21_2048_2560,0.8594513715624992,0.8360178536612456,0.7362878455139847,0.7140425531307197,0.7533333333105051,0.7877059568575597,,
IDRiD_21_2048_3072,,,0.7759336098780152,0.8043010750958491,0.6864014800475113,0.5926517570938257,,
IDRiD_21_2048_512,0.0015624999998779295,0.000942507068714184,0.0,0.0,0.0,0.0,,
IDRiD_21_512_1024,,,0.3921568626938357,0.24390243898473132,,,,
IDRiD_21_512_1536,,,0.0,0.0,0.724350013968069,0.7853895119495183,,
IDRiD_21_512_2048,0.7918749198975273,0.8900893114248043,0.3607737291785527,0.29703703701503426,0.6946201160816544,0.7656608097638339,,
IDRiD_21_512_2560,0.5696588702914888,0.42561127226929674,0.2965986394477116,0.5348380764931464,0.6106914584366446,0.9722479185039548,,
IDRiD_21_512_3072,0.055441478437527676,0.028511087644191798,0.7163920207531316,0.8862660942304149,,,,
IDRiD_21_512_512,,,0.8217054262769664,0.7054908484683043,0.03344481604791893,0.017006802718196122,,
IDRiD_22_0_1024,0.754719889032507,0.7233738736485136,0.0,0.0,,,0.5337177454215548,0.9273619877674846
IDRiD_22_0_1536,0.14380664651699052,0.07747395832828945,0.3553088132994234,0.9961089490287512,,,,
IDRiD_22_0_2048,0.3911920285381917,0.8874418604486057,0.4120054569978168,0.3279044516473502,,,0.8115217569416884,0.9320470588147571
IDRiD_22_0_2560,0.8086438809243469,0.9162044670918092,,,0.7399374348125144,0.6524457520907523,,
IDRiD_22_0_3072,0.45538475033342385,0.6423136405775297,,,,,,
IDRiD_22_0_512,0.703398218386559,0.5918933925268244,,,,,,
IDRiD_22_1024_1024,,,0.6908870723375451,0.8052223005783188,,,,
IDRiD_22_1024_1536,,,0.63808940596215,0.4961904761432199,0.8051967747622647,0.8149398823186751,,
IDRiD_22_1024_2048,,,0.5283657916572086,0.5226130652390933,0.7653260850733794,0.7748098292818214,,
IDRiD_22_1024_3072,0.0,0.0,,,,,,
IDRiD_22_1024_512,,,0.7513812153312374,0.8326530608846314,,,,
IDRiD_22_1536_0,,,,,0.5376712328460234,0.5613825982644359,,
IDRiD_22_1536_1024,,,0.8812182740222114,0.9999999997695852,0.7727856224938658,0.813513513293645,,
IDRiD_22_1536_1536,0.0,0.0,0.578826237020781,0.6287499999214062,0.8510369702357886,0.8399786400704882,,
IDRiD_22_1536_2048,0.27036296084209255,0.971252566635395,0.13214739515474622,0.11581291756886126,0.8295822444107548,0.8417969523022292,,
IDRiD_22_1536_3072,0.7439199939375257,0.8847540097274971,0.5724381624936008,0.4132653060697366,0.6227795193182283,0.584772370463706,,
IDRiD_22_1536_3584,0.6284080914660141,0.4598699877681671,,,,,,
IDRiD_22_1536_512,,,0.6466165412926111,0.9197860960107523,0.6093044263638369,0.6775489703326193,,
IDRiD_22_2048_1024,0.651274787526186,0.5337822149864457,0.7591240873141882,0.6117647055224914,,,0.8682319332212912,0.9100734571613247
IDRiD_22_2048_1536,0.7931034482681799,0.7403254972741352,,,,,,
IDRiD_22_2048_2048,,,0.058076225041858665,0.051948051942429865,,,,
IDRiD_22_2048_3072,,,0.5655913977886461,0.9962121208347681,,,,
IDRiD_22_2048_512,,,,,0.38841567284694795,0.25446428565748563,0.0,0.0
IDRiD_22_512_1024,0.6266265960845347,0.5429742233957886,,,0.913114754060938,0.9432684165162346,0.6651732450250428,0.86800965937425
IDRiD_22_512_1536,,,0.5864759427447025,0.9260780285572735,,,,
IDRiD_22_512_2560,0.0,0.0,,,,,,
IDRiD_22_512_3072,0.7417812001784516,0.6342932496959257,,,,,0.8296786922198003,0.751442283145067
IDRiD_22_512_512,0.7717981888695226,0.9113962725189215,,,0.7093715813697656,0.5872408935281296,0.29506641364824165,0.21552321550827974
IDRiD_23_0_1024,0.35798212903427856,0.2395705810317396,0.13857290588018895,0.20241691836784986,,,,
IDRiD_23_0_1536,,,,,,,0.7308374568132682,0.5952851710936078
IDRiD_23_0_2048,0.37048467419253356,0.22782953761018088,,,,,,
IDRiD_23_0_2560,0.2576549663916278,0.1492940985549343,,,,,,
IDRiD_23_0_3072,0.0,0.0,,,,,,
IDRiD_23_1024_1024,,,,,0.0,0.0,,
IDRiD_23_1024_1536,,,0.5340599454677071,0.663282571799783,,,,
IDRiD_23_1024_2560,,,,,,,0.0,0.0
IDRiD_23_1024_3072,,,0.8520589730120967,0.9059459458480059,,,,
IDRiD_23_1536_1024,,,0.8544303794764461,0.7541899437127431,0.6670826832865185,0.5579331941253688,,
IDRiD_23_1536_1536,,,0.8291069458843322,0.9817232373415866,0.745124411516804,0.8470948010937165,,
IDRiD_23_1536_2560,,,,,0.7728785357415608,0.6881481480971742,,
IDRiD_23_1536_3072,,,0.7185628741900288,0.7567567566204042,0.5687141687048531,0.426012269928196,,
IDRiD_23_1536_3584,,,,,0.0,0.0,,
IDRiD_23_1536_512,,,0.8264462808209821,0.7633587783345959,0.569136385073876,0.6582969431955078,,
IDRiD_23_2048_1024,0.0,0.0,,,,,,
IDRiD_23_2048_2048,0.0,0.0,,,,,,
IDRiD_23_2048_2560,0.641960549904859,0.47271126759968923,0.8159771753472216,0.9285714282699443,,,,
IDRiD_23_2048_3072,,,,,0.4350348027589887,0.2838758516060654,,
IDRiD_23_2048_512,0.6968288399886703,0.9836687080494702,,,0.0029197080287708455,0.0014619883038798263,,
IDRiD_23_512_1024,0.7151834583272819,0.615491974856403,,,,,,
IDRiD_23_512_2048,,,0.650485436735319,0.4962962961124828,,,,
IDRiD_23_512_2560,,,,,,,0.11014753913604969,0.058283671036254064
IDRiD_23_512_3072,0.0,0.0,,,,,0.2892089620451622,0.1690498463160624
IDRiD_23_512_512,,,0.36170212758261655,0.658914728171384,,,,
IDRiD_24_0_2048,,,,,0.130081300707251,0.06956521733081286,,
IDRiD_24_1024_1536,,,,,0.0,0.0,,
IDRiD_24_1024_2048,,,,,0.5199427285637156,0.40246991765666656,,
IDRiD_24_1024_2560,,,0.019900497507487437,0.018779342714188102,,,,
IDRiD_24_1536_1536,,,,,0.0,0.0,,
IDRiD_24_1536_2048,,,0.9079601988920448,0.9079601987791144,0.4680851063497812,0.3055555555272634,,
IDRiD_24_1536_2560,,,0.6781214203117845,0.5955734405240295,,,,
IDRiD_24_1536_512,0.522247575577264,0.3701233070472989,,,0.13959390861172666,0.07565337000334892,,
IDRiD_24_2048_1024,0.7591659519705211,0.9886910994695379,,,,,,
IDRiD_24_2048_1536,0.6675724637378817,0.6645626690113108,0.4091360476257065,0.8512396690697357,,,,
IDRiD_24_512_1536,,,,,0.0,0.0,,
IDRiD_24_512_2048,,,,,0.7676694454234263,0.6610486890973127,,
IDRiD_24_512_2560,0.7794048181296716,0.7202095154796987,,,,,,
IDRiD_24_512_512,0.27528089886535795,0.16163996229209993,,,,,,
IDRiD_25_0_1024,,,0.6888805690494616,0.566502463019304,0.7421558411463988,0.6884330361900525,0.0,0.0
IDRiD_25_0_1536,0.0,0.0,0.08441116405143559,0.044065387345837564,0.7948059433291845,0.6738236900338107,,
IDRiD_25_0_2048,0.0454324418197608,0.02324424225175402,0.0,0.0,0.7031578080598148,0.6311996452042604,0.0,0.0
IDRiD_25_0_2560,0.5685244087915328,0.43874066168155024,0.0,0.0,0.8120324637499625,0.6980908783511092,,
IDRiD_25_0_3072,0.24711986632444707,0.21662041319431669,,,0.5341812400211302,0.431322207903553,,
IDRiD_25_0_512,0.44220744201973383,0.5999999999707317,0.0,0.0,0.5927272727209334,0.42974565756157346,0.0,0.0
IDRiD_25_1024_0,,,0.0,0.0,,,,
IDRiD_25_1024_1024,0.0,0.0,0.0,0.0,0.0,0.0,,
IDRiD_25_1024_1536,0.3733984136636154,0.6706324357961606,0.0,0.0,0.8686015239793046,0.8037036268983603,,
IDRiD_25_1024_2048,,,0.0,0.0,0.8286500092586274,0.7302828820107226,,
IDRiD_25_1024_2560,0.793767831337223,0.7898171361127053,0.09913793102736078,0.05291411042539002,0.8449086528329962,0.7766023780326892,,
IDRiD_25_1024_3072,0.0,0.0,,,0.8144017747374932,0.7045855379152164,,
IDRiD_25_1024_512,,,0.5283333332893055,0.4384508989711686,,,,
IDRiD_25_1536_0,,,,,0.7822349569079893,0.9999999996336996,,
IDRiD_25_1536_1024,0.6941813261158274,0.9778142246038746,,,,,0.9095759461962453,0.9687463004502338
IDRiD_25_1536_1536,0.0,0.0,0.0,0.0,0.8676295295604859,0.7845965901931542,,
IDRiD_25_1536_2048,0.0,0.0,0.47348484839517335,0.34916201107565303,0.8819623615099371,0.8085779880311376,0.0,0.0
IDRiD_25_1536_2560,0.5229728959704402,0.36891044536049916,0.0,0.0,0.7722444475046748,0.7871203599439381,0.0,0.0
IDRiD_25_1536_3072,0.5858073687937785,0.6396233248789795,0.34281437123182523,0.22945891781267946,,,,
IDRiD_25_1536_512,0.0,0.0,0.5228758169446427,0.7650273221953476,0.0,0.0,,
IDRiD_25_2048_1024,0.0,0.0,,,,,,
IDRiD_25_2048_1536,0.18795180722788635,0.11810048176105918,0.12371134019821448,0.07465007775469283,0.7122003964549973,0.8025995125587897,,
IDRiD_25_2048_2048,0.21583946078348712,0.14328570702118631,0.521338912112078,0.42265943009344237,,,,
IDRiD_25_2048_2560,0.0,0.0,0.0,0.0,0.0,0.0,,
IDRiD_25_2048_3072,,,0.5537679931791898,0.4866071427847311,0.0,0.0,,
IDRiD_25_512_1024,0.0,0.0,,,0.8102776470572983,0.7362569698603076,,
IDRiD_25_512_1536,0.5894055494731499,0.4921316165938321,0.18428490672175565,0.2519319937981505,0.7122351332842874,0.7258433674920306,,
IDRiD_25_512_2048,0.6721172975762787,0.5567042889377952,0.2872570194322407,0.19203003175882097,0.7037800687236854,0.8117964166670082,0.7080126754123313,0.5655192363239006
IDRiD_25_512_2560,0.7252920330728269,0.7127103888520493,0.1302083332994249,0.12562814064038788,0.8593147074318827,0.8333776405373441,,
IDRiD_25_512_3072,,,0.6806722686215663,0.5159235665503672,0.7344500030366102,0.5903363396588078,,
IDRiD_25_512_512,0.8215568862029474,0.6971544715092909,,,,,,
IDRiD_26_0_1024,0.5569752827759009,0.41907013395714626,0.5724319578075125,0.7511520735596423,,,,
IDRiD_26_0_1536,0.8157017909119564,0.721761562544283,,,,,,
IDRiD_26_0_2048,,,0.4446322907673444,0.7013333332398223,,,,
IDRiD_26_0_2560,0.0,0.0,0.6481481481314777,0.7241379309928656,,,,
IDRiD_26_1024_1024,,,0.7068676716523244,0.9999999998420221,,,,
IDRiD_26_1024_1536,,,0.6774290887043236,0.8849034292122624,,,,
IDRiD_26_1024_2048,0.08245719435234884,0.978609625581229,0.3838664811705332,0.2690058479007786,,,,
IDRiD_26_1024_2560,0.5736677115887554,0.5243553008429049,0.3999999999877863,0.7182017543072148,,,,
IDRiD_26_1024_3072,0.9333604816866885,0.9641826923018979,0.0,0.0,,,,
IDRiD_26_1536_1024,,,0.6177715090807092,0.999999999543379,,,,
IDRiD_26_1536_1536,,,0.6875805758191844,0.8421052630692522,,,,
IDRiD_26_1536_2048,0.3254399304730515,0.502010723826943,,,,,,
IDRiD_26_1536_2560,,,0.4279985417270143,0.9999999998296423,,,,
IDRiD_26_1536_3072,0.3809523809424136,0.2870662460454627,0.3535517353112698,0.23830345429653244,,,,
IDRiD_26_2048_1024,,,,,0.8501291988565725,0.8123456788117664,,
IDRiD_26_2048_1536,0.30499390985858726,0.8129870128814303,0.33057851232839286,0.43956043931892286,,,,
IDRiD_26_2048_2048,,,0.7129629628969478,0.9922680409813741,,,,
IDRiD_26_2048_3072,0.8384235020299707,0.7258876857123409,,,,,,
IDRiD_26_512_1024,0.8403646764352861,0.8742793379126438,0.0,0.0,,,,
IDRiD_26_512_1536,0.0,0.0,0.3572016460758353,0.9999999997695852,,,,
IDRiD_26_512_2048,0.7088342916855972,0.9165020276498231,0.666989914656061,0.7942263279262304,0.6405201342147542,0.7267967634113852,,
IDRiD_26_512_2560,,,0.7228571428364898,0.8772538140861821,,,,
IDRiD_26_512_3072,0.671178612664231,0.6497008047298655,0.8981636058600729,0.8459119494195245,,,,
IDRiD_26_512_3584,0.0,0.0,,,,,,
IDRiD_26_512_512,0.5897065896782249,0.5665434380252732,,,,,,
IDRiD_27_0_1024,,,,,0.8796498904945679,0.7897838898251898,,
IDRiD_27_0_1536,0.0,0.0,0.6091846297460932,0.9999999996923076,0.16523061327089555,0.0900552486138091,,
IDRiD_27_0_2048,0.0,0.0,,,,,,
IDRiD_27_0_2560,0.18882400091498439,0.30673363094667533,0.5243317340464588,0.38970962810037135,,,,
IDRiD_27_0_3072,,,0.0,0.0,,,,
IDRiD_27_0_512,0.0,0.0,0.7841530054109185,0.7157107231027793,,,,
IDRiD_27_1024_0,0.8362639440268834,0.809332113434413,0.37102473494955607,0.6796116502654977,0.24177071508275988,0.8223938220762957,,
IDRiD_27_1024_1024,0.0,0.0,0.6534144059716227,0.873671044348113,0.7280568239287657,0.7393096341710814,,
IDRiD_27_1024_1536,0.0,0.0,0.5210824417544945,0.7137931033252082,0.7978734493860217,0.8973036342216024,,
IDRiD_27_1024_2048,,,0.6773749426031495,0.8386363635410641,0.7077869949062379,0.6509968003777752,,
IDRiD_27_1024_2560,,,0.0,0.0,,,,
IDRiD_27_1024_512,0.4379450661185409,0.9994196168891805,0.5661983822782845,0.8547557840067638,0.7279167113838794,0.8005193578753479,,
IDRiD_27_1536_0,0.8485554520004327,0.87506006726834,0.0,0.0,,,,
IDRiD_27_1536_1024,0.4336010809966699,0.3718295352082937,0.4797939140157818,0.6084115965451854,0.5145103913028551,0.3754098360553167,,
IDRiD_27_1536_1536,0.0,0.0,0.5224242423925803,0.4674620389948523,0.7832178144758647,0.8327061774720491,,
IDRiD_27_1536_2048,,,0.5399061032230157,0.5943152453244663,0.3965517237960761,0.24731182769106258,,
IDRiD_27_1536_2560,,,0.48987854241095574,0.5789473681440443,,,,
IDRiD_27_1536_512,0.6080344696451144,0.4786989923128933,0.45018662071633114,0.7410207938808109,0.739016584225058,0.6993392070388307,,
IDRiD_27_2048_1024,0.2728799328180991,0.1954299458691864,0.49823991333608886,0.8753568029614313,0.6627843493964917,0.5929664604170314,,
IDRiD_27_2048_1536,0.0,0.0,0.5644459323641706,0.696694214847244,0.6990243502443303,0.8158851674484998,,
IDRiD_27_2048_2048,0.2622950819512875,0.16888193900165113,0.09709821428029586,0.9999999988505748,0.5554662379197964,0.4643817203988991,,
IDRiD_27_2048_512,0.2530030029935059,0.1995263469390452,0.5061699650638843,0.6556091676323517,,,,
IDRiD_27_512_1024,0.0,0.0,0.725743129516223,0.9431486879091621,0.6974900924472428,0.6970297029242885,,
IDRiD_27_512_1536,,,0.31862999479405135,0.2683566433331856,0.6863402827876254,0.7396357646129803,,
IDRiD_27_512_2048,,,0.7438016527696196,0.9825327506626494,0.6715267303446327,0.9751764419329478,,
IDRiD_27_512_512,0.4872117928657729,0.8676239622870177,0.06404122193360172,0.04586188718788287,,,,
IDRiD_28_0_3072,,,,,0.8934817168690808,0.864615384349349,,
IDRiD_28_1024_1536,,,0.5996732025653861,0.5788643532209994,0.5632144094117906,0.6004431314401609,,
IDRiD_28_1024_2048,,,0.10517799351899854,0.0744558991896385,0.01789709172059317,0.08888888879012347,,
IDRiD_28_1024_2560,0.5246347264517623,0.5095709570620744,0.2619184376644504,0.8837209298900306,,,,
IDRiD_28_1024_3072,0.0,0.0,0.4134146341211332,0.9797687858439974,,,,
IDRiD_28_1536_1536,0.800673400646442,0.8666180757385846,,,0.0,0.0,,
IDRiD_28_1536_2048,0.8466102764695542,0.7451111110945531,0.6311787071043387,0.9880952375070862,0.5500603135645283,0.4261682242194078,,
IDRiD_28_1536_2560,0.8451196427663684,0.9202959830769524,0.5421686746443606,0.9540636039031577,0.4282178217556796,0.4873239435933347,,
IDRiD_28_1536_3072,,,0.5714285713347408,0.47154471531936454,,,,
IDRiD_28_2048_1024,0.0,0.0,,,,,,
IDRiD_28_2048_1536,0.5845010008411639,0.7575982208482136,0.0,0.0,,,,
IDRiD_28_2048_2048,0.7991693859151834,0.7657760090525425,0.2764227641826955,0.17068273088942112,,,,
IDRiD_28_2048_2560,0.0,0.0,0.3527367506362843,0.9441860462920497,,,,
IDRiD_28_2048_3072,0.870422535180619,0.8494845360240904,,,,,,
IDRiD_28_2048_512,0.6642728904251101,0.9273182955069377,,,,,,
IDRiD_28_512_1536,0.7902081903364194,0.882698696629627,,,,,,
IDRiD_28_512_2048,0.6999999999871324,0.77335499590685,0.40146520143579006,0.9480968854850875,0.4589473683244321,0.320588235199827,,
IDRiD_28_512_2560,0.0,0.0,0.35489510486408254,0.3618538323775662,,,,
IDRiD_28_512_3072,0.8173289182997426,0.8097320939961874,,,,,,
IDRiD_29_0_1024,,,0.6012526095614994,0.9999999997685185,,,,
IDRiD_29_0_1536,,,0.6587112171051658,0.6418604649670092,,,,
IDRiD_29_0_2560,0.0,0.0,0.6916129031365661,0.6291079810729793,,,,
IDRiD_29_1024_1024,,,,,0.723186925415649,0.6975369457784464,,
IDRiD_29_1024_2048,,,0.39140811451176516,0.27470686762567725,,,,
IDRiD_29_1024_2560,,,0.5234567899942082,0.4884792624477054,,,,
IDRiD_29_1024_3072,0.0,0.0,,,,,,
IDRiD_29_1536_1024,,,0.0,0.0,0.0,0.0,,
IDRiD_29_1536_1536,,,0.6956521738240854,0.7640449436056053,,,,
IDRiD_29_1536_2560,,,0.559241705896094,0.8309859143225551,,,,
IDRiD_29_1536_3072,0.37703252030604506,0.23260188086315975,0.3739495797533719,0.9999999988764046,,,,
IDRiD_29_2048_1024,,,0.7886944817242673,0.951298700989838,0.6666666659722222,0.999999996875,,
IDRiD_29_2048_1536,,,0.836036035885399,0.7182662536475956,,,,
IDRiD_29_2048_2560,,,0.8594377508889642,0.9525222549102307,0.551515151459443,0.9999999996336996,,
IDRiD_29_2048_3072,,,0.7757575752874197,0.7191011227875269,,,,
IDRiD_29_512_2048,,,0.531490015279341,0.47922437659855277,,,,
IDRiD_29_512_2560,,,0.5342960287844232,0.3854166665662977,,,,
IDRiD_29_512_3072,,,0.5623188404167191,0.9999999989690722,,,,
IDRiD_30_0_1024,,,0.0,0.0,,,,
IDRiD_30_0_2048,0.769399140483225,0.870079690890666,0.0,0.0,,,,
IDRiD_30_0_2560,0.6165084002771729,0.4874855602430695,0.0,0.0,,,0.7663862746699159,0.9025107885356756
IDRiD_30_1024_1024,0.8008254782709531,0.7473454091115204,,,0.5287248949006893,0.7563474387190937,,
IDRiD_30_1024_1536,,,,,0.7932473201053132,0.849814330891902,,
IDRiD_30_1024_2048,0.0,0.0,0.6378708551205118,0.7877155171564962,0.6097094135964902,0.5920919229269317,,
IDRiD_30_1024_512,0.39747741605251846,0.301837949776057,0.07005076141776392,0.05683690279597719,0.9085714283118367,0.9085714280522449,,
IDRiD_30_1536_1024,,,,,0.24089306697294674,0.16532258063849506,,
IDRiD_30_1536_1536,,,,,0.4616905585535496,0.3657008613652544,,
IDRiD_30_1536_2048,0.9216244179911844,0.9230569947947395,0.768883878154579,0.9191374660595316,0.691802481131311,0.778751369070167,,
IDRiD_30_1536_2560,,,0.780735107632353,0.8774928772428795,,,,
IDRiD_30_1536_512,0.0,0.0,0.47386759579817656,0.4362469927476947,0.7143584521203066,0.6830574488469787,,
IDRiD_30_2048_2048,0.8439868975159383,0.8501932685881946,0.5161290322403524,0.4864165588301153,,,,
IDRiD_30_2048_2560,,,,,,,0.477542932613027,0.31878306876901313
IDRiD_30_512_1024,0.0,0.0,,,,,,
IDRiD_30_512_2560,,,0.6275021757777415,0.9782903662173283,,,,
IDRiD_30_512_512,0.0,0.0,,,,,,
IDRiD_31_0_1024,,,0.7632850241136185,0.8061224488881947,,,,
IDRiD_31_0_1536,0.8093341349751816,0.8300447047910049,0.5578544060875207,0.6907020871554646,0.6939736346475166,0.6504136789779325,0.8997259764969121,0.9081192574493337
IDRiD_31_0_2048,0.7168775198084357,0.7462913380074803,0.3917241379202283,0.30432918987122465,0.7585009018587848,0.7073261898740677,0.7852594430084837,0.905728275615286
IDRiD_31_0_2560,0.8639039321848837,0.814157328299045,0.8693009115898781,0.8362573094524811,0.690882134901948,0.5806853582373619,0.03830969439920588,0.01952892069142026
IDRiD_31_0_3072,0.7968639036423121,0.9937650559657519,,,,,0.7168959529842168,0.5918664402430543
IDRiD_31_0_512,,,0.5181818180640496,0.999999999122807,,,,
IDRiD_31_1024_0,,,0.725806451529285,0.9999999996825396,,,0.1067383918444686,0.05637804695593872
IDRiD_31_1024_1536,0.9504004746356666,0.9188191881901252,0.5144927535610516,0.49191685900879517,0.8267581475061115,0.8677983538945852,,
IDRiD_31_1024_2048,,,0.714413607814287,0.9366197180899953,0.8157857778155714,0.7669219258800553,,
IDRiD_31_1024_2560,0.0,0.0,,,,,,
IDRiD_31_1024_3072,0.0,0.0,,,,,,
IDRiD_31_1024_512,0.0,0.0,,,,,0.0,0.0
IDRiD_31_1536_0,0.4824892241346815,0.3710763493176103,,,,,0.016066815302346084,0.008100488884101986
IDRiD_31_1536_1024,0.7644283850169182,0.6337160925173287,,,0.7583688374693132,0.8018018017502058,,
IDRiD_31_1536_1536,0.9102580399077776,0.9302416211882276,0.5536231883255619,0.9999999994764398,,,,
IDRiD_31_1536_2048,0.0,0.0,,,0.773649418719543,0.8684749231899449,,
IDRiD_31_1536_2560,,,,,0.6733042936940478,0.8942148759591557,,
IDRiD_31_1536_512,0.7555017280573199,0.690012410291426,0.0,0.0,0.7712765955395541,0.6807511733893187,0.0,0.0
IDRiD_31_2048_1024,,,0.42811501590605194,0.44666666651777776,,,,
IDRiD_31_2048_2048,,,,,0.8969696968337925,0.9966329962974299,,
IDRiD_31_512_0,0.7691476540715241,0.9096628329803433,,,0.6934911241782851,0.676674364739798,,
IDRiD_31_512_1024,0.7420264965607088,0.8677377707521484,,,,,,
IDRiD_31_512_1536,0.5122143419935034,0.5347153668794105,0.5085846867513418,0.9497400344974455,,,,
IDRiD_31_512_2048,0.0,0.0,0.8228744938854821,0.8539915965489505,0.724039829277239,0.6697368420612015,,
IDRiD_31_512_2560,0.0,0.0,0.6910866910023094,0.9929824557919359,0.7915368918398502,0.8905268245314034,,
IDRiD_31_512_3072,0.7515068493099212,0.8822772595548042,,,,,0.0,0.0
IDRiD_31_512_512,0.815239892039894,0.7803360922960605,0.6740638001839024,0.9798387092823231,0.129032258018268,0.10112359544880697,,
IDRiD_32_0_1024,0.7661499790467855,0.7175141242825249,,,,,,
IDRiD_32_0_2048,,,0.7622298065550495,0.9344490933145818,,,0.7464675009942174,0.956049638006409
IDRiD_32_0_2560,,,,,,,0.7089065894253841,0.9581131336762759
IDRiD_32_0_512,0.0,0.0,,,,,,
IDRiD_32_1024_2048,,,0.5543478260367438,0.9652996842380758,0.7569767441420362,0.8410852712091621,,
IDRiD_32_1024_2560,0.0,0.0,,,0.8556509134023166,0.8576145819546374,,
IDRiD_32_1024_3072,0.6252873562739243,0.45586592173677476,0.2702188391750505,0.15638766518101457,0.8807466186897537,0.8725611890866273,,
IDRiD_32_1536_0,0.41824925815713465,0.2917917399824884,,,,,,
IDRiD_32_1536_1024,,,,,0.0,0.0,,
IDRiD_32_1536_2048,,,,,0.2533800700924697,0.9806201546586742,,
IDRiD_32_1536_2560,,,,,0.8493653032320259,0.8211071720528741,,
IDRiD_32_1536_3072,,,,,0.8057580856084173,0.8665058302828105,,
IDRiD_32_1536_512,0.3216576220857594,0.27121464224033154,,,,,,
IDRiD_32_2048_0,0.0,0.0,,,,,,
IDRiD_32_2048_1024,0.7809264913964755,0.8490627150862421,,,,,0.9292161519969308,0.9453842435502473
IDRiD_32_2048_1536,0.0,0.0,0.0,0.0,,,,
IDRiD_32_2048_2048,0.22062350118845933,0.12398921832215691,,,,,0.8240287827916722,0.7633313361237017
IDRiD_32_2048_2560,0.7357736081160519,0.7480610457749804,,,,,,
IDRiD_32_2048_3072,0.5382585751869645,0.36823104692118214,0.6130653265561476,0.8872727269500825,,,,
IDRiD_32_2048_512,0.8586734079640143,0.9359664085955128,,,,,0.8286278380964597,0.9999999999761735
IDRiD_32_512_1024,0.4372003834671907,0.3333333332846004,,,,,,
IDRiD_32_512_2048,,,,,0.6280623606619015,0.9929577457796073,,
IDRiD_32_512_2560,,,0.6666666666147455,0.7392055266426243,0.7978117920053168,0.8661067786338799,0.862148102808582,0.9593122233408357
IDRiD_32_512_3072,,,,,0.814671065390892,0.8401040624206504,,
IDRiD_32_512_512,0.0,0.0,,,,,,
IDRiD_33_0_1024,0.8662945886710436,0.7693965516909743,,,0.6803013992809148,0.5154975529338504,,
IDRiD_33_0_1536,0.7475688100386186,0.7445409720504279,0.3861209964069287,0.9194915250341138,,,,
IDRiD_33_0_2048,0.0,0.0,0.7046153845611834,0.8342440799937625,,,,
IDRiD_33_0_2560,0.6514555942097751,0.7118923011069027,0.9137199432936748,0.9228571425934693,,,,
IDRiD_33_0_3072,0.2085460897580147,0.24379516178938754,0.0,0.0,,,,
IDRiD_33_1024_0,0.8638854637592003,0.8814566296157024,,,0.5681818180895809,0.8454106276109128,,
IDRiD_33_1024_1024,0.8243489799235001,0.9831849653613614,0.8466666663844444,0.7514792894961662,0.57999999996375,0.485863874294674,,
IDRiD_33_1024_1536,0.6340114371396174,0.8866019926470031,0.5241648898272181,0.7118725868382302,0.5548269581005936,0.8347492463459921,,
IDRiD_33_1024_2048,0.630313114501359,0.6202738910297667,0.609567901225161,0.6240126382109317,0.6685369274826581,0.8466172381704261,,
IDRiD_33_1024_2560,0.7675164005608618,0.830534846023789,0.4580472921346673,0.3787448754216732,0.6381347812098669,0.7353698932375646,,
IDRiD_33_1024_3072,0.8831168831146387,0.8337252267343264,0.7527944969743595,0.7511797511475256,0.6370967739366545,0.7247706415369077,,
IDRiD_33_1024_3584,,,0.1435406698335661,0.08858267714791679,,,,
IDRiD_33_1024_512,0.8017012227516112,0.8216334021517456,,,0.0,0.0,,
IDRiD_33_1536_0,,,0.7850055125926124,0.855769230563517,0.6540880499030893,0.4859813079570268,,
IDRiD_33_1536_1024,0.4903225806389586,0.36844106463177867,0.0,0.0,0.5869409232100707,0.4967611335831271,,
IDRiD_33_1536_1536,0.6722033053677252,0.7935294117491465,0.3813488759208431,0.43536121668865385,0.5789507480859246,0.6642109915918047,,
IDRiD_33_1536_2048,0.5973094169867883,0.6782077391694078,0.8357424440975202,0.8594594593433164,0.7254644977228992,0.7486673561878536,,
IDRiD_33_1536_2560,0.6141966141783726,0.4567137808985551,0.5716599190129107,0.8345153663644983,0.6497375514165167,0.7418205377148747,,
IDRiD_33_1536_3072,0.6372082973172147,0.5093704119482738,0.6521787834585843,0.6553354344742158,,,,
IDRiD_33_1536_3584,0.7291967291616549,0.5844255974877081,,,,,,
IDRiD_33_1536_512,0.7063918707121444,0.5858724213099293,,,0.6823855754948148,0.7432024166938965,,
IDRiD_33_2048_1024,,,0.7971698112267489,0.8284313723459726,0.9016574584639053,0.9975550119810378,,
IDRiD_33_2048_1536,0.6204998853426545,0.6770642201721925,0.4066702528168071,0.34732006124510506,0.5826240093838769,0.7462406014757053,,
IDRiD_33_2048_2048,0.6347325660014432,0.5514705882190745,0.7356076758277604,0.8175355448299678,0.7008214920032148,0.8130070830545653,,
IDRiD_33_2048_2560,0.5867778731683212,0.972753151648119,0.5217940618748077,0.9076923074928148,0.5580645160840271,0.5844594593607332,,
IDRiD_33_2048_3072,0.38456237075226996,0.5036101082123448,0.48528449964125014,0.9840848803755743,,,,
IDRiD_33_2048_512,0.7450486234741952,0.6891850800694852,0.31590656283003854,0.4602917341231294,0.6265060240334833,0.5788497215994713,0.3705211726334077,0.2450188475992637
IDRiD_33_512_0,0.748688772328663,0.6614828777778592,,,,,,
IDRiD_33_512_1536,0.8250195618113018,0.8765457757365005,0.34099920696506747,0.28704939917976974,0.5690962098959448,0.5724340175617341,,
IDRiD_33_512_2048,0.7938090956146028,0.7901489055824944,0.4228743415943238,0.32429313327615156,0.6860654709559003,0.7012820512640697,,
IDRiD_33_512_2560,0.6226152380471881,0.7486342007827724,0.31373112867988884,0.49613460661681974,0.4206219312258083,0.5244897958113286,,
IDRiD_33_512_3072,0.572013040973138,0.5557073655377505,0.5964321776978649,0.5650510203721268,,,,
IDRiD_33_512_512,0.37226768299309343,0.2547169811301218,0.1167048054786379,0.14010989007139837,,,,
IDRiD_34_0_1024,0.09283881502107721,0.04867906066476665,0.0,0.0,0.0,0.0,,
IDRiD_34_0_1536,,,0.0,0.0,,,,
IDRiD_34_0_2048,0.3647105159487678,0.22686810943056865,,,,,,
IDRiD_34_0_2560,0.22290027300107756,0.12597567616398664,,,0.24550408719011577,0.14056162246270576,,
IDRiD_34_0_3072,,,0.1733746129494196,0.09491525420511347,0.005798969072071537,0.002907915993490987,,
IDRiD_34_0_512,0.06740116655646788,0.03487592219869631,,,,,,
IDRiD_34_1024_1024,,,,,0.285191956072177,0.16846652264179987,,
IDRiD_34_1024_1536,,,0.6183493925170361,0.6642664265828743,0.3814303638166336,0.30707070700867256,,
IDRiD_34_1024_2048,,,0.7181286548867686,0.7090069282427235,,,,
IDRiD_34_1024_3072,0.7436576407274168,0.9800252654738777,0.30769230751024124,0.18181818169103625,0.8058712121021337,0.8116356699660642,,
IDRiD_34_1024_3584,0.0,0.0,,,,,,
IDRiD_34_1024_512,,,,,0.0,0.0,,
IDRiD_34_1536_0,0.5692020531937975,0.42522484835511937,,,,,,
IDRiD_34_1536_1024,0.2691615688999942,0.18784530385796858,0.4815019326073163,0.6517189834601317,0.6304228445562645,0.6907340552718731,,
IDRiD_34_1536_1536,0.6996753246658594,0.6701217931933112,0.0,0.0,0.29985443954878394,0.18006993003844932,,
IDRiD_34_1536_2048,0.616604177818783,0.5485039069840194,0.0,0.0,,,,
IDRiD_34_1536_3072,0.8121978528606834,0.7451838244162694,,,0.6670727992486424,0.6293103447914189,,
IDRiD_34_1536_3584,0.27108686528446974,0.19457831324129046,,,,,,
IDRiD_34_1536_512,0.7738388436938405,0.768960743595449,0.4359673024325174,0.8872458408711191,,,,
IDRiD_34_2048_0,0.0,0.0,,,,,,
IDRiD_34_2048_1024,0.15217391302280248,0.09807355514919903,0.6774541531640385,0.6286286285971657,0.6883671290988064,0.9174964436817218,,
IDRiD_34_2048_1536,0.8542611520998799,0.7511308626269695,,,0.37309160304453504,0.6599156117586569,,
IDRiD_34_2048_2048,0.6468683358293431,0.7185471135160809,0.3739635157390563,0.739344262173878,0.2681840672801492,0.26133076178772124,,
IDRiD_34_2048_2560,0.7691120149607543,0.6540928142167647,,,,,,
IDRiD_34_2048_3072,,,,,0.8076632215576591,0.7829912023077716,,
IDRiD_34_2048_512,0.8129524942953165,0.8190856857316058,0.33750978855373887,0.28887399461870816,0.7640653356838416,0.7411971829680991,,
IDRiD_34_512_1024,0.8106231389605784,0.7461219236129999,0.12377850160850513,0.06749555949067575,0.7855917665890924,0.9744680846917158,,
IDRiD_34_512_1536,0.0,0.0,0.5451895042937042,0.8385650220454866,0.8808030111818316,0.9943342773387155,,
IDRiD_34_512_2560,0.258904634229839,0.14870215573476894,,,0.0,0.0,,
IDRiD_34_512_3072,0.7760648944735188,0.7485942686759122,0.0,0.0,0.0,0.0,,
IDRiD_34_512_3584,0.0,0.0,,,,,,
IDRiD_34_512_512,0.7174179699460355,0.6801531156086822,0.38095238093199824,0.28990228010668545,,,,
IDRiD_35_0_1024,,,0.31139240504358273,0.19143968870105527,0.0,0.0,,
IDRiD_35_0_1536,0.41207937877302814,0.4388092612969606,,,0.0,0.0,0.0,0.0
IDRiD_35_0_2048,0.7840969869843286,0.7453447727979127,0.5178082191071496,0.44680851053266935,,,0.4802259885649079,0.9999999988235295
IDRiD_35_0_2560,0.43362640752604154,0.8400669375945485,,,,,,
IDRiD_35_1024_0,0.7447342357205406,0.8376117038373205,,,,,,
IDRiD_35_1024_1024,0.3473320708457874,0.7498797498617152,,,,,,
IDRiD_35_1024_1536,0.2297439300910915,0.18293112559289296,,,0.7015945329497045,0.6905829594864163,0.587497443584515,0.4187967732489183
IDRiD_35_1024_2048,0.8009375665851227,0.9650816473147265,0.5788497215994713,0.6315789471127211,0.8268007226422638,0.8636363636292776,,
IDRiD_35_1024_2560,0.7794829482937575,0.7406381477493907,0.6018158235900956,0.6226516371109687,0.6030989272824177,0.6407766990020779,,
IDRiD_35_1024_3072,0.8838486127706939,0.8074050957383754,,,,,,
IDRiD_35_1024_512,0.14977424879106688,0.08096280087391075,0.29708222807731005,0.1964912280357033,,,,
IDRiD_35_1536_0,0.0,0.0,,,,,,
IDRiD_35_1536_1024,,,0.4915155061151834,0.5017921146353893,,,,
IDRiD_35_1536_1536,,,0.6398046397265196,0.49999999990458016,,,,
IDRiD_35_1536_2048,,,0.42023893181938726,0.30432569973005974,0.7190599725206919,0.7362499999769923,,
IDRiD_35_1536_2560,0.14326516622708482,0.07735011102791327,0.7842138764618578,0.8774928773678785,0.6217870256276883,0.5415778250444396,,
IDRiD_35_1536_3072,0.571049613837479,0.9246118741849375,,,,,,
IDRiD_35_1536_512,0.8516242759988627,0.7573680910115678,,,,,,
IDRiD_35_2048_1024,,,,,,,0.6311840059997257,0.47510691519022746
IDRiD_35_2048_2048,0.8271648289849908,0.9344652491124331,0.0,0.0,0.7886279356256332,0.9608433732045651,,
IDRiD_35_2048_512,0.23676963155918365,0.9986186978024824,,,,,0.6938826885932119,0.5642057860223512
IDRiD_35_512_0,0.0,0.0,,,,,,
IDRiD_35_512_1024,,,0.0,0.0,,,,
IDRiD_35_512_1536,0.47273741457993673,0.3095325054727989,,,0.0,0.0,0.5889198077260582,0.43941109851115856
IDRiD_35_512_2048,0.7881557731521018,0.77228116433178,0.5934623928817286,0.9082078678529283,0.805100182002714,0.9364406775693048,0.6203787195112372,0.5781512604070335
IDRiD_35_512_2560,0.6362787803261314,0.6960517358510534,0.6826280623227935,0.6261491317031513,,,,
IDRiD_35_512_512,0.11008885743406394,0.19369120088008604,0.015096816540364398,0.010712622263124704,,,,
IDRiD_36_0_1024,,,0.701285347007646,0.7519294376238226,,,,
IDRiD_36_0_1536,0.5317908021748562,0.7752996933154364,0.26098191211098426,0.2311212814116427,0.6845569620079859,0.7621195039029245,,
IDRiD_36_1024_1024,,,0.5889328062077208,0.6157024790844204,0.7962529272139922,0.821256038250601,,
IDRiD_36_1024_1536,0.8634906092335435,0.9190638712374909,0.4803843074074952,0.4694835680016458,0.6848042468026009,0.7020408162310149,,
IDRiD_36_1024_2048,,,0.7737373736592185,0.8417582415732399,,,,
IDRiD_36_1024_3584,0.4962646744842358,0.3759094583568874,,,,,,
IDRiD_36_1024_512,0.7005822862181863,0.6374790852962923,0.3220973782469946,0.5477707004624933,,,,
IDRiD_36_1536_1024,,,0.21531791905958683,0.12800687284123652,0.7035398229699369,0.6570247933205553,,
IDRiD_36_1536_1536,0.6700235294086117,0.5116429495435414,,,,,,
IDRiD_36_1536_2048,0.5887380593114948,0.5131463628171277,,,,,,
IDRiD_36_1536_3584,0.0,0.0,,,,,,
IDRiD_36_1536_512,0.0,0.0,0.6518904823139647,0.968992247686437,0.2638888887056327,0.15199999987840002,,
IDRiD_36_2048_1024,,,0.0,0.0,0.7249521377967484,0.9627118642436082,,
IDRiD_36_2048_1536,,,0.4779607009836452,0.8458646614951383,,,,
IDRiD_36_2048_3072,0.5435911230651147,0.4033371921264487,,,,,,
IDRiD_36_2048_512,0.531630353109968,0.3821559732041012,0.691453404119196,0.9421052630339336,,,,
IDRiD_36_512_1024,,,0.7308721240914461,0.6395131085543526,,,,
IDRiD_36_512_1536,,,0.7318098239891828,0.8783102143204091,0.6591351772240306,0.6817082997033272,,
IDRiD_36_512_2048,,,0.6775012696456322,0.6488326847617867,0.8227571114173398,0.7430830036588605,,
IDRiD_37_0_1024,0.7258818293069826,0.6069783670592837,,,0.8264150941836953,0.7448979589303067,,
IDRiD_37_0_1536,,,0.8130939809067483,0.9413202931683813,,,,
IDRiD_37_0_2048,,,0.9066107029478898,0.9191489359746491,0.8587570616617192,0.9268292671624034,,
IDRiD_37_1024_1024,,,0.8379888265815673,0.8021390370042037,,,,
IDRiD_37_1024_1536,0.46866177298313594,0.3487394957690135,0.5273390036131629,0.9214437365347253,0.8669523057793046,0.8780404247929879,,
IDRiD_37_1024_2048,,,0.9184060719319913,0.920152090904885,0.8670504988315076,0.8967272727191206,,
IDRiD_37_1024_2560,,,0.6539379473379623,0.7135416662950304,0.0,0.0,,
IDRiD_37_1024_3072,,,0.043068640640233025,0.042105263146814405,,,,
IDRiD_37_1536_1536,,,0.7002583978875802,0.6860759492802436,,,,
IDRiD_37_1536_2048,0.0,0.0,,,0.5974440893614307,0.9166666662173203,,
IDRiD_37_1536_2560,,,0.6926244851856,0.7495948135535174,0.0,0.0,,
IDRiD_37_1536_3072,0.30984601025152375,0.28571428568969753,0.35051546388972915,0.25878220137484986,0.5945945943267592,0.43708609242577084,,
IDRiD_37_1536_512,0.232953726391337,0.13183227279928483,,,,,,
IDRiD_37_2048_3072,,,0.5376782076845542,0.4647887323125372,,,,
IDRiD_37_2048_512,0.8114576564825023,0.8593875444333136,,,,,,
IDRiD_37_512_1536,0.0,0.0,,,0.584705451862982,0.6132003069368227,,
IDRiD_37_512_2048,0.3927752293540446,0.24438102033244877,0.44618395294595226,0.6514285710563266,0.6560883063012058,0.5479688850317497,,
IDRiD_37_512_2560,,,0.7996604413582631,0.9999999997876857,0.7241379307223543,0.6511627901928971,,
IDRiD_38_0_2048,,,0.5514750150179726,0.4525691699157541,,,,
IDRiD_38_0_2560,,,0.7588424436079032,0.79729729702794,,,,
IDRiD_38_0_512,,,,,0.5802047779589744,0.40865384595737797,,
IDRiD_38_1024_1024,,,0.7611082069649185,0.9837837836508401,0.0,0.0,,
IDRiD_38_1024_1536,0.6793236428158017,0.7613031914387431,0.8326933625434616,0.7760736195525487,,,,
IDRiD_38_1024_2048,,,0.7756813416377693,0.9090909088675452,,,,
IDRiD_38_1024_3072,,,0.5244072523675862,0.3615384614689349,,,,
IDRiD_38_1536_1024,,,0.48323900737992,0.47927461135757554,0.6282722512619093,0.7636363634975207,,
IDRiD_38_1536_1536,,,0.37681159409367776,0.3551912566365075,0.7241732014939978,0.7157540016728601,,
IDRiD_38_1536_2048,,,0.48629320616887406,0.7891682783773369,0.0,0.0,,
IDRiD_38_1536_2560,,,0.0,0.0,,,,
IDRiD_38_1536_3072,,,,,,,0.7693948797442843,0.7534662867853094
IDRiD_38_2048_1024,,,0.6517809675357905,0.5381913959141184,0.36384180789590054,0.4196350998766607,,
IDRiD_38_2048_1536,,,0.7165775400111528,0.5583333332170138,0.5069393717672067,0.38006571737348677,,
IDRiD_38_2048_2048,0.5669476573109793,0.42857142855872643,,,,,,
IDRiD_38_512_1024,,,0.6656394451978984,0.9473684206371191,0.6432160803373652,0.7142857141262755,,
IDRiD_38_512_1536,,,0.6163141993492209,0.9488372090816657,0.17474048441394976,0.09573459714732373,,
IDRiD_38_512_2560,0.7428869746608487,0.6509606587076414,0.45176198726448513,0.917840375371399,0.03403675969815951,0.017313019389382754,,
IDRiD_38_512_3072,,,0.0,0.0,,,0.8669032451115186,0.7650743340067536
IDRiD_39_0_1024,0.20698359275528047,0.15298507461735167,0.0,0.0,,,0.508247743533952,0.5331374469300314
IDRiD_39_0_1536,0.0,0.0,0.3608562690579731,0.46093749981994625,0.0,0.0,,
IDRiD_39_0_2048,0.26777797481348153,0.16356152512643932,0.6263511539402177,0.7213997307724495,,,,
IDRiD_39_0_2560,0.6515426497265098,0.9745855715302109,,,,,0.8682877406061731,0.8028103044120464
IDRiD_39_0_3072,0.6886256693057176,0.9756321838631894,,,,,,
IDRiD_39_0_512,0.8661202185397943,0.9406528188980562,0.23076923070095584,0.15354330702616406,0.11696869851569236,0.6077032809404133,0.06049988320415206,0.032242001742409536
IDRiD_39_1024_0,0.8977926561261869,0.8595753204956015,0.8421052631003345,0.8812589412187041,,,,
IDRiD_39_1024_1024,0.3861424678713063,0.242305813373605,0.37300319487328265,0.7495987157705299,0.29501915703160553,0.3437499998465402,,
IDRiD_39_1024_1536,0.20785521037216292,0.24805165886777886,0.5108887580829726,0.6011080332132452,0.43975155278410555,0.7873665479726542,,
IDRiD_39_1024_2048,0.4958605664415997,0.5635523274822202,0.6420534458283386,0.9441571870791978,0.7159090908582451,0.6260869564439644,,
IDRiD_39_1024_3072,0.47222222205825615,0.3207547168298327,0.7067092651531404,0.8002894355426707,0.6166040884181643,0.45872129109505144,,
IDRiD_39_1024_3584,0.6494182735308379,0.9690421269762165,,,0.0,0.0,,
IDRiD_39_1024_512,0.5728925951916719,0.7199494949313144,0.5523520485500402,0.5293775450689535,0.7568238212460516,0.7011494251261725,,
IDRiD_39_1536_0,,,0.733167082202847,0.9999999996598639,,,,
IDRiD_39_1536_1024,0.3607228308765876,0.5427759355704143,0.4745568896376628,0.5865724381210903,0.6114398420884734,0.9627329186566876,,
IDRiD_39_1536_1536,0.3473433782684588,0.9213294067765533,0.32814526588136306,0.21766561513571364,0.39524011899142597,0.8196239717497282,,
IDRiD_39_1536_2048,0.4319702923250919,0.8598934158353122,0.3428571428488412,0.22243166823052368,,,,
IDRiD_39_1536_2560,0.625896466284706,0.7305936072836958,0.2672413792938891,0.17032967031630064,,,,
IDRiD_39_1536_3072,0.841217689643703,0.7712731925742627,0.31327800826625746,0.3503480277609401,0.7115600448135174,0.8929577462273358,,
IDRiD_39_1536_512,0.43997562461019757,0.3308890925655091,0.31390426570127306,0.8860294116018329,,,,
IDRiD_39_2048_0,0.21780986761625692,0.12279511532409802,,,,,,
IDRiD_39_2048_1024,0.6360647445584467,0.8369384359261741,0.516129032240162,0.8060671721770242,0.5431085043829,0.5993527507702684,0.43784961431762437,0.28427249789521924
IDRiD_39_2048_1536,0.24986575979506237,0.23652998982593937,0.5733610821762039,0.7445945944939737,0.30769230763161887,0.4999999996794872,,
IDRiD_39_2048_2048,0.467222222215733,0.3666085440199083,0.4171717171506479,0.7454873644863742,,,,
IDRiD_39_2048_2560,0.7716670624106894,0.6510710433020463,0.0,0.0,,,,
IDRiD_39_2048_3072,0.7915365120504758,0.8435399786392592,,,,,0.702697348870208,0.7158616978291681
IDRiD_39_2048_512,0.7478177763595163,0.9441718284856876,0.6816406249778112,0.9748603351047616,0.7710843372649415,0.777041942433324,0.3534932221017532,0.2207749918557347
IDRiD_39_512_0,,,0.5760649086052606,0.4139941689755119,,,,
IDRiD_39_512_1024,0.7540970339466916,0.8228541151463894,0.5633725704822972,0.6985743380618271,0.6752015172961088,0.7818448023139881,,
IDRiD_39_512_1536,0.7188993635936547,0.7448019260191245,0.49655778525711797,0.44383346424603737,0.7215738579406207,0.7714795008637619,,
IDRiD_39_512_2048,0.5366272824881014,0.7933516832353726,0.7735263701371742,0.8148148146372952,0.5340909090827075,0.902907580430794,,
IDRiD_39_512_2560,0.35054773082550245,0.8439181915584543,0.7155688622218885,0.6512261579494243,,,0.22104706503326033,0.12425683709130458
IDRiD_39_512_512,0.6972862316902142,0.7388209121163646,0.0,0.0,0.0,0.0,,
IDRiD_40_0_1024,0.8585493928172448,0.8210922786678535,0.4432989689579126,0.6417910442971709,,,,
IDRiD_40_0_1536,0.0,0.0,0.42497376702911993,0.8299180326168201,,,,
IDRiD_40_0_2048,,,0.7702984038327343,0.9234608983488418,0.7693137872041612,0.7103471184070695,,
IDRiD_40_1024_0,,,0.5499999998035714,0.9624999987968751,0.6839826836865877,0.7383177563193293,,
IDRiD_40_1024_2048,,,0.7172413791454617,0.9230769225307237,0.0,0.0,,
IDRiD_40_1024_2560,,,0.7957790191933097,0.9639097742911414,0.0,0.0,,
IDRiD_40_1024_3072,,,0.42415316635874034,0.553846153633136,,,,
IDRiD_40_1536_1536,,,,,0.8456790120846669,0.7873563213865769,,
IDRiD_40_1536_2048,,,0.6276595741342237,0.517543859195137,0.0,0.0,,
IDRiD_40_1536_2560,,,0.8483920366884845,0.9651567942569413,,,,
IDRiD_40_1536_3072,,,0.9068010073282616,0.8866995069523648,,,,
IDRiD_40_1536_512,,,,,0.178571428252551,0.11627906949702542,,
IDRiD_40_2048_1024,,,0.8063943160201786,0.8730769227411241,,,,
IDRiD_40_2048_1536,0.0,0.0,0.6096938774732533,0.9958333329184028,,,,
IDRiD_40_2048_2048,,,0.48223350241567675,0.8796296288151578,0.0,0.0,,
IDRiD_40_2048_2560,,,0.6817878585268987,0.607609988037145,,,,
IDRiD_40_2048_3072,,,0.3933747411193841,0.2737752160594308,,,,
IDRiD_40_2048_512,,,0.499013806656902,0.3414304992791592,,,,
IDRiD_40_512_1536,,,0.5282167041697028,0.557142856877551,,,,
IDRiD_40_512_2048,,,,,0.7127784289902956,0.5671641789986634,,
IDRiD_40_512_2560,,,0.42019099584990577,0.3445190155828816,0.0,0.0,,
IDRiD_41_0_3072,,,0.8323281060515889,0.9078947366031855,,,,
IDRiD_41_1024_1024,0.1182557280030853,0.0628436763501301,0.5466946484498061,0.9793233080865934,,,,
IDRiD_41_1024_1536,,,0.7189157336264315,0.6380753137741593,0.6993006992028951,0.5868544599561374,,
IDRiD_41_1024_2048,,,,,0.7774961986625064,0.694431869592828,,
IDRiD_41_1024_512,,,,,0.5813478556445645,0.6073968704683647,,
IDRiD_41_1536_1024,,,,,0.7640718561959196,0.6919739694811335,,
IDRiD_41_1536_3072,0.6230440966987651,0.4633286318432067,0.6693227090300153,0.7499999996651786,,,,
IDRiD_41_1536_3584,0.0,0.0,,,,,,
IDRiD_41_1536_512,,,,,0.0,0.0,,
IDRiD_41_2048_1024,0.018264840179868368,0.009216589860335394,0.6899151743312952,0.9219143575665095,,,,
IDRiD_41_2048_2048,,,0.2633451956358202,0.15163934420014782,,,,
IDRiD_41_2048_2560,,,0.7337850919296329,0.8752886835016987,,,,
IDRiD_41_512_1536,,,0.5228215766911727,0.3539325842033834,0.8922764226735492,0.9340425529927568,,
IDRiD_41_512_2048,,,,,0.8232848231136621,0.7226277369625446,,
IDRiD_41_512_3072,,,,,0.6301369860855695,0.45999999977,,
IDRiD_42_0_1024,,,,,0.757552284991669,0.72123893794672,,
IDRiD_42_0_512,0.0,0.0,0.5172074729088292,0.9999999996197718,,,,
IDRiD_42_1024_0,,,0.0,0.0,0.567840735051521,0.42837338260497354,,
IDRiD_42_1024_1536,,,0.8656716415757035,0.8325358847691217,,,,
IDRiD_42_1024_2048,,,,,0.803669008571357,0.8135124456415049,,
IDRiD_42_1024_2560,,,,,0.8314291873158931,0.9599303135649595,,
IDRiD_42_1024_3072,,,,,0.841309823465665,0.9125683055122578,,
IDRiD_42_1024_512,,,,,0.3329425556467828,0.20669577871809378,,
IDRiD_42_1536_0,0.3971853009853647,0.3147459726995358,,,,,,
IDRiD_42_1536_1536,,,0.05517241377407847,0.028368794316181275,,,,
IDRiD_42_1536_2048,,,0.6010230178259561,0.9999999995744681,0.8156004105092166,0.9319781078239266,,
IDRiD_42_1536_2560,,,,,0.665263157859723,0.6257425741954711,,
IDRiD_42_2048_1536,,,0.0,0.0,,,,
IDRiD_42_2048_2048,,,,,0.0,0.0,,
IDRiD_42_2048_2560,,,0.6506986027294712,0.9999999996932515,0.0,0.0,,
IDRiD_42_512_1536,,,0.0,0.0,,,,
IDRiD_42_512_2048,,,0.605633802731601,0.9999999995348837,,,,
IDRiD_42_512_2560,,,,,0.8275796661569254,0.8090116818022528,,
IDRiD_42_512_3072,,,,,0.0,0.0,,
IDRiD_42_512_512,0.15277777777384832,0.09525336754024204,,,0.0,0.0,,
IDRiD_43_1024_2048,,,,,0.8371240275485924,0.8441934839054357,,
IDRiD_43_1024_2560,,,0.7175226585560783,0.7186081693315268,0.7835639379544966,0.8052368464153202,,
IDRiD_43_1024_3072,,,,,0.004643962848117494,0.002327385570119186,,
IDRiD_43_1024_3584,,,,,0.2755632582083567,0.17320261436021758,,
IDRiD_43_1536_2048,,,,,0.7769516728383844,0.6638433032999553,,
IDRiD_43_1536_2560,,,,,0.8307460112072512,0.8277121374776829,,
IDRiD_43_512_2048,,,,,0.7923860114919791,0.9104781281327325,,
IDRiD_43_512_2560,,,,,0.0,0.0,,
IDRiD_43_512_3072,,,,,0.0,0.0,,
IDRiD_44_0_1024,,,0.7344632764212072,0.6372549013360247,,,,
IDRiD_44_0_2560,,,,,0.8218874612135161,0.835209365113228,,
IDRiD_44_0_3072,,,,,0.5833333332899305,0.4740024183223697,,
IDRiD_44_0_512,,,,,0.7669515669078659,0.6403425308620035,,
IDRiD_44_1024_0,,,,,0.0,0.0,,
IDRiD_44_1024_1024,,,0.0,0.0,0.0,0.0,,
IDRiD_44_1024_1536,,,,,0.19750623440411438,0.12611464967349587,,
IDRiD_44_1024_3072,,,,,0.8120155037972853,0.9249448121578487,,
IDRiD_44_1024_512,,,,,0.1639999999672,0.08932461871692274,,
IDRiD_44_1536_1024,0.832039386464078,0.8443504995832303,,,0.7463149728326937,0.6370860926941363,,
IDRiD_44_1536_1536,,,,,0.0,0.0,,
IDRiD_44_1536_2560,,,,,0.0,0.0,,
IDRiD_44_1536_3072,,,,,0.3798219584006199,0.23443223438929814,,
IDRiD_44_1536_512,,,0.8121827409793262,0.8304498267022664,0.5811577751894259,0.4280936454133623,,
IDRiD_44_2048_1024,,,,,0.0,0.0,,
IDRiD_44_2048_1536,0.7086579122922623,0.6649958228627821,,,0.7635253053768096,0.6386861313402419,,
IDRiD_44_2048_512,,,0.882882882723805,0.9280303026787763,0.7107930073428502,0.6325104272276799,,
IDRiD_44_512_1024,,,0.8401253917617424,0.9033707863138493,,,,
IDRiD_44_512_1536,0.0,0.0,0.237168141571932,0.9925925918573388,,,,
IDRiD_44_512_2048,,,,,0.8023450585928666,0.676553672268605,,
IDRiD_44_512_2560,,,0.6971736203637721,0.9773584901972231,0.0,0.0,,
IDRiD_44_512_512,,,0.33967046890498476,0.3268292682129684,,,,
IDRiD_45_0_1024,,,0.0,0.0,0.2835352175736413,0.16746157921741062,,
IDRiD_45_0_1536,0.8622268547784602,0.9123926573630159,0.003925417075179056,0.005115089512758289,0.8253129979475287,0.777758709449307,,
IDRiD_45_0_2048,,,,,0.8283166109022209,0.9099816288481334,,
IDRiD_45_0_2560,,,,,0.8837758111572993,0.8303769400409782,,
IDRiD_45_0_512,,,,,0.0,0.0,,
IDRiD_45_1024_1024,0.0,0.0,0.20583190392745865,0.34582132554875467,0.0,0.0,,
IDRiD_45_1024_2560,,,,,0.42141152402245446,0.28571428570107654,,
IDRiD_45_1024_512,,,,,0.78095975230687,0.7378427787664409,,
IDRiD_45_1536_0,,,0.656488549534798,0.999999999612403,,,,
IDRiD_45_1536_1024,,,0.5092592591413752,0.7284768207096181,0.4884987893314619,0.35086956520213614,,
IDRiD_45_1536_1536,,,,,0.6527415143448199,0.8165083134907061,,
IDRiD_45_1536_2048,,,0.6380597013734963,0.5796610167526572,,,,
IDRiD_45_1536_2560,,,,,0.0,0.0,,
IDRiD_45_1536_3072,,,,,0.5577342046715176,0.99999999921875,,
IDRiD_45_1536_512,,,0.5509641871760429,0.45248868757805943,0.7034602076063714,0.6594226402747417,,
IDRiD_45_2048_1024,0.0,0.0,0.5492102064946282,0.9699570811287738,0.0,0.0,,
IDRiD_45_2048_1536,,,0.0,0.0,,,,
IDRiD_45_2048_2560,,,,,0.3934040046650879,0.2452276064250767,,
IDRiD_45_2048_512,,,,,0.8309549325916241,0.7827010944556082,,
IDRiD_45_512_1024,,,0.3719247467169374,0.7859327214721917,0.7315035799413558,0.7025787965414734,,
IDRiD_45_512_1536,,,,,0.3208379272149483,0.26334841626576033,,
IDRiD_45_512_2560,,,,,0.0,0.0,,
IDRiD_45_512_512,,,,,0.5901875901450081,0.5099750622805518,,
IDRiD_46_0_1024,,,0.8096249114784412,0.8666666665353536,,,,
IDRiD_46_0_1536,0.0,0.0,,,,,,
IDRiD_46_1024_1024,0.7385081982680456,0.9486242999525536,0.1957064403297201,0.11375507834510998,0.0,0.0,,
IDRiD_46_1024_1536,0.758444381817387,0.7858424060368504,0.38997968853148407,0.26016260160251464,0.8214252675049448,0.8513263023275722,,
IDRiD_46_1024_2048,0.850013431630451,0.8867231286530904,0.3974461292579851,0.3188220230065529,0.7348837208162972,0.6108247421106121,,
IDRiD_46_1536_1024,0.8417579959693482,0.9020853307657947,0.8085106382682131,0.9130074564280855,,,,
IDRiD_46_1536_1536,0.7651254953562715,0.7529901195656271,0.48338368576409485,0.984615384312426,0.5322580643015089,0.9999999984848486,,
IDRiD_46_1536_2048,0.7814519194163325,0.771887670809853,0.7242647057492161,0.9656862740364284,,,,
IDRiD_46_1536_512,0.6754927629270587,0.5105286738313132,,,,,,
IDRiD_46_2048_1024,0.8782305784984891,0.8376715707587195,0.3418743418623421,0.7068214803037995,,,0.15331561175261646,0.08302209772733408
IDRiD_46_2048_1536,0.7628918099025708,0.7984126983986171,0.0,0.0,,,,
IDRiD_46_2048_2048,0.3137889203333241,0.27189908898837073,0.0,0.0,0.0,0.0,0.6217024748393956,0.4566520175743442
IDRiD_46_2048_2560,,,,,,,0.0,0.0
IDRiD_46_2048_3072,0.8037858206922812,0.6904546823142057,0.6705767350273141,0.9607843134563628,,,0.18502738892167858,0.10194500335283248
IDRiD_46_2048_512,0.8226698262220078,0.7518692311620075,0.0,0.0,0.0,0.0,0.9278164475363168,0.9007150518380381
IDRiD_46_512_1024,0.9098091649391649,0.8725810212068945,0.07580174926008722,0.33766233722381517,,,,
IDRiD_46_512_1536,0.8491985606789436,0.8183839389387145,0.5555555555204825,0.8730158728426556,0.6353389426792294,0.5215011727776518,0.8823343249554142,0.8251450218980105
IDRiD_46_512_2048,0.637870917237331,0.6876342436224665,0.15284787309640605,0.30547550423473324,0.802168021571522,0.7363184077770352,0.7286450662694609,0.9652089091047763
IDRiD_47_0_1024,0.0,0.0,,,0.516169942896882,0.36404293377781366,,
IDRiD_47_0_1536,,,,,0.6534111638028692,0.5596000624814935,,
IDRiD_47_0_2048,,,0.7619047616456106,0.6222222218765432,0.0,0.0,,
IDRiD_47_0_2560,0.7753510140254417,0.7376623376349661,0.5664280031371178,0.6885880076037548,,,0.9019618725186587,0.962767690527642
IDRiD_47_0_512,,,,,0.4914675767079407,0.3257918551299113,,
IDRiD_47_1024_0,,,,,0.8269848554192982,0.715931664651731,,
IDRiD_47_1024_1024,0.0,0.0,,,,,,
IDRiD_47_1024_2048,,,0.5522682445214726,0.9655172410463733,0.7016200294344147,0.8543758966388539,,
IDRiD_47_1024_3072,0.010010010009509008,0.006901311248661055,,,,,,
IDRiD_47_1024_3584,,,0.3470483004745889,0.20995670991126478,,,,
IDRiD_47_1024_512,,,0.7137891076809051,0.9999999996753246,0.8025746756485213,0.7999732673875561,,
IDRiD_47_1536_0,,,0.2175438595727916,0.12252964422034401,,,,
IDRiD_47_1536_1024,,,,,0.6103286384894657,0.5607591816475042,,
IDRiD_47_1536_1536,,,,,0.0,0.0,,
IDRiD_47_1536_3072,0.9019832021419375,0.8762816131162313,,,,,,
IDRiD_47_1536_512,,,0.616643928974537,0.44752475238662875,,,,
IDRiD_47_2048_0,,,,,0.6392156861491733,0.9702380946605726,,
IDRiD_47_2048_1536,0.756268806393973,0.6190476190137357,,,,,,
IDRiD_47_2048_2048,0.0,0.0,,,,,,
IDRiD_47_2048_2560,0.0,0.0,0.6245694603186488,0.6310904870925543,,,,
IDRiD_47_2048_512,,,,,0.6658878504283944,0.9743589741924173,,
IDRiD_47_512_0,,,,,0.9166666665075232,0.897959183368041,,
IDRiD_47_512_1024,,,0.7323026850502601,0.9999999997777778,,,,
IDRiD_47_512_1536,,,0.7812499999281939,0.9023354562840051,,,,
IDRiD_47_512_2048,,,,,0.7997991295480449,0.9540734823900131,,
IDRiD_47_512_2560,,,,,0.7837190741905938,0.7439393938830349,,
IDRiD_47_512_512,,,0.7173252277454938,0.9915966378221878,0.6030855539851115,0.6450921559946382,,
IDRiD_48_0_1536,,,0.4507283632861415,0.9962121208347681,,,,
IDRiD_48_0_2048,0.697986011625946,0.7480357626591887,0.6070565490281752,0.86740331479732,0.3643835615939201,0.41692789955582193,,
IDRiD_48_0_2560,0.0,0.0,0.21513944222250442,0.14453961455329017,0.6799315746765109,0.5707376057954846,,
IDRiD_48_0_3072,,,0.6554433220364262,0.5232974909456456,,,,
IDRiD_48_1024_0,0.3746110765284813,0.8384401113038384,0.799339388868758,0.7138643066793711,,,,
IDRiD_48_1024_1024,0.0,0.0,0.0,0.0,0.4420849420422698,0.4096601072612415,0.7948434622449474,0.9508178663823824
IDRiD_48_1024_1536,0.07546120329991907,0.3245614034958309,,,0.3916626272228957,0.8381742736850261,,
IDRiD_48_1024_2048,0.03981971495467182,0.173548843792195,0.0,0.0,0.8638367248302407,0.9285992470345502,,
IDRiD_48_1024_2560,0.3143297380516326,0.27782101166234163,0.5588235293985099,0.5019173412653636,0.8468326180247818,0.8850294244273359,,
IDRiD_48_1024_3072,0.46693094095231286,0.38087134104401094,0.30735261646484097,0.2694541231022279,0.8043701799434166,0.8113574484531135,,
IDRiD_48_1024_512,0.0020297699593359348,0.001015916017574808,,,,,,
IDRiD_48_1536_1024,,,,,0.7284780578830207,0.6403479973630934,0.8655660377188372,0.8561430792824206
IDRiD_48_1536_1536,0.7505030180834842,0.810282403996359,0.342549923168775,0.41219963023804074,0.8379626163538769,0.8743360066614189,,
IDRiD_48_1536_2048,,,,,0.7632211538430961,0.7141250562249652,,
IDRiD_48_1536_2560,0.8306801736373175,0.7450674973652612,0.03956478733535462,0.028735632179779366,0.8243299657660008,0.8320411259024437,,
IDRiD_48_1536_3072,0.6244190572114187,0.5898611531615128,0.0,0.0,0.2927088876906488,0.397973950738354,0.0,0.0
IDRiD_48_1536_512,0.12190650778543051,0.07949790794503897,0.6298342537956717,0.5377358485493058,0.4932003626249683,0.328899637223162,,
IDRiD_48_2048_1024,,,0.5907473308557389,0.6217228462090925,0.7850968703310716,0.7715289982199318,0.7132640898999094,0.6814152094291873
IDRiD_48_2048_1536,,,,,0.7394411955334995,0.789181691984857,,
IDRiD_48_2048_2048,0.0,0.0,0.6152758132521021,0.49488054601878495,0.8211870773545761,0.9286321154691051,,
IDRiD_48_2048_2560,0.6924576398208693,0.6851632047376088,0.20341614905252978,0.3690140844030946,0.7360360360028813,0.6912013535794246,,
IDRiD_48_2048_3072,0.051748009691785654,0.9999999998885173,0.0,0.0,,,,
IDRiD_48_2048_512,0.5726547403106392,0.8462508759605948,,,0.7220355256494463,0.5775729646253784,,
IDRiD_48_512_1024,0.0,0.0,0.5011509371752335,0.3852376137317878,0.0,0.0,0.0,0.0
IDRiD_48_512_1536,0.28054567021706567,0.16463626870293643,0.04039087947619603,0.026293469039330494,0.7622240849186303,0.9525139664139305,0.8382677071518488,0.860146699261246
IDRiD_48_512_2048,0.6716850028563007,0.5056669572357744,0.0,0.0,0.7740101843414755,0.9071897843906062,,
IDRiD_48_512_2560,0.7476010565356662,0.6886356636853179,0.5693203883421447,0.4884495779544991,0.748174499143453,0.8059701492212195,,
IDRiD_48_512_3072,0.5783703302613807,0.768386980745039,0.015584415582391636,0.00855920114000582,0.0,0.0,,
IDRiD_48_512_512,,,0.0,0.0,,,,
IDRiD_49_0_1024,0.09821190285299675,0.0519920881590282,0.41543971347332115,0.8699999998550001,0.6306988483888516,0.6158348736717242,,
IDRiD_49_0_1536,0.14394323364703784,0.0775532495861522,0.21244309556715585,0.9999999985714286,0.7253003276248613,0.8325254888712599,0.6990291261758884,0.5373134327912675
IDRiD_49_0_2048,0.0,0.0,0.764241893059504,0.8195488721419385,0.657218777650256,0.8412698411744592,,
IDRiD_49_0_2560,0.19539110677717006,0.16457080370888075,0.0,0.0,0.4603004291598551,0.3595976529455492,,
IDRiD_49_0_3072,0.49262601803890327,0.7304177545215131,0.0,0.0,0.37096774163631635,0.22772277205175964,,
IDRiD_49_0_512,0.0,0.0,,,0.8520900320858448,0.9298245612403817,,
IDRiD_49_1024_1024,0.2045454545260847,0.11392405062089409,0.38962181176826644,0.41911069059421846,0.8125796646710153,0.863011558883354,,
IDRiD_49_1024_1536,0.7115507338637029,0.7110969387301596,0.5560747662252161,0.4423791819916806,0.8331010658118572,0.859712375933321,,
IDRiD_49_1024_2048,,,0.717112921918846,0.6695652172457467,0.7995024147460887,0.7913950456208693,,
IDRiD_49_1024_2560,,,,,0.6225071224982549,0.9604395603973434,,
IDRiD_49_1024_3072,,,0.0,0.0,0.8144208037343722,0.9386920979647558,,
IDRiD_49_1024_512,0.6398653702198979,0.6172438672216002,,,0.5487906588773164,0.4360824742203817,,
IDRiD_49_1536_1024,0.6189376443397594,0.8527272727195206,0.47222222219598764,0.36386986298254537,0.8496952405544068,0.8632411066966208,,
IDRiD_49_1536_1536,,,,,0.8715202361002247,0.8794967038085885,,
IDRiD_49_1536_2048,,,,,0.8458498020372135,0.9816513752461915,,
IDRiD_49_1536_512,0.6116803278649354,0.6210663198878925,0.3242617255262229,0.49733570155441065,0.6937954510181991,0.8322197475563393,,
IDRiD_49_2048_1024,0.7233605680766422,0.7988473166969118,0.5345794392023757,0.44897959176625124,0.9015524532223519,0.8662751864609087,,
IDRiD_49_2048_1536,0.499211356447192,0.45343839538299147,0.5727767694891914,0.588805970105313,0.8229297186444272,0.9451203558284594,,
IDRiD_49_2048_2048,0.08852755193818757,0.05305901461542723,0.5728155337025167,0.42142857112755105,0.16880733941856746,0.09292929291051934,,
IDRiD_49_2048_2560,,,0.6482910693882811,0.4891846920983054,,,,
IDRiD_49_2048_3072,0.4657068062811986,0.7432630039613195,0.1998348472171895,0.11968348168944773,0.0,0.0,,
IDRiD_49_2048_512,0.4755189972519191,0.6995774106531089,0.42867281757071163,0.35198135194032854,0.8239031770020456,0.8798061389280788,,
IDRiD_49_512_0,,,,,0.7833333326805556,0.8392857127869898,,
IDRiD_49_512_1024,0.6898054379170659,0.6621108132767913,,,0.6681939671502827,0.6440927493322013,0.8785202252925446,0.9752273588434291
IDRiD_49_512_1536,0.7055388615376137,0.8590036325850596,0.6794921123247598,0.570413436655658,0.8189934092258553,0.9031682579506981,0.9327349861425421,0.9450877105752368
IDRiD_49_512_2048,,,,,0.745093326921633,0.9181638696849144,,
IDRiD_49_512_3072,0.37089929818683326,0.9095457274182601,0.5813106795763767,0.9373776906189084,,,,
IDRiD_49_512_512,0.6781635277159204,0.7101219705257387,0.6464968152660352,0.7270773638447652,0.27586206872770513,0.15999999984000002,,
IDRiD_50_0_1024,,,,,0.7055851810074212,0.816233766180764,,
IDRiD_50_0_1536,,,,,0.3311622521301033,0.25416574094080946,,
IDRiD_50_0_2048,,,,,0.6121175924041933,0.5731328445312149,,
IDRiD_50_0_2560,,,,,,,0.6679999999953931,0.5122157588523297
IDRiD_50_0_512,,,,,0.645589383281702,0.5304682488604725,,
IDRiD_50_1024_1024,0.7021478806177125,0.8586703858271191,,,0.5804511277904536,0.6390728476115813,,
IDRiD_50_1024_1536,0.6478900409903646,0.7568450704140073,0.6257668711272535,0.9845559843659158,0.5305123966907074,0.5931401537464054,0.8265107212402399,0.7158864159521736
IDRiD_50_1024_2048,,,,,0.6061456433196837,0.6656394452799496,,
IDRiD_50_1024_2560,0.9455105756976396,0.9560906515309889,,,0.498397603735786,0.49824105871304863,,
IDRiD_50_1024_3072,0.006541382559972607,0.6941176462422146,,,,,,
IDRiD_50_1536_0,,,0.7554980594595408,0.6445916114078818,,,,
IDRiD_50_1536_1024,0.8143712574406983,0.7362204723684823,,,0.0,0.0,,
IDRiD_50_1536_1536,,,,,0.600466765404155,0.6322181268281248,,
IDRiD_50_1536_2048,,,,,0.48299912814989104,0.5658835546186984,,
IDRiD_50_1536_2560,0.0,0.0,0.9049951027960335,0.9286432159870711,0.6749272707646001,0.7875282876441095,,
IDRiD_50_1536_3072,0.5089847259629998,0.35828919281873434,0.7524271843747055,0.7948717946679815,,,0.8358140599922302,0.8164939228930244
IDRiD_50_1536_512,0.0,0.0,,,0.0,0.0,,
IDRiD_50_2048_1024,0.39562389117694785,0.2491620111639046,0.5066941297109481,0.9959514166008294,0.026402640255312658,0.01515151514577594,,
IDRiD_50_2048_1536,,,,,0.0,0.0,,
IDRiD_50_2048_2048,,,,,0.0,0.0,,
IDRiD_50_2048_2560,,,,,0.2939999999706,0.32885906032911427,,
IDRiD_50_2048_512,,,,,0.0,0.0,,
IDRiD_50_512_1536,,,0.44428468724340153,0.7322274879781451,0.6956569273220115,0.6787199999963801,,
IDRiD_50_512_2048,,,0.7608069162072602,0.9705882345804498,0.47728147862689024,0.5339795368817019,,
IDRiD_50_512_2560,0.4673539518766508,0.3302306758263768,0.31843740750759286,0.893687707492743,0.33581395347275284,0.25034674062064166,0.790753699662781,0.9322423586565831
IDRiD_51_0_1024,,,0.6480758504936934,0.999999999827883,0.8458666666215537,0.8563714901882968,,
IDRiD_51_0_1536,0.6842105263032856,0.5233435839943152,0.2103533278380975,0.99999999921875,,,,
IDRiD_51_0_2048,0.0,0.0,0.6893580352998985,0.8281573498107497,,,0.17333333332725148,0.09489051094525969
IDRiD_51_0_3072,,,0.33755274258042695,0.21390374328691128,,,,
IDRiD_51_1024_1024,,,0.40894308941427066,0.6287499999214062,0.7791475871511396,0.7968299711241477,,
IDRiD_51_1024_1536,0.3218847572999749,0.23391089107945914,0.33651120844275934,0.9804804803332613,0.572922022276894,0.6565200314153915,0.0,0.0
IDRiD_51_1024_2048,,,,,0.900763358664025,0.8805970147063191,,
IDRiD_51_1024_3072,0.6351308232240337,0.46659634317315285,,,,,,
IDRiD_51_1024_3584,0.7080779636645791,0.8926632326201773,,,,,,
IDRiD_51_1024_512,0.047058823526643596,0.052015604674640364,0.43527970598467625,0.878088961964071,0.777928650774251,0.810442386810431,0.5332519829137011,0.36356073211062423
IDRiD_51_1536_0,,,0.6845124281673973,0.972826086427812,,,,
IDRiD_51_1536_1024,,,0.5059422750317075,0.7326367547183382,,,,
IDRiD_51_1536_1536,,,0.5672131147355013,0.7771787959768931,0.35578712317908845,0.757527733695917,0.0,0.0
IDRiD_51_1536_512,,,0.5828198622478138,0.5034439573886385,,,,
IDRiD_51_2048_1024,0.6502923976571969,0.5462711705759682,0.4069723379913993,0.3763139453135029,,,,
IDRiD_51_2048_1536,0.0,0.0,0.684484553950556,0.7709147771093889,0.0,0.0,0.7001604668105028,0.5386514634560124
IDRiD_51_2048_2048,,,,,,,0.7125659978730187,0.5534776902705553
IDRiD_51_2048_2560,,,0.5117493471916776,0.41525423720015797,,,,
IDRiD_51_2048_512,0.0,0.0,0.599919903860636,0.9986666665335111,0.6482758619199366,0.7621621617501826,0.0,0.0
IDRiD_51_512_1024,,,0.47021943558927287,0.3073770490543537,,,,
IDRiD_51_512_1536,,,,,0.0,0.0,,
IDRiD_51_512_2048,,,0.6329113922906128,0.50143266461277,,,,
IDRiD_52_0_2560,,,0.7430340556125334,0.9876543205812123,,,,
IDRiD_52_1024_0,,,,,0.7060677698419174,0.5614035087015785,,
IDRiD_52_1024_2560,0.0,0.0,0.18230563001703454,0.9042553186679493,,,,
IDRiD_52_1024_3072,,,0.4477958236139448,0.8318965513655618,,,,
IDRiD_52_1536_2048,,,0.6514285713044898,0.9999999994152047,0.7410358564752941,0.799426933868359,,
IDRiD_52_1536_2560,,,0.5320512819660175,0.9999999993975904,,,,
IDRiD_52_1536_3072,0.0,0.0,0.0,0.0,,,,
IDRiD_52_2048_2048,0.014958863125283555,0.0075815011366503786,0.5482502650968121,0.9645522387159932,,,,
IDRiD_52_2048_2560,,,0.644834307967063,0.8587746624238033,,,,
IDRiD_52_2048_3072,,,0.745059288463927,0.6411564624759938,,,0.6322580645082847,0.46318851117136545
IDRiD_52_512_0,0.0,0.0,,,,,,
IDRiD_52_512_2048,,,0.7566109012003988,0.8987179486027285,0.2562211981448746,0.15216201422265122,,
IDRiD_52_512_2560,,,0.7982832616312696,0.984126983606282,,,0.8875506658843363,0.9018592609813637
IDRiD_52_512_512,0.0,0.0,0.6621445342900563,0.648773006101801,,,,
IDRiD_53_0_1024,0.708547978692445,0.6836562763211149,0.0,0.0,,,,
IDRiD_53_0_1536,,,0.7458193979309515,0.8710937498298645,,,,
IDRiD_53_0_2048,,,0.14159292032892162,0.6779661005458202,,,,
IDRiD_53_0_2560,,,0.7107505070705579,0.8920570263857376,,,,
IDRiD_53_0_3072,,,0.821276595657311,0.8247863246100884,,,,
IDRiD_53_0_512,0.579567186707805,0.6449372759712155,0.39830784248622497,0.4450909090585388,,,,
IDRiD_53_1024_1536,,,,,0.0,0.0,,
IDRiD_53_1024_2048,0.6112936958378953,0.8493150684578948,0.2726281351938246,0.37764350441763034,0.6849192100477116,0.5919317300140895,,
IDRiD_53_1024_2560,0.6915757716392928,0.8129153853744028,0.4485365671049589,0.3476444650690688,,,,
IDRiD_53_1024_3072,0.7168578777580661,0.6412241618534714,0.5379946588847294,0.43348982783906537,0.7484662576031142,0.867886178685389,,
IDRiD_53_1536_1536,0.4167725539495842,0.33954451338725783,,,,,,
IDRiD_53_1536_2048,0.7481420313738774,0.7493796525951285,0.132850241529849,0.9999999981818182,0.6226734348210562,0.48677248672956147,,
IDRiD_53_1536_2560,0.5522045855330493,0.9382679052760483,0.6006996501599026,0.8441011235362288,0.6557759625839235,0.5435203093726266,,
IDRiD_53_1536_3072,0.7376277990294321,0.9464027039924932,0.5215794306463921,0.5039929014637096,0.6752380952059411,0.5859504131747149,0.0,0.0
IDRiD_53_1536_3584,0.8648484848353811,0.9668021679889295,,,,,,
IDRiD_53_1536_512,,,0.6028921023023975,0.959292035228444,,,,
IDRiD_53_2048_1024,0.0,0.0,0.1705551085944847,0.5463917522956744,0.0,0.0,,
IDRiD_53_2048_1536,0.0,0.0,0.6580444903953417,0.9829984542530142,,,,
IDRiD_53_2048_2048,0.0,0.0,0.37940379401737645,0.43156596788759977,0.0,0.0,,
IDRiD_53_2048_2560,0.1916167664598946,0.10724759111406588,0.14775470786345946,0.9999999993464053,0.7710508002247006,0.8949919223109868,,
IDRiD_53_2048_3072,0.021276595744034146,0.02220812182600202,0.25418719210570506,0.46319569111971354,,,,
IDRiD_53_2048_512,,,0.6855828220333141,0.9633620687578961,,,,
IDRiD_53_512_0,,,0.7733333332540171,0.999999999734748,,,,
IDRiD_53_512_1536,,,0.3903654484941759,0.3827361563310132,,,,
IDRiD_53_512_2560,0.6786881997401543,0.755681400303334,0.32333438584391117,0.3006459189488757,,,,
IDRiD_53_512_3072,,,,,0.8266666663911111,0.9999999991935484,,
IDRiD_53_512_512,0.0,0.0,0.3709273182647512,0.5904255317578655,,,,
IDRiD_54_0_1536,,,0.7460449624691052,0.8995983933936549,,,,
IDRiD_54_0_2048,,,0.8064516127948318,0.7978723402133318,,,,
IDRiD_54_0_2560,0.6550802138912323,0.5162552678953566,0.2917420132434152,0.7076023389743852,0.785169029429568,0.880554423119423,,
IDRiD_54_0_3072,0.0,0.0,0.7292875989061062,0.7870159452406588,,,,
IDRiD_54_1024_0,0.0,0.0,0.8269617705405471,0.7459165152911222,,,,
IDRiD_54_1024_1024,,,0.0,0.0,,,,
IDRiD_54_1024_1536,,,0.2733485193310537,0.3030303029537802,,,,
IDRiD_54_1024_2048,0.5309711625432436,0.38889941276020273,0.41894736839900276,0.29157509155373074,0.7271171941208625,0.9815242491959528,,
IDRiD_54_1024_2560,0.2488683019238986,0.31212041192732715,0.28860906064135755,0.5176531671590003,0.6369465648660475,0.9093286834429529,,
IDRiD_54_1024_3072,0.3533408833422044,0.2866329811535768,0.5186805789209242,0.6574232081630793,0.5932203388573686,0.4501607715594338,,
IDRiD_54_1024_3584,0.24832962137393294,0.14802522402429388,0.0,0.0,,,,
IDRiD_54_1024_512,0.0,0.0,,,,,,
IDRiD_54_1536_0,0.0,0.0,0.5072697899565283,0.5389016017690044,,,,
IDRiD_54_1536_1536,,,0.0,0.0,,,,
IDRiD_54_1536_2048,,,0.5714285713895128,0.6450617282955152,,,,
IDRiD_54_1536_2560,0.30646153844267926,0.3263433813464819,0.6476141872761517,0.9077253218234816,0.0,0.0,,
IDRiD_54_1536_512,0.5779710144760009,0.4166318428576418,0.0,0.0,,,,
IDRiD_54_2048_0,,,,,,,0.8021338506110055,0.689741451180578
IDRiD_54_2048_1024,,,,,,,0.48700716844787173,0.32515704456101835
IDRiD_54_2048_1536,,,0.7646258503054592,0.9284140968140513,,,,
IDRiD_54_2048_2048,0.0038277511958059564,0.0019175455415227664,0.4743651173706582,0.9979838707665355,,,,
IDRiD_54_2048_2560,0.6189797662975498,0.6843100188604719,0.5933705283691051,0.6429587481761765,,,,
IDRiD_54_2048_3072,0.28308753111888363,0.7587268993060856,0.6150106350466421,0.5779554539932635,,,,
IDRiD_54_2048_512,,,,,,,0.7257571790140274,0.773776288844465
IDRiD_54_512_0,0.5405405405243081,0.8704061894709471,,,,,,
IDRiD_54_512_1024,,,0.08163265303742488,0.042553191476427596,,,,
IDRiD_54_512_1536,,,0.6064073226405856,0.9518678160235726,0.7517146775374878,0.7506849313011822,,
IDRiD_54_512_2048,,,0.5069637882725925,0.9999999997802197,,,,
IDRiD_54_512_2560,0.22635782747423036,0.77771679468838,0.44141592919572714,0.43104044243238715,0.7200969011737145,0.8270345467000456,,
IDRiD_54_512_3072,0.7637830004362436,0.6607434863113404,0.43845177663583595,0.3755434782404596,,,,
IDRiD_54_512_512,0.9195034040480776,0.9206094626366792,,,,,,
IDRiD_55_0_1024,,,,,0.8092868987049275,0.9759999996096,,
IDRiD_55_0_1536,,,,,0.8208946040680435,0.8105710813996284,,
IDRiD_55_0_2048,,,0.6899563315764383,0.6370967736797607,0.8281296461472194,0.7769202157300682,,
IDRiD_55_1024_1024,,,0.7893617020436849,0.9999999997304582,0.8292233233442697,0.7806653809026969,,
IDRiD_55_1024_1536,0.0,0.0,0.04878048778788136,0.024999999991071428,0.8017611807996592,0.6949427130295371,,
IDRiD_55_1024_2048,,,0.42645607103391353,0.2872340425149955,0.8598357583392784,0.7949393248222653,,
IDRiD_55_1024_2560,,,0.6532019704111723,0.6190476189898181,0.8629058862330189,0.857149544739702,,
IDRiD_55_1536_1024,,,0.2987736900447298,0.27515400405027635,0.6420953843473927,0.5246061619890617,,
IDRiD_55_1536_1536,,,0.771585557269561,0.7637917637324171,0.7520729684882805,0.82585932164181,,
IDRiD_55_1536_2048,0.4818097775818054,0.4426016585029213,0.4179018563761994,0.5745943806658254,0.6874094115351325,0.8428909952540056,0.0,0.0
IDRiD_55_1536_2560,0.7737483580240206,0.7294416402773632,0.7268232384762888,0.8010899180378501,0.8355188967996955,0.8006998764907355,0.0,0.0
IDRiD_55_1536_3072,,,,,0.8769898697328271,0.8381742738202779,,
IDRiD_55_1536_512,,,,,0.6259724715364469,0.495734597109409,,
IDRiD_55_2048_1024,,,,,0.9146238376234468,0.9609236232751468,,
IDRiD_55_2048_1536,,,0.35638297869181,0.990147782763474,0.654888821180174,0.5660874143988369,,
IDRiD_55_2048_2048,,,0.3729603728734358,0.2292263609658377,0.8282465589412311,0.8353004291733463,,
IDRiD_55_2048_2560,,,,,0.8230406309385851,0.7930519744823378,,
IDRiD_55_512_1024,0.5692108667381834,0.518134715001501,0.6592267835528407,0.550232867561528,0.8351399503790813,0.7684623398885565,,
IDRiD_55_512_1536,0.6451958056853713,0.4996685449038835,0.45640074207269005,0.9959514166008294,0.8726035252169775,0.8238146234676617,,
IDRiD_55_512_2048,0.787419416607529,0.9853828028256213,0.5057232049421724,0.43470482997590254,0.8495988599165396,0.8539257294407058,,
IDRiD_55_512_2560,,,,,0.5838509314956984,0.4476190474058957,,
IDRiD_56_0_1024,,,0.09852216743915164,0.05181347147574432,,,,
IDRiD_56_0_1536,,,0.717368961899551,0.787810383569343,,,,
IDRiD_56_0_2048,0.6379471228566256,0.5145509282424165,0.5479603086798258,0.7049645389070973,,,,
IDRiD_56_0_2560,0.7331128956058367,0.5984883541554874,,,,,,
IDRiD_56_0_3072,0.7620348790453989,0.7864311188455965,,,,,0.8830778131310711,0.9451783355311048
IDRiD_56_0_512,,,0.605932203261455,0.9999999993006994,,,,
IDRiD_56_1024_0,0.0,0.0,,,,,,
IDRiD_56_1024_1024,,,0.18396711201521238,0.27538461534224856,,,,
IDRiD_56_1024_1536,,,0.7827380951216164,0.6743589741860617,,,,
IDRiD_56_1024_2048,,,,,0.6569145140526836,0.8686544630898537,,
IDRiD_56_1024_2560,0.0,0.0,0.6597796142796295,0.9999999997912317,0.2261199336282029,0.9120458889269512,,
IDRiD_56_1024_3072,0.12069216227918647,0.07201110532646181,0.3656491110242989,0.45492487475334514,,,,
IDRiD_56_1536_1024,0.0,0.0,,,,,,
IDRiD_56_1536_1536,,,0.5146771036678398,0.81931464148931,,,,
IDRiD_56_1536_2048,0.5037449762490694,0.5359051598432036,,,0.758055398508817,0.8487341771614725,,
IDRiD_56_1536_2560,0.44800865019917085,0.3520249221084105,0.47785547779978377,0.6879194628564028,,,0.0,0.0
IDRiD_56_1536_512,0.0,0.0,,,,,,
IDRiD_56_2048_1024,0.7643592688100974,0.7514435889815241,,,0.5792880257962317,0.4172494171521563,,
IDRiD_56_2048_1536,,,0.6585577757898733,0.9973684207901662,,,,
IDRiD_56_2048_2048,0.509560306571121,0.35776594539075823,0.0,0.0,,,,
IDRiD_56_2048_2560,0.6636130867690936,0.5394043104220728,,,,,0.6485240443065343,0.9999999999802528
IDRiD_56_2048_3072,,,0.7880671223873171,0.9664634144868196,,,,
IDRiD_56_2048_512,0.0,0.0,,,,,,
IDRiD_56_512_1024,0.7147599725946421,0.8951953537368639,0.6542346542092372,0.9142236698247315,,,,
IDRiD_56_512_1536,,,0.09005847952689716,0.09482758619521828,0.6648351647438413,0.6487935655097068,,
IDRiD_56_512_2048,,,,,0.7091817134007954,0.9639686683821419,,
IDRiD_56_512_2560,0.5468130056137125,0.42852527862680884,0.7828477184836257,0.7049504949797079,,,,
IDRiD_56_512_3072,0.43344498200946874,0.3518984791987924,0.37414692892917917,0.4094903338831731,0.7018150388330323,0.8806941429759882,0.9424018762470083,0.9337707607071712
IDRiD_57_0_1024,,,,,0.6853741496015838,0.7248201437545287,,
IDRiD_57_0_1536,0.0,0.0,,,0.2529335071378183,0.23261390881711896,,
IDRiD_57_0_2048,,,,,0.6402173912695533,0.522626441834727,,
IDRiD_57_0_512,,,,,0.5658475109914399,0.8376865670078943,,
IDRiD_57_1024_0,,,,,0.4431960049845361,0.2874493927047922,,
IDRiD_57_1024_1024,,,0.3955637707217073,0.2661691541626445,0.6507855191201265,0.5863979073613418,,
IDRiD_57_1024_1536,,,0.2063492062946166,0.13636363631595677,0.7175299821291461,0.9076823756969761,,
IDRiD_57_1024_2048,,,,,0.4511733534859066,0.7760416664645724,,
IDRiD_57_1024_512,,,,,0.5545959284306817,0.5249635036343077,,
IDRiD_57_1536_0,0.06119951039642601,0.03396739129973269,,,0.342857142787172,0.2234042552597329,,
IDRiD_57_1536_1024,,,,,0.7347549569716816,0.7282705428548165,,
IDRiD_57_1536_1536,,,,,0.689994008379988,0.7781081080870782,,
IDRiD_57_1536_2048,,,,,0.7860869564875614,0.6921898927494494,,
IDRiD_57_1536_512,,,0.7490774906367016,0.7490774904984954,0.628780487789542,0.5027301091847609,,
IDRiD_57_2048_1024,,,,,0.5193868349396404,0.4173913042873346,,
IDRiD_57_2048_1536,,,,,0.8083252661757829,0.8503054988950809,,
IDRiD_57_2048_512,,,0.21525885555650426,0.12061068700448692,0.18289962823918962,0.10224438901893229,,
IDRiD_57_512_0,,,,,0.6207836456347263,0.47947368418529085,,
IDRiD_57_512_1024,,,0.0,0.0,0.6014362656551673,0.4827089336480247,,
IDRiD_57_512_1536,0.0,0.0,,,0.5426997244805303,0.8995433787900585,,
IDRiD_57_512_512,,,0.40896358537689587,0.35180722883088983,0.6495370370220015,0.6501390175787702,,
IDRiD_58_0_1536,0.0,0.0,0.8458961473328395,0.7361516033912315,,,,
IDRiD_58_0_2048,,,0.7058823528752677,0.93796526031316,0.7723202170893503,0.8468557825660216,,
IDRiD_58_0_2560,,,0.6192941176179156,0.823529411661636,0.8031565102672882,0.7551525143647854,,
IDRiD_58_0_3072,,,0.43993231803046834,0.9090909084551813,,,,
IDRiD_58_0_512,,,0.4341372911996035,0.280575539501061,,,,
IDRiD_58_1024_0,,,,,0.8252754665881431,0.7313670784881879,,
IDRiD_58_1024_1024,,,0.599277978296081,0.9999999997590361,,,,
IDRiD_58_1024_1536,0.8849360755852566,0.9869807811225363,0.7542997542070885,0.7524509802077326,0.8321207221660992,0.809012313313885,,
IDRiD_58_1024_2048,,,,,0.7652777777701857,0.833045356353498,,
IDRiD_58_1024_2560,0.0,0.0,0.7248908296310138,0.9181415927172253,0.8573671813549154,0.95733489184812,,
IDRiD_58_1024_3584,,,,,0.8186356071849192,0.9609374996246337,,
IDRiD_58_1536_0,,,,,0.40222717148921877,0.251742403120047,,
IDRiD_58_1536_1536,0.0,0.0,,,,,,
IDRiD_58_1536_2048,0.31383322559285987,0.18612229250170362,,,0.0,0.0,,
IDRiD_58_1536_2560,0.09718503036968724,0.05107434612445202,0.781094527168882,0.6885964909260542,,,,
IDRiD_58_1536_3072,0.29062818830650594,0.175899788282006,,,,,,
IDRiD_58_1536_512,,,0.0,0.0,0.7111545988119148,0.5782940801852866,,
IDRiD_58_2048_1024,,,,,0.268156424551044,0.15483870965744018,,
IDRiD_58_2048_1536,0.0,0.0,,,,,,
IDRiD_58_2048_2048,,,0.7070895521728461,0.974293058875503,,,,
IDRiD_58_2048_2560,0.8723758746938958,0.7826606875700252,,,,,,
IDRiD_58_2048_3072,0.5148471615683053,0.45433526010977093,,,0.7689759867406987,0.6600331674802172,,
IDRiD_58_512_1024,0.0,0.0,,,,,,
IDRiD_58_512_1536,0.7077856420388343,0.6726457398672232,0.45923460895955437,0.7028862477584235,0.746942850010614,0.8429086403016621,,
IDRiD_58_512_2048,,,,,0.730542089022783,0.7921246296397579,,
IDRiD_58_512_2560,0.8124345952550789,0.7127119559270686,0.3259633606869259,0.20840064618672044,0.6482593036436664,0.47957371217059086,,
IDRiD_58_512_3072,,,0.2985746436385165,0.9567307687708025,0.8728813558582303,0.9432234430506917,,
IDRiD_58_512_512,0.3898849344341733,0.2428333333292861,,,,,,
IDRiD_59_0_1024,,,0.0,0.0,,,,
IDRiD_59_0_1536,0.6435770962830412,0.4744664031545539,0.29873908823484585,0.1757990867379225,0.6545454541487603,0.7826086945179584,0.938885119852615,0.9402672403978016
IDRiD_59_0_2048,,,,,,,0.9373573059344011,0.8990317172446743
IDRiD_59_1024_1024,0.08382944489105458,0.6162034298866822,0.6285714285500487,0.5859226378829472,0.6496894409534354,0.8673300164399121,0.0,0.0
IDRiD_59_1024_1536,,,0.6472148539397308,0.6630434779005199,0.8573439019829522,0.8703306861596272,,
IDRiD_59_1024_2048,0.6857762417789132,0.9265702252165067,,,0.7500948046999428,0.6939539235136595,,
IDRiD_59_1024_512,0.0,0.0,0.0,0.0,,,,
IDRiD_59_1536_0,,,0.60750853238174,0.546012269871655,,,,
IDRiD_59_1536_1024,0.0,0.0,,,0.7769591426571002,0.8365384615183524,,
IDRiD_59_1536_1536,,,0.8568232661713185,0.769849246153784,0.6499186697954701,0.9171909539038057,,
IDRiD_59_1536_2048,0.5927879133367104,0.7941569600764912,0.0,0.0,0.7685648586396786,0.8693390452610362,,
IDRiD_59_1536_2560,,,,,0.0,0.0,,
IDRiD_59_1536_3072,,,,,0.2567901234356551,0.14800759011878484,,
IDRiD_59_1536_512,0.8922042750728015,0.8285355009618335,0.23712737125764718,0.31249999994419647,,,,
IDRiD_59_2048_1024,0.5313080537588099,0.38759566325912637,,,,,,
IDRiD_59_2048_1536,,,0.5345744680495629,0.9999999997512438,,,,
IDRiD_59_2048_2048,0.011928429422668758,0.007839721253672497,0.5351409204232914,0.814332247468585,,,0.0,0.0
IDRiD_59_2048_2560,,,,,0.6733445616463669,0.7842246541238029,0.8338178294560177,0.740937401335378
IDRiD_59_2048_3072,,,,,0.35376671520781455,0.21607633834358603,,
IDRiD_59_2048_512,,,0.5025906735425782,0.37022900759826055,,,,
IDRiD_59_512_1024,0.3428486470387834,0.299675113706307,0.5599364911204039,0.5071907957570858,0.7281820965527387,0.8636803873882887,0.938981695209506,0.9199351122462985
IDRiD_59_512_1536,0.7395591875191939,0.8420110932112899,0.0,0.0,0.8194257082266899,0.8234838424035885,0.0,0.0
IDRiD_59_512_512,0.0,0.0,0.29534883717495947,0.8639455776435745,,,0.5347274574698131,0.9912504556933861
IDRiD_60_0_1536,,,0.46210995538914484,0.91470588208391,,,,
IDRiD_60_0_512,,,,,,,0.819225012459351,0.7425384383255189
IDRiD_60_1024_0,,,,,0.6735360643208461,0.607434270144722,,
IDRiD_60_1024_1024,,,,,0.8144635447298618,0.7905638664677466,,
IDRiD_60_1024_1536,0.0,0.0,0.32989690716790915,0.20512820509063587,0.8307528902290504,0.8867184093408326,,
IDRiD_60_1024_2048,0.6401741970255757,0.5379688929059497,0.4559270516255393,0.5281690139605236,0.7374999999078126,0.9021406725069906,0.0,0.0
IDRiD_60_1024_2560,0.8474648261170827,0.9706883969718962,0.7496450543895105,0.6523887973103468,0.607128226111957,0.5626423689777796,0.5653377630043558,0.7438979963299127
IDRiD_60_1024_3072,,,,,0.0,0.0,,
IDRiD_60_1536_1024,,,0.0,0.0,0.8475222362866885,0.7370165745041971,,
IDRiD_60_1536_1536,0.3533176872124319,0.22766015946583285,,,0.6451220747579259,0.8596112310783043,,
IDRiD_60_1536_2048,,,0.3076923076575009,0.18279569890016187,0.696485622958691,0.7228116709916695,,
IDRiD_60_1536_2560,0.7720396452656575,0.7676348547452408,0.6951566950906783,0.5736677115088296,0.7442781145568212,0.8482797518210903,,
IDRiD_60_1536_3072,,,0.7562499997636718,0.8344827580451843,,,,
IDRiD_60_1536_512,,,,,0.41393442621537113,0.84049930640215,,
IDRiD_60_2048_0,,,,,0.0,0.0,,
IDRiD_60_2048_1024,0.26523809523178005,0.3593548386864932,,,0.6622016936053717,0.5708029197004538,,
IDRiD_60_2048_1536,,,0.13305613302847066,0.07126948773468385,,,,
IDRiD_60_2048_2048,,,0.6234309622126714,0.8563218385883208,0.6026060501658768,0.7134701644595152,0.0,0.0
IDRiD_60_2048_2560,0.6440255806104206,0.5306156405960587,0.31094212081491585,0.19512195120916637,0.788441692450187,0.8045492838751244,0.8123962721792021,0.697102481236254
IDRiD_60_2048_512,0.44818481846705666,0.87163029513843,0.8070175437180671,0.9349593492134312,0.3923647931715414,0.25694444440875774,,
IDRiD_60_512_0,,,,,0.6525423726048549,0.4873417718434546,,
IDRiD_60_512_1024,,,0.32967032964768744,0.2663706991935216,,,,
IDRiD_60_512_1536,,,0.5902636916237055,0.43825301198219085,0.6866676012801533,0.6489136194846605,,
IDRiD_60_512_2048,0.2896979085867662,0.34155251138433307,0.25229741017106955,0.15745568298670953,,,0.08533430166544717,0.04456877341024812
IDRiD_60_512_2560,0.01838831800874049,0.009279475982026228,,,0.03591765221042849,0.3796296292781207,0.18608489719693536,0.10419094306222448
IDRiD_60_512_3072,,,,,,,0.8757327080817641,0.8491393309378185
IDRiD_61_0_1024,0.7616739607042757,0.8315145623937793,,,,,,
IDRiD_61_0_1536,0.288796925804431,0.1721965190563023,0.4166211044058709,0.32901554401303834,,,,
IDRiD_61_0_2048,0.80607402720233,0.7151277013685552,0.5826262626027222,0.9315245476832656,,,,
IDRiD_61_0_2560,,,0.517321016046808,0.9999999991071429,,,,
IDRiD_61_0_512,0.8033876625500428,0.6713850738511551,,,,,,
IDRiD_61_1024_0,0.6161740462963705,0.49784264435336417,0.0,0.0,,,,
IDRiD_61_1024_1024,0.6803187114032874,0.5579339508647645,0.8802228411030331,0.9723076920085206,0.11133440514245711,0.5167910446797032,,
IDRiD_61_1024_1536,0.5973705544372867,0.7384105960200557,0.010893246186177206,0.008143322474243759,0.7573980887274022,0.7130563282274595,,
IDRiD_61_1024_2048,0.0031274433148453912,0.0015974440893292774,0.5180621674455878,0.6162558294059789,0.7491194182436705,0.8614922252598786,,
IDRiD_61_1024_2560,0.7215751108421092,0.7608959797096471,0.5505148900486915,0.5667621776179506,,,,
IDRiD_61_1024_3072,0.20744680850914715,0.6052852348739394,0.7381443298461756,0.9179487177918036,,,,
IDRiD_61_1536_0,0.010964205094777033,0.005532053367864235,,,,,,
IDRiD_61_1536_1024,0.2208774583944035,0.2982456140279201,,,0.0,0.0,,
IDRiD_61_1536_1536,0.05152435594497103,0.0323537722515915,0.014513788096587259,0.008576329329575244,0.5653021442127809,0.41507633583825604,,
IDRiD_61_1536_2048,0.458883577732651,0.39089026914574343,0.5180327868427842,0.9999999996835442,0.6727179311497143,0.933238298872259,,
IDRiD_61_1536_2560,0.0,0.0,0.2645450024731703,0.16299019606844423,,,,
IDRiD_61_1536_512,0.43344955153851583,0.2827823308783068,0.0,0.0,,,,
IDRiD_61_2048_1024,0.8626490226183597,0.8226336121507443,,,,,,
IDRiD_61_2048_1536,0.735230769230455,0.8123406425285546,,,,,,
IDRiD_61_2048_2048,0.7695867365052548,0.8890441515808304,,,,,,
IDRiD_61_2048_2560,0.6794410431337129,0.7319504581539427,0.14323784143426924,0.0889900662214822,,,,
IDRiD_61_2048_512,0.7220348624588977,0.7237110043150506,,,,,,
IDRiD_61_512_0,0.6340735211763665,0.5853574504686877,,,,,,
IDRiD_61_512_1024,0.6796316389830014,0.6009939477424568,,,0.2636986300918324,0.15187376722842727,,
IDRiD_61_512_1536,0.6005989038911785,0.6836452504940276,0.5374105399955299,0.7481884057293307,0.8339458736774492,0.888256227694786,,
IDRiD_61_512_2048,0.6931573926129114,0.5954303994932849,0.5640561339717495,0.455409356691856,0.7621968218354559,0.758601553786981,,
IDRiD_61_512_2560,0.7439753637587018,0.6563645511382787,0.4447031431379857,0.42444444435012346,,,,
IDRiD_61_512_3072,0.0,0.0,,,,,,
IDRiD_61_512_512,0.852443278182174,0.8377783368924533,,,,,,
IDRiD_62_0_1024,0.724903225797098,0.7553105673365069,0.7581354440845967,0.8147448013582713,0.7670682729383397,0.9794871789848784,,
IDRiD_62_0_1536,,,,,0.0,0.0,,
IDRiD_62_0_512,0.6727353463438558,0.509757738879214,,,0.6233900051198665,0.5675422138304369,,
IDRiD_62_1024_0,,,0.7228915661199012,0.9230769226035503,,,,
IDRiD_62_1024_2048,,,0.6381215468731877,0.9705882348863075,,,,
IDRiD_62_1024_2560,,,,,0.7609756095704937,0.9999999993589744,,
IDRiD_62_1024_3072,0.0,0.0,0.5714285713936856,0.5531914892963131,,,,
IDRiD_62_1536_0,,,0.6954314719047128,0.5330739297536676,,,,
IDRiD_62_1536_1024,,,0.5294117643944637,0.40178571392697704,,,,
IDRiD_62_1536_2560,,,,,0.8199560553133,0.8994754005260247,,
IDRiD_62_1536_3072,,,0.4650817235910043,0.9999999996805111,,,,
IDRiD_62_2048_2048,,,,,0.7870150435382081,0.8971119133342674,,
IDRiD_62_2048_2560,,,,,0.7729548540377356,0.8529356681297269,,
IDRiD_62_2048_512,,,,,0.3549488053396079,0.21576763476524166,,
IDRiD_62_512_1536,,,0.45714285711620156,0.6105919002164187,0.46441073506833014,0.30335365849034246,,
IDRiD_62_512_512,,,,,0.20720720717609503,0.11754684836157635,,
IDRiD_63_0_1024,,,,,0.6507455731517853,0.49883907839794894,,
IDRiD_63_0_1536,,,,,0.6531384350704533,0.5107584722831964,,
IDRiD_63_0_2560,0.5451774439245552,0.7069452286444412,0.681463214110914,0.9928143711385852,,,,
IDRiD_63_0_3072,,,0.6770186333301184,0.5828877002230547,,,,
IDRiD_63_1024_1024,,,,,0.8091089714136549,0.8928993084686643,,
IDRiD_63_1024_1536,,,,,0.8515130984595104,0.8262298674172649,,
IDRiD_63_1024_3072,0.7636952998296737,0.978947368393935,,,,,,
IDRiD_63_1024_3584,0.6274509803719881,0.9999999998975411,,,,,,
IDRiD_63_1024_512,0.6082166199756469,0.6558598469461164,,,,,,
IDRiD_63_1536_1536,,,0.7456919059662824,0.6203301476437593,0.22391857504462098,0.12953876348090887,,
IDRiD_63_1536_2048,,,,,0.627777777603395,0.6766467061816487,,
IDRiD_63_1536_2560,,,,,0.0,0.0,,
IDRiD_63_1536_3072,,,,,0.6413682522543729,0.5727923627411555,,
IDRiD_63_1536_512,0.0,0.0,,,,,,
IDRiD_63_2048_1536,,,,,0.0,0.0,,
IDRiD_63_2048_2048,,,,,0.7208806818053821,0.7053509381269858,,
IDRiD_63_512_1024,,,,,0.7917316692647121,0.7015805723206231,,
IDRiD_63_512_1536,,,,,0.8073461752353414,0.794709732000909,,
IDRiD_64_0_1024,,,0.707714596147995,0.7959266802119785,0.7411003235046764,0.9999999995633188,0.8189796727228951,0.6937170263755696
IDRiD_64_0_1536,0.6645779091802454,0.5367835757019048,0.4547112461729659,0.572741194399274,0.3410230691962212,0.453333333293037,,
IDRiD_64_0_2048,0.04518518518351166,0.023114816217388603,,,0.8246743054439658,0.9706621341932407,,
IDRiD_64_0_2560,,,,,0.7163504968059463,0.6058059587008551,,
IDRiD_64_0_3072,,,,,0.6392785570501726,0.6134615383435651,,
IDRiD_64_0_512,,,0.6245783132229119,0.9984591677968476,0.101717305145197,0.05358385525027252,,
IDRiD_64_1024_1536,,,0.6802973976430674,0.9999999994535519,0.465346534595873,0.6266666664577777,,
IDRiD_64_1024_2048,,,0.863105175220108,0.9070175437005233,0.2541087231192093,0.2258426966038379,,
IDRiD_64_1024_2560,,,0.0,0.0,0.7728491850589393,0.78813381021683,,
IDRiD_64_1024_3072,,,0.37254901942522106,0.2331288342128044,0.6463515754493537,0.8731447773488339,,
IDRiD_64_1536_0,,,0.8176726819652972,0.8071253070261517,,,,
IDRiD_64_1536_2048,0.0,0.0,0.03749999999765625,0.029910269189440654,0.42234636866789427,0.2881097560536418,,
IDRiD_64_1536_2560,0.0,0.0,,,0.6969935463450811,0.7216427639921238,,
IDRiD_64_1536_3072,,,0.0,0.0,0.8418740848578422,0.7909215954895569,,
IDRiD_64_2048_1536,,,0.755905511725995,0.994082839942579,0.8195367211201376,0.8069306930407734,,
IDRiD_64_2048_2560,0.3667180277293264,0.28279467679936326,0.2114068440903873,0.14850427348840767,0.8244274806013635,0.7941176464749136,0.8546266283381608,0.9307933124563325
IDRiD_64_2048_3072,0.34984381970772677,0.31638418076542496,0.6870838881033898,0.704918032690585,0.8088803088022316,0.8088803087241544,,
IDRiD_64_512_1024,,,0.37523809520235824,0.6588628760338251,,,,
IDRiD_64_512_1536,,,,,0.6976367100381141,0.9309747917242132,,
IDRiD_64_512_2048,,,0.6236559139114348,0.48657718112641324,0.7233507683545256,0.7873598728856266,,
IDRiD_64_512_2560,,,0.6701421800630265,0.5628980891271578,0.816973043661869,0.8863313889187083,,
IDRiD_64_512_3072,,,0.2916235780463678,0.17070217915608935,0.6102819236641557,0.44768856442242233,,
IDRiD_65_0_1024,,,0.5069444443564333,0.9999999993150686,0.0,0.0,,
IDRiD_65_0_1536,,,0.6916400182415879,0.9427148193097491,,,,
IDRiD_65_0_2048,0.8395363025979398,0.9582172701282577,0.0,0.0,0.6355561821424566,0.8502451904620806,,
IDRiD_65_0_2560,0.8319937267039406,0.9976492712271909,0.6030927834740674,0.7528957527988551,0.7669683257701649,0.8057040997738738,,
IDRiD_65_0_3072,0.488262910789632,0.46047884550801976,0.23740726277870336,0.3762376237158122,0.0,0.0,,
IDRiD_65_0_3584,0.6588081204545639,0.49121093745203015,0.0,0.0,,,,
IDRiD_65_0_512,,,0.6401673639497734,0.9935064931839264,0.6227106224825235,0.45454545430238213,,
IDRiD_65_1024_1024,,,0.5668684644707281,0.9753787876940571,0.5050930804266756,0.627399650932487,,
IDRiD_65_1024_1536,0.29445981814935074,0.8539141827430753,0.4161939143781281,0.3066109422375908,0.3635596794448098,0.913135593026878,,
IDRiD_65_1024_2048,0.6438343914813213,0.9042954031423187,0.4353808353594407,0.4461228599752142,0.8437708639318917,0.9361019208881729,,
IDRiD_65_1024_2560,0.6747584146366894,0.6886136255294081,0.6323067253101098,0.8060897435251531,0.49560269010616653,0.8251507320564039,,
IDRiD_65_1024_3072,0.5952146836907501,0.45445445443170895,0.4890077242873141,0.8644957982285194,0.7417548226355164,0.8190563444425536,,
IDRiD_65_1024_3584,0.7608593676633749,0.9039233169660293,0.5093499554310462,0.9999999996503496,,,,
IDRiD_65_1536_1024,,,0.4245409762461021,0.9999999997890295,0.6851365951482857,0.8702215251740792,,
IDRiD_65_1536_1536,,,0.6879999999694223,0.8295819934802163,0.642067403747941,0.9555908009137356,,
IDRiD_65_1536_2048,0.4288840262269231,0.3798449611912345,0.38074398245287266,0.9830508469022312,0.675246330176199,0.9708008094544435,,
IDRiD_65_1536_2560,,,0.4492753621560596,0.3163265304508538,0.16646266827827874,0.1541950113029036,,
IDRiD_65_1536_3072,0.06618962432323885,0.03707414829287834,0.007843137254389338,0.03314917125240378,0.5502829777731701,0.8239895696448515,,
IDRiD_65_1536_3584,0.570079883784674,0.7889447235387995,0.3565683645634627,0.4222222220881834,,,,
IDRiD_65_1536_512,,,,,0.834733893537938,0.8394366196788997,,
IDRiD_65_2048_1536,,,0.579925650485759,0.9999999995726496,,,,
IDRiD_65_2048_2048,,,,,0.4024096385057338,0.9999999994011977,,
IDRiD_65_2048_2560,0.7548792021257426,0.9993170953562641,,,,,,
IDRiD_65_2048_3072,,,0.8547641072289764,0.9525773193912211,0.8685594110548308,0.9880382772755889,,
IDRiD_65_512_1024,,,0.0,0.0,,,,
IDRiD_65_512_1536,,,,,0.6728344014850484,0.804772502462849,,
IDRiD_65_512_2048,0.0,0.0,,,0.7566590098198687,0.8877293577879847,,
IDRiD_65_512_2560,0.0012894906511096394,0.0017699115041115202,0.41739475773595325,0.4565595134467177,0.7077637690729411,0.8111026615846221,,
IDRiD_65_512_3072,,,0.6976538290970494,0.9999999998730965,0.24963028689367597,0.8551165146043449,,
IDRiD_65_512_3584,0.8854707190347393,0.9892339544103838,0.6310160426120277,0.959349592715976,,,,
IDRiD_66_0_1024,,,0.873239436004761,0.7948717938527285,0.7058473441347144,0.6897353881741862,,
IDRiD_66_0_1536,,,0.5024154589151333,0.9999999998251748,0.783288742531557,0.7467137531734999,,
IDRiD_66_0_2048,,,0.731501057030902,0.9942528733727486,0.6563985548458566,0.6800630417383743,,
IDRiD_66_0_2560,,,,,0.8646288208663069,0.7999999998383838,,
IDRiD_66_0_512,,,0.6922155687793754,0.9999999996539791,,,,
IDRiD_66_1024_0,,,,,0.6446886446738853,0.5705024310951985,,
IDRiD_66_1024_1024,,,0.4288577153449183,0.34627831704003936,0.7882883396196186,0.6568212893093528,,
IDRiD_66_1024_1536,0.25402399765504796,0.9954128439225445,0.568050081136841,0.6360332294581499,0.8155565229995364,0.8367453286650907,,
IDRiD_66_1024_2048,,,0.5300492610315223,0.8276923074376331,0.842930956337306,0.7718665264780346,,
IDRiD_66_1024_2560,,,,,0.7284917923273602,0.6232527472500077,,
IDRiD_66_1024_512,0.42404607629863045,0.26907263589451474,0.29818181815471073,0.5015290518343948,0.8169111302776797,0.7685064934940178,,
IDRiD_66_1536_1024,0.43844038180814693,0.5909289140605788,0.5133836650534572,0.46306231941960124,0.8376690659403191,0.7528963282123441,,
IDRiD_66_1536_1536,,,0.5038961037652218,0.43111111091950616,0.9117733320980705,0.8965839145706201,,
IDRiD_66_1536_2048,,,,,0.8883101531178882,0.8379913576790529,,
IDRiD_66_1536_2560,,,0.6397124887116161,0.967391304084948,0.8047589993653216,0.7447769621262125,,
IDRiD_66_1536_512,,,,,0.7733258976432299,0.6671971575533246,,
IDRiD_66_2048_1024,,,,,0.858804387127015,0.8123468049919012,,
IDRiD_66_2048_1536,,,,,0.8486502679464479,0.7950604964400956,,
IDRiD_66_2048_512,,,,,0.7090257412607031,0.7014829142036438,,
IDRiD_66_512_0,,,,,0.0,0.0,,
IDRiD_66_512_1024,0.7100576470944251,0.5864141709634214,0.0,0.0,0.8026245313328637,0.7826794431371006,,
IDRiD_66_512_1536,,,0.4385026737707366,0.40954495001003943,0.8429963093292191,0.7545035529088203,,
IDRiD_66_512_2048,,,0.7442231075104204,0.7354330707503255,0.8025087902681721,0.7121725783860207,,
IDRiD_66_512_2560,,,,,0.78890475218449,0.7267944381674785,,
IDRiD_66_512_512,,,,,0.8233343382533246,0.8733610489193757,,
IDRiD_67_0_1024,0.827728391486418,0.8909723347742885,0.0,0.0,0.0,0.0,,
IDRiD_67_0_1536,0.43852174774161773,0.343953994399379,0.239812646358791,0.4999999999023438,0.02494331065618235,0.0146276595734955,0.8124980353917817,0.9230109984222038
IDRiD_67_0_2048,0.5890314465401396,0.8715104593133645,0.0,0.0,,,,
IDRiD_67_0_512,,,0.0,0.0,,,,
IDRiD_67_1024_1024,0.6571625462974539,0.7238827213139397,0.341222182962161,0.658935879855534,,,,
IDRiD_67_1024_1536,0.15858807633711713,0.0906633194931866,,,0.6746268656590555,0.6118443316205806,,
IDRiD_67_1024_2048,0.5886764154259965,0.48636926886701554,0.710355986997544,0.5876840695331079,,,,
IDRiD_67_1024_2560,,,0.5032165832377972,0.999999999715909,0.799281006542883,0.8389937105862901,,
IDRiD_67_1024_512,0.8873180680428123,0.846810581257866,0.41846948658642336,0.6346718902414621,,,,
IDRiD_67_1536_1024,0.4849368318722411,0.44271229403748147,,,0.6092615012014337,0.7376328325123623,,
IDRiD_67_1536_1536,0.0,0.0,0.6727135298309632,0.8607350095879366,0.7685598516559008,0.851609466548576,,
IDRiD_67_1536_2048,0.0,0.0,0.6131868131531216,0.9653979237084087,0.7954482375577172,0.9754935329492516,,
IDRiD_67_1536_2560,0.46848276469863137,0.8812603648278399,,,0.0,0.0,,
IDRiD_67_1536_512,0.0,0.0,0.6911459875424595,0.756809338472321,,,,
IDRiD_67_2048_1024,0.8021528638872856,0.7501603750271396,0.6907894736715865,0.7272027702682877,0.6748633878859477,0.7891373799395727,,
IDRiD_67_2048_1536,0.7335124760048617,0.649181218994026,,,0.6621287128303138,0.6338862558490657,,
IDRiD_67_2048_2048,0.08739665935401726,0.19016152715197052,0.392065344201163,0.9739130431959672,,,,
IDRiD_67_2048_2560,0.38685208594267684,0.2939481267729156,,,,,,
IDRiD_67_2048_512,0.2798743388862295,0.6040164778475109,,,,,,
IDRiD_67_512_1024,0.8593321503433645,0.8289115381558475,0.7672226250350092,0.9635701273290401,0.789115646213769,0.9639889195340736,,
IDRiD_67_512_1536,0.4528140584162773,0.6335725677746734,0.3052884615311229,0.9007092197303959,0.7058823528423134,0.9999999996031746,,
IDRiD_67_512_2048,0.6165928312500338,0.6262783277376562,0.6327782646246469,0.6660516603937174,,,,
IDRiD_67_512_2560,,,0.5687861271018745,0.999999999593496,,,,
IDRiD_67_512_512,0.20402550318534785,0.15416587946052965,0.6567164178015396,0.9999999994949496,0.8310139164183883,0.8636363634579264,,
IDRiD_68_0_1536,,,0.7274749721508634,0.6488095237451578,,,,
IDRiD_68_0_2560,0.6805442729453668,0.7729212316829325,,,,,,
IDRiD_68_1024_0,0.8562963932916577,0.8735181165455443,,,,,,
IDRiD_68_1024_1536,0.0,0.0,0.4016441573457637,0.568106312197989,,,,
IDRiD_68_1024_2048,2.827574506584251e-05,0.0031152647965373005,0.1969949916198673,0.4402985071341056,0.0,0.0,,
IDRiD_68_1024_2560,0.5193798448605853,0.3507853402223075,,,0.4958338364871895,0.9794847327776964,,
IDRiD_68_1024_3072,0.6851183631361865,0.7386285909649569,0.0,0.0,,,,
IDRiD_68_1024_512,0.0,0.0,,,,,,
IDRiD_68_1536_0,0.6090406278035241,0.7187969924762898,,,,,,
IDRiD_68_1536_1536,0.39228387984294805,0.42334818114066225,,,,,,
IDRiD_68_1536_2048,0.6318929782670774,0.5265058349441284,,,,,,
IDRiD_68_1536_2560,0.5077076839675874,0.6741722152225252,,,0.2837837837741965,0.1764705882278794,,
IDRiD_68_1536_3072,0.1759849969019675,0.9952651514963018,,,,,,
IDRiD_68_1536_512,0.6905410665609449,0.620341692473672,,,,,,
IDRiD_68_2048_0,0.0,0.0,,,,,,
IDRiD_68_2048_1536,,,0.5749385748679436,0.9915254233086757,0.671077504662469,0.6586270870763216,,
IDRiD_68_2048_2048,0.48420174756867623,0.9716633068313427,0.4204946995723508,0.2668161434379336,0.4489795909204498,0.6470588197231834,,
IDRiD_68_2048_2560,,,,,0.0,0.0,0.5307304376101164,0.4333227074676797
IDRiD_68_2048_512,0.6736743969226504,0.9793982108939434,,,,,,
IDRiD_68_512_1536,,,0.4201824401248523,0.6045939294007716,,,,
IDRiD_68_512_2048,0.5496007244564518,0.45610439297358674,0.12219101123166465,0.09053069718571641,0.6594733716074062,0.8039420756170238,0.0,0.0
IDRiD_68_512_2560,0.7426835119113118,0.910320493963439,0.5420974889016951,0.9747675961520893,0.6280152348443498,0.997311827822942,,
IDRiD_68_512_3072,0.06731632427360129,0.7896825396584346,0.46723646716990935,0.3100189035330777,,,,
IDRiD_69_0_1024,0.691323038495902,0.5907728933194156,,,,,,
IDRiD_69_0_1536,0.8450888552134892,0.8253893504644869,,,,,,
IDRiD_69_0_2048,0.5972290283752963,0.4311997426797607,0.6623876764233135,0.8716216213271548,0.8604643972394012,0.9375421102214152,,
IDRiD_69_0_2560,0.0,0.0,0.544611186888278,0.9803536344813012,0.2266335814535456,0.4065281897903477,,
IDRiD_69_0_3072,0.2722249047681087,0.7442065121518273,,,,,,
IDRiD_69_0_512,0.5091853776116314,0.6825870646426573,0.7346938760516452,0.599999998,,,,
IDRiD_69_1024_1024,,,0.27997769100502073,0.7011173182399113,0.0,0.0,,
IDRiD_69_1024_1536,0.6717895530799934,0.7771596858553974,0.3388704318711714,0.24519230766873149,0.4428898947713662,0.5798953201881174,,
IDRiD_69_1024_2048,0.4759396696136468,0.43510615013274007,0.0,0.0,0.4798770891085967,0.7274483071946438,,
IDRiD_69_1024_2560,0.5221961915044085,0.5499114372434848,0.40395220587307096,0.6559701492047784,0.4894826605887015,0.5572815533619883,,
IDRiD_69_1024_3072,0.5051376900841525,0.3731026107962021,,,0.10344827585157726,0.25247524739976474,,
IDRiD_69_1536_0,0.16862268986687412,0.5506607929030255,0.0,0.0,,,,
IDRiD_69_1536_1536,,,0.49667405762213557,0.8342644318744387,0.3285514345638812,0.5128345166295557,,
IDRiD_69_1536_2048,0.6299638068989654,0.46743324002974934,0.0,0.0,0.5143777317631196,0.8184480233961037,,
IDRiD_69_1536_2560,0.47997516298540865,0.45337243400429994,,,,,,
IDRiD_69_1536_3072,,,0.0,0.0,,,,
IDRiD_69_2048_1024,0.6137103465864119,0.48484695678238693,,,,,,
IDRiD_69_2048_1536,0.6045088764658707,0.5316362693393301,,,0.0,0.0,,
IDRiD_69_2048_2048,0.6310896243937303,0.5085152075088223,0.5193753614505856,0.4321462944723632,0.10327983251198326,0.08069792801737209,,
IDRiD_69_2048_2560,,,0.11193111930430927,0.09784946235506996,,,,
IDRiD_69_2048_3072,,,0.03864734297649887,0.01970443348783033,,,,
IDRiD_69_512_1024,0.27927272726764957,0.5953488371631512,0.5119916579503654,0.6031941031200008,0.0,0.0,,
IDRiD_69_512_1536,0.6557657107912658,0.6437470052553008,0.4012269938404155,0.9909090906088154,0.40089619118146536,0.7153518123286059,,
IDRiD_69_512_2048,0.7738823965848534,0.8170322291807463,0.3393045310495991,0.679324894228133,0.36363636361991697,0.6722408025631704,,
IDRiD_69_512_2560,0.595525159919242,0.6846743035268442,0.3131749459930463,0.491525423673274,0.0,0.0,,
IDRiD_69_512_3072,0.3001649776087666,0.6675052410761529,,,0.0,0.0,,
IDRiD_69_512_512,,,0.0,0.0,,,,
IDRiD_70_0_1536,0.8276997366019786,0.7305308020005709,,,0.031292723681736405,0.015897515048373244,,
IDRiD_70_1024_1024,0.0,0.0,0.7151515150070401,0.9888268150900409,0.7578947367623269,0.6282722511992545,0.0,0.0
IDRiD_70_1024_1536,0.8440552374529198,0.8368411552331465,0.6429765886018823,0.9552795029869219,0.11387900351819252,0.060377358467782125,,
IDRiD_70_1024_2048,0.6936236391835855,0.6368829049237682,0.5434356629298867,0.906318082591216,0.37235688497306046,0.23260309276851782,,
IDRiD_70_1024_512,0.0,0.0,0.31747211894730587,0.884057970831458,,,0.7338525580746145,0.583680444298923
IDRiD_70_1536_0,,,0.5471923535785911,0.673529411566609,,,,
IDRiD_70_1536_1024,0.0,0.0,,,0.0,0.0,,
IDRiD_70_1536_1536,0.8185282293276751,0.8328235042979809,0.2812234494358019,0.4158291456764034,,,,
IDRiD_70_1536_2048,0.9014271489909915,0.9181879647790271,0.0,0.0,0.008668549722390503,0.004355592531861023,,
IDRiD_70_1536_512,,,0.09514837493663927,0.06702057066575842,,,,
IDRiD_70_2048_512,,,0.6618933969242725,0.9999999997596153,,,,
IDRiD_70_512_0,0.7647867950271036,0.6718221362652576,,,,,,
IDRiD_70_512_1024,,,0.0,0.0,,,,
IDRiD_70_512_1536,0.8004439146664456,0.8256592894019701,0.49219687874165274,0.4459753444363316,0.3916948334100271,0.24907885040224664,,
IDRiD_70_512_2048,,,,,0.16488805189025135,0.09009833066338674,,
IDRiD_70_512_512,0.5963977405883363,0.5598239295606278,0.18421052630743148,0.524547803482029,,,0.0,0.0
IDRiD_71_0_1024,0.0,0.0,0.0,0.0,0.44690966712410307,0.2999999999361702,,
IDRiD_71_0_1536,,,0.44063647485426727,0.32608695646266544,,,,
IDRiD_71_0_2048,,,0.5854800936082576,0.830564783777221,0.842105262524733,0.9655172397146254,,
IDRiD_71_0_2560,0.7264383561618958,0.6327784738343012,,,,,,
IDRiD_71_0_512,,,0.714413607814287,0.7267759561517713,0.6982817869175848,0.6832548755424845,,
IDRiD_71_1024_0,0.5225933201330858,0.40060240951789083,0.8343347638768811,0.7889610388329609,0.654515327203437,0.6259904911844706,,
IDRiD_71_1024_1024,0.0,0.0,0.0111731843559814,0.005997001498351274,0.8424058825873214,0.8858016895375213,0.0,0.0
IDRiD_71_1024_1536,,,0.7715231787440792,0.9936034113020035,0.7630837754609187,0.9401985311844063,,
IDRiD_71_1024_2048,,,0.4239999999152,0.417322834481369,0.0,0.0,,
IDRiD_71_1024_512,,,0.34878819808489,0.40713407129063545,0.7862088698117705,0.8522424167182417,0.0,0.0
IDRiD_71_1536_0,0.0,0.0,,,0.0,0.0,,
IDRiD_71_1536_1024,0.5442396809971751,0.41694187582218506,0.5068654374065569,0.5502555365800463,0.8765870111680429,0.8802843904763057,,
IDRiD_71_1536_1536,,,0.27179836511335836,0.16993185689225163,0.8238809213363106,0.8759385468356478,,
IDRiD_71_1536_2048,,,0.3638239339627296,0.28379828324657735,0.8281073914429691,0.8920308483163092,,
IDRiD_71_1536_2560,,,,,0.7993019195812737,0.7024539875145847,,
IDRiD_71_1536_3072,,,0.6479859893786365,0.6851851849314128,,,,
IDRiD_71_1536_512,0.29271613341413494,0.17924135055526297,0.41982507286181775,0.9917355369168772,0.8744337944985802,0.9305624985100084,,
IDRiD_71_2048_0,,,,,0.21891191708426735,0.1251851851759122,,
IDRiD_71_2048_1024,0.0,0.0,0.691038498845324,0.8929765885540989,0.7927057544810316,0.7726898175351813,,
IDRiD_71_2048_1536,,,,,0.7548835379943413,0.7880474452482842,,
IDRiD_71_2048_2048,,,0.8032619775466102,0.92997639646499,0.773510229105449,0.7511909917631963,,
IDRiD_71_2048_3072,0.23868852458938133,0.9999999999725275,,,,,,
IDRiD_71_2048_512,0.2339181286528662,0.6199332379294262,0.0,0.0,0.6794354838611832,0.8838516297907887,,
IDRiD_71_512_0,,,,,0.02247191009973488,0.011363636357179753,,
IDRiD_71_512_1024,0.4838345478755636,0.3355160142300994,0.7424931755804144,0.7640449437486849,0.7650090182909688,0.8187333394538217,,
IDRiD_71_512_1536,0.0,0.0,0.3930968360372932,0.2817224003535629,0.7601865614229911,0.8609240770738225,,
IDRiD_71_512_2048,0.0,0.0,0.656241114567636,0.6125265392456196,0.6282642088852434,0.7518382352250148,,
IDRiD_71_512_512,0.33942093540950685,0.6593596769351209,0.2495314591633325,0.17779473482724936,0.7951620406202886,0.8455070074056801,0.0,0.0
IDRiD_72_0_1024,,,0.64556962023166,0.5190144616754678,,,,
IDRiD_72_0_1536,,,0.5993167398438597,0.5487042001296958,0.0,0.0,,
IDRiD_72_0_2048,0.0,0.0,0.0,0.0,0.7632782271979149,0.7345971563483684,,
IDRiD_72_0_2560,,,0.775590551028427,0.9656862740364284,0.0,0.0,0.517044712436253,0.36930157347864107
IDRiD_72_0_3072,,,0.0,0.0,0.0,0.0,,
IDRiD_72_0_512,,,0.5293489860694398,0.7898089169459207,,,,
IDRiD_72_1024_0,,,,,0.16176470576340832,0.0879999999296,,
IDRiD_72_1024_2048,0.0,0.0,,,0.7572318457173938,0.8161500965619778,,
IDRiD_72_1024_2560,0.69302109899498,0.716614720673301,,,0.9303494353428418,0.9550834597817597,,
IDRiD_72_1024_3072,0.0,0.0,0.3409742119855338,0.24335378318131823,0.7859310034747057,0.7407328955572817,,
IDRiD_72_1024_512,,,,,0.4126040427816525,0.260902255619481,,
IDRiD_72_1536_1024,,,0.0,0.0,0.8372541922929514,0.8649052841259994,,
IDRiD_72_1536_1536,,,0.8511685115804221,0.9637883005671898,0.8451479696887424,0.915734526404494,,
IDRiD_72_1536_2048,,,0.6030428768183896,0.43426294812066474,0.9071970223024161,0.8739630719781966,,
IDRiD_72_1536_2560,,,,,0.8682092131314982,0.8287515086473682,,
IDRiD_72_1536_3072,0.22808174026182718,0.1287202380856607,0.9038262667110831,0.9954441911172108,0.8824500111486174,0.8533107156181441,,
IDRiD_72_2048_1024,,,,,0.20201294032343592,0.11525840852685569,,
IDRiD_72_2048_1536,0.19137625516268825,0.45892351268287207,,,0.7631289019183574,0.8123534010310903,,
IDRiD_72_2048_2048,0.0,0.0,0.0,0.0,,,,
IDRiD_72_2048_2560,,,0.0,0.0,0.0,0.0,,
IDRiD_72_2048_3072,,,0.34523809521240784,0.25578831309197486,0.29221556882727956,0.17453505004656153,,
IDRiD_72_512_0,,,,,0.8228365384516485,0.8292151162589823,,
IDRiD_72_512_1536,,,,,0.42888165036838,0.34832451497582345,,
IDRiD_72_512_2048,0.14092953522181936,0.0920666013621874,0.39656311961676927,0.7633587785288348,0.7468330081593063,0.8332720137304802,,
IDRiD_72_512_2560,,,0.704276615072599,0.8431372548101158,0.0762331838394096,0.23287671200975796,,
IDRiD_72_512_3072,,,,,0.7201478742802164,0.9511718749071121,,
IDRiD_72_512_512,,,0.7938931291649671,0.9811320736205055,0.7516272049735719,0.7810233287437557,,
IDRiD_73_0_1024,,,0.4430176564296922,0.7419354834720777,,,,
IDRiD_73_0_1536,,,0.2680151706361549,0.25728155333561126,0.7733333331271111,0.9539473677934557,,
IDRiD_73_1024_1024,,,0.5646551723894545,0.6310211945442176,,,,
IDRiD_73_1024_1536,,,0.7442037247911744,0.7119999999482182,0.7982261640671805,0.938897168370384,,
IDRiD_73_1024_2048,,,0.645360824675736,0.9315476187703726,0.9351389878164548,0.9493487697613099,,
IDRiD_73_1024_2560,,,0.4568651275265049,0.9999999994680852,,,,
IDRiD_73_1536_1024,0.8528726011786162,0.8317397387962716,0.6547619047131873,0.9361702125667722,0.7622461170544705,0.7961730448588874,0.9252176743403987,0.9247912373878928
IDRiD_73_1536_1536,0.5376150909378483,0.6113381000709225,0.5859213250315417,0.9268558950953214,0.7508771929531822,0.9450441608493578,,
IDRiD_73_1536_2048,,,0.38095238077097504,0.24390243887566926,0.6531286894769037,0.754089421987236,,
IDRiD_73_1536_2560,,,0.3423423422652382,0.5066666663288889,,,,
IDRiD_73_1536_3072,0.0,0.0,,,,,,
IDRiD_73_1536_512,0.0,0.0,,,,,,
IDRiD_73_2048_1024,,,,,,,0.6265861771513295,0.9570944674084647
IDRiD_73_2048_1536,,,0.0,0.0,,,,
IDRiD_73_2048_2048,0.0,0.0,0.0,0.0,,,,
IDRiD_73_2048_2560,0.7282328380114426,0.6562638335401447,0.0,0.0,,,0.5889598540078813,0.46148346737334256
IDRiD_73_2048_3072,0.6920057568972131,0.7487259343042366,0.5545023696025472,0.9669421483607678,,,,
IDRiD_73_512_1024,,,0.5981372887099321,0.8788646730421255,,,,
IDRiD_73_512_1536,0.2349869451609479,0.44241573027494163,0.22090339597029662,0.25131282818819856,0.6665817950265235,0.8697674418315692,,
IDRiD_73_512_2048,0.0,0.0,0.5427952329066741,0.9671814669947527,0.6996699668812426,0.9257641917354742,,
IDRiD_73_512_2560,0.8279827503196943,0.7919340054269537,,,,,,
IDRiD_74_0_2048,0.2836363636105785,0.3679245282151121,0.4832735961623873,0.5883636363208462,0.3420752565369398,0.2452984464231154,,
IDRiD_74_0_2560,,,0.6374850775711307,0.8090909090091828,0.6704980841627399,0.8333333329365079,,
IDRiD_74_0_3072,,,0.15330188677437478,0.16169154224833543,,,,
IDRiD_74_0_512,,,0.2733812948656902,0.8636363616735537,,,,
IDRiD_74_1024_1024,,,0.6548956660790614,0.9189189187119552,,,,
IDRiD_74_1024_1536,,,0.7788018431385249,0.9999999994082841,,,0.3915730826117213,0.2434509634093586
IDRiD_74_1024_2048,0.46035411851729374,0.6255230124214387,0.5111402358773827,0.48628428921617406,0.6474999999190625,0.6166666665198413,0.6808510638142107,0.5971107543901641
IDRiD_74_1024_2560,0.8294345468586137,0.8550894378103163,0.6045005114114473,0.5876698707130371,0.7761500419821205,0.8634004566978742,,
IDRiD_74_1024_3072,0.5681629463167676,0.798133662676024,0.2970660146517686,0.4153846153136095,0.7987626180267215,0.8658665725073821,,
IDRiD_74_1536_0,,,0.7377326563895545,0.584450401988083,,,,
IDRiD_74_1536_1024,,,0.33689205215457985,0.9999999992957747,,,,
IDRiD_74_1536_2048,,,0.0,0.0,0.8112094395220412,0.8886734528859481,,
IDRiD_74_1536_2560,0.28322076344931907,0.16957470010751022,0.3637707948109512,0.5015290519366433,0.1458823529068512,0.07868020302571568,,
IDRiD_74_1536_3072,0.6090792987309354,0.5232395770943223,0.1514172945765548,0.9547511307897054,0.4387895460496018,0.680170575547938,,
IDRiD_74_2048_1536,0.24141608018509897,0.9999999999116607,0.576512455413432,0.9999999993827161,,,,
IDRiD_74_2048_2048,0.7468484452294946,0.7838102704744824,0.5164457535507045,0.7418899858607481,,,,
IDRiD_74_2048_2560,0.8282593327385276,0.8745485191385767,0.28508449667266095,0.9463414629530041,0.7683049146671711,0.7351247599356767,,
IDRiD_74_2048_3072,0.8602195071265227,0.7594149908314657,0.6190009793713026,0.8586956519405717,,,,
IDRiD_74_2048_512,,,0.7324840763164835,0.9504132227477632,,,,
IDRiD_74_512_1024,,,0.41678321672492546,0.7883597879426668,,,,
IDRiD_74_512_1536,,,0.3715562174098453,0.29934013195564846,,,,
IDRiD_74_512_2048,0.6373028819664327,0.5400921658488393,0.3728251863817046,0.35211267600123436,0.6033304867505694,0.5846090194214064,,
IDRiD_74_512_2560,0.708740862753951,0.5970511708482732,0.22323879230792198,0.40308370039613617,0.6062623972753878,0.6550826699226105,,
IDRiD_74_512_3072,,,0.4487278334272376,0.43303571422127446,,,,
IDRiD_74_512_512,,,0.737766624750594,0.9453376202748109,,,,
IDRiD_75_0_1024,0.6909586443850517,0.8221940214210068,0.693246187348731,0.8125638406122285,,,,
IDRiD_75_0_1536,0.7172149525061464,0.5846736674160263,0.5328947368261694,0.4534351144807412,0.4792569659294348,0.4266813671209106,,
IDRiD_75_0_2048,0.6479146459720494,0.4794058911602633,,,0.0,0.0,,
IDRiD_75_0_2560,0.11592907167164462,0.06153116102401881,0.7678958783583739,0.8676470583982122,,,,
IDRiD_75_0_512,0.30950141109580587,0.8280201341587231,0.41426477770326015,0.4764044943284939,,,,
IDRiD_75_1024_0,,,0.0,0.0,0.46666666614814817,0.30434782564587276,,
IDRiD_75_1024_1024,0.7570821138618528,0.9154647435775178,0.3423841059489277,0.29729729728020143,0.810188415882408,0.8722764837811963,,
IDRiD_75_1024_1536,0.0,0.0,0.16331994643061312,0.12951167725488075,0.7639155468783272,0.9045454541342975,,
IDRiD_75_1024_2048,,,0.7091319052587862,0.9647239262324043,0.75597484271975,0.7163289629658727,,
IDRiD_75_1024_512,0.0,0.0,0.6108555657492707,0.6311787071643365,,,,
IDRiD_75_1536_0,,,0.6955602536262622,0.8590078326738882,,,,
IDRiD_75_1536_1024,0.7422303473387396,0.8747099767691512,0.6052428681339537,0.4993638676527122,0.5920431557453796,0.5997267759153192,,
IDRiD_75_1536_1536,,,0.6706586822331385,0.9824561386272699,0.6969696967056932,0.5609756094140392,,
IDRiD_75_1536_2048,,,0.4576043068024759,0.6319702599881151,0.38077634004052197,0.3479729728554145,,
IDRiD_75_1536_2560,0.36696428570882494,0.6362229101838894,0.265560165947556,0.9552238798841614,,,,
IDRiD_75_1536_3072,0.6658440829987005,0.6336464560069675,,,,,,
IDRiD_75_1536_512,,,0.6451612902975064,0.8547888773579002,,,,
IDRiD_75_2048_1024,0.8705220883464214,0.9133659194182814,0.7135832820923914,0.7548764628897999,0.0,0.0,0.8075873827757563,0.7374854028747568
IDRiD_75_2048_1536,0.4108959632380385,0.5978987583381759,0.46935256309030643,0.6474913494529633,,,,
IDRiD_75_2048_2048,0.5451276519041666,0.9895561356410502,0.4727744165742103,0.39324227171867415,,,,
IDRiD_75_2048_2560,0.04783748361573272,0.024504867404346934,0.7751677851048376,0.7264150941111902,,,,
IDRiD_75_2048_3072,0.8036875993896959,0.9138846737457919,0.2946020127818296,0.17499999998097826,,,,
IDRiD_75_2048_512,0.5606593724366864,0.9332477535151918,0.4440639269152931,0.32799325460978135,0.6142857138469388,0.4623655909006822,0.0,0.0
IDRiD_75_512_0,,,0.0,0.0,,,,
IDRiD_75_512_1024,0.564920556103743,0.8762033114964151,0.3330316741930755,0.2552011095523439,0.7957231957184691,0.8696442482359173,,
IDRiD_75_512_1536,,,0.49137670195184946,0.5642807504819819,0.7305801376238652,0.7854122620734236,,
IDRiD_75_512_2048,0.7189793383683077,0.828735033814973,0.39999999997814206,0.8061674007034874,0.833777777762955,0.8957219250994759,,
IDRiD_75_512_2560,0.7903614457800607,0.8093608214533999,,,,,,
IDRiD_75_512_512,,,0.7297605472371995,0.8184143220413262,,,,
IDRiD_76_0_1024,0.19525173966035098,0.10818779768409645,0.0,0.0,,,,
IDRiD_76_0_1536,0.26005739042221315,0.16996396263756736,0.2524056254532789,0.9999999997067448,,,,
IDRiD_76_0_2560,0.0,0.0,0.6320754715987303,0.4987593050871565,,,,
IDRiD_76_0_512,0.4508840864329351,0.5266781411057557,,,,,,
IDRiD_76_1024_0,,,0.6258763543259479,0.7199413488680438,,,,
IDRiD_76_1024_1024,0.64064950640612,0.6471575023178535,0.26840555321269655,0.21678559292501579,0.8019211368902103,0.8732804738208192,,
IDRiD_76_1024_1536,,,0.7144319344202219,0.999999999713467,0.8528714152170425,0.7591810620504263,,
IDRiD_76_1024_2048,0.6571694022713791,0.8360914104936098,0.6410182238750067,0.8575851392525088,0.7052903967696191,0.8163061563788251,,
IDRiD_76_1024_3072,,,0.0,0.0,,,,
IDRiD_76_1024_3584,,,0.4380952380117914,0.9999999991304348,,,,
IDRiD_76_1024_512,0.31949261718046285,0.31645072633850707,0.23278510753239137,0.43809523806543565,0.6844895137049494,0.9617875647356935,,
IDRiD_76_1536_0,,,0.6726535341635964,0.9035019454549803,,,,
IDRiD_76_1536_1024,,,0.4792107117350803,0.3711790392607883,0.8947790448997915,0.9001523707009038,,
IDRiD_76_1536_1536,,,0.0,0.0,,,,
IDRiD_76_1536_2048,0.8596419853364597,0.7902019446226551,0.46028513228914764,0.9999999991150443,,,,
IDRiD_76_1536_2560,0.923274414921267,0.8911551658236532,0.6354515048041968,0.9693877541128697,,,,
IDRiD_76_1536_3072,,,,,0.0,0.0,,
IDRiD_76_1536_512,0.4587398940586929,0.31402671755425543,0.6791323859285097,0.9072741806192137,0.2084768211892917,0.13782837127604505,,
IDRiD_76_2048_1024,,,0.7756440280667146,0.9594438005840737,,,,
IDRiD_76_2048_1536,,,0.5008375208960772,0.352594339581062,,,,
IDRiD_76_2048_2560,,,0.0,0.0,0.0,0.0,,
IDRiD_76_2048_3072,,,0.4804469273072002,0.49142857128816325,,,,
IDRiD_76_2048_512,0.5862392606989658,0.4715994889014798,0.715517241364624,0.8897396630479969,,,,
IDRiD_76_512_0,0.46601752677248276,0.9933582398923472,0.7579462101762903,0.9841269838145628,,,,
IDRiD_76_512_1024,0.5443580384037223,0.7298907646371132,0.4812286689317144,0.4653465346342679,0.613353798916142,0.7353698932375646,,
IDRiD_76_512_1536,0.6691193377711069,0.7494205511009678,0.5148609779235446,0.716955941159285,,,,
IDRiD_76_512_2048,,,0.0,0.0,,,,
IDRiD_76_512_3072,,,0.7826641172222648,0.9951377632098642,,,,
IDRiD_76_512_512,0.5536618412568376,0.8058957857420408,0.43627450978253557,0.28489116515461643,0.7760563379735171,0.716514954393171,,
IDRiD_77_0_1024,,,0.6124905943858171,0.5433911881784524,0.3970944308965873,0.2611464967321189,,
IDRiD_77_0_1536,0.0,0.0,0.6545454543966942,0.8470588230311419,0.7696629213242927,0.6823464305101081,,
IDRiD_77_0_2048,0.6182491037282496,0.4812747569232756,,,0.37692307685059173,0.23222748809662855,,
IDRiD_77_0_2560,0.7477417933438064,0.7701384161502901,0.0,0.0,0.28889523264947486,0.17228464418889056,,
IDRiD_77_0_3072,,,0.6359077231057264,0.9999999996845426,0.0,0.0,,
IDRiD_77_0_512,,,0.7035175877629353,0.9999999992857144,,,,
IDRiD_77_1024_0,,,0.23824451403189825,0.13523131667785362,,,,
IDRiD_77_1024_1024,,,0.5355191255855156,0.4285714284464806,0.7795918365755935,0.8127659571009507,,
IDRiD_77_1024_1536,0.0,0.0,0.5014925372947204,0.6885245900933888,0.8715231788057272,0.852246687252903,,
IDRiD_77_1024_2048,0.36288659790073335,0.252148997098546,,,0.7456609682794512,0.677978167995302,,
IDRiD_77_1024_2560,,,,,0.0,0.0,,
IDRiD_77_1024_3072,0.5330563363004637,0.8783729359291835,0.5351351350628196,0.9999999994949496,0.7317829456229794,0.57985257971011,,
IDRiD_77_1024_3584,,,,,0.28309859152935923,0.16529605261798552,,
IDRiD_77_1024_512,,,0.022222222209876543,0.013986013976233558,,,,
IDRiD_77_1536_1024,0.03177405119012471,0.017241379309519092,0.1502262443393597,0.2807215332265252,0.0,0.0,,
IDRiD_77_1536_1536,,,,,0.6325073498264382,0.5074123988876407,,
IDRiD_77_1536_2048,,,0.6395061728000304,0.9682242988844442,0.0,0.0,,
IDRiD_77_1536_512,0.858885464812154,0.9624460431516195,0.5030970405969873,0.46412698411224995,0.67457820988455,0.5748050682121149,,
IDRiD_77_2048_0,,,0.7468671677326147,0.9999999993288591,,,,
IDRiD_77_2048_1024,0.37089552237422035,0.36597938141634906,0.5412960609567156,0.7731397457761997,0.7134041331751334,0.6043768996887006,,
IDRiD_77_2048_1536,,,0.2302083333213433,0.9866071424166932,0.7083747103490835,0.60011217048233,,
IDRiD_77_2048_2048,,,0.5548738922593814,0.9736842102933769,0.757257257238307,0.6985226223130876,,
IDRiD_77_2048_512,,,0.38662790695801225,0.27179836510410094,0.29841496841498727,0.1784238278441154,,
IDRiD_77_512_1024,,,0.11874999996289062,0.06785714283290815,0.32746478867474216,0.1966173361106517,,
IDRiD_77_512_1536,0.3467758444146003,0.3302144249383932,0.3687095166732083,0.604575163299906,0.7374399584553504,0.6728058746851071,,
IDRiD_77_512_2048,,,,,0.754319549598358,0.6787492357351843,,
IDRiD_77_512_2560,0.39815349103299746,0.2641653904851328,,,0.659319699049917,0.5372129165854392,,
IDRiD_77_512_3072,,,0.4833462431848686,0.5199999999133333,0.1882352941046204,0.10397553516024652,,
IDRiD_77_512_512,0.0,0.0,0.31051344739480274,0.5746606332241355,,,,
IDRiD_78_0_1024,,,0.7307692300665681,0.5757575748852158,,,,
IDRiD_78_0_1536,,,0.5877610846248531,0.9685990336994446,,,,
IDRiD_78_0_2048,0.0,0.0,0.5084615384419823,0.39891369943277527,0.5090090088943673,0.366883116763999,,
IDRiD_78_0_2560,0.7142284568995145,0.5554862842719612,0.0,0.0,0.6762655547548617,0.5925333942163199,,
IDRiD_78_0_3072,,,0.0,0.0,0.36420233460200757,0.490566037633005,,
IDRiD_78_0_512,0.8021472392330465,0.7179135208841514,,,,,,
IDRiD_78_1024_0,,,0.0,0.0,,,,
IDRiD_78_1024_1024,,,,,0.6042553190846537,0.5008818341268286,,
IDRiD_78_1024_1536,,,,,0.3965517237960761,0.24731182769106258,,
IDRiD_78_1024_2048,0.53302719135886,0.3696735572517187,0.467948717911222,0.7870619943970183,0.7344114849024093,0.7590275294823199,,
IDRiD_78_1024_2560,0.4379177256854192,0.2874443895169619,0.18331616889175023,0.34630350190060916,0.7256676723629244,0.8319241608947653,,
IDRiD_78_1024_3072,,,0.047445255465794665,0.06598984768223866,,,,
IDRiD_78_1024_512,,,0.8832630097831742,0.9706336938221587,,,,
IDRiD_78_1536_1536,,,0.2966751917968878,0.9999999995689656,,,,
IDRiD_78_1536_2048,0.07342657342496883,0.038505615401363616,0.6279069767036235,0.5963190183317401,0.5982839313339203,0.4590065828570313,,
IDRiD_78_1536_2560,0.0,0.0,0.6161925601480879,0.585690515758262,0.3929961089341247,0.2941176470416938,,
IDRiD_78_1536_3072,,,0.6412300683006132,0.5590863951778464,0.13333333326495728,0.07142857138932496,,
IDRiD_78_2048_1024,,,0.0,0.0,,,,
IDRiD_78_2048_2048,,,0.568920105305626,0.4743777451721263,,,,
IDRiD_78_2048_2560,0.0,0.0,0.30634573300805845,0.1891891891636231,,,,
IDRiD_78_2048_3072,0.0,0.0,,,0.7642276419657611,0.6394557818779213,,
IDRiD_78_2048_512,,,0.1868131867105422,0.10303030296786042,0.2934947049480341,0.17198581557234294,,
IDRiD_78_512_0,,,0.8413793102722948,0.9549902150773013,,,,
IDRiD_78_512_1536,,,0.28450106155904453,0.9999999997014924,,,,
IDRiD_78_512_2048,,,0.8759439050228724,0.959810874591039,0.8413885979334853,0.9020614422038098,,
IDRiD_78_512_2560,0.5898521189288297,0.4597588791099726,0.47568145374261456,0.643994211194791,0.7851845966407315,0.8379829842538286,,
IDRiD_78_512_3072,,,,,0.5524671406905308,0.5843208750873145,,
IDRiD_78_512_512,,,0.8448275860855133,0.9865771808769874,0.826156299708747,0.9557195568429079,,
IDRiD_79_0_1024,,,0.7773851587359062,0.973451326572167,0.6169026168761518,0.6257615317122922,,
IDRiD_79_0_1536,0.5130315500635603,0.5804878048651777,0.08840413317517772,0.08351409977402234,0.558441558422473,0.5524002704156592,,
IDRiD_79_0_2048,0.7162294352982105,0.5998808282347702,0.5714285712801483,0.9909909900982063,,,,
IDRiD_79_0_2560,0.8145053262715618,0.8004638916700071,0.0,0.0,0.6394940266592063,0.6935975608698784,,
IDRiD_79_0_512,0.7811701412186874,0.990112512768665,0.7974276526476498,0.8711943791870739,,,,
IDRiD_79_1024_0,0.8560471976350675,0.8411594202801024,,,,,,
IDRiD_79_1024_1024,0.0,0.0,0.0,0.0,0.7550872092977526,0.8481632652945829,,
IDRiD_79_1024_1536,0.0,0.0,,,0.7905075508073662,0.8682963332393577,,
IDRiD_79_1024_2048,,,0.5135520684003493,0.7287449389762166,0.7638574077850615,0.9350485559221208,,
IDRiD_79_1024_2560,0.05718954248132396,0.11608623546996912,0.5244502789457024,0.543537414929011,0.8694368276711942,0.9333182384188083,,
IDRiD_79_1024_3072,,,,,0.8398595166910947,0.7956893126659148,,
IDRiD_79_1536_0,,,,,0.6522153406228629,0.7408008657607792,,
IDRiD_79_1536_1024,0.323272636559659,0.25909636144505815,0.6535764375418249,0.6036269429269914,0.7844311377077753,0.77058823526174,,
IDRiD_79_1536_1536,0.505572441717043,0.40048154089883775,0.5162622612020515,0.4401408450316777,0.8585929569749774,0.908197398303084,,
IDRiD_79_1536_2048,,,0.5441967716722369,0.4338235293586001,0.7934235389845747,0.8906849993778934,,
IDRiD_79_1536_2560,0.6091383163569762,0.7867222578323695,0.4680540343020061,0.39543491669368075,0.9413097232177693,0.9159009064916307,,
IDRiD_79_1536_3072,0.7444586141958327,0.880295849483841,0.35732516588272967,0.2538071065805796,0.8143652297477286,0.7806885590191562,,
IDRiD_79_1536_512,,,,,0.0,0.0,,
IDRiD_79_2048_1024,0.0,0.0,0.006153846153372781,0.00308641975284827,0.8475305844942508,0.8773452157392743,,
IDRiD_79_2048_1536,,,0.3496890117242786,0.8489932883057069,0.7551328339689736,0.8798819540318982,,
IDRiD_79_2048_2048,0.0,0.0,0.18481848182785277,0.11290322579127646,0.7535813095580892,0.7536739838851769,,
IDRiD_79_2048_2560,0.7946280009476482,0.7502805416267653,,,0.9029250457030138,0.9569109156411886,,
IDRiD_79_2048_3072,0.17397555714687366,0.4158075600660125,0.0,0.0,0.7454166489397872,0.7261727167186626,,
IDRiD_79_2048_512,0.0,0.0,0.3463687148902968,0.30999999969,0.8014869887879935,0.9871794869986852,,
IDRiD_79_512_0,0.8445952313557196,0.8438794726771398,,,0.7633136092416232,0.865771811499482,,
IDRiD_79_512_1024,0.006399999999829334,0.00859598853806619,0.23679417120602342,0.14254385963870292,0.7129737852670481,0.9246427024485786,,
IDRiD_79_512_1536,,,0.0,0.0,0.7014031988941084,0.785149384868516,,
IDRiD_79_512_2048,0.1443494776691026,0.07778915045263161,0.5916542473478648,0.8020202018581777,0.7077018249194602,0.8827160493486607,,
IDRiD_79_512_2560,0.8593911782799878,0.8033294618349467,0.1193181817842846,0.06461538459550295,0.8052553258129597,0.8479937316967793,,
IDRiD_79_512_3072,0.875208913624646,0.909143518465906,0.0,0.0,0.8195064629750939,0.7498924731021529,,
IDRiD_79_512_512,,,0.6598761733441207,0.6874739908161684,0.4770039421499997,0.9628647212300093,,
IDRiD_80_0_2048,0.803335269791876,0.6823010390626209,,,,,,
IDRiD_80_0_2560,,,0.9067524112840024,0.8812499994492188,0.7123050259348088,0.7919075142982838,,
IDRiD_80_0_3072,,,,,0.0,0.0,,
IDRiD_80_1024_2048,,,,,0.25111607142156483,0.15306122448458975,,
IDRiD_80_1024_2560,,,,,0.0,0.0,,
IDRiD_80_1536_1536,,,0.6242236023875429,0.9999999995024876,,,,
IDRiD_80_1536_2048,,,,,0.0,0.0,,
IDRiD_80_1536_2560,,,,,0.10393258425506566,0.054814814806694104,,
IDRiD_80_1536_3072,,,,,0.5441892831910794,0.3925702810850833,,
IDRiD_80_2048_1536,,,,,0.0,0.0,,
IDRiD_80_2048_2048,,,0.4177215188551514,0.2682926828177672,,,,
IDRiD_80_2048_3072,,,0.0,0.0,0.7019562714957472,0.616161616037139,,
IDRiD_80_512_2560,,,,,0.3843137253394848,0.23786407755443492,,
