image,dice_hemorrhages,recall_hemorrhages,dice_microaneurysms,recall_microaneurysms,dice_hard_exudates,recall_hard_exudates,dice_soft_exudates,recall_soft_exudates
IDRiD_01_0_1024,0.8800582544379479,0.973308789669275,,,,,,
IDRiD_01_0_2048,0.021459227463206172,0.01084598698246291,,,,,,
IDRiD_01_0_2560,0.6923266715842012,0.9242424241815387,0.6454265158637794,0.5139116202104891,,,,
IDRiD_01_1024_1024,,,,,0.8520320100289969,0.858905409653309,,
IDRiD_01_1024_1536,,,,,0.5054334091355716,0.35410764871267325,,
IDRiD_01_1024_2048,,,0.7700108656005067,0.8272373540212267,0.6170789562755493,0.5819750718893585,,
IDRiD_01_1024_2560,0.3502377178803298,0.21270452355989367,0.30847029073217824,0.5951219509292088,0.43709894045338676,0.2877775594391061,,
IDRiD_01_1024_512,0.44065992546883126,0.29571428569316327,,,0.0,0.0,,
IDRiD_01_1536_1024,0.9270962926054884,0.9181862986602445,0.699690402368469,0.9826086952249528,0.623404832999636,0.4625302175478433,,
IDRiD_01_1536_1536,,,,,0.6492232215331788,0.611710323480476,,
IDRiD_01_1536_2048,,,0.6599297012012334,0.796394485599534,0.7764305822650265,0.7670025882440277,,
IDRiD_01_1536_2560,,,,,0.0,0.0,,
IDRiD_01_1536_512,0.0,0.0,0.32300163126867837,0.20328542090281612,0.0,0.0,,
IDRiD_01_2048_1024,0.9285017707697556,0.8957219251248195,0.6054333763770462,0.4717741934532713,0.6906530485864233,0.8417578272191294,,
IDRiD_01_2048_1536,,,,,0.7028108561632207,0.5913756584989335,,
IDRiD_01_2048_2048,,,0.7247634069114841,0.6273037542233922,0.8261469776173028,0.8328003789872896,,
IDRiD_01_2048_3072,,,0.0,0.0,,,,
IDRiD_01_512_1024,,,0.0,0.0,0.39004149376694236,0.2507409602770972,,
IDRiD_01_512_1536,0.0,0.0,,,0.758192090386913,0.7626733348314919,,
IDRiD_01_512_2048,0.0,0.0,0.0,0.0,0.6231529503804368,0.5359367109823946,,
IDRiD_01_512_2560,0.013062409287876458,0.006574141708796629,,,,,,
IDRiD_02_0_1536,,,,,0.5539825187670321,0.3972457627048509,,
IDRiD_02_0_2048,0.0,0.0,,,0.7641633727583448,0.6387665196830911,,
IDRiD_02_0_2560,,,,,0.11538461532914202,0.06122448976468139,,
IDRiD_02_0_3072,,,,,0.0,0.0,,
IDRiD_02_1024_1024,,,,,0.0,0.0,,
IDRiD_02_1024_1536,,,,,0.6099706744420842,0.5048543688707702,,
IDRiD_02_1024_2048,0.0,0.0,0.7320754716674183,0.7155737704331496,0.5307195792429987,0.37742264535230496,,
IDRiD_02_1024_2560,0.0007763975154978107,0.00039032006243597505,0.5313541350944758,0.5390288874899183,0.7376781365903217,0.6018912846641596,,
IDRiD_02_1024_3072,0.010804321728042958,0.007205764611112428,0.2147783251019923,0.2978142075689032,0.7003666259226711,0.5622547270681011,,
IDRiD_02_1024_512,,,,,0.0,0.0,,
IDRiD_02_1536_1024,,,0.8422597211414335,0.9761904760244574,,,,
IDRiD_02_1536_1536,0.0,0.0,0.6133960046282732,0.5686274508565081,0.0,0.0,,
IDRiD_02_1536_2048,0.0,0.0,0.3118644067585177,0.4742268040259326,0.8135279128836338,0.7229312473971622,,
IDRiD_02_1536_2560,0.0,0.0,0.0,0.0,0.7610191637614089,0.650690798046212,,
IDRiD_02_1536_3072,0.2718402541349707,0.28294756729886883,0.6423357663712622,0.47826086950745644,0.11150758251312427,0.06090133982799266,,
IDRiD_02_2048_1024,,,,,0.685542168633401,0.5567514676558952,,
IDRiD_02_2048_1536,0.04365079364862843,0.16730038016452456,0.6395480225266048,0.8680981592429147,0.03333333330555556,0.016949152528009194,,
IDRiD_02_2048_2048,0.0,0.0,0.0,0.0,,,,
IDRiD_02_2048_2560,,,,,0.6872852232889708,0.6072874492697798,,
IDRiD_02_2048_3072,,,0.0,0.0,0.0,0.0,,
IDRiD_02_2048_512,,,,,0.8590806329420436,0.9810671254765806,,
IDRiD_02_512_1024,,,0.4910052909533328,0.8957528954070452,0.5777777771358025,0.4062499993652344,,
IDRiD_02_512_1536,,,0.5746753246442275,0.9381625440038582,0.8169486509109803,0.7321191760168674,,
IDRiD_02_512_2048,0.7865257595668887,0.6897590361285969,0.5487719298053063,0.6741379309763674,0.8241060767873807,0.7830188679151776,,
IDRiD_02_512_2560,,,0.41556636550274034,0.38284250955405347,0.09329446061419985,0.04892966359359949,,
IDRiD_02_512_3072,,,,,0.277854195285027,0.16134185300937032,,
IDRiD_03_0_1024,0.0,0.0,,,0.6149081147921762,0.4637184677526092,,
IDRiD_03_0_1536,0.07937877480449734,0.04135203164255031,0.0,0.0,0.5783062644843879,0.46436888679718824,,
IDRiD_03_0_2048,0.0,0.0,0.1806722688949109,0.9999999992248062,0.8552894211150055,0.7920517559341911,,
IDRiD_03_0_2560,0.7127989371105159,0.7775831873858471,0.4590726960240943,0.45568181813003616,0.5150976908498939,0.5197132614624683,,
IDRiD_03_0_512,,,,,0.0,0.0,,
IDRiD_03_1024_0,0.0,0.0,,,,,,
IDRiD_03_1024_1024,0.0843601895694616,0.046281851271644206,0.4076888690027855,0.9848812092905224,0.7416529135434122,0.6696853327181195,,
IDRiD_03_1024_1536,0.785894956096029,0.6740684022288396,0.0,0.0,0.8550631962036054,0.9155227211236889,,
IDRiD_03_1024_2048,0.26463992025256317,0.15526315789019698,0.4740082079181256,0.6057692307162789,0.7591378033122678,0.8208815254735039,,
IDRiD_03_1024_2560,0.0,0.0,0.11915887849771267,0.16062992123454647,0.7807970508537972,0.7780375132143483,,
IDRiD_03_1024_3072,0.5215567754239094,0.40224526685945916,0.4586666666258963,0.6531645567966672,0.6056701030537583,0.6241699866368965,,
IDRiD_03_1536_1024,0.0,0.0,0.6683467741598615,0.7075773745242714,0.6853648249611412,0.5661034662852098,,
IDRiD_03_1536_1536,0.2773497688609476,0.2647058823269896,0.5630879013764811,0.7515151514500852,0.8086515714754838,0.8433964259249114,,
IDRiD_03_1536_2048,0.5945629932594398,0.4970674486560573,0.4237516868809884,0.5935727787157707,0.8641988328755675,0.8406887471558561,,
IDRiD_03_1536_2560,0.304328059645825,0.1931444399550283,0.21189405296292382,0.501182032978444,0.8016308304596378,0.7003349870639853,,
IDRiD_03_1536_3072,,,0.0,0.0,0.0,0.0,,
IDRiD_03_2048_0,,,0.6005665720678282,0.42914979739710535,,,,
IDRiD_03_2048_1024,0.7468443609442058,0.6290984619918446,0.736526945997526,0.999999999593496,0.0,0.0,,
IDRiD_03_2048_1536,0.2987884546849424,0.17737272599006706,,,0.7574527412114755,0.7151928139947715,,
IDRiD_03_2048_2048,,,0.0,0.0,0.7290722412324064,0.6800690250157025,,
IDRiD_03_2048_2560,0.0,0.0,0.6238938051717049,0.9999999992907802,0.787817842252725,0.8117229129422225,,
IDRiD_03_2048_3072,0.5908231438258488,0.8914035754870406,,,,,,
IDRiD_03_512_0,0.0,0.0,0.0,0.0,0.0,0.0,,
IDRiD_03_512_1024,,,0.0,0.0,0.009586578789120037,0.004816375677012861,,
IDRiD_03_512_1536,0.6253130417910747,0.6576175040252181,0.505576208131452,0.5862068964253864,0.7519000765878047,0.7255258669616199,,
IDRiD_03_512_2048,0.0,0.0,0.0,0.0,0.7388729057307591,0.8049410029350121,,
IDRiD_03_512_2560,0.7245041586599552,0.6435553534747999,0.48217317484537786,0.9466666664562963,0.7160511263278295,0.7966687617725225,,
IDRiD_03_512_3072,0.0028913672035751473,0.006903353056518407,0.6009615383893075,0.5760368662267196,0.428521250424007,0.32088374538027964,,
IDRiD_03_512_512,0.5505376343954471,0.6213592232674563,0.595269382352479,0.8388888887335392,0.1196581196544671,0.06396866840522296,,
IDRiD_04_0_1024,,,,,0.3804347825983578,0.63405797095706,,
IDRiD_04_1024_0,,,,,0.8210023864389016,0.7782805426342623,,
IDRiD_04_1024_1024,0.8749999999887242,0.9106759656408081,0.09501187646199243,0.04987531170826052,0.0,0.0,,
IDRiD_04_1024_2560,,,,,0.8360836082688577,0.8878504670822779,,
IDRiD_04_1024_3072,,,,,0.0,0.0,,
IDRiD_04_1024_3584,,,,,0.36137071639832685,0.22924901176709525,,
IDRiD_04_1536_1024,0.843595701417052,0.8583037824932284,,,,,,
IDRiD_04_1536_2560,,,0.7170418005278069,0.9999999995515695,,,,
IDRiD_04_1536_512,0.8605398095404263,0.7905580287732626,0.854838709447624,0.8833333328425926,0.8438538203176564,0.8523489927165443,,
IDRiD_04_2048_512,0.7441450545826107,0.8462648670296772,,,,,,
IDRiD_04_512_1024,,,,,0.40414507770275715,0.33309608538554475,,
IDRiD_04_512_1536,,,,,0.0,0.0,,
IDRiD_04_512_2560,,,,,0.8373983738135369,0.7715355802353798,,
IDRiD_04_512_3072,0.0,0.0,,,0.6687116562365915,0.8719999993024,,
IDRiD_04_512_3584,,,,,0.14876033045557,0.1363636361570248,,
IDRiD_04_512_512,,,,,0.0,0.0,,
IDRiD_05_0_512,0.3467184801344266,0.9999999999377335,0.0,0.0,,,,
IDRiD_05_1024_1024,,,,,0.6746109907359207,0.6340244353825616,,
IDRiD_05_1024_1536,,,0.0,0.0,0.7874956093995874,0.9651312956967227,,
IDRiD_05_1024_2048,0.0,0.0,0.0,0.0,,,,
IDRiD_05_1024_512,,,0.652173912942209,0.9999999995238096,,,,
IDRiD_05_1536_1024,0.0,0.0,0.028455284549953733,0.016867469877485847,0.37988826810336757,0.24416517051271722,,
IDRiD_05_1536_1536,,,,,0.0,0.0,,
IDRiD_05_1536_512,0.0,0.0,0.4130626654533925,0.3305084745295892,,,,
IDRiD_05_2048_1024,,,0.5226666666318222,0.4495412843521168,,,,
IDRiD_05_2048_1536,,,0.0,0.0,,,,
IDRiD_05_2048_512,0.38943836099974,0.8024017466956914,,,,,,
IDRiD_05_512_1536,,,0.0,0.0,,,,
IDRiD_06_0_1536,0.5263575108892914,0.35872501349652286,0.1585014408993514,0.1276102087870974,,,,
IDRiD_06_0_2048,0.8048481722596553,0.7477240057409232,0.5595628414689002,0.45960502684746773,,,,
IDRiD_06_0_2560,0.6962504666878433,0.999999999984679,,,0.0,0.0,,
IDRiD_06_0_3072,,,0.0,0.0,,,,
IDRiD_06_0_512,,,0.7575221238491137,0.6362735380935309,0.15912636502977748,0.08644067795145073,,
IDRiD_06_1024_1024,,,0.7668209326889704,0.82782475012853,0.8610134905290725,0.7814589978312433,,
IDRiD_06_1024_1536,,,,,0.8966960681671565,0.8378655242983994,,
IDRiD_06_1024_512,0.0,0.0,0.49587912086209207,0.41734104043830395,,,,
IDRiD_06_1536_0,,,,,0.0,0.0,,
IDRiD_06_1536_1024,0.8165680473027656,0.7771520514258123,,,,,,
IDRiD_06_1536_512,,,0.6055646480682844,0.644599303023589,0.4778156995771646,0.31390134522109836,,
IDRiD_06_2048_512,,,0.0,0.0,,,,
IDRiD_06_512_0,,,0.0,0.0,,,,
IDRiD_06_512_1024,0.38869946417980034,0.2435897435748724,0.17704918031335662,0.18782608692385636,0.7878349383743629,0.7180734946301707,,
IDRiD_06_512_1536,0.0,0.0,,,0.7950180543157935,0.7142454160722684,,
IDRiD_06_512_2048,0.6448087431547175,0.8100686498392409,0.48076923053809173,0.342465753190092,0.0,0.0,,
IDRiD_06_512_3072,,,0.13125845736595004,0.07023895727224917,,,,
IDRiD_06_512_512,0.19974715548674163,0.26158940393020047,0.31415929201223014,0.25417661094818894,0.6635194530251747,0.654253611535979,,
IDRiD_07_0_1024,,,0.4933687001998185,0.34380776333755864,0.4413904607565569,0.9999999996336996,,
IDRiD_07_0_1536,0.4206552514437016,0.6483790523421289,,,0.04918032782854072,0.030303030272421184,,
IDRiD_07_0_2048,0.16182828906232774,0.18542108986656608,0.4320160750022768,0.643070787572974,0.28525469167371287,0.9962546812748109,,
IDRiD_07_0_512,0.6201307189380358,0.9081163858416449,,,,,,
IDRiD_07_1024_0,,,,,0.0,0.0,,
IDRiD_07_1024_1024,,,0.33333333296296297,0.19999999973333335,0.6794686307946933,0.6310774492882708,,
IDRiD_07_1024_1536,,,,,0.4980585037471129,0.3998337489526219,,
IDRiD_07_1024_2048,0.0,0.0,,,0.3333333332793959,0.24759615378663552,,
IDRiD_07_1024_2560,,,0.7134502923380576,0.8732106337682596,,,,
IDRiD_07_1024_512,,,0.5951834862214684,0.624173180960663,0.7809714000372229,0.9070576540605193,,
IDRiD_07_1536_0,,,0.0,0.0,0.6920203735026822,0.5462342535366863,,
IDRiD_07_1536_1024,,,,,0.6963496363870799,0.7442090825910986,,
IDRiD_07_1536_1536,,,0.8547008545547521,0.7598784192219215,0.8913421796811897,0.9314087628546587,,
IDRiD_07_1536_2048,0.0,0.0,,,0.8443859902530509,0.926910687161506,,
IDRiD_07_1536_2560,,,0.0,0.0,0.3653476502943505,0.8597722664103902,,
IDRiD_07_1536_512,0.0,0.0,0.3538696537588119,0.8548585484803373,0.5763293310353282,0.6804680467740564,,
IDRiD_07_2048_0,,,,,0.66666666656473,0.5265700481819879,,
IDRiD_07_2048_1024,,,,,0.7293808794414924,0.8191646191243653,,
IDRiD_07_2048_1536,,,,,0.7946591600700142,0.8594585698933641,,
IDRiD_07_2048_2048,0.42124824366395663,0.7780010045073162,0.4343137254689062,0.46290491113240284,0.779601061208808,0.8369198312059721,,
IDRiD_07_2048_512,0.7271928668655194,0.9477902450086123,0.2575569358071405,0.15245098038468377,0.6981185860789892,0.6361038960873739,,
IDRiD_07_512_0,,,0.0,0.0,0.7870182554184547,0.932692307243898,,
IDRiD_07_512_1024,,,0.4497041417457372,0.7037037024005487,,,,
IDRiD_07_512_1536,,,0.6486486486357582,0.7192595856888824,0.8330109606168271,0.9241773961481864,,
IDRiD_07_512_2048,0.0,0.0,0.4431946006250625,0.44369369359376265,,,,
IDRiD_07_512_2560,0.6075899843386622,0.5096816540692589,,,,,,
IDRiD_07_512_512,,,0.5922388059347917,0.7898089170716865,,,,
IDRiD_08_0_1024,0.3447750535570351,0.411103542229665,,,,,,
IDRiD_08_0_1536,0.7068324381147623,0.6658410586606337,0.0,0.0,,,,
IDRiD_08_1024_1024,0.5275395778320618,0.8988479909834547,0.4027200604305735,0.5272007912436003,0.7051578136847535,0.611481975940744,,
IDRiD_08_1024_1536,0.687645924264667,0.6551257253258196,0.0,0.0,0.20043572980382662,0.11165048540979357,0.0,0.0
IDRiD_08_1024_2048,,,,,0.733138383167941,0.8803806071490667,,
IDRiD_08_1024_2560,,,,,0.6091051804381311,0.45754716970340864,,
IDRiD_08_1024_512,0.5808931185838051,0.5166015624831836,,,0.7480417754080912,0.9347471450351147,,
IDRiD_08_1536_1024,,,,,0.4463971879707562,0.2919540229213899,,
IDRiD_08_1536_1536,0.7727879057187019,0.7056435241288818,,,0.831367223959676,0.8847543352441338,,
IDRiD_08_1536_2048,,,,,0.5742251223256841,0.41681468321984516,,
IDRiD_08_512_1024,,,0.47840531557488325,0.857142856887755,,,,
IDRiD_08_512_1536,,,0.32517985606831945,0.40070921971606055,0.581358609702787,0.9999999994565217,0.860855185445131,0.8815773557464522
IDRiD_08_512_2048,,,0.6008896077395516,0.5599095704174898,,,0.5160678137619176,0.4491796057653432
IDRiD_08_512_512,,,0.7745901637756987,0.8008474572877765,,,,
IDRiD_09_0_1024,0.5726183394213792,0.43513077171175246,,,,,,
IDRiD_09_0_1536,,,0.280556988130981,0.16459909227943725,,,,
IDRiD_09_0_2560,,,0.0700770847883618,0.036310820621909164,,,,
IDRiD_09_0_3072,,,0.07324218749642372,0.03801317789974591,,,,
IDRiD_09_0_512,0.6186906546675105,0.6321702127551971,,,,,,
IDRiD_09_1024_1024,0.0,0.0,0.5382131323921542,0.4445008889904877,0.8187726178957184,0.8789049788444561,,
IDRiD_09_1024_1536,0.8790271233867374,0.820515868289308,,,0.8600360437513516,0.8785818446939873,,
IDRiD_09_1024_2048,0.5959693932471606,0.5603972436043697,0.5746556473670894,0.5665399239235991,0.7570337246063253,0.7291816223846163,,
IDRiD_09_1024_2560,,,,,0.7814096015944122,0.8155650318959953,,
IDRiD_09_1024_3072,,,0.0,0.0,,,,
IDRiD_09_1024_3584,,,0.0,0.0,,,,
IDRiD_09_1024_512,0.22365717639496163,0.14053854665656443,0.5393566050557947,0.48822800494150476,0.7613215887856141,0.7593076420590509,,
IDRiD_09_1536_1024,0.0,0.0,0.2500898311085128,0.14566764335932744,0.7442864149078091,0.703087357767677,,
IDRiD_09_1536_1536,0.696695226429661,0.8311915887607713,0.5074626865380332,0.3807062876502406,0.7889616950021808,0.8891057545268888,,
IDRiD_09_1536_2048,0.5733851185550553,0.9759916492353518,0.5738317756473054,0.4023591087283933,0.0,0.0,,
IDRiD_09_1536_2560,,,0.09621993126596678,0.050541516242446356,,,,
IDRiD_09_1536_512,,,0.0,0.0,0.8421653723151643,0.9457726246641038,,
IDRiD_09_2048_1024,,,,,0.6462349010495616,0.8747608279548659,,
IDRiD_09_2048_1536,0.009992862240542978,0.019607843131762507,0.46146293566708574,0.42961608771210086,0.7466007416544824,0.6873200185755349,,
IDRiD_09_2048_2048,0.5137753557294312,0.612635379039255,0.583870967694849,0.4356197352063033,,,,
IDRiD_09_2048_2560,,,,,0.73743500863356,0.9838150287879983,,
IDRiD_09_2048_512,,,0.4840538624917061,0.31945743684193373,0.0,0.0,,
IDRiD_09_512_0,0.6021739130341277,0.4631000716392859,,,,,,
IDRiD_09_512_1024,0.0,0.0,0.608179831398561,0.5581661890957546,0.7496855345885006,0.8300835654530037,,
IDRiD_09_512_1536,0.619999999845,0.5560538114098413,0.7040441175823489,0.7066420662902875,0.6993428258464562,0.8975575469961556,,
IDRiD_09_512_2048,,,,,0.6576534211067757,0.9005151319735829,,
IDRiD_09_512_3072,,,0.0,0.0,,,,
IDRiD_09_512_512,0.5494966014179511,0.42400820253628824,0.6061057333874827,0.6261538460575148,0.7083700439904519,0.9503546097044079,,
IDRiD_10_0_1024,,,,,0.7739981996214463,0.747983339480424,,
IDRiD_10_0_1536,,,0.755007704131163,0.8634361232719439,0.8099393549070897,0.8579257339044093,,
IDRiD_10_0_2048,0.8358541497029185,0.7993116446709881,0.46938775508493485,0.7351598172676759,0.7455228324079478,0.8454266867457257,,
IDRiD_10_0_2560,0.4143578545050586,0.6526225279169122,0.7001371741920401,0.8489687291517651,0.7236509588118976,0.9044964696802491,,
IDRiD_10_0_3072,,,,,0.34735682819000707,0.21520196506256548,,
IDRiD_10_0_512,,,,,0.6531645567966672,0.560869564973535,,
IDRiD_10_1024_0,,,,,0.5239999998952,0.3550135500392917,,
IDRiD_10_1024_1024,0.41535047643368556,0.4226886291067299,0.36175908220413927,0.2669300225582997,0.7799430887264812,0.930364122598947,,
IDRiD_10_1024_1536,,,,,0.9721349807856832,0.988399811336961,,
IDRiD_10_1024_2048,,,0.8102236421207525,0.9968553457552115,0.9633063841203433,0.996898576864155,,
IDRiD_10_1024_2560,0.7575558287800372,0.7297818422172224,0.536026014024713,0.6350364963246133,0.8025588944345896,0.8310988794934888,,
IDRiD_10_1024_3072,0.4196348398620228,0.9999999999286733,0.6571018651048732,0.6904522612371405,0.802234417871412,0.8670691663926801,,
IDRiD_10_1024_512,,,,,0.7817579040964593,0.7501551831102563,,
IDRiD_10_1536_0,,,0.0,0.0,0.6165698408611193,0.45857599097391366,,
IDRiD_10_1536_1024,,,0.6924991112444899,0.7334337348845306,0.6359076586694234,0.8291967130569411,,
IDRiD_10_1536_1536,,,0.4672131145626176,0.30978260852729206,0.7902029470567852,0.9177125539384072,,
IDRiD_10_1536_2048,0.4863265194251859,0.9982002249494218,0.6802196518205371,0.6055752028166096,0.7944165343880698,0.8609583939245169,,
IDRiD_10_1536_2560,,,0.574885273234256,0.6367837337673952,0.8300729251054711,0.8939167289915486,,
IDRiD_10_1536_3072,,,0.34279228147884266,0.3808322824236025,0.7066859863236041,0.8371750857853273,,
IDRiD_10_1536_512,0.7464154892648203,0.6539519530413727,,,,,,
IDRiD_10_2048_1024,0.0,0.0,0.21787234040698958,0.12272291465745705,0.08259587018212511,0.05511811021452043,,
IDRiD_10_2048_1536,0.0,0.0,0.6780684104286686,0.9533239036841127,0.5133236704146134,0.5629738322190517,,
IDRiD_10_2048_2048,0.6858672574477442,0.6499300209823315,0.1492063492016125,0.08489884392756869,0.6350067842551305,0.9085173501356827,,
IDRiD_10_2048_2560,0.24693489897975632,0.14195896757020543,,,0.661764705760705,0.5128205126744101,,
IDRiD_10_2048_3072,0.24966924966689027,0.44165830824334146,0.0,0.0,0.6314410480073607,0.5419790104541244,,
IDRiD_10_2048_512,,,,,0.8126210904840128,0.7625974025577871,,
IDRiD_10_512_1024,,,0.22370173099551244,0.13043478258844182,0.8192618756137798,0.8797112380112494,,
IDRiD_10_512_1536,,,,,0.8265060013044667,0.8920557790055084,,
IDRiD_10_512_2048,0.3494828524705229,0.21738148983707944,0.2611881706291236,0.2194371152058295,0.8338141090745854,0.9604992199673003,,
IDRiD_10_512_2560,0.25441696112256934,0.19949622165241832,0.43807423740466606,0.3024613042298284,0.8019074421497774,0.8813093345896245,,
IDRiD_10_512_3072,0.48605013453496604,0.38150289016492883,0.178910976656054,0.10572012256865576,0.67369911027004,0.5913851251370251,,
IDRiD_10_512_512,0.16006511123114464,0.9589597724112573,0.48816936482090045,0.4644549761932571,0.8807226442028183,0.8375634517439452,,
IDRiD_11_0_1024,,,0.0,0.0,,,,
IDRiD_11_0_1536,0.2510380070238365,0.6099327469937955,0.0,0.0,0.0,0.0,,
IDRiD_11_0_2048,,,0.5309218202724083,0.38657604074880403,,,,
IDRiD_11_0_2560,0.8076246334231904,0.7308917197322914,0.0,0.0,,,,
IDRiD_11_0_3072,,,,,0.6548223349699811,0.8113207545468929,,
IDRiD_11_0_512,0.1724681277729198,0.7209580837459931,0.0,0.0,0.0,0.0,,
IDRiD_11_1024_1024,,,0.5937641210757449,0.9591240874512228,,,,
IDRiD_11_1024_1536,0.055354481582811275,0.028921023358644694,0.4270393240030212,0.3500266382338824,0.8227620332852648,0.8653891648855343,,
IDRiD_11_1024_2048,0.0,0.0,0.3316880552485994,0.38620689646294093,0.8437769272379979,0.8603097417439107,,
IDRiD_11_1024_2560,0.07534246575181203,0.03914590747243893,0.21824286512488847,0.2562417870885359,0.8346037393517576,0.8659544298824908,,
IDRiD_11_1024_3072,0.3592917168523774,0.7135158913410672,,,0.7620357633064601,0.9618055552215952,,
IDRiD_11_1536_1024,,,0.5145067697264011,0.42088607581617526,,,,
IDRiD_11_1536_1536,,,0.138381201026321,0.08103975533929056,0.8289127837415899,0.8901719271005858,,
IDRiD_11_1536_2048,0.0,0.0,0.0,0.0,0.8676506930851527,0.8850084788446537,,
IDRiD_11_1536_2560,0.0,0.0,0.0,0.0,0.8548450291785877,0.8191356926891159,,
IDRiD_11_1536_3072,,,,,0.6519546027674237,0.5043902438942376,,
IDRiD_11_2048_1024,,,0.2663454920761753,0.15680713127403537,0.7684098184878966,0.6293706292605996,,
IDRiD_11_2048_1536,,,,,0.0,0.0,,
IDRiD_11_2048_2048,,,,,0.8289927191874268,0.8085614258401951,,
IDRiD_11_2048_2560,0.47450149990758334,0.3697236353585904,0.0,0.0,0.7631088895385518,0.7380094786659904,,
IDRiD_11_2048_3072,0.7114685314635562,0.7789006277632996,0.0,0.0,0.6514759191791053,0.660714285644883,,
IDRiD_11_512_1024,,,,,0.5256478053661741,0.37006701411987586,,
IDRiD_11_512_1536,,,0.7337579617367033,0.7403598970770746,0.6844556324710999,0.6121461135779133,,
IDRiD_11_512_2048,,,0.4700162074173406,0.3091684434638413,0.8385122477859054,0.8590389686467652,,
IDRiD_11_512_2560,0.0,0.0,0.5709112854211882,0.4697120158421339,0.6834768347636772,0.6126424108708485,,
IDRiD_11_512_3072,0.36499370390029684,0.45988213960879687,0.0,0.0,0.0,0.0,,
IDRiD_11_512_512,,,0.005597014924851025,0.002806361084863764,,,,
IDRiD_12_0_1024,,,,,0.544418052230669,0.8565022420244391,,
IDRiD_12_0_2560,0.6111929307580563,0.5788005578396931,0.267877412001376,0.17352941173918687,,,,
IDRiD_12_0_3072,0.35797665366863995,0.21800947865232137,0.5344129552492255,0.4817518244658746,,,,
IDRiD_12_0_512,0.5815918185731083,0.41563393706972884,,,,,,
IDRiD_12_1024_1024,0.1591552362281779,0.9999999999316005,,,,,,
IDRiD_12_1024_2048,0.6068376067943847,0.9815668200503301,0.5329218106447612,0.9999999996138995,0.04184800803411704,0.9328358201993763,,
IDRiD_12_1024_2560,,,0.7717528372292872,0.908011869166762,,,,
IDRiD_12_1536_2048,0.0,0.0,,,0.6119810754940229,0.87400076130807,,
IDRiD_12_1536_3072,,,0.0,0.0,,,,
IDRiD_12_2048_1536,,,0.6403162052805075,0.7232142850685587,,,,
IDRiD_12_2048_2048,,,0.270142180030772,0.3562499997773438,,,,
IDRiD_12_2048_2560,,,0.5699831364974733,0.4333333332222222,,,,
IDRiD_12_2048_3072,,,0.22734761116518162,0.15575620763978415,,,,
IDRiD_12_2048_512,0.7390362750206,0.7604456824088888,0.7260504201070546,0.6093088856686447,,,,
IDRiD_12_512_2560,0.9143570972026194,0.9101792943845565,0.0,0.0,,,,
IDRiD_12_512_512,,,,,0.8046309694928175,0.9174917488721148,,
IDRiD_13_0_1024,0.876445325390214,0.8348017620882693,0.5355450235697761,0.38175675662778485,,,,
IDRiD_13_0_1536,,,0.5312225153680201,0.3618933492892814,,,,
IDRiD_13_0_2048,0.6233400402289067,0.47793890772977665,0.5342465752692813,0.49999999987179483,0.7478559175389613,0.9083333329548612,,
IDRiD_13_0_2560,0.8477284073783359,0.9623122697375373,0.7001234059769592,0.541004450060966,,,,
IDRiD_13_0_3072,0.11625766870987335,0.5087248321464799,0.45588235290393114,0.29903536974286865,,,,
IDRiD_13_0_512,,,0.5572587916791137,0.4775888716787025,0.5808383231793897,0.4092827002492478,0.7970250606279805,0.7872245288994747
IDRiD_13_1024_0,0.0,0.0,0.6358381501971333,0.8527131779640645,,,,
IDRiD_13_1024_1024,0.09916610322066338,0.17350157727338314,0.6233958538839242,0.6490236381989196,0.8930987394121788,0.9230217001127051,,
IDRiD_13_1024_1536,0.128238680970211,0.4454545453735537,0.35780933061428766,0.24019607841828997,0.7757578233499964,0.819197584120711,0.026243761068859735,0.013296353699214484
IDRiD_13_1024_2048,,,0.20045731706553135,0.11540149187734088,0.0,0.0,0.021192854979679297,0.010709914320357714
IDRiD_13_1024_2560,,,,,0.0,0.0,,
IDRiD_13_1024_3072,,,,,0.6656373040942976,0.5993326845460958,,
IDRiD_13_1024_3584,,,0.7060606059536272,0.5456674471790006,0.38775510164514787,0.2923076918579882,,
IDRiD_13_1024_512,0.42973589825791536,0.2825900514458581,0.7470373746411341,0.8117880138280441,0.6519933554763123,0.7340564802555816,,
IDRiD_13_1536_0,,,0.5642633227071274,0.5172413790130796,0.0,0.0,,
IDRiD_13_1536_1024,,,0.4563492063190245,0.30316344461307876,0.742245699570063,0.7707454289515965,,
IDRiD_13_1536_1536,0.07211538459804918,0.03856041130114128,0.6891410048398983,0.7246080435770547,0.7124925283708161,0.7032448377166227,,
IDRiD_13_1536_2048,0.22103577147778772,0.12668298652835477,0.5816593886208883,0.668004011969107,0.5197546012142392,0.41270459858095465,0.5244433973346422,0.3661184210496207
IDRiD_13_1536_2560,0.5349794238620226,0.36824214955700485,0.6332842414850306,0.7439446365494906,,,,
IDRiD_13_1536_3072,,,0.6297071129048424,0.9933993396061388,0.5199999999504762,0.3669354838216485,,
IDRiD_13_1536_3584,,,,,0.0,0.0,,
IDRiD_13_1536_512,,,0.28849270662947096,0.18990042672902557,0.012618296527978187,0.006349206348198539,,
IDRiD_13_2048_1024,0.16871073885226712,0.09523809523487882,0.5665529009852182,0.6093979441102206,0.5592185591844189,0.5804816222331456,0.9166666666539774,0.9098653475979702
IDRiD_13_2048_1536,,,0.6623586429457853,0.7269503545454831,,,0.2448072649961858,0.1394760017598032
IDRiD_13_2048_2048,0.1859083191771686,0.10719530102265319,0.0,0.0,0.7710144925301406,0.6927083329725477,,
IDRiD_13_2048_2560,0.0,0.0,0.3161033796902482,0.559859154732444,,,,
IDRiD_13_2048_512,,,0.5230280571454193,0.42993907742124116,,,0.38094618337749103,0.24062808286549958
IDRiD_13_512_0,0.0,0.0,0.0,0.0,,,,
IDRiD_13_512_1024,0.24594453164594743,0.25683060106482725,0.6698961937561732,0.613693998283445,0.8112511430875357,0.8938249872587811,,
IDRiD_13_512_1536,,,0.6692480130289536,0.5729239357790327,0.7982436366123374,0.7473023563078116,,
IDRiD_13_512_2048,,,0.8338658145632802,0.7372881353849468,0.8225774619928443,0.8763666946645767,,
IDRiD_13_512_2560,0.6324927655794753,0.551152737712453,0.7424242423840679,0.6608863197821881,,,,
IDRiD_13_512_3072,,,,,0.6336429308238574,0.48156862741321027,,
IDRiD_13_512_3584,,,,,0.0,0.0,,
IDRiD_13_512_512,0.0,0.0,0.4689221085390305,0.3352080989499204,0.535428021784693,0.39349670120671554,0.0,0.0
IDRiD_14_0_1024,,,0.7092866755915688,0.8667763156469118,,,,
IDRiD_14_0_1536,0.30971993409363757,0.18323586744044068,0.6476868325097199,0.7520661150809371,0.19594594591284697,0.10902255637048448,,
IDRiD_14_0_2048,0.792758195029538,0.6883410741849667,0.5803921568058439,0.9999999996621621,0.724512678959384,0.9749303620717303,,
IDRiD_14_0_2560,0.5269797580106257,0.4396287791768118,0.4566584632087324,0.3983778625764133,,,0.7213610259479193,0.8831676887197804
IDRiD_14_0_3072,0.0,0.0,,,0.0,0.0,,
IDRiD_14_0_512,,,0.26240352810019824,0.16234652113490133,,,,
IDRiD_14_1024_0,,,0.0,0.0,,,,
IDRiD_14_1024_1024,0.10465116278309221,0.34615384598742605,0.6416040099848619,0.8619528618077521,,,,
IDRiD_14_1024_1536,0.6592159559721593,0.5354748603202382,0.2997946611807052,0.260714285698767,0.8391113993810958,0.8892631289463206,,
IDRiD_14_1024_2048,,,0.27675675672683714,0.1688654353339228,0.8055890277409583,0.8731509744045751,,
IDRiD_14_1024_2560,,,0.0,0.0,0.7709137047120845,0.8213737668950626,,
IDRiD_14_1024_3072,,,0.0,0.0,0.7847214964950113,0.7727693732554001,,
IDRiD_14_1024_3584,,,,,0.0,0.0,,
IDRiD_14_1024_512,,,0.7651632969261022,0.6456692911691156,0.4527972027873078,0.29821531375077104,,
IDRiD_14_1536_0,0.22503560689626467,0.7612419699399099,,,,,,
IDRiD_14_1536_1024,,,0.0,0.0,,,,
IDRiD_14_1536_1536,0.8812889732333503,0.9295694092578677,0.18732782366565734,0.10967741933714881,0.7074985689652619,0.7412293852851206,,
IDRiD_14_1536_2048,0.11844077960131627,0.06304868315538319,0.6006626388501138,0.5111111110941589,0.7958984374870459,0.7943469785316977,,
IDRiD_14_1536_2560,,,0.815078236101882,0.8432671081057198,0.7306403245593467,0.8371059013404566,,
IDRiD_14_1536_3072,0.0,0.0,0.40816326524662344,0.622222221945679,0.506666666591605,0.3562499999257812,,
IDRiD_14_1536_512,,,0.7565263718297002,0.9173126613801922,,,,
IDRiD_14_2048_1024,0.1072625698204176,0.05734767024404449,0.42845188280933455,0.3600562587397952,,,,
IDRiD_14_2048_1536,,,0.5961820850813242,0.7302158270754618,,,,
IDRiD_14_2048_2048,,,0.005063291138599583,0.0025380710656677575,0.6217807210955931,0.6154406408874405,,
IDRiD_14_2048_2560,0.8128238341837302,0.8366666666387779,0.7285106382668719,0.7056883758692755,0.6542468253315014,0.9549389566935641,,
IDRiD_14_2048_3072,0.5609999999929876,0.725274725251284,0.5551067512823108,0.3988391376285722,0.0,0.0,,
IDRiD_14_2048_512,0.8528470889042595,0.7434467372703041,,,,,,
IDRiD_14_512_1536,0.0,0.0,0.0,0.0,0.7516754850021897,0.7487702037816449,,
IDRiD_14_512_2048,0.0,0.0,0.48090982936791954,0.8433048430645854,0.7903633454662036,0.9003169572060205,,
IDRiD_14_512_2560,0.10841121494820509,0.05731225296159524,0.5860566448642142,0.7116402115931455,0.7868791352142636,0.8142405307382001,0.0,0.0
IDRiD_14_512_3072,0.0,0.0,0.13725490193835704,0.1866666665837037,0.8163795137973049,0.8407875546708609,,
IDRiD_14_512_512,,,0.7064555419358763,0.5835010059188126,,,,
IDRiD_15_0_1536,,,0.0,0.0,,,,
IDRiD_15_1024_0,,,0.0,0.0,0.6612529002128407,0.5114401076486568,,
IDRiD_15_1024_1024,,,,,0.7279733388801501,0.9673401605046404,,
IDRiD_15_1024_1536,,,,,0.6305244549080627,0.48903107859570294,,
IDRiD_15_1024_512,,,,,0.8324645435394841,0.8494580489729046,,
IDRiD_15_1536_2048,,,0.5971943886578769,0.4806451611352757,0.8951612902022633,0.9541547275202994,,
IDRiD_15_1536_512,0.0,0.0,,,0.0,0.0,,
IDRiD_15_2048_2048,,,0.6034482756886642,0.9210526307710065,,,,
IDRiD_15_512_1024,0.0,0.0,,,0.7138886131206498,0.878236443565239,,
IDRiD_15_512_512,0.3427708569142027,0.20683371297463174,0.0,0.0,,,,
IDRiD_16_0_2560,,,0.0,0.0,0.8532782265479377,0.9635129401373139,,
IDRiD_16_1024_2048,,,0.7738607050065468,0.6392045453637494,0.14792899406825158,0.07987220446433736,,
IDRiD_16_1024_2560,0.07170224411407493,0.037205339391161454,0.0,0.0,0.5472636815896514,0.5235908141918698,,
IDRiD_16_1024_3072,0.7897610579532647,0.6703801343594661,0.42383209204984207,0.27288578899103,0.8190080011977083,0.8745797982996855,,
IDRiD_16_1024_3584,0.6140738403088017,0.5059802391832563,,,,,,
IDRiD_16_1536_2048,,,,,0.6045302636240427,0.549628629267412,,
IDRiD_16_1536_2560,,,,,0.734723505340275,0.7708391027309494,,
IDRiD_16_1536_3072,,,,,0.7973257397499237,0.8200687635194185,,
IDRiD_16_2048_1024,,,,,0.043269230764030144,0.022698612859684917,,
IDRiD_16_2048_1536,,,0.0,0.0,,,,
IDRiD_16_2048_2560,,,,,0.6869266054651991,0.554116558690646,,
IDRiD_16_2048_3072,,,,,0.0,0.0,,
IDRiD_16_2048_512,,,0.5503875967925606,0.37967914428350824,0.0,0.0,,
IDRiD_16_512_1536,,,0.4351523741718531,0.30186823989165507,,,,
IDRiD_16_512_2048,,,,,0.6709183672613624,0.5345528454198063,,
IDRiD_16_512_2560,,,,,0.8268516919880581,0.8256578238458168,,
IDRiD_16_512_3072,,,,,0.8173926171901759,0.7622131493627733,,
IDRiD_17_0_1024,0.4708592490182512,0.9881556683348283,0.03424657533073747,0.0174216027813862,0.7690167968290947,0.92083013065692,,
IDRiD_17_0_1536,0.30196462989787315,0.18109916852491947,0.25579053371039373,0.16344916342812754,0.6995950733899966,0.6447675322605756,,
IDRiD_17_0_2048,0.361490885415686,0.2855000428473498,,,0.5982139148469441,0.6869216827178581,,
IDRiD_17_0_2560,0.6830639494017473,0.7059020697726156,0.0,0.0,0.7294847328070256,0.9255447941328362,,
IDRiD_17_0_3072,0.7814898419688151,0.9659598213746674,,,,,,
IDRiD_17_0_512,,,,,0.7877237850655086,0.9716088325010697,0.9119722569421671,0.9085650007961709
IDRiD_17_1024_0,0.2854486950283486,0.21299754561719134,0.4858757060774362,0.359832635832706,0.0,0.0,,
IDRiD_17_1024_1024,0.20016047851630198,0.11121018075617078,0.48935064932522854,0.3755980860944499,0.7679469298288019,0.9225332282019527,,
IDRiD_17_1024_1536,0.7594116650016772,0.8655447754749482,0.7795454544568698,0.7236286918304581,0.6329209557057658,0.8440806045233743,,
IDRiD_17_1024_2048,0.6567570073220533,0.7947643978998147,,,0.6496350364914109,0.7668282175414319,,
IDRiD_17_1024_2560,0.4647619046733787,0.30272952846086115,,,0.05405405405390483,0.6583725621615082,,
IDRiD_17_1024_3072,0.1380479261332714,0.9374109393736992,0.0,0.0,,,,
IDRiD_17_1024_3584,,,0.6405797100520899,0.47222222212132003,,,,
IDRiD_17_1024_512,0.7802412202885768,0.6777423993391652,0.041194644691947,0.028208744706881703,0.7321336190955359,0.8733580181571305,,
IDRiD_17_1536_0,0.8104881424599577,0.9402235338423418,,,,,,
IDRiD_17_1536_1024,0.0,0.0,,,0.6373236531613014,0.9109669811213329,,
IDRiD_17_1536_1536,0.46664404479025756,0.8484000987015842,0.36034618407865093,0.4924731181736617,0.5089827344813989,0.9782511210542993,,
IDRiD_17_1536_2048,0.7466354786097594,0.72537848477943,0.6655629137970923,0.9481132070999466,0.28969957078436703,0.20962732915999577,0.8006878480150643,0.9374880153313759
IDRiD_17_1536_2560,0.026304122949569523,0.16651075771437773,,,,,,
IDRiD_17_1536_3072,0.8399509833362327,0.9484372456441635,0.5783439489709116,0.43570057573211124,,,0.033898305084360154,0.01724137931014532
IDRiD_17_1536_512,0.9280010777178925,0.8884134009432902,,,0.36863864193330903,0.9903676036762263,,
IDRiD_17_2048_0,0.5901370679336253,0.418577618087091,,,,,,
IDRiD_17_2048_1024,0.8111518395144157,0.9999541825590186,,,0.767676767655228,0.9156626505411203,,
IDRiD_17_2048_1536,0.6283722652998596,0.9999999999990337,,,0.4584560989712165,0.4630952380401077,,
IDRiD_17_2048_2048,0.5509838285657791,0.4136786387140355,,,0.8269662920728864,0.816568047216484,0.0,0.0
IDRiD_17_2048_2560,0.8879853051674977,0.9084495011601263,0.5616045844735812,0.43108504392506086,,,0.2438471836037087,0.44245142001336135
IDRiD_17_2048_3072,0.6989688325046925,0.6361685406823958,,,,,,
IDRiD_17_2048_512,0.9750258240526528,0.9818009668516393,,,,,,
IDRiD_17_512_0,,,0.6506024093772681,0.5869565213137996,0.46794150725894923,0.33876221492854036,,
IDRiD_17_512_1024,0.62138440055235,0.5391138802260451,0.0,0.0,0.722828145117165,0.8658199138087284,,
IDRiD_17_512_1536,0.6367508667625718,0.5343308395633056,0.719989317656296,0.8125376732726782,0.8120425490374222,0.9017773282244715,,
IDRiD_17_512_2048,0.7118278856979516,0.7986387473470501,0.0,0.0,0.6204011320214052,0.6255583126395643,,
IDRiD_17_512_2560,0.0,0.0,0.5268608413898471,0.4029702969898049,0.278774496269959,0.2116956612825048,,
IDRiD_17_512_3072,0.2780693190130642,0.9999999999780558,0.14009661834056805,0.0753246753148929,,,,
IDRiD_17_512_512,0.14205480229153555,0.39235349419629656,0.18319646240156687,0.13640639697681972,0.6967134585716802,0.644994601259872,0.7336806978471185,0.59135522838249
IDRiD_18_0_1024,0.0,0.0,0.5150893641806302,0.5748855460709689,,,,
IDRiD_18_0_1536,0.6640112464699154,0.6014431239133513,0.0,0.0,0.6485819975179141,0.7013333332959288,,
IDRiD_18_0_2048,,,0.3357727076910989,0.32663316580178947,0.6787646134936527,0.8144891121936981,,
IDRiD_18_0_2560,0.7486958859868313,0.6912611717905535,0.34964412809832546,0.30775254500330834,0.5856565656506499,0.6904024767637437,0.8326245960161905,0.7989228007116131
IDRiD_18_0_3072,,,0.10633946828091217,0.06190476189002267,,,0.8231201894551279,0.9288458326218666
IDRiD_18_0_512,,,0.8337912087339429,0.727817745716089,,,,
IDRiD_18_1024_0,0.5334346504153925,0.45762711858440325,0.5793991415894564,0.7336956520409972,0.7295081964223328,0.6641791039819559,,
IDRiD_18_1024_1024,0.1450901803549062,0.08594491927417167,0.3754578754464146,0.7794676805095732,0.6937327881136037,0.8596690796188244,,
IDRiD_18_1024_1536,0.37798692171246717,0.486089280096777,0.1909019195321877,0.3042749371077724,0.677549289799968,0.800520989872753,,
IDRiD_18_1024_2048,,,0.4394008170476895,0.4994840040764207,,,,
IDRiD_18_1024_3072,,,,,,,0.7848230028455688,0.9592208868548758
IDRiD_18_1024_512,0.6824753173463726,0.6456688535491734,0.22397801442033743,0.23674655045484774,0.7214408874655225,0.9177104804137323,,
IDRiD_18_1536_0,0.6982591875533598,0.5372023808724401,0.4635036495504556,0.6414141410901949,0.8491281273477602,0.8454957221517113,,
IDRiD_18_1536_1024,0.038173947264105196,0.01954069298913093,0.4751212043767512,0.626936026893809,0.7332864940780777,0.8798962386396901,,
IDRiD_18_1536_1536,,,0.0,0.0,0.7455275647774543,0.664713541623391,,
IDRiD_18_1536_2048,,,0.43339805823559624,0.4173522811954112,0.58468025294556,0.7336860668900025,,
IDRiD_18_1536_3072,,,0.23140495863943722,0.26717557241710854,,,,
IDRiD_18_1536_3584,0.0,0.0,,,,,,
IDRiD_18_1536_512,0.16017868538097707,0.12613065325999342,0.14570401828991494,0.19804618115470282,0.7554028732026745,0.9251364169466819,,
IDRiD_18_2048_0,0.11132437618893239,0.16246498594888936,0.12750455371083708,0.06835937498664857,,,,
IDRiD_18_2048_1024,0.38535645471000946,0.24449877749757254,0.0,0.0,0.7194928684589567,0.913480885299618,,
IDRiD_18_2048_1536,,,0.16265912304365918,0.2046263344831626,0.839221340963286,0.9009287924301969,0.0,0.0
IDRiD_18_2048_2048,,,0.29654036242193627,0.2521008403125956,0.0,0.0,,
IDRiD_18_2048_2560,,,0.0,0.0,,,,
IDRiD_18_2048_3072,0.43922984354875966,0.5619707466849907,0.12140575077932816,0.1324041811385351,,,,
IDRiD_18_2048_512,0.6271246375430182,0.8443471084819123,0.25452153895907526,0.28794642855000396,0.6777057835210534,0.9605442176217316,,
IDRiD_18_512_1024,0.4756360500113058,0.3942101500931305,0.3310082434793273,0.7837837835484133,0.7945256842745684,0.9245200697676912,,
IDRiD_18_512_1536,0.5011367326972859,0.8146779302632166,,,0.001962708537589528,0.000982318271023348,,
IDRiD_18_512_2048,0.6386988511599497,0.573215940672539,0.0,0.0,,,,
IDRiD_18_512_3072,,,0.07855973812134866,0.07667731626943217,0.6524368551884584,0.610926049259765,,
IDRiD_18_512_512,0.6570754716826162,0.7017632241460069,0.5556548150695791,0.8297758804253054,0.8121309715481476,0.914989200856026,,
IDRiD_19_0_1024,0.7763119319619962,0.6629944917044068,,,,,0.47797676669315126,0.3140403879740175
IDRiD_19_0_1536,,,,,0.5326086953627127,0.4188034184454672,,
IDRiD_19_0_2048,,,,,,,0.6242663162450787,0.45423253441542283
IDRiD_19_0_2560,0.10011641442373499,0.06013986013144897,,,,,,
IDRiD_19_1024_0,,,0.0,0.0,,,,
IDRiD_19_1024_1024,,,,,0.8511399194970434,0.8026981449576139,,
IDRiD_19_1024_1536,,,,,0.7354876443817008,0.7169327251791069,,
IDRiD_19_1024_2560,,,0.6434782607896301,0.959259258903978,,,,
IDRiD_19_1024_512,0.28382838282657474,0.9999999997093023,0.05820721768821802,0.08196721308787959,,,,
IDRiD_19_1536_2048,0.0,0.0,0.4340344167845091,0.45490981954811427,,,,
IDRiD_19_1536_2560,,,0.0,0.0,,,,
IDRiD_19_1536_3072,,,0.0,0.0,0.6201550387329822,0.8391608390630348,,
IDRiD_19_1536_512,0.5737089201608587,0.47585669778225415,,,,,,
IDRiD_19_2048_1024,0.7926541926486995,0.6810765749591392,0.7855153202248586,0.9126213589279542,,,,
IDRiD_19_2048_1536,0.10918544193161304,0.05822550831254847,0.25360824739653526,0.6180904519507083,,,,
IDRiD_19_2048_2048,0.6770499312562048,0.5556390977025835,0.6684491976822328,0.7621951214864664,,,,
IDRiD_19_2048_2560,0.002607561929255859,0.001353179972753291,,,,,,
IDRiD_19_2048_3072,,,0.922077921878338,0.8801652888924937,,,0.9120055004508435,0.9020931462660837
IDRiD_19_2048_512,0.7929993964928614,0.7798880786708515,0.7438825448208872,0.7981330220772307,,,0.6948521358109174,0.99352683230333
IDRiD_19_512_1024,0.7088126247674796,0.7096897011096576,0.382470119500144,0.5544554454530601,0.6954938552255124,0.8662131518292275,,
IDRiD_19_512_1536,0.8085367995760626,0.752001306971889,0.6984126983599083,0.7573770490561678,0.7550847834761,0.7796874999928337,0.7624504810359193,0.6657195799794229
IDRiD_19_512_2048,0.0032502708557285874,0.0016277807920983297,,,,,,
IDRiD_19_512_512,0.7095038852148983,0.6409287256673364,0.537229029192402,0.4509493670529312,,,,
IDRiD_20_0_1024,0.029082774048403728,0.026013006501950323,0.25702331140893536,0.6739811911169309,,,,
IDRiD_20_0_1536,0.7957112601447418,0.6690658158294199,0.0,0.0,0.6313890559188121,0.8083832335191038,,
IDRiD_20_0_2048,0.638990638964632,0.4694976076274224,0.6835978835255452,0.6003717471003027,0.6496130696334993,0.7685656154237759,,
IDRiD_20_0_2560,,,0.0,0.0,,,,
IDRiD_20_0_512,0.0,0.0,,,,,,
IDRiD_20_1024_0,,,0.32115548000669875,0.19129554653934255,,,,
IDRiD_20_1024_1024,0.3257460799025925,0.27036104111919723,0.30184331795496294,0.5346938774418992,0.78382715753483,0.8830958549175135,,
IDRiD_20_1024_1536,0.0,0.0,0.013875123883659551,0.016587677721187754,0.7912382881722176,0.8585952956646593,,
IDRiD_20_1024_2048,,,0.6994563810328901,0.659024390211755,0.014447884415433656,0.07865168530488575,,
IDRiD_20_1024_2560,,,0.6722925456157114,0.6713483144181606,,,,
IDRiD_20_1024_3072,0.1287972419172289,0.9339622641068887,0.7403100774476443,0.7504911589881157,,,,
IDRiD_20_1024_512,0.604479145257813,0.5173202039648792,0.5901497070820102,0.7079646017330575,0.7877729257297916,0.8860510804630598,,
IDRiD_20_1536_1024,0.48610007942382755,0.33276945383841505,0.6563090489049694,0.690371024704489,0.7742105858800535,0.7321963750482932,,
IDRiD_20_1536_1536,,,0.7151335310511672,0.748447204736507,0.8793674144873874,0.8701506659810019,,
IDRiD_20_1536_2048,0.32283464564810793,0.1972734562792884,,,,,,
IDRiD_20_1536_3072,0.34657570893294154,0.4862987987896716,0.33139534882115335,0.19906868450529286,0.0,0.0,,
IDRiD_20_1536_512,0.33278822566096533,0.2215568862154841,0.36052009455199413,0.48259493667068076,0.8620241244748575,0.8590580033885149,,
IDRiD_20_2048_1024,,,0.5811230585285275,0.6924829156781046,0.7654728194891699,0.7655919332704743,,
IDRiD_20_2048_1536,0.44025678193331425,0.3309464507991611,0.3421846710820101,0.7490092469287967,0.7984059603153564,0.7723768018643584,,
IDRiD_20_2048_2560,0.6219325153135763,0.4513077350889645,,,,,,
IDRiD_20_2048_3072,0.1947061462451904,0.10785288269841685,0.32618025747573176,0.19638242891519608,0.0,0.0,,
IDRiD_20_2048_512,0.2636077372860187,0.1680527674170332,0.6233140654805726,0.528163265263007,0.9210096140500346,0.9130912486902538,,
IDRiD_20_512_1024,0.0,0.0,0.8198955257592575,0.9275436792945764,0.8114585806656543,0.8680671766648695,,
IDRiD_20_512_1536,0.4735822959856599,0.4361783439434882,0.49795310754871663,0.5631313131155126,0.7413177804499841,0.8254689132075685,,
IDRiD_20_512_2048,,,,,0.0,0.0,,
IDRiD_20_512_2560,0.2810030917114049,0.1645875251442822,0.0,0.0,,,,
IDRiD_20_512_3072,,,0.0,0.0,,,,
IDRiD_20_512_512,,,0.4861407249121435,0.5551948051046762,0.7899791231402932,0.921129503318293,,
IDRiD_21_0_1024,0.4155309033214655,0.33274111674282386,0.3255411255129401,0.22760290554145243,0.07577337504081427,0.039421338154089644,,
IDRiD_21_0_1536,0.36290322576986866,0.27190332322176686,0.5597243491363046,0.9080745340486864,0.36945812804848455,0.3133704734939596,,
IDRiD_21_0_2048,,,0.5475070554517867,0.4121813030577647,0.6407766990113516,0.6637931034101268,,
IDRiD_21_0_2560,,,0.4505431674985395,0.3288814690877394,,,,
IDRiD_21_0_3072,,,0.0,0.0,,,,
IDRiD_21_0_512,0.8161077515006032,0.7616726526228407,,,0.0,0.0,,
IDRiD_21_1024_1024,,,0.6438253011805789,0.746073298364217,0.0789894833100195,0.515287099141291,,
IDRiD_21_1024_1536,0.7531770180731867,0.6710610248706032,0.19028609446505082,0.2930327868251982,0.8693481086242744,0.8993065383494929,,
IDRiD_21_1024_2048,0.29312515738739453,0.17792723937361773,0.38018271256569985,0.47539543053819017,0.7857889909720417,0.8792308800198789,,
IDRiD_21_1024_2560,0.6495192307661081,0.504217362092228,0.23665893270363533,0.376661742928115,0.8273438060338042,0.8499631540036852,,
IDRiD_21_1024_3072,0.7912261634147689,0.6600725354325738,0.8143712574308468,0.693091732650839,,,,
IDRiD_21_1536_0,,,,,0.0,0.0,,
IDRiD_21_1536_1024,,,0.8075221238044776,0.7285429140262389,0.031950672644844434,0.016253207869510886,,
IDRiD_21_1536_1536,0.6454738116668037,0.4778126400502998,,,0.8299903973751066,0.9908802844089165,,
IDRiD_21_1536_2048,0.39284573618024843,0.2881911902462936,0.2673841059491977,0.3662131518859169,0.7585102122523689,0.86386920215519,,
IDRiD_21_1536_2560,0.7004879764333737,0.5618872981129707,0.2424704536697495,0.6322067593176527,0.8108550811235565,0.8059491331479101,,
IDRiD_21_1536_3072,,,0.8330632089411567,0.9589552235227778,,,,
IDRiD_21_1536_512,0.7424042271930673,0.6189427312502669,,,0.3705921490229344,0.22743977132595183,,
IDRiD_21_2048_1024,0.0,0.0,0.0,0.0,0.0,0.0,,
IDRiD_21_2048_1536,0.5994470045972452,0.6053611317719524,0.49498327757127997,0.5376930063090196,0.6870742120021157,0.6039603960299591,,
IDRiD_21_2048_2048,0.5418060200608494,0.3871892925368517,0.6232538147297818,0.8449883449391032,0.7891107941017853,0.7859713933845507,,
IDRiD_21_2048_2560,0.8344671201728049,0.7855618086399077,0.7167581257612176,0.7225531914278678,0.7277134392478397,0.8561470214920058,,
IDRiD_21_2048_3072,,,0.7309782607702475,0.5784946235315065,0.6802594994735626,0.5862619807370189,,
IDRiD_21_2048_512,0.04494382022135252,0.02827521206142552,0.0,0.0,0.0,0.0,,
IDRiD_21_512_1024,,,0.5897142856468898,0.4195121950537379,,,,
IDRiD_21_512_1536,,,0.0,0.0,0.6634833472524354,0.8423764776949871,,
IDRiD_21_512_2048,0.7891854419356035,0.8199366176776155,0.42682474989155894,0.4266666666350617,0.6943926816813959,0.7828495034227875,,
IDRiD_21_512_2560,0.46320437341817483,0.3043238016258555,0.2913727617935059,0.5269872423427883,0.5484120836419207,0.9824236816852522,,
IDRiD_21_512_3072,0.3098341232135713,0.18409010911002852,0.8532110090764666,0.7982832616312696,,,,
IDRiD_21_512_512,,,0.5377128953117137,0.36772046582899826,0.27674750352685484,0.1649659863665024,,
IDRiD_22_0_1024,0.7286234607136248,0.6205623122722903,0.0,0.0,,,0.5468861846797582,0.8802725177749696
IDRiD_22_0_1536,0.2555366269020138,0.14648437499046324,0.4613987283867939,0.9883268478644641,,,,
IDRiD_22_0_2048,0.38223305778681865,0.9333953488198439,0.3721781573903491,0.33116178063722457,,,0.8307401004329021,0.9497411764616495
IDRiD_22_0_2560,0.819618169846786,0.9331434567484478,,,0.7538152610290398,0.690327326197487,,
IDRiD_22_0_3072,0.4903246441694911,0.5690071141319578,,,,,,
IDRiD_22_0_512,0.7018242122486957,0.5874514158474485,,,,,,
IDRiD_22_1024_1024,,,0.6730158729945075,0.7480592801165801,,,,
IDRiD_22_1024_1536,,,0.6897243107423697,0.6552380951756915,0.798011424745338,0.8541314914256631,,
IDRiD_22_1024_2048,,,0.46726190472713824,0.525963148990626,0.7648733653355986,0.8098643390443795,,
IDRiD_22_1024_3072,0.0,0.0,,,,,,
IDRiD_22_1024_512,,,0.748700173180468,0.8816326527013745,,,,
IDRiD_22_1536_0,,,,,0.5362236166265703,0.560190703151348,,
IDRiD_22_1536_1024,,,0.9092896173869629,0.9585253454012614,0.7676470587106402,0.7054054052147553,,
IDRiD_22_1536_1536,0.0,0.0,0.6099053978514243,0.684999999914375,0.8114314033136909,0.8743325026544263,,
IDRiD_22_1536_2048,0.28443782575898086,0.9804928130410172,0.2226720647547903,0.24498886408797574,0.7520114713602294,0.9340985553099778,,
IDRiD_22_1536_3072,0.677511506109066,0.9616597585107152,0.5520833332854094,0.40561224484622294,0.7178442028822952,0.6220565148892443,,
IDRiD_22_1536_3584,0.16453231041508096,0.08972131041970959,,,,,,
IDRiD_22_1536_512,,,0.7276507275750883,0.9358288767551259,0.6275928605733818,0.6534404821369442,,
IDRiD_22_2048_1024,0.49050245097287837,0.37172045506450613,0.23520818113694605,0.9470588229723184,,,0.8587419448327452,0.9009497964679691
IDRiD_22_2048_1536,0.727844668611261,0.6066907775658826,,,,,,
IDRiD_22_2048_2048,,,0.08392434987683661,0.07683982683151085,,,,
IDRiD_22_2048_3072,,,0.6419354837674298,0.753787878502353,,,,
IDRiD_22_2048_512,,,,,0.35555555549477685,0.23214285709103952,0.0,0.0
IDRiD_22_512_1024,0.5834734607208774,0.4540912095163144,,,0.899479375214278,0.950889076972829,0.2259231905456945,0.19439501779235893
IDRiD_22_512_1536,,,0.7414478917469015,0.956878849906185,,,,
IDRiD_22_512_2560,0.0,0.0,,,,,,
IDRiD_22_512_3072,0.862730772472286,0.8206750302929278,,,,,0.8450632002655628,0.8413743809648201
IDRiD_22_512_512,0.7887361010540908,0.9156736938448569,,,0.7905810530819734,0.7297242905870452,0.26220204311792267,0.1600831600720663
IDRiD_23_0_1024,0.4552065937593319,0.3978717393314071,0.0,0.0,,,,
IDRiD_23_0_1536,,,,,,,0.7556836902738411,0.6976425855407202
IDRiD_23_0_2048,0.7233352634598598,0.8082298136576239,,,,,,
IDRiD_23_0_2560,0.3482153515571441,0.4733596581355906,,,,,,
IDRiD_23_0_3072,0.12762419455149399,0.09974009096492073,,,,,,
IDRiD_23_1024_1024,,,,,0.0,0.0,,
IDRiD_23_1024_1536,,,0.5664739883983761,0.663282571799783,,,,
IDRiD_23_1024_2560,,,,,,,0.0,0.0
IDRiD_23_1024_3072,,,0.8738738738246692,0.838918918828225,,,,
IDRiD_23_1536_1024,,,0.8052805277870361,0.6815642454292937,0.6561863173025856,0.5882045928711793,,
IDRiD_23_1536_1536,,,0.7819706498132106,0.973890339171308,0.6390658173758458,0.9204892964953381,,
IDRiD_23_1536_2560,,,,,0.35223160432133704,0.21629629628027433,,
IDRiD_23_1536_3072,,,0.7042253520543309,0.76576576562779,0.6112915699828106,0.4849079754482231,,
IDRiD_23_1536_3584,,,,,0.0,0.0,,
IDRiD_23_1536_512,,,0.31645569610238744,0.19083969458364897,0.6134048257208202,0.6244541484375298,,
IDRiD_23_2048_1024,0.0,0.0,,,,,,
IDRiD_23_2048_2048,0.11050078887363261,0.05899419729188558,,,,,,
IDRiD_23_2048_2560,0.6812603648368054,0.5165995975790166,0.8113975575561198,0.9707792204640326,,,,
IDRiD_23_2048_3072,,,,,0.5376803847922137,0.38077214228760237,,
IDRiD_23_2048_512,0.6375651526374017,0.9988334791193109,,,0.0,0.0,,
IDRiD_23_512_1024,0.752416356863338,0.7062107466606347,,,,,,
IDRiD_23_512_2048,,,0.064516129009134,0.03333333332098765,,,,
IDRiD_23_512_2560,,,,,,,0.3824946982804849,0.23647199046202058
IDRiD_23_512_3072,0.0,0.0,,,,,0.657901750016364,0.4948550046706554
IDRiD_23_512_512,,,0.5714285712619741,0.7596899218917132,,,,
IDRiD_24_0_2048,,,,,0.43537414936369107,0.27826086932325145,,
IDRiD_24_1024_1536,,,,,0.0,0.0,,
IDRiD_24_1024_2048,,,,,0.5506493506383486,0.4363521215821295,,
IDRiD_24_1024_2560,,,0.08877284592982432,0.07981220653529944,,,,
IDRiD_24_1536_1536,,,,,0.0,0.0,,
IDRiD_24_1536_2048,,,0.9052069424692648,0.8432835818797801,0.0,0.0,,
IDRiD_24_1536_2560,,,0.588563458774259,0.4245472836167913,,,,
IDRiD_24_1536_512,0.6470647875834222,0.6450373963888207,,,0.18292682924598455,0.10316368636820307,,
IDRiD_24_2048_1024,0.7168351870558219,0.9898080279163015,,,,,,
IDRiD_24_2048_1536,0.7498869289574904,0.7475202884808367,0.5249999999270833,0.7809917352144663,,,,
IDRiD_24_512_1536,,,,,0.0,0.0,,
IDRiD_24_512_2048,,,,,0.783293392646926,0.714107365748183,,
IDRiD_24_512_2560,0.801510502704726,0.7411610650209263,,,,,,
IDRiD_24_512_512,0.7808029533737701,0.7973609801697757,,,,,,
IDRiD_25_0_1024,,,0.7375886524584917,0.7044334974935693,0.7396177647420543,0.7990548813188751,0.0,0.0
IDRiD_25_0_1536,0.0,0.0,0.0444753300872498,0.022743425726883905,0.8489871670810671,0.7691788106108345,,
IDRiD_25_0_2048,0.07102701220299583,0.036821154392686795,0.0,0.0,0.7174821455692192,0.6980190701430334,0.0,0.0
IDRiD_25_0_2560,0.5739523145342768,0.46115261472293323,0.0,0.0,0.8786567105618757,0.8738002965109452,,
IDRiD_25_0_3072,0.25996790519528473,0.3246993524464277,,,0.5454545454086317,0.41591784333556897,,
IDRiD_25_0_512,0.3970327366489754,0.6004878048487567,0.0,0.0,0.16191562143440827,0.08808933002344775,0.17053224292572017,0.17725752507867176
IDRiD_25_1024_0,,,0.0,0.0,,,,
IDRiD_25_1024_1024,0.0,0.0,0.0,0.0,0.03289473683669494,0.016722408023959464,,
IDRiD_25_1024_1536,0.5472344591198036,0.525046963039291,0.0,0.0,0.8902496764612962,0.8772992140661566,,
IDRiD_25_1024_2048,,,0.0,0.0,0.8603915496068685,0.940377176014337,,
IDRiD_25_1024_2560,0.7792701388205313,0.8919775844237872,0.363315696627671,0.23696319016587705,0.8669641655354804,0.9001913608099503,,
IDRiD_25_1024_3072,0.0,0.0,,,0.8428988186336532,0.7568731196142915,,
IDRiD_25_1024_512,,,0.513317191241863,0.439834024835431,,,,
IDRiD_25_1536_0,,,,,0.8029411763525087,0.9999999996336996,,
IDRiD_25_1536_1024,0.5490884370554668,0.9845962898092054,,,,,0.904798255175001,0.9822422161597935
IDRiD_25_1536_1536,0.0,0.0,0.0,0.0,0.8959106774176294,0.8692488726786748,,
IDRiD_25_1536_2048,0.02299511353804261,0.011631288164995184,0.4999999999198718,0.435754189822415,0.9124034997411007,0.9250034784996347,0.0,0.0
IDRiD_25_1536_2560,0.5366801861567825,0.38472051020851944,0.0,0.0,0.7966494143230956,0.8224128233855117,0.0,0.0
IDRiD_25_1536_3072,0.6533782171901996,0.637708904637876,0.3384865744232313,0.20841683364645122,,,,
IDRiD_25_1536_512,0.0,0.0,0.8642297649002312,0.9043715844523574,0.0,0.0,,
IDRiD_25_2048_1024,0.0,0.0,,,,,,
IDRiD_25_2048_1536,0.25679883744936266,0.17026841018465058,0.18136020150219848,0.13996889579004906,0.6880733944827877,0.7615759544775965,,
IDRiD_25_2048_2048,0.2388141266471794,0.1777596989872489,0.3423284502566566,0.30122116687237305,,,,
IDRiD_25_2048_2560,0.0839770251518325,0.043828819515322956,0.0,0.0,0.0,0.0,,
IDRiD_25_2048_3072,,,0.3732162458426766,0.25297619043854525,0.0,0.0,,
IDRiD_25_512_1024,0.0,0.0,,,0.8258075285855507,0.8461327951258983,,
IDRiD_25_512_1536,0.6898016511930735,0.8001907486864828,0.19093539054505942,0.3060278206873239,0.6805360244822544,0.8186884267009783,,
IDRiD_25_512_2048,0.6036324159371462,0.46440180586802615,0.31421647818428483,0.224660698809568,0.6246048294839267,0.7361661645673669,0.5694515111369751,0.40468614404968634
IDRiD_25_512_2560,0.6992824922021759,0.7447604307683964,0.06422018347150912,0.07035175875861721,0.8513337136108869,0.9003496860986475,,
IDRiD_25_512_3072,,,0.3208556148016815,0.1910828024260619,0.7340296822053274,0.5926155048331566,,
IDRiD_25_512_512,0.7528565382828427,0.9039634145882132,,,,,,
IDRiD_26_0_1024,0.4931411299640416,0.33427895980560635,0.5780669144444175,0.7165898615860392,,,,
IDRiD_26_0_1536,0.785745614026472,0.6602174313495446,,,,,,
IDRiD_26_0_2048,,,0.37795275588261945,0.41599999994453335,,,,
IDRiD_26_0_2560,0.0,0.0,0.6378953591298288,0.6201149424930968,,,,
IDRiD_26_1024_1024,,,0.6349047141105865,0.9999999998420221,,,,
IDRiD_26_1024_1536,,,0.7146189735475386,0.7244777295733356,,,,
IDRiD_26_1024_2048,0.0673146487997631,0.9536541888633107,0.35676810069708625,0.3313840155299447,,,,
IDRiD_26_1024_2560,0.6673267326600529,0.53645335878585,0.39434926358898864,0.7192982455351647,,,,
IDRiD_26_1024_3072,0.9388426888399779,0.9769831730710518,0.0,0.0,,,,
IDRiD_26_1536_1024,,,0.577836411533267,0.999999999543379,,,,
IDRiD_26_1536_1536,,,0.7260458839079602,0.849473684121108,,,,
IDRiD_26_1536_2048,0.061036676140001904,0.6045576407101503,,,,,,
IDRiD_26_1536_2560,,,0.5590863952056064,0.9591141395299636,,,,
IDRiD_26_1536_3072,0.43592996700238695,0.33872239746298416,0.3067364290285567,0.20507214690839215,,,,
IDRiD_26_2048_1024,,,,,0.7963525835059421,0.9703703701307727,,
IDRiD_26_2048_1536,0.4422526248666162,0.9025974024801822,0.0,0.0,,,,
IDRiD_26_2048_2048,,,0.616362192167088,0.9999999997422679,,,,
IDRiD_26_2048_3072,0.8144549937380257,0.6966759002682362,,,,,,
IDRiD_26_512_1024,0.8421527903158653,0.8672122001035223,0.0,0.0,,,,
IDRiD_26_512_1536,0.0,0.0,0.4092409240731146,0.9999999997695852,,,,
IDRiD_26_512_2048,0.7261776726146432,0.8776125610806113,0.6608207049151982,0.8963048498638267,0.6082296650601295,0.7563065206684291,,
IDRiD_26_512_2560,,,0.741136747306102,0.9133148404359698,,,,
IDRiD_26_512_3072,0.6498196460014893,0.5328083086851475,0.8436363634829752,0.7295597481982516,,,,
IDRiD_26_512_3584,0.0,0.0,,,,,,
IDRiD_26_512_512,0.5497382198665058,0.48521256927123724,,,,,,
IDRiD_27_0_1024,,,,,0.9207622867682285,0.901768172710851,,
IDRiD_27_0_1536,0.0,0.0,0.6981981981195723,0.9538461535526627,0.41127982644636535,0.2618784530242056,,
IDRiD_27_0_2048,0.0,0.0,,,,,,
IDRiD_27_0_2560,0.13764954257500517,0.2728794642806384,0.2468159859355812,0.1431482424786985,,,,
IDRiD_27_0_3072,,,0.0,0.0,,,,
IDRiD_27_0_512,0.0,0.0,0.7947477539188149,0.7169576058956413,,,,
IDRiD_27_1024_0,0.8496447181350104,0.8204940530499453,0.3988355166813922,0.4433656956493962,0.38914027145799635,0.830115829795322,,
IDRiD_27_1024_1024,0.0,0.0,0.6637596899064012,0.8567854908782497,0.7285749567614578,0.7599175682246307,,
IDRiD_27_1024_1536,0.0,0.0,0.5860948667585383,0.7775862067624851,0.7850032843171896,0.9106682297665806,,
IDRiD_27_1024_2048,,,0.7164605137622997,0.8556818180845817,0.7101717305058102,0.6615801132005519,,
IDRiD_27_1024_2560,,,0.22284122559570457,0.12658227846098383,,,,
IDRiD_27_1024_512,0.731572219839549,0.9965177016252746,0.5662572721274239,0.8444730076578102,0.724707956795654,0.7762039659965037,,
IDRiD_27_1536_0,0.8375954832250725,0.9089380105645607,0.0,0.0,,,,
IDRiD_27_1536_1024,0.4025531914859357,0.30449336937936794,0.5814120005644936,0.8289097590514941,0.653617840515745,0.5565573770339739,,
IDRiD_27_1536_1536,0.0,0.0,0.4518966464842278,0.44577006502757377,0.786183730095033,0.8439949827399813,,
IDRiD_27_1536_2048,,,0.5644983461340134,0.661498707839406,0.7111111107160494,0.6881720422707828,,
IDRiD_27_1536_2560,,,0.323097463241242,0.5789473681440443,,,,
IDRiD_27_1536_512,0.6079778100607054,0.4592437393947995,0.42877977636293685,0.8336483931159122,0.7469646799065468,0.7453193832496514,,
IDRiD_27_2048_1024,0.4629482071528706,0.34936861092306865,0.5565268065105907,0.9086584204653988,0.6446309299427191,0.6128296971470912,,
IDRiD_27_2048_1536,0.0,0.0,0.5541231839460994,0.559504132208285,0.7137641164921986,0.8044019138602029,,
IDRiD_27_2048_2048,0.724444444412247,0.6372165753997485,0.22597402594467872,0.9999999988505748,0.546414157077106,0.5913978494226211,,
IDRiD_27_2048_512,0.410543130979485,0.4564831260830975,0.5556282722331274,0.5120627261452314,,,,
IDRiD_27_512_1024,0.0,0.0,0.7293857221511131,0.9606413992768745,0.6906558328296386,0.7854785478029387,,
IDRiD_27_512_1536,,,0.3635400105795686,0.2998251747989663,0.6839958805327127,0.7597693785965062,,
IDRiD_27_512_2048,,,0.7239057237838543,0.9388646284109762,0.6100178890831095,0.9958627403018773,,
IDRiD_27_512_512,0.3888176455481466,0.8503477675375736,0.1639103270796064,0.11755403267698714,,,,
IDRiD_28_0_3072,,,,,0.8021778582936157,0.6799999997907692,,
IDRiD_28_1024_1536,,,0.605723370381103,0.6009463721449612,0.5702917771775239,0.5557607089898169,,
IDRiD_28_1024_2048,,,0.07014542343283614,0.04696449025807967,0.0,0.0,,
IDRiD_28_1024_2560,0.4261603375347612,0.33333333331133114,0.2806414661924031,0.9496124027327083,,,,
IDRiD_28_1024_3072,0.0,0.0,0.429206349179098,0.9768786124344281,,,,
IDRiD_28_1536_1536,0.7637698898097197,0.682215743390509,,,0.0,0.0,,
IDRiD_28_1536_2048,0.7956396112319984,0.6731111110961531,0.7096774192022198,0.9821428565582483,0.5354691074902209,0.4373831774883396,,
IDRiD_28_1536_2560,0.8397828232929921,0.8992600422737921,0.44205298009585653,0.9434628971931226,0.5088991430119381,0.5436619717544139,,
IDRiD_28_1536_3072,,,0.4564459929518387,0.3550135500392917,,,,
IDRiD_28_2048_1024,0.0,0.0,,,,,,
IDRiD_28_2048_1536,0.5936298736794721,0.8013343216603903,0.0,0.0,,,,
IDRiD_28_2048_2048,0.8174757281288844,0.7180216031428072,0.18478260866217708,0.10240963853365267,,,,
IDRiD_28_2048_2560,0.0,0.0,0.3763440860012718,0.8139534881828014,,,,
IDRiD_28_2048_3072,0.8457261987197455,0.8364261167810016,,,,,,
IDRiD_28_2048_512,0.6739526411043758,0.9273182955069377,,,,,,
IDRiD_28_512_1536,0.8616673210200018,0.8412982366255738,,,,,,
IDRiD_28_512_2048,0.743123543106221,0.647441104766554,0.4795737122131817,0.9342560550400497,0.4410480348381991,0.2970588234420415,,
IDRiD_28_512_2560,0.0,0.0,0.3698924730785062,0.30659536536424326,,,,
IDRiD_28_512_3072,0.7796014067766823,0.7271733187136592,,,,,,
IDRiD_29_0_1024,,,0.6754098360102123,0.9537037034829389,,,,
IDRiD_29_0_1536,,,0.6492271105054427,0.6348837207825851,,,,
IDRiD_29_0_2560,0.0,0.0,0.6840796019049653,0.6455399059517511,,,,
IDRiD_29_1024_1024,,,,,0.6757215619550994,0.7842364531633381,,
IDRiD_29_1024_2048,,,0.12734082395413973,0.08542713566408257,,,,
IDRiD_29_1024_2560,,,0.6440677964737144,0.7004608291702946,,,,
IDRiD_29_1024_3072,0.0,0.0,,,,,,
IDRiD_29_1536_1024,,,0.0,0.0,0.0,0.0,,
IDRiD_29_1536_1536,,,0.6909090908253444,0.800561797527932,,,,
IDRiD_29_1536_2560,,,0.43205574897837773,0.8732394353898036,,,,
IDRiD_29_1536_3072,0.0,0.0,0.27769110760098425,0.9999999988764046,,,,
IDRiD_29_2048_1024,,,0.7634961438607332,0.9642857139726344,0.5079365075333837,0.999999996875,,
IDRiD_29_2048_1536,,,0.8900343641082415,0.8018575848910657,,,,
IDRiD_29_2048_2560,,,0.843214756147139,0.9495548958606661,0.39651416119124805,0.9999999996336996,,
IDRiD_29_2048_3072,,,0.78911564572169,0.6516853925261963,,,,
IDRiD_29_512_2048,,,0.3112033194375097,0.20775623262943038,,,,
IDRiD_29_512_2560,,,0.5347593581934476,0.3906249998982747,,,,
IDRiD_29_512_3072,,,0.5558739253421564,0.9999999989690722,,,,
IDRiD_30_0_1024,,,0.0,0.0,,,,
IDRiD_30_0_2048,0.6631303237720091,0.9094421637230775,0.08510638279764599,0.04444444434567901,,,,
IDRiD_30_0_2560,0.5787362086113658,0.44435887560861154,0.0,0.0,,,0.807864003242964,0.8785798352208848
IDRiD_30_1024_1024,0.8039533195555086,0.7494274411747925,,,0.4848958333270196,0.8293986636601605,,
IDRiD_30_1024_1536,,,,,0.7823200559004058,0.9238069041270278,,
IDRiD_30_1024_2048,0.0,0.0,0.5946428571163106,0.7176724137157681,0.5770948253141963,0.742480567734286,,
IDRiD_30_1024_512,0.3202411227246845,0.2200362412604189,0.18056195300872585,0.1614497528697323,0.8175675672913623,0.6914285710334694,,
IDRiD_30_1536_1024,,,,,0.5536068828498741,0.6745967741663469,,
IDRiD_30_1536_1536,,,,,0.5090430779181505,0.6061080657317065,,
IDRiD_30_1536_2048,0.9219047618930551,0.9404145077476577,0.76789587844166,0.9541778973169331,0.6606314859646581,0.8192771083888676,,
IDRiD_30_1536_2560,,,0.6889128093983947,0.9116809114211735,,,,
IDRiD_30_1536_512,0.0,0.0,0.4395505617779978,0.3921411387015123,0.7321474606668691,0.6913339824395651,,
IDRiD_30_2048_2048,0.853060046185272,0.8357688318955805,0.5535499398148752,0.5950840879304603,,,,
IDRiD_30_2048_2560,,,,,,,0.6289671090412877,0.4805996472451235
IDRiD_30_512_1024,0.0,0.0,,,,,,
IDRiD_30_512_2560,,,0.6143958868631365,0.9728629578055817,,,,
IDRiD_30_512_512,0.0,0.0,,,,,,
IDRiD_31_0_1024,,,0.735062006722939,0.7392290248594978,,,,
IDRiD_31_0_1536,0.7755193795530704,0.797710806224766,0.44636363634334714,0.9316888043772887,0.6664487661346273,0.6747931605000023,0.8980165986756271,0.8978061128778464
IDRiD_31_0_2048,0.6841515841165993,0.6852160069419986,0.403215294364475,0.3977711101415443,0.7785448103074192,0.7939197607675814,0.7530177966497054,0.9310660138017489
IDRiD_31_0_2560,0.845697420601821,0.7630089870145178,0.8614457828730584,0.8362573094524811,0.7234410087973149,0.6523364485778088,0.47614720581013004,0.31246273106272415
IDRiD_31_0_3072,0.8385032776061271,0.9470738273987028,,,,,0.8404480012393276,0.956553381997317
IDRiD_31_0_512,,,0.5610389608932366,0.9473684202216067,,,,
IDRiD_31_1024_0,,,0.9190031151216507,0.9365079362106323,,,0.5634801288876102,0.39225362643349404
IDRiD_31_1024_1536,0.9506074735029051,0.9491807353288546,0.5184466018914129,0.6166281753772221,0.7783177570035266,0.8924897119188531,,
IDRiD_31_1024_2048,,,0.6158536584896452,0.9483568072891181,0.8144031806234101,0.7933280521011061,,
IDRiD_31_1024_2560,0.0,0.0,,,,,,
IDRiD_31_1024_3072,0.0,0.0,,,,,,
IDRiD_31_1024_512,0.0,0.0,,,,,0.0,0.0
IDRiD_31_1536_0,0.3955611005292825,0.3120273490074378,,,,,0.162123893804788,0.08989044713239164
IDRiD_31_1536_1024,0.7514491480699854,0.7119321018353814,,,0.7514174872947951,0.8101673101151758,,
IDRiD_31_1536_1536,0.8887994094296436,0.8602234346471782,0.5922480619236825,0.9999999994764398,,,,
IDRiD_31_1536_2048,0.0,0.0,,,0.7941036614171635,0.8546571135693625,,
IDRiD_31_1536_2560,,,,,0.6210731164686941,0.923140495791476,,
IDRiD_31_1536_512,0.7246913223239028,0.6761452544074023,0.0,0.0,0.793893129568984,0.732394365853336,0.0,0.0
IDRiD_31_2048_1024,,,0.45965770165529857,0.6266666664577777,,,,
IDRiD_31_2048_2048,,,,,0.8307692306530393,0.9999999996632996,,
IDRiD_31_512_0,0.7538461538430693,0.9055342573389802,,,0.667493796443239,0.6212471130204972,,
IDRiD_31_512_1024,0.6968866142649309,0.8203987949961211,,,,,,
IDRiD_31_512_1536,0.5275992749954259,0.5268180322301146,0.517985611485948,0.9358752164755849,,,,
IDRiD_31_512_2048,0.0,0.0,0.7738927738476752,0.6974789915233741,0.7269528500799806,0.6796052631131838,,
IDRiD_31_512_2560,0.0,0.0,0.7260638296906831,0.9578947365060018,0.8075731497325579,0.850410826465674,,
IDRiD_31_512_3072,0.7607260726015547,0.8155355419617959,,,,,0.0,0.0
IDRiD_31_512_512,0.7938120042907787,0.7606220215662873,0.633015006734923,0.9354838705905307,0.0,0.0,,
IDRiD_32_0_1024,0.7760999102050763,0.7460765850479273,,,,,,
IDRiD_32_0_2048,,,0.7537091987683259,0.8856345884399395,,,0.7719750698308194,0.9286452946779397
IDRiD_32_0_2560,,,,,,,0.7104846828681487,0.9669211195834123
IDRiD_32_0_512,0.0,0.0,,,,,,
IDRiD_32_1024_2048,,,0.5638179799596207,0.8012618294002328,0.7467312348306668,0.9961240308790538,,
IDRiD_32_1024_2560,0.0,0.0,,,0.8503350707358365,0.9050323603192939,,
IDRiD_32_1024_3072,0.7889546350566105,0.67039106137761,0.43600330301932255,0.2907488986463933,0.8796083588129096,0.883541805910807,,
IDRiD_32_1536_0,0.49234546504554916,0.3528620225612994,,,,,,
IDRiD_32_1536_1024,,,,,0.0,0.0,,
IDRiD_32_1536_2048,,,,,0.15833592051666143,0.9883720926401658,,
IDRiD_32_1536_2560,,,,,0.8569099062256161,0.8598309244379648,,
IDRiD_32_1536_3072,,,,,0.7839839839682886,0.7872939283961684,,
IDRiD_32_1536_512,0.15043839408974533,0.27121464224033154,,,,,,
IDRiD_32_2048_0,0.0,0.0,,,,,,
IDRiD_32_2048_1024,0.7777360615716581,0.838697922989438,,,,,0.9462840323535373,0.9323344610472531
IDRiD_32_2048_1536,0.0,0.0,0.0,0.0,,,,
IDRiD_32_2048_2048,0.051470588232590826,0.026415094338198646,,,,,0.8228162252295748,0.7573397243801876
IDRiD_32_2048_2560,0.7201672983876606,0.6892669502040372,,,,,,
IDRiD_32_2048_3072,0.6080741742204351,0.43710080531971396,0.6722689074688699,0.8727272724099173,,,,
IDRiD_32_2048_512,0.8615348782993971,0.9707387481830372,,,,,0.7580601462949692,0.9999999999761735
IDRiD_32_512_1024,0.46820809244044237,0.3552631578427978,,,,,,
IDRiD_32_512_2048,,,,,0.36597938139613667,0.9999999992957747,,
IDRiD_32_512_2560,,,0.6350574712187458,0.7633851466729905,0.7667972280768967,0.9160167966296818,0.859192147973883,0.9686755192208261
IDRiD_32_512_3072,,,,,0.7981186018555924,0.8659195517137098,,
IDRiD_32_512_512,0.0,0.0,,,,,,
IDRiD_33_0_1024,0.8221383647591916,0.7043103447972281,,,0.739979444939365,0.5872756932157789,,
IDRiD_33_0_1536,0.7220156430265289,0.661070673859344,0.36952714532666137,0.8940677962313273,,,,
IDRiD_33_0_2048,0.0,0.0,0.7537688441579757,0.8196721309982383,,,,
IDRiD_33_0_2560,0.6932209881260923,0.7447088640902383,0.885542168541334,0.83999999976,,,,
IDRiD_33_0_3072,0.2354940519514992,0.3047439522367344,0.0,0.0,,,,
IDRiD_33_1024_0,0.8551460812025529,0.8766338156086066,,,0.5702306078469118,0.6570048306004808,,
IDRiD_33_1024_1024,0.7394670239635293,0.9825914935512841,0.8703170026310325,0.8934911237316621,0.5706497046537643,0.6575916229677915,,
IDRiD_33_1024_1536,0.6089338576388065,0.9033822758140616,0.4715542521901945,0.5820463320182411,0.5704505504619256,0.8448890106647058,,
IDRiD_33_1024_2048,0.5776955602486108,0.48809169394926927,0.6004178636641366,0.7263823064541428,0.6704115276549615,0.8480074142593759,,
IDRiD_33_1024_2560,0.7725966144976921,0.7841166936740089,0.44127043787932213,0.37023021127813843,0.614040660727223,0.7114464482623686,,
IDRiD_33_1024_3072,0.8592463123305547,0.7784922501042348,0.6487143849783059,0.8009438009094405,0.5768025076561747,0.8440366964733609,,
IDRiD_33_1024_3584,,,0.39111111105316876,0.25984251963388927,,,,
IDRiD_33_1024_512,0.7179756637148286,0.7444941500301416,,,0.0,0.0,,
IDRiD_33_1536_0,,,0.5605536331210115,0.3894230768294656,0.5241379306730083,0.35514018658398117,,
IDRiD_33_1536_1024,0.33480512863914913,0.7496197718488665,0.0,0.0,0.2840236686363856,0.6121457489630711,,
IDRiD_33_1536_1536,0.6802610114142054,0.8994117646882469,0.12656558997188097,0.09125475284303661,0.5725650916069638,0.6998673935361741,,
IDRiD_33_1536_2048,0.4380952380256992,0.281059063079214,0.8472702141777975,0.8283783782664353,0.7177780992307328,0.7895616198520998,,
IDRiD_33_1536_2560,0.7444219066748372,0.6484098939642929,0.6210526315607879,0.8368794325581654,0.641831366406344,0.7311305474333939,,
IDRiD_33_1536_3072,0.7244079630119614,0.6630969859170645,0.6496112365105391,0.5830706888657571,,,,
IDRiD_33_1536_3584,0.8184931506498934,0.7370855820557374,,,,,,
IDRiD_33_1536_512,0.8381332031662353,0.8639514731345,,,0.4801381691744149,0.4199395769124049,,
IDRiD_33_2048_1024,,,0.8667529106252584,0.8210784311713043,0.9177001126361105,0.9951100242065745,,
IDRiD_33_2048_1536,0.6351245767806656,0.6101751459447844,0.5147366725637826,0.48943338436479533,0.5705076551091793,0.7984962405714852,,
IDRiD_33_2048_2048,0.6156079854697712,0.49882352939709346,0.6649484535511212,0.9170616111570944,0.7377501320301757,0.8095299420372244,,
IDRiD_33_2048_2560,0.5549545402168838,0.980479869825926,0.6136012364286243,0.8725274723357082,0.5607171963683196,0.5810810809829255,,
IDRiD_33_2048_3072,0.23065401896002724,0.4169675089500059,0.5321764280164731,0.9761273206959874,,,,
IDRiD_33_2048_512,0.746860173037268,0.6780863571828598,0.17746478871989685,0.2042139383785715,0.6354941550865575,0.5547309831994933,0.6348329159775941,0.659845629139116
IDRiD_33_512_0,0.7484756097497588,0.6941564561625172,,,,,,
IDRiD_33_512_1536,0.8356114922327559,0.8417333471802791,0.3421939348430478,0.30507343122129016,0.568060623054503,0.5935483870619619,,
IDRiD_33_512_2048,0.8050988768679045,0.7922916271100592,0.43345750083191814,0.36930178878422953,0.7009503970745873,0.6902564102387114,,
IDRiD_33_512_2560,0.5911121943277517,0.6411325853219695,0.2621379897757438,0.559799909024111,0.36143117038438866,0.6081632651820075,,
IDRiD_33_512_3072,0.5647615006935889,0.5786858775235538,0.3890119627652188,0.27997448977806283,,,,
IDRiD_33_512_512,0.3958689946342812,0.2660684153990944,0.17021276593481213,0.17582417577587248,,,,
IDRiD_34_0_1024,0.28864468864166776,0.1686643835595809,0.0,0.0,0.0,0.0,,
IDRiD_34_0_1536,,,0.0120120120084048,0.0074074074046639226,,,,
IDRiD_34_0_2048,0.43845621104049326,0.2843609636563139,,,,,,
IDRiD_34_0_2560,0.07678883071419217,0.03993465238627819,,,0.0,0.0,,
IDRiD_34_0_3072,,,0.656108597136627,0.49152542356219475,0.0,0.0,,
IDRiD_34_0_512,0.09748327492521558,0.051307847080774384,,,,,,
IDRiD_34_1024_1024,,,,,0.40133779257502716,0.25917926560276905,,
IDRiD_34_1024_1536,,,0.5699481865057813,0.6435643563777169,0.5580933465185608,0.5676767675620855,,
IDRiD_34_1024_2048,,,0.7334014299557302,0.8290993069678754,,,,
IDRiD_34_1024_3072,0.8208399672959137,0.9543595452202545,0.28717948703221563,0.1958041956672698,0.8239405853904775,0.8993800667191522,,
IDRiD_34_1024_3584,0.0,0.0,,,,,,
IDRiD_34_1024_512,,,,,0.33136094654949055,0.19858156014284997,,
IDRiD_34_1536_0,0.5786667881688674,0.4427246740539446,,,,,,
IDRiD_34_1536_1024,0.5022624434226807,0.39025615266749086,0.0,0.0,0.6226415094030465,0.7545126352882656,,
IDRiD_34_1536_1536,0.6717791410957084,0.6810054418066597,0.0,0.0,0.6714513556083371,0.7360139858853123,,
IDRiD_34_1536_2048,0.6595285225781938,0.6984943777263485,0.0,0.0,,,,
IDRiD_34_1536_3072,0.8449069086566141,0.8056851417640238,,,0.688078108923739,0.769540229840831,,
IDRiD_34_1536_3584,0.34134988361748064,0.26506024094788794,,,,,,
IDRiD_34_1536_512,0.7709792009874755,0.7404083852448818,0.3244251087531254,0.964879851947342,,,,
IDRiD_34_2048_0,0.0,0.0,,,,,,
IDRiD_34_2048_1024,0.0,0.0,0.6636155606238593,0.6531531531204627,0.6689723319827583,0.963015647089187,,
IDRiD_34_2048_1536,0.8443285996745363,0.7454963891725042,,,0.379715825566396,0.6540084387633748,,
IDRiD_34_2048_2048,0.7226961030212185,0.7582031935294227,0.597462514383076,0.8491803277296426,0.13542483659953694,0.49951783987468484,,
IDRiD_34_2048_2560,0.579195314488203,0.6891380093890362,,,,,,
IDRiD_34_2048_3072,,,,,0.7804341851942722,0.6940371456161272,,
IDRiD_34_2048_512,0.822233519740426,0.8484636522565652,0.3814133591296509,0.2640750670064293,0.8016528924957311,0.85387323928629,,
IDRiD_34_512_1024,0.8147063764419415,0.7533787532439284,0.12703583059820264,0.0692717584246409,0.6429548562731936,0.9999999995744681,,
IDRiD_34_512_1536,0.07319698600251899,0.03798882681352018,0.5305555554818673,0.8565022417683846,0.3070900391340979,0.9999999997167138,,
IDRiD_34_512_2560,0.1934990439696559,0.11130664319791876,,,0.0,0.0,,
IDRiD_34_512_3072,0.7058120169077772,0.5598536684468541,0.0,0.0,0.0,0.0,,
IDRiD_34_512_3584,0.0,0.0,,,,,,
IDRiD_34_512_512,0.7096830715975432,0.7850082372284862,0.23719676548266866,0.14332247555836136,,,,
IDRiD_35_0_1024,,,0.36031927021890997,0.24591439686802222,0.0,0.0,,
IDRiD_35_0_1536,0.11736677115938404,0.12899669239131756,,,0.0,0.0,0.0,0.0
IDRiD_35_0_2048,0.42323994307771146,0.2929774388300117,0.3497757847010799,0.276595744615462,,,0.0,0.0
IDRiD_35_0_2560,0.3847034699465135,0.8633755677640045,,,,,,
IDRiD_35_1024_0,0.5109096658576457,0.3599524717173059,,,,,,
IDRiD_35_1024_1024,0.15770196304342216,0.9215969215747573,,,,,,
IDRiD_35_1024_1536,0.08138345480091617,0.11211907697628924,,,0.7749077489821762,0.7062780267474713,0.0,0.0
IDRiD_35_1024_2048,0.82261798752973,0.9487521823872983,0.4952638700277045,0.7408906879591536,0.8073209396137508,0.9192648506652504,,
IDRiD_35_1024_2560,0.7598708716154781,0.6796979120373176,0.6170968505655435,0.6994095544444761,0.5789650537537137,0.7273111016999869,,
IDRiD_35_1024_3072,0.8467171877974314,0.7409553955535075,,,,,,
IDRiD_35_1024_512,0.22862909038159682,0.13347921225158257,0.3758573387687439,0.24035087715081566,,,,
IDRiD_35_1536_0,0.0,0.0,,,,,,
IDRiD_35_1536_1024,,,0.32983023441149306,0.24372759853718906,,,,
IDRiD_35_1536_1536,,,0.4725738395959812,0.3206106869617155,,,,
IDRiD_35_1536_2048,,,0.32260659692990323,0.2040712468089531,0.6928227102210388,0.8084374999747364,,
IDRiD_35_1536_2560,0.16514558887260813,0.09375771033686457,0.7480818413843937,0.8333333332146249,0.5828571427905306,0.543710021206032,,
IDRiD_35_1536_3072,0.5109040726672399,0.8820187016201422,,,,,,
IDRiD_35_1536_512,0.8105260778133734,0.8029203619062845,,,,,,
IDRiD_35_2048_1024,,,,,,,0.7227555053604909,0.5680626159883154
IDRiD_35_2048_2048,0.869609249718376,0.8175182481622102,0.0,0.0,0.6956521738392734,0.9879518069313398,,
IDRiD_35_2048_512,0.37691999120022657,0.914422050600148,,,,,0.7961296772322332,0.760712336239351
IDRiD_35_512_0,0.0,0.0,,,,,,
IDRiD_35_512_1024,,,0.0,0.0,,,,
IDRiD_35_512_1536,0.3077873918370243,0.1818845872866712,,,0.16370106758653008,0.08914728680442882,0.0,0.0
IDRiD_35_512_2048,0.7913573282175433,0.7338606734033652,0.6010307446134525,0.8212724623204822,0.8287937741578223,0.9025423724989228,0.0,0.0
IDRiD_35_512_2560,0.6077088632242671,0.5285908781304087,0.6842105262757772,0.5975485188357968,,,,
IDRiD_35_512_512,0.0932059170042335,0.19701162146660178,0.06038487060184523,0.04238472286714557,,,,
IDRiD_36_0_1024,,,0.7126436781219133,0.7177508268227397,,,,
IDRiD_36_0_1536,0.46198406950815374,0.44466127682061163,0.2321219225988134,0.22654462237378842,0.6921539230211856,0.7807215332141645,,
IDRiD_36_1024_1024,,,0.6015936253781686,0.6239669418909227,0.7981438513229364,0.8309178739947257,,
IDRiD_36_1024_1536,0.8585186883545398,0.912725499711715,0.3555555555212023,0.2879499217076761,0.6781456953193281,0.696598639361007,,
IDRiD_36_1024_2048,,,0.7735665694097602,0.8747252745330274,,,,
IDRiD_36_1024_3584,0.6393622010217389,0.5510644031109926,,,,,,
IDRiD_36_1024_512,0.7242824894961535,0.6263245956148173,0.33050047211232286,0.5573248405868392,,,,
IDRiD_36_1536_1024,,,0.2140221402056072,0.12457044672469325,0.7003934794434854,0.643595041255827,,
IDRiD_36_1536_1536,0.7309877141189353,0.5965214891433339,,,,,,
IDRiD_36_1536_2048,0.6670247046007781,0.544259421536185,,,,,,
IDRiD_36_1536_3584,0.0,0.0,,,,,,
IDRiD_36_1536_512,0.0,0.0,0.6809728182144531,0.9224806197974881,0.0,0.0,,
IDRiD_36_2048_1024,,,0.0,0.0,0.8142741280767012,0.8508474574829072,,
IDRiD_36_2048_1536,,,0.5822454307713939,0.8383458645040703,,,,
IDRiD_36_2048_3072,0.5108144688290894,0.3841762803864749,,,,,,
IDRiD_36_2048_512,0.6311563169080413,0.5093972780188076,0.6903304773139333,0.7421052630602494,,,,
IDRiD_36_512_1024,,,0.6504161711860632,0.5121722845962385,,,,
IDRiD_36_512_1536,,,0.7914252606954976,0.8612862546745721,0.6727489091363448,0.6833199032487252,,
IDRiD_36_512_2048,,,0.6608337621893549,0.6245136186162924,0.8248337026995933,0.7351778653220641,,
IDRiD_37_0_1024,0.7001931971175569,0.5564084670827801,,,0.6726457397594965,0.5102040814591142,,
IDRiD_37_0_1536,,,0.7789046652354052,0.938875305393918,,,,
IDRiD_37_0_2048,,,0.9003215433118626,0.8936170210864645,0.7918781721868638,0.9512195110350983,,
IDRiD_37_1024_1024,,,0.8787061992240683,0.8716577535445681,,,,
IDRiD_37_1024_1536,0.3019125682853885,0.18571428569867945,0.6242690058023195,0.9065817407841652,0.8449265441480441,0.91618134063131,,
IDRiD_37_1024_2048,,,0.9398907102113132,0.980988592782894,0.8669933342123913,0.892727272719157,,
IDRiD_37_1024_2560,,,0.5789473682517697,0.5156249997314454,0.0,0.0,,
IDRiD_37_1024_3072,,,0.13180515757423997,0.12105263154709141,,,,
IDRiD_37_1536_1536,,,0.6939597314970496,0.6544303796639962,,,,
IDRiD_37_1536_2048,0.0,0.0,,,0.6725663715623776,0.9313725485630527,,
IDRiD_37_1536_2560,,,0.7337073802013938,0.6888168556978268,0.0,0.0,,
IDRiD_37_1536_3072,0.24413424412699336,0.3537005163206798,0.37817638263242326,0.29625292736577835,0.3222222220432099,0.19205298000526294,,
IDRiD_37_1536_512,0.33346911065399226,0.20035894925435865,,,,,,
IDRiD_37_2048_3072,,,0.0,0.0,,,,
IDRiD_37_2048_512,0.8326702775208135,0.9962151622778275,,,,,,
IDRiD_37_512_1536,0.0,0.0,,,0.5886157826459051,0.6983883345588343,,
IDRiD_37_512_2048,0.22501319260976238,0.12676893804106587,0.4293577980863564,0.6685714281893878,0.6577577230014273,0.5459521751499293,,
IDRiD_37_512_2560,,,0.7279752704228767,0.9999999997876857,0.6960352419841255,0.6124031003004627,,
IDRiD_38_0_2048,,,0.13627992632262614,0.07312252963704323,,,,
IDRiD_38_0_2560,,,0.6752688170590819,0.5304054052262144,,,,
IDRiD_38_0_512,,,,,0.7942028983205208,0.6586538458371857,,
IDRiD_38_1024_1024,,,0.78824169837843,0.9783783782461651,0.0,0.0,,
IDRiD_38_1024_1536,0.6250451100460107,0.5757978723021411,0.706111833504154,0.55521472386961,,,,
IDRiD_38_1024_2048,,,0.8323424493659521,0.8599508597395698,,,,
IDRiD_38_1024_3072,,,0.4337349396937146,0.2769230768698225,,,,
IDRiD_38_1536_1024,,,0.2846865364704683,0.2392055267496368,0.631726065644184,0.8218181816687604,,
IDRiD_38_1536_1536,,,0.2777777777006173,0.27322404356654423,0.7090348170937942,0.6776748104350855,,
IDRiD_38_1536_2048,,,0.4358638743170246,0.6441005801462089,0.0,0.0,,
IDRiD_38_1536_2560,,,0.0,0.0,,,,
IDRiD_38_1536_3072,,,,,,,0.782150825517339,0.8322886989395577
IDRiD_38_2048_1024,,,0.6626947754050094,0.6347673397159993,0.44170771755165406,0.46741963505930323,,
IDRiD_38_2048_1536,,,0.7182910546437529,0.5604166665499132,0.5133836650299668,0.4096385541720002,,
IDRiD_38_2048_2048,0.7336569579169311,0.6719027859907557,,,,,,
IDRiD_38_512_1024,,,0.626771653444603,0.8728070171610496,0.6528189910333513,0.7366071426927215,,
IDRiD_38_512_1536,,,0.7521697202746219,0.9069767439751216,0.46656976740795275,0.30426540281476155,,
IDRiD_38_512_2560,0.816278522681339,0.7936870996892184,0.6600496277369685,0.9366197180899953,0.055218855215136774,0.028393351798587717,,
IDRiD_38_512_3072,,,0.0,0.0,,,0.9170832341469607,0.8722360576494435
IDRiD_39_0_1024,0.01334141904103448,0.006840796019475075,0.003039513677580584,0.0037243947851537443,,,0.4461935133607519,0.5367286973380109
IDRiD_39_0_1536,0.0,0.0,0.2628205127783942,0.3203124998748779,0.0,0.0,,
IDRiD_39_0_2048,0.028127623844917557,0.014514731368836336,0.6389050669586808,0.7382234185236727,,,,
IDRiD_39_0_2560,0.7069394266393587,0.8702708946983754,,,,,0.8358076667220073,0.8833723652982027
IDRiD_39_0_3072,0.7325905292351569,0.9673563217946044,,,,,,
IDRiD_39_0_512,0.0,0.0,0.050408719342615205,0.14566929128123257,0.11336121505488266,0.7346647645171662,0.01616969486206929,0.011577243868896088
IDRiD_39_1024_0,0.8996367807216628,0.942708333314449,0.8418772562569041,0.8340486407962735,,,,
IDRiD_39_1024_1024,0.5566586785156913,0.3971665852273001,0.44307692305744717,0.8089887639150901,0.24350649346696324,0.3348214284219547,,
IDRiD_39_1024_1536,0.13751756440152207,0.16343798708164245,0.4433854365146133,0.5369344413417851,0.41983695651223196,0.8247330960120344,,
IDRiD_39_1024_2048,0.7321096036082454,0.9085506767610251,0.5607038123002727,0.9886246121004525,0.6649842270873827,0.6546583850118437,,
IDRiD_39_1024_3072,0.20362622033422229,0.3443396224790851,0.7247148288697828,0.6895803183292634,0.6583501005771288,0.5077591557723302,,
IDRiD_39_1024_3584,0.6060358587898361,0.9910161466433043,,,0.0,0.0,,
IDRiD_39_1024_512,0.5710396817027427,0.6886363636189738,0.6014639464164232,0.5616637579824997,0.7542168673790101,0.7195402297196459,,
IDRiD_39_1536_0,,,0.783471074250666,0.8061224487054005,,,,
IDRiD_39_1536_1024,0.3302186577885862,0.8270014211195925,0.42271700547200014,0.46289752646905313,0.6444906443566547,0.9627329186566876,,
IDRiD_39_1536_1536,0.3414444983001314,0.7408498106545709,0.4220317344442453,0.33180384283533687,0.405829596406869,0.8507638072355602,,
IDRiD_39_1536_2048,0.4998493824656097,0.8557675777745269,0.4208881945900271,0.2962613886177738,,,,
IDRiD_39_1536_2560,0.5891924467598514,0.8928462709012832,0.2625734813675654,0.1577708006155596,,,,
IDRiD_39_1536_3072,0.8257884324426109,0.7566645340117474,0.1852791877937463,0.1693735498446929,0.7656612528114083,0.9295774645268795,,
IDRiD_39_1536_512,0.5500558243325884,0.6773602199609728,0.43158464032279154,0.7334558822181148,,,,
IDRiD_39_2048_0,0.35833783052572377,0.2252374491027654,,,,,,
IDRiD_39_2048_1024,0.5885017421568611,0.8430948419160883,0.5001623903702448,0.8342361862584793,0.5045757071442476,0.7851132685575978,0.5933119647869046,0.47411881641964887
IDRiD_39_2048_1536,0.29002192982058633,0.3585225347218393,0.5771392879089856,0.6243243242399562,0.27729636043721034,0.5128205124917817,,
IDRiD_39_2048_2048,0.47271268057152604,0.38513513512674075,0.4524479459509033,0.7256317688220881,,,,
IDRiD_39_2048_2560,0.6890888065684931,0.5418092155939535,0.0,0.0,,,,
IDRiD_39_2048_3072,0.7939501779331176,0.7006469442830183,,,,,0.7154859341950364,0.8879321942628283
IDRiD_39_2048_512,0.600566853959026,0.971603249931851,0.7639866616982591,0.9599627559627595,0.7889344261486748,0.8498896245364481,0.6723282831668433,0.8056007814912797
IDRiD_39_512_0,,,0.6774193547173084,0.5510204080026179,,,,
IDRiD_39_512_1024,0.7773575796557074,0.8531437654463692,0.5868009541401166,0.7515274948828402,0.6489104116130336,0.8338213762505923,,
IDRiD_39_512_1536,0.6969882240338738,0.7173342087944992,0.5302254098292748,0.5420267085482581,0.6815542652868609,0.8160427807195707,,
IDRiD_39_512_2048,0.49038672417215884,0.7101418589728956,0.5308176100295083,0.9193899780132048,0.5442744552535269,0.9143302180210627,,
IDRiD_39_512_2560,0.22118150799343558,0.8896663078100286,0.5970961886935484,0.4482288827727209,,,0.8845528454996894,0.8085612365749963
IDRiD_39_512_512,0.6802193541202004,0.6829810900925141,0.0,0.0,0.0,0.0,,
IDRiD_40_0_1024,0.8888160052184712,0.8505963590175394,0.5454545453168044,0.8059701486522611,,,,
IDRiD_40_0_1536,0.0,0.0,0.4896019013375162,0.8442622949089627,,,,
IDRiD_40_0_2048,,,0.7748117727053516,0.9417637269647648,0.7609981991187633,0.7369207772672826,,
IDRiD_40_1024_0,,,0.557939913923631,0.8124999989843751,0.05454545449586777,0.028037383151366932,,
IDRiD_40_1024_2048,,,0.7149122805449754,0.96449704084941,0.0,0.0,,
IDRiD_40_1024_2560,,,0.858956276385123,0.9157894735464979,0.0,0.0,,
IDRiD_40_1024_3072,,,0.3897280966178659,0.4961538459630177,,,,
IDRiD_40_1536_1536,,,,,0.8711340203940375,0.9712643672578941,,
IDRiD_40_1536_2048,,,0.5398773002822839,0.38596491194213606,0.0,0.0,,
IDRiD_40_1536_2560,,,0.8690196077749788,0.9651567942569413,,,,
IDRiD_40_1536_3072,,,0.900763358549424,0.871921181836492,,,,
IDRiD_40_1536_512,,,,,0.0,0.0,,
IDRiD_40_2048_1024,,,0.8422876948280265,0.9346153842559171,,,,
IDRiD_40_2048_1536,0.0,0.0,0.5233219567095198,0.9583333329340278,,,,
IDRiD_40_2048_2048,,,0.4418052255482648,0.8611111103137861,0.0,0.0,,
IDRiD_40_2048_2560,,,0.6545454544978512,0.5350772888781121,,,,
IDRiD_40_2048_3072,,,0.3951120162128081,0.2795389048185767,,,,
IDRiD_40_2048_512,,,0.507260406533663,0.3535762482653743,,,,
IDRiD_40_512_1536,,,0.4210526315096953,0.6095238092335601,,,,
IDRiD_40_512_2048,,,,,0.8102766797618304,0.7649253729916184,,
IDRiD_40_512_2560,,,0.43785310728278914,0.34675615204770555,0.0,0.0,,
IDRiD_41_0_3072,,,0.8443271766696139,0.8421052629362881,,,,
IDRiD_41_1024_1024,0.0,0.0,0.5742232450762818,0.93796992463572,,,,
IDRiD_41_1024_1536,,,0.5217673813995527,0.4199790794759425,0.7650834402098738,0.6995305162677158,,
IDRiD_41_1024_2048,,,,,0.6628469113578721,0.8379357174813067,,
IDRiD_41_1024_512,,,,,0.7311446317008744,0.5860597438711153,,
IDRiD_41_1536_1024,,,,,0.7562425682810652,0.689804772084641,,
IDRiD_41_1536_3072,0.16440129448774102,0.08956276445066552,0.6171428570253061,0.7232142853914222,,,,
IDRiD_41_1536_3584,0.23535911600909618,0.6120689653413595,,,,,,
IDRiD_41_1536_512,,,,,0.0,0.0,,
IDRiD_41_2048_1024,0.0,0.0,0.6873786407433312,0.8916876573184273,,,,
IDRiD_41_2048_2048,,,0.6874999998209635,0.5409836063356624,,,,
IDRiD_41_2048_2560,,,0.7138728323355553,0.855658198515513,,,,
IDRiD_41_512_1536,,,0.6429479033490536,0.4737827714468572,0.8808388941009686,0.9829787231951108,,
IDRiD_41_512_2048,,,,,0.5959595958091011,0.43065693414939527,,
IDRiD_41_512_3072,,,,,0.7423312881158493,0.6049999996975001,,
IDRiD_42_0_1024,,,,,0.7623318385080469,0.7522123892695852,,
IDRiD_42_0_512,0.0,0.0,0.5802879290608762,0.9961977182523962,,,,
IDRiD_42_1024_0,,,0.0,0.0,0.5740514075711735,0.43345656190233567,,
IDRiD_42_1024_1536,,,0.7865612646666874,0.9521531095922713,,,,
IDRiD_42_1024_2048,,,,,0.8120781527386842,0.9032003160449151,,
IDRiD_42_1024_2560,,,,,0.7950612286125386,0.977600796391797,,
IDRiD_42_1024_3072,,,,,0.7775377968083071,0.9836065568395593,,
IDRiD_42_1024_512,,,,,0.43141361252027083,0.29985443954878394,,
IDRiD_42_1536_0,0.8040712467681889,0.7831474596303412,,,,,,
IDRiD_42_1536_1536,,,0.0,0.0,,,,
IDRiD_42_1536_2048,,,0.6033376122460414,0.9999999995744681,0.8134801467863371,0.953088350199133,,
IDRiD_42_1536_2560,,,,,0.7110187109817557,0.677227722705225,,
IDRiD_42_2048_1536,,,0.0,0.0,,,,
IDRiD_42_2048_2048,,,,,0.0,0.0,,
IDRiD_42_2048_2560,,,0.6653061223810912,0.9999999996932515,0.0,0.0,,
IDRiD_42_512_1536,,,0.0,0.0,,,,
IDRiD_42_512_2048,,,0.6259097524561995,0.9999999995348837,,,,
IDRiD_42_512_2560,,,,,0.8471763843012139,0.8567587613493717,,
IDRiD_42_512_3072,,,,,0.0,0.0,,
IDRiD_42_512_512,0.5269010042947112,0.47113534315358774,,,0.0,0.0,,
IDRiD_43_1024_2048,,,,,0.8266654368510004,0.8957125724520502,,
IDRiD_43_1024_2560,,,0.7191011235450069,0.7745839635741931,0.7666630422950117,0.866784133745014,,
IDRiD_43_1024_3072,,,,,0.02452107279599536,0.012412723040635659,,
IDRiD_43_1024_3584,,,,,0.2839396627964561,0.1742919389788353,,
IDRiD_43_1536_2048,,,,,0.7729521715015681,0.7443091582454044,,
IDRiD_43_1536_2560,,,,,0.8339884153866673,0.8660580021389251,,
IDRiD_43_512_2048,,,,,0.7043956043827034,0.9781281789939914,,
IDRiD_43_512_2560,,,,,0.0,0.0,,
IDRiD_43_512_3072,,,,,0.0,0.0,,
IDRiD_44_0_1024,,,0.780487804497323,0.7843137247212612,,,,
IDRiD_44_0_2560,,,,,0.8203683640125597,0.8523187752880541,,
IDRiD_44_0_3072,,,,,0.5692657077540298,0.45465538083982404,,
IDRiD_44_0_512,,,,,0.7700170357314016,0.6450999047911418,,
IDRiD_44_1024_0,,,,,0.0,0.0,,
IDRiD_44_1024_1024,,,0.0,0.0,0.0,0.0,,
IDRiD_44_1024_1536,,,,,0.0,0.0,,
IDRiD_44_1024_3072,,,,,0.6003976142743275,0.9999999997792494,,
IDRiD_44_1024_512,,,,,0.06736842103844876,0.03485838779196985,,
IDRiD_44_1536_1024,0.8027547236305359,0.8735588008887949,,,0.7498048399541413,0.6360927152107254,,
IDRiD_44_1536_1536,,,,,0.0,0.0,,
IDRiD_44_1536_2560,,,,,0.0,0.0,,
IDRiD_44_1536_3072,,,,,0.08756567424035627,0.04578754577915979,,
IDRiD_44_1536_512,,,0.8076923075369823,0.7266435983644831,0.5478787878123783,0.3779264213414839,,
IDRiD_44_2048_1024,,,,,0.0,0.0,,
IDRiD_44_2048_1536,0.6414231257778545,0.527151211339718,,,0.8464860620005307,0.786861313811178,,
IDRiD_44_2048_512,,,0.8752196835017189,0.9431818178245522,0.7208969168438436,0.652350355082264,,
IDRiD_44_512_1024,,,0.856194690170775,0.8696629211528847,,,,
IDRiD_44_512_1536,0.0,0.0,0.2999999999659091,0.977777777053498,,,,
IDRiD_44_512_2048,,,,,0.8652427184130004,0.7867231637862483,,
IDRiD_44_512_2560,,,0.7863501482512834,0.9999999996226414,0.0,0.0,,
IDRiD_44_512_512,,,0.3053817271207282,0.29756097553718025,,,,
IDRiD_45_0_1024,,,0.0,0.0,0.4643841007294615,0.31266560676668437,,
IDRiD_45_0_1536,0.8723926858712917,0.8814307098331251,0.03918824352419956,0.07161125317861604,0.8276833670827345,0.8065900120061216,,
IDRiD_45_0_2048,,,,,0.8458657447177798,0.8989589711635665,,
IDRiD_45_0_2560,,,,,0.8942252715326343,0.8669623058905807,,
IDRiD_45_0_512,,,,,0.0,0.0,,
IDRiD_45_1024_1024,0.0,0.0,0.23826714799293616,0.3804034581036301,0.0,0.0,,
IDRiD_45_1024_2560,,,,,0.5654126894844073,0.46555709660353417,,
IDRiD_45_1024_512,,,,,0.7634475596933864,0.672029250432467,,
IDRiD_45_1536_0,,,0.8126410833380042,0.6976744183342347,,,,
IDRiD_45_1536_1024,,,0.8106508873341269,0.9072847676110697,0.693279434040089,0.5965217391044991,,
IDRiD_45_1536_1536,,,,,0.5999999999876289,0.8640142517301654,,
IDRiD_45_1536_2048,,,0.6431372547758554,0.5559322032013789,,,,
IDRiD_45_1536_2560,,,,,0.0,0.0,,
IDRiD_45_1536_3072,,,,,0.8235294114797476,0.9296874992736817,,
IDRiD_45_1536_512,,,0.3239436618577663,0.20814479628590735,0.6890712290442643,0.6401232565578961,,
IDRiD_45_2048_1024,0.0,0.0,0.45607107596682417,0.991416308587375,0.0,0.0,,
IDRiD_45_2048_1536,,,0.0,0.0,,,,
IDRiD_45_2048_2560,,,,,0.5810397552924527,0.4185022025817178,,
IDRiD_45_2048_512,,,,,0.8296155139511847,0.7864201466285577,,
IDRiD_45_512_1024,,,0.6294277928297782,0.7064220181325926,0.7234654731342157,0.6484240687493289,,
IDRiD_45_512_1536,,,,,0.305882352926782,0.29411764703220655,,
IDRiD_45_512_2560,,,,,0.0,0.0,,
IDRiD_45_512_512,,,,,0.5947480482189674,0.5224438902091716,,
IDRiD_46_0_1024,,,0.8140969162278329,0.6999999998939395,,,,
IDRiD_46_0_1536,0.5038513819436407,0.3603370058094402,,,,,,
IDRiD_46_1024_1024,0.8078990901488017,0.9513026539821938,0.03310502282916067,0.016831108530654025,0.0,0.0,,
IDRiD_46_1024_1536,0.7502095043418493,0.7655278855347035,0.3724525649773399,0.2393857271689805,0.8146086526245025,0.8418664109885466,,
IDRiD_46_1024_2048,0.8481805992926688,0.8469921534384918,0.2672727272484297,0.18822023044965172,0.5239852397557223,0.36597938134897434,,
IDRiD_46_1536_1024,0.8507236227774817,0.8735618408332506,0.8230358504644152,0.8939519469019095,,,,
IDRiD_46_1536_1536,0.8603070727193479,0.8887155485757298,0.7353951889191988,0.9876923073884023,0.5102880656336263,0.9393939379706153,,
IDRiD_46_1536_2048,0.7437169841464405,0.6977023577008905,0.0,0.0,,,,
IDRiD_46_1536_512,0.8839968902128401,0.8066009557884811,,,,,,
IDRiD_46_2048_1024,0.8574169564683154,0.8299236818408348,0.4021909233019487,0.7460087081645851,,,0.860289057119904,0.8753501400492113
IDRiD_46_2048_1536,0.7642023346237422,0.7793650793513339,0.0,0.0,,,,
IDRiD_46_2048_2048,0.51487663279182,0.4971969165908481,0.0,0.0,0.0,0.0,0.8823621146702585,0.8476827806547375
IDRiD_46_2048_2560,,,,,,,0.0,0.0
IDRiD_46_2048_3072,0.8445027035814804,0.775971093032581,0.8101265821502964,0.7170868345330289,,,0.26223776223637296,0.15090543259465333
IDRiD_46_2048_512,0.8351226324493465,0.7400608466934457,0.35538261992796594,0.23499142363036168,0.0,0.0,0.9221666666651297,0.9890954594172717
IDRiD_46_512_1024,0.896572641790133,0.8615061785863661,0.05626598464753632,0.28571428534322824,,,,
IDRiD_46_512_1536,0.8493553835077683,0.8427741828410725,0.5910006715519811,0.8730158728426556,0.7077039274835385,0.7326035965407193,0.8974985098715655,0.9209975928301133
IDRiD_46_512_2048,0.6484689143160496,0.6432954894040611,0.18962432914225183,0.30547550423473324,0.7735849055561207,0.7139303480811118,0.7203344281832168,0.9804909770609578
IDRiD_47_0_1024,0.0,0.0,,,0.5074074073760859,0.36762075130879956,,
IDRiD_47_0_1536,,,,,0.6734279918809458,0.6483361974590168,,
IDRiD_47_0_2048,,,0.5657370515674355,0.39444444422530867,0.0,0.0,,
IDRiD_47_0_2560,0.6886005560597992,0.8270871984850803,0.5930408471563509,0.7582205027546963,,,0.9045583238945292,0.9463286040077417
IDRiD_47_0_512,,,,,0.3839122485586998,0.237556561032227,,
IDRiD_47_1024_0,,,,,0.8097355487758078,0.6873261819353467,,
IDRiD_47_1024_1024,0.01801697419109287,0.7631901839554368,,,,,,
IDRiD_47_1024_2048,,,0.7003699136004476,0.979310344489893,0.4380598276079422,0.9296987086851005,,
IDRiD_47_1024_3072,0.02488311276639754,0.3250517598119357,,,,,,
IDRiD_47_1024_3584,,,0.0,0.0,,,,
IDRiD_47_1024_512,,,0.5456155889685017,0.9999999996753246,0.8095825488514913,0.8333890262592167,,
IDRiD_47_1536_0,,,0.24827586198335314,0.142292490062335,,,,
IDRiD_47_1536_1024,,,,,0.6271246879754293,0.6502341631587323,,
IDRiD_47_1536_1536,,,,,0.0,0.0,,
IDRiD_47_1536_3072,0.8363032316489115,0.9463431305455712,,,,,,
IDRiD_47_1536_512,,,0.5488505746337858,0.3782178217072836,,,,
IDRiD_47_2048_0,,,,,0.6796536795065684,0.9345238089675454,,
IDRiD_47_2048_1536,0.16060126581960837,0.222222222210059,,,,,,
IDRiD_47_2048_2048,0.38589743587269887,0.25336700334567613,,,,,,
IDRiD_47_2048_2560,0.0,0.0,0.6235446312259322,0.5591647330489177,,,,
IDRiD_47_2048_512,,,,,0.6593406593025251,0.9743589741924173,,
IDRiD_47_512_0,,,,,0.9154228854203279,0.9387755098847702,,
IDRiD_47_512_1024,,,0.6211180123794949,0.9999999997777778,,,,
IDRiD_47_512_1536,,,0.7700831024219683,0.8853503182833651,,,,
IDRiD_47_512_2048,,,,,0.7378495588344871,0.985223642133178,,
IDRiD_47_512_2560,,,,,0.7995965029993412,0.9007575756893365,,
IDRiD_47_512_512,,,0.6415094337893505,0.9999999991596639,0.5807679003704468,0.7196742391461778,,
IDRiD_48_0_1536,,,0.8521400776552257,0.8295454542312327,,,,
IDRiD_48_0_2048,0.6697559468614248,0.6852704777324549,0.6152987157668733,0.7610497236517888,0.39367311065137556,0.35109717857332373,,
IDRiD_48_0_2560,0.0,0.0,0.23192455465484024,0.17773019270997162,0.6729570945284585,0.5713422007168781,,
IDRiD_48_0_3072,,,0.3636363635830445,0.22222222218239746,,,,
IDRiD_48_1024_0,0.15203870074968634,0.1532033425970469,0.5589798086547312,0.3879056046625508,,,,
IDRiD_48_1024_1024,0.0,0.0,0.04640371228621724,0.05347593580028025,0.29610389609290894,0.71377459736784,0.740679789858555,0.9667345927137372
IDRiD_48_1024_1536,0.13043977494470985,0.4529505581956559,,,0.3048564338778853,0.8921161823875278,,
IDRiD_48_1024_2048,0.0286486406662601,0.11444077394862621,0.0,0.0,0.8566418767709254,0.9196416980277861,,
IDRiD_48_1024_2560,0.10762607625745307,0.06809338521135824,0.5492568268138739,0.6770345121143148,0.823518160371471,0.9269652169730468,,
IDRiD_48_1024_3072,0.5429467904265725,0.47118221011491734,0.3937957776735503,0.35385210993597166,0.8149101912005735,0.8205626863630162,,
IDRiD_48_1024_512,0.3053221288429882,0.18455807652609016,,,,,,
IDRiD_48_1536_1024,,,,,0.75206827483452,0.7087984241512016,0.8658560892791338,0.8444790046327963
IDRiD_48_1536_1536,0.7738456352957922,0.8312816798818767,0.37429378528430124,0.48983364131426366,0.8267886342611399,0.9084470367622725,,
IDRiD_48_1536_2048,,,,,0.7714402345315937,0.7792772529556209,,
IDRiD_48_1536_2560,0.82891705066737,0.747144340563492,0.10138248847147599,0.0948275861932719,0.8072528846685098,0.8976487443076957,,
IDRiD_48_1536_3072,0.6829918726704136,0.6979108092880405,0.3914285713726531,0.4433656956493962,0.35647464301543696,0.5238784369719424,0.7929280081353794,0.6865638766444211
IDRiD_48_1536_512,0.40794083299307354,0.31320980273083027,0.7557251905512499,0.933962263269847,0.7946611909378967,0.7019347037060498,,
IDRiD_48_2048_1024,,,0.6699507388062479,0.7640449435340655,0.6354155467085753,0.8655536027865978,0.732687755538056,0.6923139487540275
IDRiD_48_2048_1536,,,,,0.7336747758813268,0.7947295421921319,,
IDRiD_48_2048_2048,0.0,0.0,0.5896934115727531,0.5142207052884846,0.790533380403019,0.9507221749404653,,
IDRiD_48_2048_2560,0.749078057769291,0.7232937685352627,0.21126760561254854,0.29577464780400714,0.7073170731409876,0.7115059221056255,,
IDRiD_48_2048_3072,0.12662337662248288,0.9999999998885173,0.0,0.0,,,,
IDRiD_48_2048_512,0.5447501947485686,0.906587245967391,,,0.6986640276744847,0.5422427034913792,,
IDRiD_48_512_1024,0.0,0.0,0.4986684420606302,0.37866531848439505,0.0,0.0,0.0,0.0
IDRiD_48_512_1536,0.09896648919201484,0.05499477897476524,0.028692879913459462,0.022900763356836235,0.7562517174840272,0.9608938546815018,0.8121827411140566,0.7481662591641309
IDRiD_48_512_2048,0.6458087366797043,0.47689625104822175,0.06585365852855443,0.04990757854900045,0.7449542671375577,0.911908947895698,,
IDRiD_48_512_2560,0.7256320327315299,0.6117031105598293,0.5707427993864231,0.5017769879941854,0.7321986800845398,0.8503428801593247,,
IDRiD_48_512_3072,0.5756517065266349,0.7703650422447336,0.05597964375878122,0.03138373751335467,0.0,0.0,,
IDRiD_48_512_512,,,0.0,0.0,,,,
IDRiD_49_0_1024,0.19321947488673924,0.10709239897973744,0.5303580695106197,0.8516666665247222,0.6235311616744975,0.6457178065112226,,
IDRiD_49_0_1536,0.008700380641179967,0.004369197159783222,0.28169014078839233,0.9999999985714286,0.6873651872626487,0.8788233327615106,0.661487236367287,0.49419568818456083
IDRiD_49_0_2048,0.0,0.0,0.6955093099480967,0.5968045112501502,0.6297977713318285,0.8650793649812836,,
IDRiD_49_0_2560,0.21244309559536337,0.3061782394583828,0.0,0.0,0.5049115913308,0.4308466051608678,,
IDRiD_49_0_3072,0.5783582089417361,0.8093994777539556,0.0,0.0,0.2735042732705092,0.15841584142731105,,
IDRiD_49_0_512,0.12574139974783613,0.06708860758644448,,,0.8580697485111054,0.9280701752757772,,
IDRiD_49_1024_1024,0.7206477732307255,0.5632911391810874,0.4973821989268386,0.4493850519915435,0.8051560569664923,0.8992502342970985,,
IDRiD_49_1024_1536,0.6575342465503222,0.5510204081281237,0.45510835906267677,0.5464684012838407,0.8113017878925625,0.9154547295891616,,
IDRiD_49_1024_2048,,,0.6869300911158126,0.7369565215789224,0.8077443812563786,0.8642619150968527,,
IDRiD_49_1024_2560,,,,,0.5665729619145595,0.9745054944626592,,
IDRiD_49_1024_3072,,,0.0,0.0,0.7079107504712012,0.9509536783445568,,
IDRiD_49_1024_512,0.4962474414260576,0.3935786435644452,,,0.6829985301267107,0.6159057437317246,,
IDRiD_49_1536_1024,0.6294273248801765,0.8328181818106107,0.41761504203772315,0.36130136983208033,0.8277420889742119,0.916732542795343,,
IDRiD_49_1536_1536,,,,,0.82957397119072,0.9568985710907308,,
IDRiD_49_1536_2048,,,,,0.7218543043967369,0.9999999990825689,,
IDRiD_49_1536_512,0.5921327939699251,0.5520156046742261,0.3798657717993334,0.5026642983567793,0.6789046042630319,0.8374164810379578,,
IDRiD_49_2048_1024,0.6331754957064473,0.808578987142776,0.5606166783068944,0.627943484987764,0.906308574624554,0.9015918958006746,,
IDRiD_49_2048_1536,0.4563644103679709,0.3839541547002898,0.5748380497587849,0.6291044775649922,0.8247771634863342,0.9563055991564867,,
IDRiD_49_2048_2048,0.15033301616791947,0.08554412560446431,0.4699453549344561,0.3071428569234694,0.21352313163460443,0.12121212118763391,,
IDRiD_49_2048_2560,,,0.667384284104695,0.5158069882669206,,,,
IDRiD_49_2048_3072,0.4636374492462872,0.8110507624732499,0.1178637200628118,0.06330365973656739,0.0,0.0,,
IDRiD_49_2048_512,0.4511721366315985,0.6469458317077624,0.40748440746322845,0.4568764568232079,0.8147685721905682,0.8855573505597055,,
IDRiD_49_512_0,,,,,0.7868852452566515,0.8571428556122449,,
IDRiD_49_512_1024,0.6919175668418112,0.665085864088294,,,0.670355466118874,0.735737946237183,0.8662840806355421,0.9759852216702539
IDRiD_49_512_1536,0.6679751001136592,0.8742605085579955,0.6922808242859839,0.6401808785116162,0.6018728209227152,0.943869965968668,0.0,0.0
IDRiD_49_512_2048,,,,,0.7280742103621278,0.937512339576135,,
IDRiD_49_512_3072,0.39739525318996916,0.9281568941179076,0.5609756097200914,0.8551859098130751,,,,
IDRiD_49_512_512,0.6220513199687787,0.6662442578700104,0.6514778324922574,0.757879656106169,0.6962025312049351,0.54999999945,,
IDRiD_50_0_1024,,,,,0.680106100777716,0.832467532413476,,
IDRiD_50_0_1536,,,,,0.4689405918176085,0.46123083758139904,,
IDRiD_50_0_2048,,,,,0.5952034069225866,0.6599975145935132,,
IDRiD_50_0_2560,,,,,,,0.5941164369430562,0.45817028027014095
IDRiD_50_0_512,,,,,0.29098467133564604,0.17960230916678632,,
IDRiD_50_1024_1024,0.6461485556972808,0.8735471873141076,,,0.5033500837310155,0.6633554083153029,,
IDRiD_50_1024_1536,0.23221772187712486,0.1841126760542635,0.6025459688399897,0.8223938222350592,0.4958391510723494,0.6562684801795348,0.8451758968926751,0.7448963929279372
IDRiD_50_1024_2048,,,,,0.5894570789984297,0.6909090908877994,,
IDRiD_50_1024_2560,0.929719422488018,0.9668555240519304,,,0.4847307269577549,0.5171706173024659,,
IDRiD_50_1024_3072,0.0,0.0,,,,,,
IDRiD_50_1536_0,,,0.0,0.0,,,,
IDRiD_50_1536_1024,0.8453815260619788,0.8287401573987461,,,0.0,0.0,,
IDRiD_50_1536_1536,,,,,0.5910949475013024,0.6797089121979033,,
IDRiD_50_1536_2048,,,,,0.3832193582274695,0.7441266598189925,,
IDRiD_50_1536_2560,0.0,0.0,0.8561946902181308,0.7778894471580011,0.6881148015236193,0.7475484033096863,,
IDRiD_50_1536_3072,0.6095940445938373,0.6927029804672883,0.7341772150969397,0.7435897433990795,,,0.7955301416422038,0.7936022667899962
IDRiD_50_1536_512,0.0,0.0,,,0.0,0.0,,
IDRiD_50_2048_1024,0.5902841429745581,0.4797020483992662,0.6091370557602618,0.9716599186349555,0.06722689073747146,0.04545454543732782,,
IDRiD_50_2048_1536,,,,,0.0,0.0,,
IDRiD_50_2048_2048,,,,,0.0,0.0,,
IDRiD_50_2048_2560,,,,,0.29396325456745726,0.3758389260904163,,
IDRiD_50_2048_512,,,,,0.0,0.0,,
IDRiD_50_512_1536,,,0.5238095237596372,0.6516587676180903,0.7045842162367446,0.7270933333294555,,
IDRiD_50_512_2048,,,0.7602339179063643,0.9558823522383219,0.4626529018805298,0.5743672590137386,,
IDRiD_50_512_2560,0.5024875621751662,0.36786726020364763,0.3327114427757242,0.8887043187892518,0.33270911359760585,0.3696255200853241,0.7728616799870065,0.9544225047206597
IDRiD_51_0_1024,,,0.6624857468265402,0.999999999827883,0.823644357556246,0.9103671705280382,,
IDRiD_51_0_1536,0.8042593172439045,0.7179200447101505,0.25832492429280274,0.99999999921875,,,,
IDRiD_51_0_2048,0.0,0.0,0.6815476190138121,0.7111801241499813,,,0.7017372155443666,0.5509028044352323
IDRiD_51_0_3072,,,0.08939974456074078,0.04679144384401184,,,,
IDRiD_51_1024_1024,,,0.522678185716918,0.604999999924375,0.7748934521203064,0.7204610950489581,,
IDRiD_51_1024_1536,0.48897266728578753,0.5350660065785864,0.5399274046941958,0.8933933932592503,0.5722925888566758,0.6411036920596906,0.21501438660175218,0.12052785923400212
IDRiD_51_1024_2048,,,,,0.05797101447875096,0.029850746261231156,,
IDRiD_51_1024_3072,0.7352855051190681,0.58860759492981,,,,,,
IDRiD_51_1024_3584,0.7188786822876236,0.6319086732475023,,,,,,
IDRiD_51_1024_512,0.30074173969651097,0.28998699606112005,0.5461970392778868,0.8813838548795084,0.7417923691121588,0.7525720164415491,0.9064768188890208,0.9048114253958346
IDRiD_51_1536_0,,,0.485596707619096,0.320652173738776,,,,
IDRiD_51_1536_1024,,,0.47133458645509085,0.6164720343812863,,,,
IDRiD_51_1536_1536,,,0.5799338478287419,0.7088948786425071,0.5790441176293185,0.7488114104002526,0.7767374389980649,0.7045454545285994
IDRiD_51_1536_512,,,0.6542857142623469,0.5735754539402895,,,,
IDRiD_51_2048_1024,0.6084176258539216,0.48966033498185024,0.40088244562241154,0.44569025925398104,,,,
IDRiD_51_2048_1536,0.0,0.0,0.6434885091148059,0.8537920249527918,0.0,0.0,0.8828058169354557,0.833901957259679
IDRiD_51_2048_2048,,,,,,,0.7807699979896117,0.6420603674330033
IDRiD_51_2048_2560,,,0.5365168538572308,0.40466101686341927,,,,
IDRiD_51_2048_512,0.0,0.0,0.6927796129923182,0.9786666665361778,0.6597938142629397,0.6918918915178963,0.3336403986237866,0.20657471740945166
IDRiD_51_512_1024,,,0.5167173250709065,0.3483606555949342,,,,
IDRiD_51_512_1536,,,,,0.0,0.0,,
IDRiD_51_512_2048,,,0.5283018866816976,0.36103151852119436,,,,
IDRiD_52_0_2560,,,0.7993019195812737,0.9423868308879066,,,,
IDRiD_52_1024_0,,,,,0.6396624472034039,0.47493734329888004,,
IDRiD_52_1024_2560,0.0,0.0,0.25490196076348837,0.829787233601177,,,,
IDRiD_52_1024_3072,,,0.6146010185713751,0.7801724134568222,,,,
IDRiD_52_1536_2048,,,0.658914728554474,0.9941520462022503,0.7485029938999247,0.7163323780182428,,
IDRiD_52_1536_2560,,,0.4832605530592052,0.9999999993975904,,,,
IDRiD_52_1536_3072,0.0,0.0,0.0,0.0,,,,
IDRiD_52_2048_2048,0.09315455186357413,0.0500379075018925,0.5777007509942894,0.932835820808504,,,,
IDRiD_52_2048_2560,,,0.6839186690996342,0.7684319833054588,,,,
IDRiD_52_2048_3072,,,0.4417989417405028,0.28401360539387527,,,0.8367068694196464,0.7251408834625497
IDRiD_52_512_0,0.5999999993333334,0.42857142789115643,,,,,,
IDRiD_52_512_2048,,,0.7163187855447667,0.967948717824622,0.3196104470863386,0.19759168033948593,,
IDRiD_52_512_2560,,,0.8167770417623008,0.9788359783180762,,,0.879784946227099,0.9628147799255633
IDRiD_52_512_512,0.0,0.0,0.2408111533485082,0.14570552146494348,,,,
IDRiD_53_0_1024,0.7184008863414347,0.6555181128841152,0.0,0.0,,,,
IDRiD_53_0_1536,,,0.737605804022055,0.5957031248836517,,,,
IDRiD_53_0_2048,,,0.14444444440432097,0.4406779653547831,,,,
IDRiD_53_0_2560,,,0.7896189949867687,0.7281059062395004,,,,
IDRiD_53_0_3072,,,0.8664343785288694,0.797008546838246,,,,
IDRiD_53_0_512,0.6242582482741968,0.883736559119988,0.1254214430124463,0.06763636363144462,,,,
IDRiD_53_1024_1536,,,,,0.0,0.0,,
IDRiD_53_1024_2048,0.6492229622478716,0.8497301784620287,0.3958529688599573,0.634441087421619,0.6701330748156329,0.5899146625199393,,
IDRiD_53_1024_2560,0.7080104503371828,0.7930264854637782,0.5342385273155281,0.47482014387938243,,,,
IDRiD_53_1024_3072,0.7267385673944615,0.6865824264064964,0.5700955343130394,0.501956181514008,0.7386262265175176,0.8414634144631171,,
IDRiD_53_1536_1536,0.012170385393068887,0.006211180122937644,,,,,,
IDRiD_53_1536_2048,0.7379636937589742,0.6444720154308731,0.16095380027407544,0.9818181800330579,0.8138832997578529,0.7134038800076363,,
IDRiD_53_1536_2560,0.5754975007019193,0.9142942762686757,0.5808469682247149,0.8476123594910384,0.6574712642922447,0.5531914892547019,,
IDRiD_53_1536_3072,0.7712017081419149,0.9301464670701731,0.5403698691682287,0.5314995562971162,0.7013311147794787,0.696694214818455,0.8986351621033681,0.9231877632351674
IDRiD_53_1536_3584,0.8691250903675141,0.8143631436038495,,,,,,
IDRiD_53_1536_512,,,0.6094808126066884,0.9557522122202209,,,,
IDRiD_53_2048_1024,0.5342465752901912,0.4199999999353846,0.2927580893231498,0.48969072139706665,0.0,0.0,,
IDRiD_53_2048_1536,0.0,0.0,0.7722772276749829,0.9644513136067309,,,,
IDRiD_53_2048_2048,0.0,0.0,0.3972911963658413,0.4340320591326718,0.0,0.0,,
IDRiD_53_2048_2560,0.243421052622682,0.1395056556288435,0.1597911227070605,0.9999999993464053,0.7447751741136938,0.9499192244022748,,
IDRiD_53_2048_3072,0.30318153461312597,0.3083756344981995,0.5061224489279467,0.44524236975848436,,,,
IDRiD_53_2048_512,,,0.692395005596777,0.6573275860652311,,,,
IDRiD_53_512_0,,,0.8799999998826668,0.8753315647545539,,,,
IDRiD_53_512_1536,,,0.40610786223501927,0.33930510313033085,,,,
IDRiD_53_512_2560,0.6972650110003937,0.7340589835939246,0.33480907580700586,0.35525543157044887,,,,
IDRiD_53_512_3072,,,,,0.7749999997578124,0.9999999991935484,,
IDRiD_53_512_512,0.0,0.0,0.3748031495472751,0.31648936161795493,,,,
IDRiD_54_0_1536,,,0.7531305902725285,0.8453815259346623,,,,
IDRiD_54_0_2048,,,0.779428571339494,0.9069148933758204,,,,
IDRiD_54_0_2560,0.6793391366018948,0.5755568934203625,0.30147530466315103,0.6871345027230601,0.7716838969551133,0.8976763146800785,,
IDRiD_54_0_3072,0.0,0.0,0.6658696951185972,0.6343963552808205,,,,
IDRiD_54_1024_0,0.0,0.0,0.5696361354366831,0.41197822134083883,,,,
IDRiD_54_1024_1024,,,0.0,0.0,,,,
IDRiD_54_1024_1536,,,0.025454545449917355,0.017676767672303844,,,,
IDRiD_54_1024_2048,0.4545323116892507,0.29778367114419807,0.4161979752374879,0.40659340656361953,0.7403508771280394,0.9745958427310402,,
IDRiD_54_1024_2560,0.3084402151395486,0.3937153419489381,0.32231655548328814,0.5519210799298068,0.6375622619209622,0.9485614646077976,,
IDRiD_54_1024_3072,0.6345771693390466,0.6600826825604005,0.5359555025717927,0.5755119453679389,0.6958174903620119,0.5884244371098313,,
IDRiD_54_1024_3584,0.557657107981337,0.4550282110701949,0.0,0.0,,,,
IDRiD_54_1024_512,0.0,0.0,,,,,,
IDRiD_54_1536_0,0.0,0.0,0.5856777493231664,0.524027459894276,,,,
IDRiD_54_1536_1536,,,0.0,0.0,,,,
IDRiD_54_1536_2048,,,0.5930493273210173,0.8163580245653769,,,,
IDRiD_54_1536_2560,0.23309178742553793,0.25294888594325704,0.7129979645038385,0.8769670957884859,0.0,0.0,,
IDRiD_54_1536_512,0.6852713178117501,0.5541161721456701,0.0,0.0,,,,
IDRiD_54_2048_0,,,,,,,0.8685003767733892,0.9612176813610835
IDRiD_54_2048_1024,,,,,,,0.06458859870641426,0.034400239304983544
IDRiD_54_2048_1536,,,0.7744140624621869,0.8733480175249617,,,,
IDRiD_54_2048_2048,0.0,0.0,0.5447513811853728,0.9939516127028323,,,,
IDRiD_54_2048_2560,0.6094104308217287,0.6773787019106882,0.5961043733702277,0.576813655719999,,,,
IDRiD_54_2048_3072,0.22544283413518604,0.7905544147032285,0.3543378995271992,0.22158766417923542,,,,
IDRiD_54_2048_512,,,,,,,0.7270725046219405,0.7680067001603572
IDRiD_54_512_0,0.5841537739998053,0.6025145067115556,,,,,,
IDRiD_54_512_1024,,,0.04747774479303331,0.024316109415101483,,,,
IDRiD_54_512_1536,,,0.5727545727389366,0.7535919539688511,0.648437499936676,0.9095890408466879,,
IDRiD_54_512_2048,,,0.5505142165426186,0.9999999997802197,,,,
IDRiD_54_512_2560,0.28868747901657504,0.7080131722992309,0.4504217730311886,0.48911164879055957,0.6793493245043714,0.85694412240072,,
IDRiD_54_512_3072,0.7759425493669901,0.7067480649655865,0.4949874686561721,0.4293478260636224,,,,
IDRiD_54_512_512,0.75299999996235,0.6038492381231877,,,,,,
IDRiD_55_0_1024,,,,,0.8268907561635478,0.9839999996064,,
IDRiD_55_0_1536,,,,,0.8240684178324735,0.8195625759317184,,
IDRiD_55_0_2048,,,0.7888446211996635,0.798387096130333,0.8418727490976186,0.8151385530927323,,
IDRiD_55_1024_1024,,,0.7673216131574642,0.9999999997304582,0.8337213814492779,0.8287367405938826,,
IDRiD_55_1024_1536,0.0,0.0,0.05555555554152637,0.03928571427168367,0.8376281640140595,0.7961552593766975,,
IDRiD_55_1024_2048,,,0.47785977855370293,0.34441489357122146,0.8764232054961474,0.8953085424084891,,
IDRiD_55_1024_2560,,,0.7574777687648554,0.874883286566304,0.8606405505549005,0.9132785618966054,,
IDRiD_55_1536_1024,,,0.4498777505562497,0.37782340854664814,0.6726938154998584,0.586086714058468,,
IDRiD_55_1536_1536,,,0.7851796406891774,0.8150738150104837,0.7117139183126823,0.881933378853616,,
IDRiD_55_1536_2048,0.3600102933584662,0.2795484064314162,0.36444116561706086,0.5864661653903259,0.6481166681558912,0.8582938388557796,0.0,0.0
IDRiD_55_1536_2560,0.48710010319803193,0.32554785716423,0.4672036823397925,0.5531335148356584,0.7942459184829384,0.7160148209124825,0.0,0.0
IDRiD_55_1536_3072,,,,,0.8822149225508631,0.8667588750176691,,
IDRiD_55_1536_512,,,,,0.59581881529641,0.48625592412452545,,
IDRiD_55_2048_1024,,,,,0.8719172632560129,0.9733570158129029,,
IDRiD_55_2048_1536,,,0.3540753724492484,0.9950738911354317,0.7289450991454745,0.667719852518814,,
IDRiD_55_2048_2048,,,0.12048192768181158,0.07163323780182428,0.8326754532626435,0.8346298283149862,,
IDRiD_55_2048_2560,,,,,0.8227642276393035,0.7724928755545359,,
IDRiD_55_512_1024,0.7183364839125483,0.6264719735927239,0.67513069452296,0.6014637391482726,0.859995980892458,0.8523932095334547,,
IDRiD_55_512_1536,0.4894913567903309,0.3261518064248235,0.4109816971371895,0.9999999995951417,0.8873891999397068,0.9083591258389037,,
IDRiD_55_512_2048,0.7334255676474084,0.9897759495167743,0.4797630799131527,0.43470482997590254,0.8438917410147486,0.898196286469766,,
IDRiD_55_512_2560,,,,,0.5683060107736868,0.49523809500226756,,
IDRiD_56_0_1024,,,0.343347639337619,0.20725388590297728,,,,
IDRiD_56_0_1536,,,0.5637065636340146,0.49435665903061926,,,,
IDRiD_56_0_2048,0.6221104712416082,0.48105870546310764,0.567645365540147,0.6992907800426538,,,,
IDRiD_56_0_2560,0.665393040068734,0.5193326135006444,,,,,,
IDRiD_56_0_3072,0.5280463160165599,0.40092892095545385,,,,,0.7769618196575516,0.9870789299827152
IDRiD_56_0_512,,,0.7061728393318092,0.9999999993006994,,,,
IDRiD_56_1024_0,0.0,0.0,,,,,,
IDRiD_56_1024_1024,,,0.054224464057110684,0.06615384614366865,,,,
IDRiD_56_1024_1536,,,0.8022759600565753,0.7230769228915187,,,,
IDRiD_56_1024_2048,,,,,0.638260036928813,0.8805434987567363,,
IDRiD_56_1024_2560,0.0,0.0,0.7346625766307774,0.9999999997912317,0.2017175953624582,0.965583173811552,,
IDRiD_56_1024_3072,0.15009594200731932,0.0916189484635466,0.5238993710527076,0.695325542512911,,,,
IDRiD_56_1536_1024,0.0,0.0,,,,,,
IDRiD_56_1536_1536,,,0.47079964056866125,0.8161993766927728,,,,
IDRiD_56_1536_2048,0.5045972460494277,0.557283062865054,,,0.7169154228677385,0.912025316397973,,
IDRiD_56_1536_2560,0.4791313199782978,0.39988671763240197,0.4693877550541441,0.7718120802779154,,,0.0,0.0
IDRiD_56_1536_512,0.0,0.0,,,,,,
IDRiD_56_2048_1024,0.7781711547388009,0.8054486230352181,,,0.3539019963381214,0.4545454544394999,,
IDRiD_56_2048_1536,,,0.6561631139336271,0.9315789471232686,,,,
IDRiD_56_2048_2048,0.5837747843152431,0.4369547977745898,0.0,0.0,,,,
IDRiD_56_2048_2560,0.6874467238714342,0.5594764591593772,,,,,0.701239354699846,0.9999999999802528
IDRiD_56_2048_3072,,,0.8427773343301853,0.804878048657793,,,,
IDRiD_56_2048_512,0.06531134944668943,0.05841924398458135,,,,,,
IDRiD_56_512_1024,0.6865821766209687,0.9010031678867344,0.6701846965404493,0.8273615634280824,,,,
IDRiD_56_512_1536,,,0.1366245694525474,0.1465517241198828,0.5769230768578142,0.683646112417253,,
IDRiD_56_512_2048,,,,,0.6470286885190656,0.9892950391386608,,
IDRiD_56_512_2560,0.5501932518512995,0.4253755451427445,0.7659346544849526,0.7079207920091167,,,,
IDRiD_56_512_3072,0.37322886059175164,0.287843690197524,0.18014705881525062,0.1722319859251114,0.6086341117757512,0.9327548804918102,0.8479664862953163,0.9961041623881067
IDRiD_57_0_1024,,,,,0.6902356901775896,0.7374100718098183,,
IDRiD_57_0_1536,0.5525114154935781,0.4448529411355833,,,0.24831568813779442,0.30935251791142626,,
IDRiD_57_0_2048,,,,,0.24193548385323052,0.14640638862942268,,
IDRiD_57_0_512,,,,,0.44390715665164865,0.856343283422324,,
IDRiD_57_1024_0,,,,,0.17082201925028828,0.09338731443742544,,
IDRiD_57_1024_1024,,,0.7001434719225046,0.6069651739783668,0.7117790277834625,0.6522541929427258,,
IDRiD_57_1024_1536,,,0.0,0.0,0.772290809314604,0.7269205939081046,,
IDRiD_57_1024_2048,,,,,0.5367088607142018,0.8281249997843424,,
IDRiD_57_1024_512,,,,,0.46404704623811754,0.5068613138538143,,
IDRiD_57_1536_0,0.18290916614560504,0.600543478179274,,,0.40384615376849115,0.2792553190746661,,
IDRiD_57_1536_1024,,,,,0.7375027689526876,0.7407297537712737,,
IDRiD_57_1536_1536,,,,,0.6980043279550612,0.7845945945733893,,
IDRiD_57_1536_2048,,,,,0.8032653060896627,0.7534456354706397,,
IDRiD_57_1536_512,,,0.6295336786749309,0.89667896645879,0.6467495219730701,0.5276911076237251,,
IDRiD_57_2048_1024,,,,,0.5159525979474975,0.4101449274767906,,
IDRiD_57_2048_1536,,,,,0.637318659297783,0.6486761710133732,,
IDRiD_57_2048_512,,,0.26527958384066586,0.15572519081591982,0.003319502074413319,0.0016625103905517447,,
IDRiD_57_512_0,,,,,0.5666068222417736,0.4152631578728809,,
IDRiD_57_512_1024,,,0.027397260236442112,0.013888888869598767,0.48210526310714685,0.3299711815086497,,
IDRiD_57_512_1536,0.0,0.0,,,0.5466297321748264,0.6757990866036988,,
IDRiD_57_512_512,,,0.3589138134168933,0.3662650601527072,0.6703992210158131,0.6380908248082442,,
IDRiD_58_0_1536,0.0,0.0,0.8412162161451675,0.725947521760066,,,,
IDRiD_58_0_2048,,,0.756071805622379,0.8883374687621991,0.7513599999939891,0.9315611981564856,,
IDRiD_58_0_2560,,,0.6471581316461925,0.7196495618623718,0.8238003838455356,0.8845836767613698,,
IDRiD_58_0_3072,,,0.06340057635060502,0.07692307686928457,,,,
IDRiD_58_0_512,,,0.36116504847356024,0.22302158268033054,,,,
IDRiD_58_1024_0,,,,,0.8106379397271396,0.959744918255889,,
IDRiD_58_1024_1024,,,0.7554296505424523,0.9638554214544927,,,,
IDRiD_58_1024_1536,0.8491137051325968,0.9132052076592311,0.7167235494065162,0.7720588233401816,0.8371587339836052,0.9077809798033067,,
IDRiD_58_1024_2048,,,,,0.773766084110104,0.8701943844304494,,
IDRiD_58_1024_2560,0.0,0.0,0.7127211456855331,0.9358407077575573,0.8449047436281178,0.9655172413510954,,
IDRiD_58_1024_3584,,,,,0.8733459355626946,0.9023437496475218,,
IDRiD_58_1536_0,,,,,0.08691015729061663,0.045441873431414904,,
IDRiD_58_1536_1536,0.0,0.0,,,,,,
IDRiD_58_1536_2048,0.6409236690103794,0.47881924476751353,,,0.0,0.0,,
IDRiD_58_1536_2560,0.23239563881553885,0.13242259902428485,0.9380530971375989,0.929824560995691,,,,
IDRiD_58_1536_3072,0.4215308369986023,0.2701129146035619,,,,,,
IDRiD_58_1536_512,,,0.0,0.0,0.7124760076638681,0.5907065563147452,,
IDRiD_58_2048_1024,,,,,0.7007419620197245,0.548387096703434,,
IDRiD_58_2048_1536,0.018137847641531504,0.018404907974330986,,,,,,
IDRiD_58_2048_2048,,,0.7331319233904198,0.9357326475743617,,,,
IDRiD_58_2048_2560,0.8394048229717906,0.7336322869735835,,,,,,
IDRiD_58_2048_3072,0.28241491085613435,0.1790622992912131,,,0.7111245831962546,0.5557924662270601,,
IDRiD_58_512_1024,0.015239862178536708,0.0076784402750372,,,,,,
IDRiD_58_512_1536,0.6941730003368016,0.6143497757453972,0.43169121379219444,0.7215619693172222,0.7101387358606117,0.8894333671235246,,
IDRiD_58_512_2048,,,,,0.7668034889654233,0.8570199751423394,,
IDRiD_58_512_2560,0.8992851015104416,0.8491197753445391,0.2803986710777144,0.17043618738526362,0.8551307846222203,0.7548845469351892,,
IDRiD_58_512_3072,,,0.3936039359909466,0.7692307688609468,0.865771812007905,0.9450549448818581,,
IDRiD_58_512_512,0.8014792098782224,0.7404999999876584,,,,,,
IDRiD_59_0_1024,,,0.0,0.0,,,,
IDRiD_59_0_1536,0.6783130039210428,0.5187351778574113,0.3093721564777641,0.19406392691848587,0.4350649349236802,0.9710144913463559,0.9114557278615322,0.9800135884895255
IDRiD_59_0_2048,,,,,,,0.9416533333316592,0.9061484243989936
IDRiD_59_1024_1024,0.12130263031062095,0.7445298639417782,0.5744360902039686,0.4844641724486706,0.5476892821756298,0.9237147593824686,0.0,0.0
IDRiD_59_1024_1536,,,0.6634382564979568,0.7445652169866493,0.8621863373686729,0.9153325769951874,,
IDRiD_59_1024_2048,0.6886866059773167,0.9697857535072371,,,0.7643020594947265,0.9276692784415409,,
IDRiD_59_1024_512,0.0,0.0,0.027027027008765525,0.01562499998779297,,,,
IDRiD_59_1536_0,,,0.14973262030484144,0.08588957054160865,,,,
IDRiD_59_1536_1024,0.0,0.0,,,0.7698762324232233,0.8822115384403315,,
IDRiD_59_1536_1536,,,0.8514963297091193,0.7577889446474584,0.6776748720407161,0.9455874851054993,,
IDRiD_59_1536_2048,0.6132917670354733,0.8264273438833984,0.008608321376713893,0.016949152537584986,0.5469453955618404,0.9287025703510189,,
IDRiD_59_1536_2560,,,,,0.0,0.0,,
IDRiD_59_1536_3072,,,,,0.43780403054636524,0.2988614800475463,,
IDRiD_59_1536_512,0.8701730704313017,0.8106166075321749,0.38461538457429323,0.3214285713711735,,,,
IDRiD_59_2048_1024,0.4479734534196732,0.3013392857094812,,,,,,
IDRiD_59_2048_1536,,,0.6633081443607634,0.9825870644321922,,,,
IDRiD_59_2048_2048,0.17515789472946705,0.1811846689737644,0.5428203476966252,0.9153094461546896,,,0.0,0.0
IDRiD_59_2048_2560,,,,,0.5831521739090818,0.8862275448918805,0.8925130827769795,0.8615424356337029
IDRiD_59_2048_3072,,,,,0.3566845619961152,0.22028141678440433,,
IDRiD_59_2048_512,,,0.4014598539852949,0.2624045801276331,,,,
IDRiD_59_512_1024,0.31653655074240117,0.23183885639724705,0.47464503041721107,0.6169702780145269,0.6056022841221884,0.9501210653522973,0.9390526937384546,0.9400338186154438
IDRiD_59_512_1536,0.7204754447226419,0.8025585972374077,0.0,0.0,0.770220342753683,0.957447985829142,0.0,0.0
IDRiD_59_512_512,0.0,0.0,0.2540045766299766,0.7551020403026517,,,0.5070291406743412,0.9927087130757963
IDRiD_60_0_1536,,,0.5146299483205998,0.8794117644472318,,,,
IDRiD_60_0_512,,,,,,,0.7791193181679844,0.6614410611799385
IDRiD_60_1024_0,,,,,0.6875941737647515,0.6205802356926301,,
IDRiD_60_1024_1024,,,,,0.6789312308217492,0.8918296892467301,,
IDRiD_60_1024_1536,0.0,0.0,0.4363636363026065,0.2857142856619571,0.8079298513122076,0.9240429057214262,,
IDRiD_60_1024_2048,0.5387293298286019,0.5663311984843247,0.3564356435251446,0.380281690051577,0.6954436450005463,0.8868501526339907,0.7456106125488566,0.5944012441494744
IDRiD_60_1024_2560,0.8811307901857338,0.9439309170403316,0.770509577131532,0.8780889620364012,0.5254189150660205,0.7023538344189556,0.5026737967792253,0.37668488158919183
IDRiD_60_1024_3072,,,,,0.0,0.0,,
IDRiD_60_1536_1024,,,0.0,0.0,0.48628781451834074,0.9502762429889198,,
IDRiD_60_1536_1536,0.337715694323383,0.2260104481653558,,,0.5680145467090829,0.8855291576434793,,
IDRiD_60_1536_2048,,,0.4389763779095496,0.2997311827554125,0.48320228733083626,0.896551724019025,,
IDRiD_60_1536_2560,0.7800323217672827,0.7510373443723708,0.5778251598531103,0.42476489021555414,0.7294723602998774,0.8587140439811236,,
IDRiD_60_1536_3072,,,0.7036011078383376,0.8758620683614745,,,,
IDRiD_60_1536_512,,,,,0.058515610394192764,0.8682385574385245,,
IDRiD_60_2048_0,,,,,0.0,0.0,,
IDRiD_60_2048_1024,0.16602613373902061,0.20903225805103018,,,0.7223729649684115,0.7773059057627432,,
IDRiD_60_2048_1536,,,0.7582017010014336,0.6948775054131675,,,,
IDRiD_60_2048_2048,,,0.06341463413087448,0.07471264363522262,0.5432582435495393,0.7916270218731599,0.0,0.0
IDRiD_60_2048_2560,0.6964443716182321,0.5893510815275133,0.6249209360966186,0.5238600211811315,0.7613762485985687,0.8668913226256575,0.8380487527999148,0.8087856712449537
IDRiD_60_2048_512,0.41838134429292245,0.7830551988725218,0.7979094075264966,0.9308943085646771,0.30504587152465074,0.18472222219656637,,
IDRiD_60_512_0,,,,,0.5829596409941885,0.4113924048029162,,
IDRiD_60_512_1024,,,0.3337874659173169,0.2719200887600533,,,,
IDRiD_60_512_1536,,,0.6584723441037337,0.5647590360595243,0.7299490032367877,0.834393216724049,,
IDRiD_60_512_2048,0.3632307005638898,0.37168949768295073,0.2781557067061107,0.19186652761294407,,,0.9584216834125601,0.985823336963701
IDRiD_60_512_2560,0.5123832724111903,0.34443231439167943,,,0.35807860246372114,0.3796296292781207,0.9199305568786463,0.9687788805361482
IDRiD_60_512_3072,,,,,,,0.8615943910597974,0.8082169535432249
IDRiD_61_0_1024,0.8218672006087594,0.8017478541552328,,,,,,
IDRiD_61_0_1536,0.012653257122855912,0.006389072482897602,0.3918629550111422,0.3160621761385093,,,,
IDRiD_61_0_2048,0.7987750145160843,0.7076433716839026,0.6429840141810398,0.9354005166750129,,,,
IDRiD_61_0_2560,,,0.6397515525963504,0.9196428563217475,,,,
IDRiD_61_0_512,0.7669515214424428,0.6221171287878268,,,,,,
IDRiD_61_1024_0,0.07016146549826167,0.03635613251777903,0.0,0.0,,,,
IDRiD_61_1024_1024,0.6966305540964342,0.5878574305264038,0.8403141360156657,0.9876923073884023,0.6233766233091584,0.5373134327355759,,
IDRiD_61_1024_1536,0.6190733340511247,0.7492157546118053,0.44640434189644473,0.5358306188052393,0.7516671819072046,0.7397426981855029,,
IDRiD_61_1024_2048,0.0,0.0,0.4440780434063183,0.538307794767601,0.7394793926207186,0.890892460461376,,
IDRiD_61_1024_2560,0.7263445761147901,0.7366474721288148,0.547894736827687,0.5965616045503402,,,,
IDRiD_61_1024_3072,0.1845396228848277,0.5973154362165556,0.7082545683233613,0.9606837605195413,,,,
IDRiD_61_1536_0,0.0,0.0,,,,,,
IDRiD_61_1536_1024,0.17585620597451276,0.5219899062599859,,,0.0,0.0,,
IDRiD_61_1536_1536,0.12111604311856777,0.08095507205310885,0.0,0.0,0.5496183205924455,0.7900763358024736,,
IDRiD_61_1536_2048,0.631218372902832,0.5595583160723319,0.4569775849271889,0.9999999996835442,0.629391504015961,0.9768353528037914,,
IDRiD_61_1536_2560,0.12697384403492612,0.08244820696095857,0.23975409834837325,0.14338235293239077,,,,
IDRiD_61_1536_512,0.39804107586882886,0.2695513265721991,0.0,0.0,,,,
IDRiD_61_2048_1024,0.8777568630622928,0.856210225664289,,,,,,
IDRiD_61_2048_1536,0.7134147564322677,0.6718605397844336,,,,,,
IDRiD_61_2048_2048,0.7866924136627144,0.8565329983066811,,,,,,
IDRiD_61_2048_2560,0.6547192353616993,0.8001208337448381,0.41962007370514265,0.3062913907157992,,,,
IDRiD_61_2048_512,0.7359221752639568,0.6264559745849245,,,,,,
IDRiD_61_512_0,0.4650422431709009,0.3271317829429187,,,,,,
IDRiD_61_512_1024,0.6120012666234769,0.4754957437374514,,,0.0,0.0,,
IDRiD_61_512_1536,0.5596712452134663,0.639398032023671,0.4433752775557596,0.5425724637189698,0.8348445595584572,0.9174377223546307,,
IDRiD_61_512_2048,0.6900576748871269,0.5942257943470561,0.6585455887538374,0.6520467835780667,0.7547169811111344,0.7547169810901933,,
IDRiD_61_512_2560,0.7416655898688932,0.6600733127281534,0.29921259839153963,0.29555555548987655,,,,
IDRiD_61_512_3072,0.0,0.0,,,,,,
IDRiD_61_512_512,0.8304293156073576,0.8723738835018721,,,,,,
IDRiD_62_0_1024,0.6410506892365022,0.7940306533801014,0.28740740736482856,0.18336483928480818,0.707753478984542,0.9128205123523998,,
IDRiD_62_0_1536,,,,,0.0,0.0,,
IDRiD_62_0_512,0.0,0.0,,,0.6501922020510602,0.5553470918803614,,
IDRiD_62_1024_0,,,0.726840854934242,0.7846153842130178,,,,
IDRiD_62_1024_2048,,,0.6216596342304277,0.9285714281812726,,,,
IDRiD_62_1024_2560,,,,,0.7255813951800973,0.9999999993589744,,
IDRiD_62_1024_3072,0.0,0.0,0.4454787233746357,0.3959810874236429,,,,
IDRiD_62_1536_0,,,0.7790973869883379,0.6381322954715438,,,,
IDRiD_62_1536_1024,,,0.68341708508371,0.6071428566007654,,,,
IDRiD_62_1536_2560,,,,,0.780610714495287,0.9224443499089403,,
IDRiD_62_1536_3072,,,0.6624338623637637,0.9999999996805111,,,,
IDRiD_62_2048_2048,,,,,0.7221362229032301,0.9623517276698723,,
IDRiD_62_2048_2560,,,,,0.6982685211455112,0.9214345912495484,,
IDRiD_62_2048_512,,,,,0.0,0.0,,
IDRiD_62_512_1536,,,0.47368421050034626,0.6728971961568696,0.7093333332702815,0.6082317072243549,,
IDRiD_62_512_512,,,,,0.3643512450374376,0.23679727423563932,,
IDRiD_63_0_1024,,,,,0.7420622921001707,0.6574388283504655,,
IDRiD_63_0_1536,,,,,0.7663230240440103,0.7197417966455153,,
IDRiD_63_0_2560,0.6605898123147296,0.6956521738737632,0.7350348027501145,0.9485029938983829,,,,
IDRiD_63_0_3072,,,0.6710526313582064,0.5454545451628585,,,,
IDRiD_63_1024_1024,,,,,0.7974479422225517,0.95918367345321,,
IDRiD_63_1024_1536,,,,,0.8597946070577198,0.8576750301209852,,
IDRiD_63_1024_3072,0.7317372621165158,0.9905817174240836,,,,,,
IDRiD_63_1024_3584,0.7228826151291649,0.9969262294060527,,,,,,
IDRiD_63_1024_512,0.5319526627179589,0.7241240434811896,,,,,,
IDRiD_63_1536_1536,,,0.6402835203402076,0.47089487398167723,0.42396505095851955,0.9999999999018646,,
IDRiD_63_1536_2048,,,,,0.09886159376576209,0.9880239515041773,,
IDRiD_63_1536_2560,,,,,0.6274509797770089,0.45714285648979597,,
IDRiD_63_1536_3072,,,,,0.739204788355297,0.8252983293162149,,
IDRiD_63_1536_512,0.0,0.0,,,,,,
IDRiD_63_2048_1536,,,,,0.0,0.0,,
IDRiD_63_2048_2048,,,,,0.6987881442444329,0.8314801945506782,,
IDRiD_63_512_1024,,,,,0.8313819992251543,0.8425878991712705,,
IDRiD_63_512_1536,,,,,0.8077733875510514,0.8724463134822892,,
IDRiD_64_0_1024,,,0.6828429499296362,0.7279022402962159,0.6552217452567637,0.9999999995633188,0.8739509317579462,0.7816306954398963
IDRiD_64_0_1536,0.6697251792763363,0.5359281437087544,0.46382189236463683,0.5742725879671865,0.4128887223601932,0.9795555554684838,,
IDRiD_64_0_2048,0.0,0.0,,,0.818322788733351,0.9749482707583879,,
IDRiD_64_0_2560,,,,,0.6559999999691295,0.532467532426855,,
IDRiD_64_0_3072,,,,,0.7184466018783365,0.78269230754179,,
IDRiD_64_0_512,,,0.8227049754153675,0.9044684128036259,0.009695290858054342,0.004871259568206593,,
IDRiD_64_1024_1536,,,0.7705263156272576,0.9999999994535519,0.4453248811057587,0.9366666663544444,,
IDRiD_64_1024_2048,,,0.8376068375352472,0.859649122656202,0.19387326898053409,0.2595505617685898,,
IDRiD_64_1024_2560,,,0.22997946607187278,0.18855218848870295,0.7589065337830815,0.8571428571338402,,
IDRiD_64_1024_3072,,,0.48372093000757166,0.3190184047122587,0.7081600458811392,0.6914029683368411,,
IDRiD_64_1536_0,,,0.7344461304450344,0.5945945945215486,,,,
IDRiD_64_1536_2048,0.009149511332727189,0.016806722687791695,0.0741258741206905,0.05284147556801182,0.238726790419267,0.13719512193030564,,
IDRiD_64_1536_2560,0.0,0.0,,,0.6912381951640708,0.8588657105326315,,
IDRiD_64_1536_3072,,,0.0,0.0,0.8651362983597463,0.8294360384003527,,
IDRiD_64_2048_1536,,,0.8076433119990264,0.9378698222077307,0.8105999024417071,0.8815417255699597,,
IDRiD_64_2048_2560,0.37158305796978697,0.29396387832001036,0.18486269255292279,0.14743589742014573,0.7161572049274423,0.6029411760272492,0.8661377974862073,0.9235995470530634
IDRiD_64_2048_3072,0.3635514018521705,0.3139628732595671,0.7153945665772707,0.7554644807711114,0.785109983013104,0.8957528955799705,,
IDRiD_64_512_1024,,,0.3745928338457172,0.7692307689735014,,,,
IDRiD_64_512_1536,,,,,0.6383214509968663,0.9347614410804418,,
IDRiD_64_512_2048,,,0.2520325202910525,0.15604026843019458,0.6764930114333763,0.8224026833716797,,
IDRiD_64_512_2560,,,0.6549865228816268,0.5804140126926421,0.8026094276037976,0.9019391455005212,,
IDRiD_64_512_3072,,,0.4019323671109244,0.25181598059905375,0.6918518518006035,0.5681265206121501,,
IDRiD_65_0_1024,,,0.5615384614304734,0.9999999993150686,0.0,0.0,,
IDRiD_65_0_1536,,,0.7447329739958485,0.9464508093466438,,,,
IDRiD_65_0_2048,0.8486194858505675,0.93105849575689,0.0,0.0,0.5818882466206565,0.854394568055285,,
IDRiD_65_0_2560,0.8562753036263913,0.9943582510110787,0.5936661298661478,0.7117117116201144,0.7556029882402454,0.8413547236576735,,
IDRiD_65_0_3072,0.6143677161138569,0.5792062971276088,0.36194029848495396,0.36014851480691235,0.0,0.0,,
IDRiD_65_0_3584,0.8758584257329182,0.8095703124209404,0.0,0.0,,,,
IDRiD_65_0_512,,,0.7897574122924855,0.951298700989838,0.7266666664244444,0.5828877002230547,,
IDRiD_65_1024_1024,,,0.6816584679773957,0.9185606058866363,0.5147340221868593,0.5868237347038908,,
IDRiD_65_1024_1536,0.3521798810356743,0.8824107435020502,0.37930100242808723,0.2659574467984059,0.35181325550846965,0.8940677964207483,,
IDRiD_65_1024_2048,0.73234118168889,0.8281838733778402,0.6064333017688537,0.6455186303478834,0.8627864344618176,0.9296331045334569,,
IDRiD_65_1024_2560,0.6891291755131824,0.680133396849165,0.6766721043824904,0.8309294871129063,0.680548982457144,0.6192937122636267,,
IDRiD_65_1024_3072,0.5073767542098822,0.3528528528351925,0.42399999998869337,0.8350840335257265,0.7195530726055991,0.5900137425290878,,
IDRiD_65_1024_3584,0.7615850815779805,0.910387873363567,0.269972451716261,0.1713286712687662,,,,
IDRiD_65_1536_1024,,,0.443405051429214,0.9999999997890295,0.7053557154220195,0.8649284453859062,,
IDRiD_65_1536_1536,,,0.6970387243418206,0.8199356912304464,0.687827688809865,0.9623314829118822,,
IDRiD_65_1536_2048,0.6142061280909327,0.5697674417868518,0.45287958109255505,0.9774011293912989,0.704277608023742,0.9329285920516645,,
IDRiD_65_1536_2560,,,0.4271186439230106,0.32142857126457725,0.0,0.0,,
IDRiD_65_1536_3072,0.1740370898591985,0.12224448896570697,0.13940256044527718,0.5414364637892617,0.5011252813015332,0.8709256843714569,,
IDRiD_65_1536_3584,0.44720777751645474,0.9939698491463347,0.43817787409150155,0.32063492053313175,,,,
IDRiD_65_1536_512,,,,,0.8036733680614626,0.7600938966779299,,
IDRiD_65_2048_1536,,,0.6273458444199269,0.9999999995726496,,,,
IDRiD_65_2048_2048,,,,,0.37443946184143057,0.9999999994011977,,
IDRiD_65_2048_2560,0.7759358288700896,0.990894605030938,,,,,,
IDRiD_65_2048_3072,,,0.9050632910437697,0.8845360822918482,0.827722772195275,0.9999999997607655,,
IDRiD_65_512_1024,,,0.0,0.0,,,,
IDRiD_65_512_1536,,,,,0.7151442307656493,0.8827893174965036,,
IDRiD_65_512_2048,0.0,0.0,,,0.744999300598009,0.9161697247601356,,
IDRiD_65_512_2560,0.0,0.0,0.5248442485864634,0.7502172024000775,0.7217881649519546,0.8079087452348607,,
IDRiD_65_512_3072,,,0.7093285263312606,0.9987309643402627,0.35254522506620645,0.8490374872493377,,
IDRiD_65_512_3584,0.8707162284520269,0.9942028985095569,0.640483383492301,0.8617886171855378,,,,
IDRiD_66_0_1024,,,0.0,0.0,0.7410025706821819,0.6705437627022233,,
IDRiD_66_0_1536,,,0.5680534154818668,0.9667832166141987,0.7633168588603699,0.6817735922958256,,
IDRiD_66_0_2048,,,0.8423645319505447,0.9827586205013873,0.550394797943558,0.46690307326765557,,
IDRiD_66_0_2560,,,,,0.8061104581896463,0.6929292927893071,,
IDRiD_66_0_512,,,0.7779310343754579,0.975778546375163,,,,
IDRiD_66_1024_0,,,,,0.6056751467562212,0.5016207455226248,,
IDRiD_66_1024_1024,,,0.44180522560073576,0.6019417473780123,0.9165160550889133,0.9212791816472621,,
IDRiD_66_1024_1536,0.6318289785973148,0.9151376145739522,0.5787017394870874,0.7082035305966664,0.7713379835117765,0.9055311546158508,,
IDRiD_66_1024_2048,,,0.46256239596817283,0.85538461512142,0.8726323372489492,0.8915278623198588,,
IDRiD_66_1024_2560,,,,,0.6994930428198158,0.5701098901073841,,
IDRiD_66_1024_512,0.4189237991903603,0.26496116947167836,0.38577586202739483,0.5474006114533942,0.8162921821020256,0.7873376623248809,,
IDRiD_66_1536_1024,0.4319938176114375,0.48757086783743697,0.47372598824458284,0.6157655798342647,0.8701819102847372,0.8318825822944236,,
IDRiD_66_1536_1536,,,0.3695652172574039,0.22666666656592593,0.9148008949851147,0.9495366540418875,,
IDRiD_66_1536_2048,,,,,0.9029285892647932,0.9135245330343714,,
IDRiD_66_1536_2560,,,0.6907630521394816,0.9347826084416351,0.8094507517395075,0.7447769621262125,,
IDRiD_66_1536_512,,,,,0.7037504300935801,0.5677486213384368,,
IDRiD_66_2048_1024,,,,,0.8551954509023323,0.8415702369400111,,
IDRiD_66_2048_1536,,,,,0.8520395848393313,0.880628664083319,,
IDRiD_66_2048_512,,,,,0.7493827160262536,0.7827208252235511,,
IDRiD_66_512_0,,,,,0.0,0.0,,
IDRiD_66_512_1024,0.7485714285691533,0.6550348422753601,0.0,0.0,0.8037390757742728,0.7962795556343111,,
IDRiD_66_512_1536,,,0.4522037778790954,0.43840177575600425,0.8855712285001485,0.9289994238516142,,
IDRiD_66_512_2048,,,0.6949030868130005,0.7622047242894167,0.8142821908964178,0.7239116868209551,,
IDRiD_66_512_2560,,,,,0.7716181506766735,0.6773769259549535,,
IDRiD_66_512_512,,,,,0.8319242130954878,0.8705894893841745,,
IDRiD_67_0_1024,0.8526873524778393,0.8647533319192799,0.0,0.0,0.30624999990429685,0.18081180805136093,,
IDRiD_67_0_1536,0.4758393942365663,0.37115324836227614,0.24142011832891003,0.3984374999221802,0.31306990880665986,0.41090425529182817,0.7756180288279446,0.8492358234477272
IDRiD_67_0_2048,0.6099066959376922,0.8272537780063006,0.0,0.0,,,,
IDRiD_67_0_512,,,0.0,0.0,,,,
IDRiD_67_1024_1024,0.5958208046260578,0.7426700825434797,0.37395912186321123,0.6739427011358878,,,,
IDRiD_67_1024_1536,0.28990416073172737,0.36361880853177925,,,0.6908069299096176,0.7489001691793943,,
IDRiD_67_1024_2048,0.3981220657090084,0.26270136305683384,0.6882591092652997,0.6827309236033827,,,,
IDRiD_67_1024_2560,,,0.6179159048795323,0.9602272724544808,0.7317757009003844,0.984905660253471,,
IDRiD_67_1024_512,0.8847962932607474,0.836282402898185,0.4165745856238515,0.7384916747562692,,,,
IDRiD_67_1536_1024,0.4793317626866614,0.4254752851657101,,,0.5681213411313448,0.7823378526646267,,
IDRiD_67_1536_1536,0.0,0.0,0.5683836589529786,0.9284332687690102,0.7082954312018889,0.9184232554530216,,
IDRiD_67_1536_2048,0.0,0.0,0.791927626945586,0.9844290655736282,0.8114478114250436,0.9843430904707731,,
IDRiD_67_1536_2560,0.36049627791444006,0.9034825870496935,,,0.0,0.0,,
IDRiD_67_1536_512,0.0,0.0,0.6214177978727647,0.8015564201814814,,,,
IDRiD_67_2048_1024,0.7878230280049037,0.7183320996757052,0.6881355932086757,0.7810696421400127,0.6576271185697596,0.929712459766865,,
IDRiD_67_2048_1536,0.7344624447690189,0.6777196439445694,,,0.6621621621277463,0.7547393364034669,,
IDRiD_67_2048_2048,0.07307292440111283,0.18061674007484457,0.459863945546948,0.9797101446435622,,,,
IDRiD_67_2048_2560,0.0,0.0,,,,,,
IDRiD_67_2048_512,0.19944394901065035,0.6525918297176005,,,,,,
IDRiD_67_512_1024,0.853771869567038,0.8219870847209056,0.8257456828237247,0.9581056464557185,0.7497393117440178,0.9958448752083318,,
IDRiD_67_512_1536,0.423241477662864,0.6113769271582752,0.4151815181381128,0.8921985814337308,0.5992865635434855,0.9999999996031746,,
IDRiD_67_512_2048,0.624887577793917,0.7105456925410247,0.6133333332879012,0.7638376382354544,,,,
IDRiD_67_512_2560,,,0.47859922174332686,0.999999999593496,,,,
IDRiD_67_512_512,0.41375350854545956,0.6126960135912961,0.678082191664712,0.9999999994949496,0.7978609624815122,0.7706611568655658,,
IDRiD_68_0_1536,,,0.6967418545929359,0.5515873015325806,,,,
IDRiD_68_0_2560,0.6795270113578505,0.8450005766250144,,,,,,
IDRiD_68_1024_0,0.7180632122480683,0.5665553514767632,,,,,,
IDRiD_68_1024_1536,0.0,0.0,0.47636700646541397,0.8538205978648139,,,,
IDRiD_68_1024_2048,0.0002779547165437744,0.037383177558447604,0.2177068214488089,0.5597014921196258,0.0,0.0,,
IDRiD_68_1024_2560,0.13384321221150225,0.09162303662522957,,,0.2975571540467377,0.996660305295961,,
IDRiD_68_1024_3072,0.5863154108946848,0.5575410396669157,0.0,0.0,,,,
IDRiD_68_1024_512,0.0,0.0,,,,,,
IDRiD_68_1536_0,0.5173637414755498,0.4434723171534964,,,,,,
IDRiD_68_1536_1536,0.21109747432268233,0.20217767879112733,,,,,,
IDRiD_68_1536_2048,0.4863364478654899,0.32550107279122137,,,,,,
IDRiD_68_1536_2560,0.4282443889695627,0.41868364225207244,,,0.6539137224155004,0.7037815125754714,,
IDRiD_68_1536_3072,0.2443374858431381,0.9806818181632447,,,,,,
IDRiD_68_1536_512,0.7282470432197671,0.6720951143936852,,,,,,
IDRiD_68_2048_0,0.0,0.0,,,,,,
IDRiD_68_2048_1536,,,0.6290801186010267,0.898305084365125,0.6661849710501311,0.8552875694146035,,
IDRiD_68_2048_2048,0.48830520537747196,0.9524932486365961,0.46471600680469605,0.3026905828917734,0.3793103441736028,0.6470588197231834,,
IDRiD_68_2048_2560,,,,,0.003724137931008799,0.06382978721895277,0.41551902857835216,0.29816172563862414
IDRiD_68_2048_512,0.6992659103310086,0.9763824884759542,,,,,,
IDRiD_68_512_1536,,,0.44302176695124773,0.5676784248919049,,,,
IDRiD_68_512_2048,0.5524424981907553,0.4438751110169852,0.39327815399063765,0.4079084286988601,0.6182652540915011,0.8779565567105554,0.7449272391845412,0.8456258724889991
IDRiD_68_512_2560,0.7555442263541696,0.8715083798797264,0.6334763948225977,0.9800796811447438,0.19316628700714505,0.28494623652084056,,
IDRiD_68_512_3072,0.08912778286028847,0.3568376068267144,0.2824675324216774,0.16446124760596198,,,,
IDRiD_69_0_1024,0.7737730905551118,0.7212576447862691,,,,,,
IDRiD_69_0_1536,0.8470341618869164,0.8359009721133642,,,,,,
IDRiD_69_0_2048,0.5928437583626625,0.42740431006479634,0.5504201680094096,0.885135134836103,0.7906371175432605,0.9410456811687034,,
IDRiD_69_0_2560,0.03330866025043269,0.04934210525774758,0.6457659986863037,0.9813359527523245,0.19066666665395554,0.4243323440877352,,
IDRiD_69_0_3072,0.30195278344329957,0.7597535934068714,,,,,,
IDRiD_69_0_512,0.5958904109384969,0.43283582087398825,0.0,0.0,,,,
IDRiD_69_1024_1024,,,0.3492537313172199,0.6536312847336225,0.0,0.0,,
IDRiD_69_1024_1536,0.6859865025764986,0.65968586386715,0.3909378292733963,0.3567307691964682,0.43275299238067055,0.6122229063945163,,
IDRiD_69_1024_2048,0.43989176651926437,0.3736047275033135,0.007587253413688372,0.01666666666111111,0.44465309680948106,0.7532379004686066,,
IDRiD_69_1024_2560,0.5123117223296911,0.49487601214261845,0.4061642389612378,0.7179104477076186,0.4897739504712117,0.5889967637159225,,
IDRiD_69_1024_3072,0.6771004942227825,0.623861566465578,,,0.11060743426014438,0.30198019787030683,,
IDRiD_69_1536_0,0.28277153557169876,0.39911894269611287,0.0,0.0,,,,
IDRiD_69_1536_1536,,,0.456909739905308,0.8342644318744387,0.3142532836011958,0.5292190059787428,,
IDRiD_69_1536_2048,0.8058722217632827,0.743324003322919,0.0,0.0,0.36147631870456615,0.8352855050938769,,
IDRiD_69_1536_2560,0.504388926392566,0.43812316714257704,,,,,,
IDRiD_69_1536_3072,,,0.0,0.0,,,,
IDRiD_69_2048_1024,0.5782010973411682,0.47294639705273084,,,,,,
IDRiD_69_2048_1536,0.5811263464821781,0.5211124556994531,,,0.0,0.0,,
IDRiD_69_2048_2048,0.7706212251924706,0.8921240573296103,0.5990541250342063,0.5486044272811738,0.32248296743669636,0.4645583423702772,,
IDRiD_69_2048_2560,,,0.13710554950287782,0.1354838709531738,,,,
IDRiD_69_2048_3072,,,0.1004566209586956,0.05418719209153341,,,,
IDRiD_69_512_1024,0.28926978163209044,0.4775193798079442,0.49011857705088346,0.6093366092617523,0.0,0.0,,
IDRiD_69_512_1536,0.6347402597328995,0.6557259223609074,0.3899613899362959,0.9181818179035812,0.31159946096909297,0.8011727078464194,,
IDRiD_69_512_2048,0.7651209414930478,0.8221239928333587,0.3251318101647511,0.7805907169702149,0.30422356302622344,0.8010033443476583,,
IDRiD_69_512_2560,0.5438959675757533,0.6322103978808906,0.4133247089128938,0.7220338982234991,0.0,0.0,,
IDRiD_69_512_3072,0.42730935048111307,0.6337526205317872,,,0.0,0.0,,
IDRiD_69_512_512,,,0.0,0.0,,,,
IDRiD_70_0_1536,0.7452365660378373,0.6743510267207604,,,0.0,0.0,,
IDRiD_70_1024_1024,0.0,0.0,0.7853881276745689,0.9608938542117912,0.8564397046057063,0.9109947642389189,0.0,0.0
IDRiD_70_1024_1536,0.830092707947769,0.8719494584821806,0.671607225536285,0.900621117900544,0.0,0.0,,
IDRiD_70_1024_2048,0.7047105208476373,0.6927784577582052,0.5113464447419556,0.736383442105363,0.0,0.0,,
IDRiD_70_1024_512,0.026269259913456196,0.031476997576787104,0.35787741668622475,0.9006211178259583,,,0.8599582316061418,0.780625867773253
IDRiD_70_1536_0,,,0.37914691937138284,0.35294117636678196,,,,
IDRiD_70_1536_1024,0.0,0.0,,,0.7297297287436085,0.7941176447231834,,
IDRiD_70_1536_1536,0.7597377554931233,0.840862203878204,0.23668639052177123,0.3266331657881114,,,,
IDRiD_70_1536_2048,0.4525801952422392,0.4388100067316558,0.0,0.0,0.0,0.0,,
IDRiD_70_1536_512,,,0.07669021190329514,0.05043132050096673,,,,
IDRiD_70_2048_512,,,0.7372400755446843,0.9374999997746394,,,,
IDRiD_70_512_0,0.7949339800378622,0.7129047848857949,,,,,,
IDRiD_70_512_1024,,,0.0,0.0,,,,
IDRiD_70_512_1536,0.7201153971396392,0.656151954543745,0.2748180494825381,0.17113850615768172,0.06485600561853364,0.03402112503028714,,
IDRiD_70_512_2048,,,,,0.0,0.0,,
IDRiD_70_512_512,0.6315159972029152,0.6338535414038845,0.2602409638397445,0.5581395347394988,,,0.0,0.0
IDRiD_71_0_1024,0.0,0.0,0.0,0.0,0.5227568269801357,0.4276595743770937,,
IDRiD_71_0_1536,,,0.4685863873732217,0.32427536226009507,,,,
IDRiD_71_0_2048,,,0.5056818181099884,0.5913621260493813,0.8201438843020548,0.9827586189952437,,
IDRiD_71_0_2560,0.6542962341852128,0.5354095817640032,,,,,,
IDRiD_71_0_512,,,0.659772492175825,0.581056466196529,0.6658004157831133,0.8614660389467743,,
IDRiD_71_1024_0,0.5310734462276698,0.42469879505280156,0.7018633539646104,0.5503246752353369,0.6908797416714383,0.6782884309543125,,
IDRiD_71_1024_1024,0.0,0.0,0.08994708993519218,0.050974512735985834,0.8221787377380088,0.9315764362467189,0.0,0.0
IDRiD_71_1024_1536,,,0.587002096374528,0.597014925245839,0.7487807210457149,0.9478653861597298,,
IDRiD_71_1024_2048,,,0.40380952373260776,0.417322834481369,0.0,0.0,,
IDRiD_71_1024_512,,,0.32946145721597353,0.383763837591173,0.7729770863257153,0.8506296135422701,0.3565006566301823,0.2169156063666057
IDRiD_71_1536_0,0.0,0.0,,,0.0,0.0,,
IDRiD_71_1536_1024,0.4537695590300274,0.316050198147985,0.4018364669785344,0.7827938670542764,0.866814414967293,0.9467167279102944,,
IDRiD_71_1536_1536,,,0.05984634047473327,0.031516183985029124,0.73148824140897,0.9548342381832341,,
IDRiD_71_1536_2048,,,0.5596064814652892,0.5187768240065034,0.7983203505306821,0.9367323621688556,,
IDRiD_71_1536_2560,,,,,0.8230215826153926,0.8773006132278218,,
IDRiD_71_1536_3072,,,0.5697445971375747,0.5370370368381344,,,,
IDRiD_71_1536_512,0.13307392995591152,0.07127969987197667,0.3049705138877435,0.9972451787886376,0.857924424274929,0.9630793401391057,,
IDRiD_71_2048_0,,,,,0.1638456330288527,0.0896296296229904,,
IDRiD_71_2048_1024,0.0,0.0,0.6839666357527351,0.9255852842035464,0.7789153735381568,0.859741024126782,,
IDRiD_71_2048_1536,,,,,0.6992316909822399,0.9051094890428365,,
IDRiD_71_2048_2048,,,0.7448586118012578,0.9118804090549267,0.712326440487825,0.9081853616185774,,
IDRiD_71_2048_3072,0.31437556154396057,0.961263736237328,,,,,,
IDRiD_71_2048_512,0.2878685875819595,0.509775870266582,0.0,0.0,0.6274869109865512,0.8980891719408735,,
IDRiD_71_512_0,,,,,0.0,0.0,,
IDRiD_71_512_1024,0.06946750095684501,0.03871886120941326,0.7539543057665222,0.8033707864416318,0.7625342576142087,0.8695652173833113,,
IDRiD_71_512_1536,0.0,0.0,0.34304595973736723,0.26156665138517793,0.7346694860681499,0.9276758764693791,,
IDRiD_71_512_2048,0.0,0.0,0.6990339360738411,0.748938428834982,0.5327920049802376,0.7840073528691169,,
IDRiD_71_512_512,0.3751182999193399,0.6287856936651635,0.1279953243679721,0.08355589469349273,0.7804267958979095,0.8230832646195699,0.0,0.0
IDRiD_72_0_1024,,,0.6810673443239814,0.5741831815439644,,,,
IDRiD_72_0_1536,,,0.5285784073996787,0.48346738154750063,0.0,0.0,,
IDRiD_72_0_2048,0.0,0.0,0.041204437394420854,0.07428571424326531,0.7185741087955418,0.7779282328518667,,
IDRiD_72_0_2560,,,0.6820083680581572,0.799019607451461,0.0,0.0,0.5469281045727803,0.3903227812650642
IDRiD_72_0_3072,,,0.0,0.0,0.0,0.0,,
IDRiD_72_0_512,,,0.49649368856991677,0.563694267336403,,,,
IDRiD_72_1024_0,,,,,0.06201550382789496,0.0319999999744,,
IDRiD_72_1024_2048,0.0,0.0,,,0.7234273318843994,0.8588246114148916,,
IDRiD_72_1024_2560,0.6671572234404323,0.652121793319297,,,0.9134283743363031,0.9644916540153899,,
IDRiD_72_1024_3072,0.0,0.0,0.4211994420611995,0.30879345596957186,0.7848878877773636,0.8119042575553505,,
IDRiD_72_1024_512,,,,,0.5620707870807147,0.3999999999699248,,
IDRiD_72_1536_1024,,,0.0,0.0,0.8025861107925248,0.8973080757503163,,
IDRiD_72_1536_1536,,,0.917159763177935,0.8635097490630892,0.826595389213946,0.9224459357999667,,
IDRiD_72_1536_2048,,,0.8174863387084714,0.7450199201703147,0.8871464851914906,0.9628043885418099,,
IDRiD_72_1536_2560,,,,,0.8743810892816983,0.8809708998233043,,
IDRiD_72_1536_3072,0.06479481641002197,0.03348214285465163,0.7350714885840982,0.9954441911172108,0.8842764444180042,0.8972427474744911,,
IDRiD_72_2048_1024,,,,,0.40048840047617557,0.26907301065344247,,
IDRiD_72_2048_1536,0.11612451906057845,0.4702549574404738,,,0.773644388374097,0.9593432368288237,,
IDRiD_72_2048_2048,0.0,0.0,0.0,0.0,,,,
IDRiD_72_2048_2560,,,0.0,0.0,0.0,0.0,,
IDRiD_72_2048_3072,,,0.4287901990483315,0.3087100330420386,0.4115684092979346,0.26466380539847445,,
IDRiD_72_512_0,,,,,0.8308118720310564,0.8713662790486588,,
IDRiD_72_512_1536,,,,,0.425654576016679,0.3906525573019995,,
IDRiD_72_512_2048,0.08567931456023994,0.06856023505694807,0.38444230149841074,0.760814249267072,0.7154550322545951,0.8602526367374279,,
IDRiD_72_512_2560,,,0.7250608272153256,0.8115468408702019,0.034042553187867815,0.2191780818915369,,
IDRiD_72_512_3072,,,,,0.6991693752004634,0.9453124999076843,,
IDRiD_72_512_512,,,0.7731092430478074,0.8679245266642933,0.7446300715919366,0.7645559694027729,,
IDRiD_73_0_1024,,,0.4203821655381557,0.7096774189732917,,,,
IDRiD_73_0_1536,,,0.3299798792092596,0.19902912616528418,0.6983372919956443,0.9671052625216413,,
IDRiD_73_1024_1024,,,0.48370136695669286,0.4431599228860154,,,,
IDRiD_73_1024_1536,,,0.7466456195443313,0.6879999999499636,0.7906550618294296,0.9646050670281444,,
IDRiD_73_1024_2048,,,0.38554216865257934,0.9999999997023808,0.9267271457832011,0.9609261937827893,,
IDRiD_73_1024_2560,,,0.4086956521294896,0.9999999994680852,,,,
IDRiD_73_1536_1024,0.841127651160314,0.7445195895435573,0.6902382781944474,0.9553191487329108,0.7435467649767501,0.9226289516703303,0.9135071400473902,0.9452337056667105
IDRiD_73_1536_1536,0.6037296037155307,0.6613891725913489,0.6579341317119037,0.9596069867948027,0.707256637143106,0.9803729145259693,,
IDRiD_73_1536_2048,,,0.36363636347107436,0.24390243887566926,0.5009615384535102,0.8522355506623644,,
IDRiD_73_1536_2560,,,0.0,0.0,,,,
IDRiD_73_1536_3072,0.0,0.0,,,,,,
IDRiD_73_1536_512,0.0,0.0,,,,,,
IDRiD_73_2048_1024,,,,,,,0.6158529161011097,0.9518253669193893
IDRiD_73_2048_1536,,,0.0,0.0,,,,
IDRiD_73_2048_2048,0.0,0.0,0.0,0.0,,,,
IDRiD_73_2048_2560,0.815064372508542,0.7496679946713222,0.0,0.0,,,0.7683506566693389,0.8521894548551888
IDRiD_73_2048_3072,0.7197333333285351,0.7641562853798959,0.5624103299049626,0.8099173550372243,,,,
IDRiD_73_512_1024,,,0.6994422639805941,0.8580841357902643,,,,
IDRiD_73_512_1536,0.23118696663183916,0.41853932578391306,0.24946104095320418,0.3038259564663296,0.6971072771994149,0.8926910298706747,,
IDRiD_73_512_2048,0.0,0.0,0.5241730279631464,0.9942084940165621,0.22628458496905707,0.9999999995633188,,
IDRiD_73_512_2560,0.7753396028853009,0.6801099907717589,,,,,,
IDRiD_74_0_2048,0.21228070173576483,0.28537735842326006,0.420233463018668,0.3927272726987107,0.32460732982593676,0.2534750613038859,,
IDRiD_74_0_2560,,,0.6611501861538622,0.8070707069891848,0.6462093861649442,0.8523809519750567,,
IDRiD_74_0_3072,,,0.1963636363279339,0.1343283581755402,,,,
IDRiD_74_0_512,,,0.5648854957519959,0.8409090889979338,,,,
IDRiD_74_1024_1024,,,0.6327329678439519,0.9099099097049752,,,,
IDRiD_74_1024_1536,,,0.7544642855458785,0.9999999994082841,,,0.039889666878422554,0.020350725264988625
IDRiD_74_1024_2048,0.40073081605354866,0.6882845186844593,0.49912126534861617,0.5311720697592055,0.589496248597053,0.654761904606009,0.7663230240403528,0.8053772070302818
IDRiD_74_1024_2560,0.8018950693057151,0.7298764906225523,0.6211695040618628,0.6953927742560361,0.7895672791860346,0.8295619680126726,,
IDRiD_74_1024_3072,0.5987635552822602,0.8107588856757135,0.3212499999799219,0.43931623924114255,0.7490898499963726,0.9078715142637532,,
IDRiD_74_1536_0,,,0.79032258051769,0.6568364609499098,,,,
IDRiD_74_1536_1024,,,0.3389021479309186,0.9999999992957747,,,,
IDRiD_74_1536_2048,,,0.0,0.0,0.7567111917990097,0.942801745016274,,
IDRiD_74_1536_2560,0.3991605456425382,0.2592693565952447,0.3922651933546857,0.506625891895349,0.17169373545900377,0.09390862941778969,,
IDRiD_74_1536_3072,0.6801619433161168,0.6199880311129066,0.19812206571839805,0.9547511307897054,0.39365452406617774,0.7142857141334146,,
IDRiD_74_2048_1536,0.3225071225025284,0.9999999999116607,0.48795180715542896,0.9999999993827161,,,,
IDRiD_74_2048_2048,0.7224188176481972,0.680223441780868,0.5691142806731975,0.7597555241767864,,,,
IDRiD_74_2048_2560,0.821720625506141,0.8274981940725861,0.24999999998405611,0.9560975605092207,0.7555970148548883,0.7773512474515641,,
IDRiD_74_2048_3072,0.8527131782767083,0.7440585008868718,0.6422857142123102,0.7635869563142427,,,,
IDRiD_74_2048_512,,,0.7198697067231483,0.9132231401185028,,,,
IDRiD_74_512_1024,,,0.45677419348944853,0.9365079360124297,,,,
IDRiD_74_512_1536,,,0.4384805945318547,0.31853629272234335,,,,
IDRiD_74_512_2048,0.544875875204018,0.3944700460465926,0.41103202843318215,0.36150234736126724,0.6036996735450773,0.5738518824752233,,
IDRiD_74_512_2560,0.7400019556004692,0.6563746747501062,0.2499146466285451,0.40308370039613617,0.5824257425706533,0.7204531536938081,,
IDRiD_74_512_3072,,,0.5288135592772192,0.4642857142166242,,,,
IDRiD_74_512_512,,,0.7434842248637196,0.8713826363757612,,,,
IDRiD_75_0_1024,0.7603620146854645,0.8173998871853159,0.615200191785778,0.6552604698337456,,,,
IDRiD_75_0_1536,0.6772721456873917,0.5277150073074058,0.49146981625684155,0.3811704834411618,0.46949152541046635,0.45810363834299317,,
IDRiD_75_0_2048,0.6759464564314858,0.5136669994975432,,,0.0,0.0,,
IDRiD_75_0_2560,0.07987851176795932,0.04160075925274279,0.7088607593142124,0.6862745094675126,,,,
IDRiD_75_0_512,0.4512055108983696,0.9890939596485658,0.46074646071681163,0.40224719096603967,,,,
IDRiD_75_1024_0,,,0.0,0.0,0.31707317034503274,0.18840579682839742,,
IDRiD_75_1024_1024,0.7452995313604804,0.8814102563984855,0.3908774152552779,0.35480161010035643,0.7688916876332214,0.9173553718319041,,
IDRiD_75_1024_1536,0.0,0.0,0.3415154748835096,0.3397027600128019,0.6564417176907298,0.972727272285124,,
IDRiD_75_1024_2048,,,0.7091319052587862,0.9647239262324043,0.6973058636715633,0.7866507746380631,,
IDRiD_75_1024_512,0.0,0.0,0.5749506903069551,0.5541825094530244,,,,
IDRiD_75_1536_0,,,0.7724999999034375,0.8067885115386975,,,,
IDRiD_75_1536_1024,0.7786494385359384,0.8389128272840931,0.5695668838417184,0.4726463104025034,0.5675355450068859,0.654371584654756,,
IDRiD_75_1536_1536,,,0.6249999994419643,0.6140350866420436,0.7014925370516818,0.5731707313578227,,
IDRiD_75_1536_2048,,,0.5268138800430893,0.6208178436353836,0.38513513507007857,0.3851351350050219,,
IDRiD_75_1536_2560,0.2228387850434749,0.3937048503408821,0.19488026422833357,0.8805970142682112,,,,
IDRiD_75_1536_3072,0.6164903994186621,0.6409052092092036,,,,,,
IDRiD_75_1536_512,,,0.6742485783641654,0.8547888773579002,,,,
IDRiD_75_2048_1024,0.8385686970696661,0.7761672003914349,0.7193031750289604,0.8322496748483582,0.0,0.0,0.8464137315022856,0.8484235110872057
IDRiD_75_2048_1536,0.44237689809143876,0.8022922635847727,0.511743364511901,0.5795847750614367,,,,
IDRiD_75_2048_2048,0.4929577464615156,0.9138381199851386,0.43923994695363505,0.3572969086730915,,,,
IDRiD_75_2048_2560,0.06369840753774136,0.03289694528254794,0.8807947018409281,0.8364779871583402,,,,
IDRiD_75_2048_3072,0.7994723535222606,0.9196762771853321,0.019375672764329853,0.009782608694588846,,,,
IDRiD_75_2048_512,0.5689689293460866,0.9226572528735132,0.48754448395684785,0.34654300165712115,0.5431034480417658,0.6774193541103019,0.0,0.0
IDRiD_75_512_0,,,0.0,0.0,,,,
IDRiD_75_512_1024,0.5692118704301466,0.8475163650202635,0.39541984731315194,0.3592233009459623,0.7939722156769838,0.8756167229177406,,
IDRiD_75_512_1536,,,0.5455777702288859,0.5594162612536889,0.7569296374863044,0.7505285411468786,,
IDRiD_75_512_2048,0.7537142166837333,0.8120770431855264,0.35906432746438216,0.6762114535955481,0.8099173553582406,0.9171122994302097,,
IDRiD_75_512_2560,0.8097609151853431,0.7831728090361921,,,,,,
IDRiD_75_512_512,,,0.5476550679958162,0.46291560090462514,,,,
IDRiD_76_0_1024,0.3349660889160707,0.20163302335673322,0.0,0.0,,,,
IDRiD_76_0_1536,0.436406067676355,0.4400970802350511,0.37927107059343557,0.9765395891564399,,,,
IDRiD_76_0_2560,0.059509449133111805,0.03136922424623276,0.33788395898670925,0.24565756817725617,,,,
IDRiD_76_0_512,0.30824372758852253,0.2713711990664732,,,,,,
IDRiD_76_1024_0,,,0.6450999047911418,0.49706744860746815,,,,
IDRiD_76_1024_1024,0.6449255503732079,0.6579683131284628,0.3103125584819331,0.28168535507027914,0.7885553313135121,0.8958253725597257,,
IDRiD_76_1024_1536,,,0.7614781634085691,0.9742120341048103,0.9135202573976392,0.8900831733731276,,
IDRiD_76_1024_2048,0.6423953725538485,0.7438928289405915,0.6214536611558645,0.8900928791880732,0.6762648008520417,0.8362728785079444,,
IDRiD_76_1024_3072,,,0.0,0.0,,,,
IDRiD_76_1024_3584,,,0.5837563450295035,0.9999999991304348,,,,
IDRiD_76_1024_512,0.2786020113484158,0.2746368276349698,0.23075360552039909,0.3863945577968439,0.673271785626286,0.9682642486733075,,
IDRiD_76_1536_0,,,0.6977479256934909,0.6871595330204545,,,,
IDRiD_76_1536_1024,,,0.39999999997014923,0.29257641918203314,0.896317871578071,0.9239939051633593,,
IDRiD_76_1536_1536,,,0.0,0.0,,,,
IDRiD_76_1536_2048,0.6697425934757226,0.5157068062634366,0.22920892492604372,0.9999999991150443,,,,
IDRiD_76_1536_2560,0.9265768404518006,0.9044986656327774,0.4307692306745562,0.9999999989795919,,,,
IDRiD_76_1536_3072,,,,,0.0,0.0,,
IDRiD_76_1536_512,0.44413872999461196,0.2926526717529327,0.6984744241594605,0.933253397244874,0.1417515274929837,0.09141856392134118,,
IDRiD_76_2048_1024,,,0.7777777777402041,0.9327925839011828,,,,
IDRiD_76_2048_1536,,,0.6199158484838768,0.5212264150328743,,,,
IDRiD_76_2048_2560,,,0.0,0.0,0.02017091385002563,0.010289843688553218,,
IDRiD_76_2048_3072,,,0.5176110259544241,0.4828571427191836,,,,
IDRiD_76_2048_512,0.5305269227958587,0.4274596352604546,0.7366306803731703,0.7488514547856635,,,,
IDRiD_76_512_0,0.44568660331241206,0.9929431298882133,0.8381502888962211,0.9206349203426555,,,,
IDRiD_76_512_1024,0.5571967940613552,0.5966803801873077,0.47268673354751606,0.5247524752258765,0.5543388995270416,0.7453073242272614,,
IDRiD_76_512_1536,0.7097008598678732,0.7545712078095655,0.49505801458981274,0.7690253670535347,,,,
IDRiD_76_512_2048,,,0.0,0.0,,,,
IDRiD_76_512_3072,,,0.7924773021535358,0.9902755265818031,,,,
IDRiD_76_512_512,0.5240516767418633,0.7915715175256057,0.5086859687969405,0.3655569782096314,0.7030033370020576,0.8218465538593178,,
IDRiD_77_0_1024,,,0.6141348496657891,0.5046728971288822,0.4892086329762089,0.3248407642277577,,
IDRiD_77_0_1536,0.0,0.0,0.7299270070328733,0.5882352937716263,0.771799628918621,0.6906474819761678,,
IDRiD_77_0_2048,0.5590657652051744,0.40943464169230404,,,0.3954372622822363,0.24644549757193232,,
IDRiD_77_0_2560,0.7732172175002741,0.8193026246061621,0.0,0.0,0.33471416734784,0.2063329928428215,,
IDRiD_77_0_3072,,,0.8031088081861258,0.9779179807640637,0.0,0.0,,
IDRiD_77_0_512,,,0.7755102038178536,0.8142857137040816,,,,
IDRiD_77_1024_0,,,0.0,0.0,,,,
IDRiD_77_1024_1024,,,0.5599999999026087,0.469387754965193,0.741092636403541,0.6638297869515618,,
IDRiD_77_1024_1536,0.0,0.0,0.5394257986033391,0.6834016392742417,0.8678328474224647,0.8452226760942252,,
IDRiD_77_1024_2048,0.09126466752395507,0.05014326646846085,,,0.7283008198935779,0.6112956810486166,,
IDRiD_77_1024_2560,,,,,0.0,0.0,,
IDRiD_77_1024_3072,0.44314348084497773,0.8993153443053035,0.5238095237402368,0.9999999994949496,0.7395993835532205,0.589680589535705,,
IDRiD_77_1024_3584,,,,,0.0,0.0,,
IDRiD_77_1024_512,,,0.01673640166663749,0.013986013976233558,,,,
IDRiD_77_1536_1024,0.15589660742504458,0.09243295018714402,0.21144674085010148,0.29988726039460123,0.0,0.0,,
IDRiD_77_1536_1536,,,,,0.6881635862883145,0.5896226414697019,,
IDRiD_77_1536_2048,,,0.6474908200338133,0.9887850465441524,0.0,0.0,,
IDRiD_77_1536_512,0.8592659601908809,0.9566906474682491,0.5265667574842207,0.4907936507780701,0.6752013808878711,0.571881091603999,,
IDRiD_77_2048_0,,,0.7155172410708978,0.5570469794919148,,,,
IDRiD_77_2048_1024,0.3868003341525982,0.3409425625669409,0.4945963127466881,0.7059891105796754,0.7291018598138255,0.6696656534872988,,
IDRiD_77_2048_1536,,,0.3155588020222382,0.9642857138552297,0.693918579314895,0.5807627593779933,,
IDRiD_77_2048_2048,,,0.6748329620629362,0.7248803826017032,0.7230215827152359,0.649584487504636,,
IDRiD_77_2048_512,,,0.2174174174043593,0.12329700271639665,0.307454523834176,0.18426678067287636,,
IDRiD_77_512_1024,,,0.006944444442033178,0.003571428570153061,0.42607313188774676,0.28329809719169174,,
IDRiD_77_512_1536,0.3572519083891548,0.3192982456015868,0.4010282776091884,0.5098039214853262,0.7514328711832748,0.694895179434473,,
IDRiD_77_512_2048,,,,,0.7588724007071082,0.6901039392026368,,
IDRiD_77_512_2560,0.46188850964380607,0.31087289431004034,,,0.6752013214879702,0.5646693144437115,,
IDRiD_77_512_3072,,,0.5928085519346152,0.5083333332486112,0.28007889544509673,0.16284403668479785,,
IDRiD_77_512_512,0.0,0.0,0.4346590908473496,0.6923076919944309,,,,
IDRiD_78_0_1024,,,0.5434782602788281,0.3787878782139578,,,,
IDRiD_78_0_1536,,,0.7459231982774369,0.8562801931332995,,,,
IDRiD_78_0_2048,0.0,0.0,0.3970460468984776,0.2757996378831744,0.3834196890198394,0.24025974018173382,,
IDRiD_78_0_2560,0.6792918896525465,0.5143391521036678,0.0,0.0,0.6928513352886806,0.6323781253495561,,
IDRiD_78_0_3072,,,0.0,0.0,0.36778115498725067,0.5073375260990907,,
IDRiD_78_0_512,0.8489989819868002,0.8586135895086744,,,,,,
IDRiD_78_1024_0,,,0.0,0.0,,,,
IDRiD_78_1024_1024,,,,,0.541760722286483,0.4232804232057707,,
IDRiD_78_1024_1536,,,,,0.0,0.0,,
IDRiD_78_1024_2048,0.43098029319224807,0.2769897673313173,0.4269005847641154,0.7870619943970183,0.7256891729866105,0.8117626027741909,,
IDRiD_78_1024_2560,0.2663777984084764,0.1595402867009449,0.15297982167637308,0.42282749670261643,0.6724109251782414,0.8630967631662558,,
IDRiD_78_1024_3072,,,0.026178010464351305,0.02538071064701487,,,,
IDRiD_78_1024_512,,,0.8602442333202005,0.9799072641453003,,,,
IDRiD_78_1536_1536,,,0.47727272722342223,0.9956896547432372,,,,
IDRiD_78_1536_2048,0.43985890651781556,0.2858125143184549,0.6406249999666341,0.754601226901276,0.774999999977983,0.8162776779882538,,
IDRiD_78_1536_2560,0.0,0.0,0.38665971858329024,0.30865224623056137,0.35798583790881255,0.2649970879286548,,
IDRiD_78_1536_3072,,,0.528781793806641,0.39225422041784963,0.0,0.0,,
IDRiD_78_2048_1024,,,0.0,0.0,,,,
IDRiD_78_2048_2048,,,0.5633802816405474,0.4685212297996309,,,,
IDRiD_78_2048_2560,0.0,0.0,0.1995192307452501,0.11216216214700511,,,,
IDRiD_78_2048_3072,0.0,0.0,,,0.8096885810347098,0.7959183668054978,,
IDRiD_78_2048_512,,,0.047337278078498655,0.024242424227731867,0.14473684208145776,0.07801418438333083,,
IDRiD_78_512_0,,,0.8422071635196314,0.8512720154889878,,,,
IDRiD_78_512_1536,,,0.371809100978257,0.9999999997014924,,,,
IDRiD_78_512_2048,,,0.8096885812748547,0.9680851062685479,0.8356674157288347,0.9321408518451426,,
IDRiD_78_512_2560,0.5675244364623602,0.4635060280183813,0.4117647058648012,0.6989869752968181,0.7286261605891499,0.8950224709548178,,
IDRiD_78_512_3072,,,,,0.5948621258403285,0.5752051048051411,,
IDRiD_78_512_512,,,0.7352941174925852,0.5872483219505877,0.7255689423392813,0.9999999996309962,,
IDRiD_79_0_1024,,,0.686930090976617,0.9999999991150443,0.6620926243283837,0.6718885987230732,,
IDRiD_79_0_1536,0.5515192178610991,0.6379157427796471,0.0,0.0,0.5602641716961952,0.688302907323306,,
IDRiD_79_0_2048,0.6433188615470977,0.49664829434683977,0.36015325656699104,0.4234234230419609,,,,
IDRiD_79_0_2560,0.7708123502213357,0.6956494483406742,0.0,0.0,0.6007151370321385,0.7682926828097115,,
IDRiD_79_0_512,0.786442059497443,0.9868735083363983,0.679687499911499,0.611241217655447,,,,
IDRiD_79_1024_0,0.8488455129680501,0.8268985507150504,,,,,,
IDRiD_79_1024_1024,0.0,0.0,0.0,0.0,0.7371101209378096,0.8665306122331085,,
IDRiD_79_1024_1536,0.0,0.0,,,0.7800740780461641,0.9062110251820128,,
IDRiD_79_1024_2048,,,0.3530961791366145,0.5425101212378501,0.6995978797262858,0.9654433093584885,,
IDRiD_79_1024_2560,0.07529843893134534,0.13598673297910668,0.5028208744533561,0.48503401357244663,0.840348151981556,0.9646213064589345,,
IDRiD_79_1024_3072,,,,,0.8495883777198567,0.8712753277625022,,
IDRiD_79_1536_0,,,,,0.6655581947585378,0.7581168830758594,,
IDRiD_79_1536_1024,0.3231559038010496,0.239104358247137,0.5965732086762793,0.49611398957304226,0.7546324577325467,0.7785714285387155,,
IDRiD_79_1536_1536,0.18585858584607012,0.11075441411631184,0.5263157894540382,0.6205985914946656,0.8298468603648053,0.9477183563867532,,
IDRiD_79_1536_2048,,,0.5733137829491705,0.47916666660794527,0.7481785506110985,0.9540133779234671,,
IDRiD_79_1536_2560,0.5778466305115176,0.7177677998486925,0.53108657755575,0.5638494755975416,0.9433450634478263,0.9611945858656364,,
IDRiD_79_1536_3072,0.7476760093985769,0.7652592273390402,0.3433150569235211,0.2951414067951311,0.8222034592149956,0.9120710697331704,,
IDRiD_79_1536_512,,,,,0.0,0.0,,
IDRiD_79_2048_1024,0.0,0.0,0.0,0.0,0.8516681695124924,0.8860225140505155,,
IDRiD_79_2048_1536,,,0.43201376932598845,0.8422818789119859,0.7526806589429129,0.8793168403812676,,
IDRiD_79_2048_2048,0.0,0.0,0.26621160406527744,0.1572580644949922,0.7753610477671304,0.8154092110876504,,
IDRiD_79_2048_2560,0.7188318316953582,0.6058203037285418,,,0.8793408914365815,0.9760336342833804,,
IDRiD_79_2048_3072,0.15724221348178888,0.4467353951122448,0.0,0.0,0.7507247710609234,0.6760318249571023,,
IDRiD_79_2048_512,0.13060817547032383,0.2573673870081172,0.153846153761623,0.13999999986,0.7877906976171664,0.9926739924921844,,
IDRiD_79_512_0,0.8641602115920635,0.8613935969705953,,,0.7675675673601168,0.9530201335885772,,
IDRiD_79_512_1024,0.0,0.0,0.13395225463302704,0.07383040935132819,0.6673401196622322,0.9298397574506315,,
IDRiD_79_512_1536,,,0.0,0.0,0.7122623928371947,0.8396309314402541,,
IDRiD_79_512_2048,0.0,0.0,0.6501240694251345,0.7939393937790021,0.6490639843441036,0.8962191357678928,,
IDRiD_79_512_2560,0.8499057986005881,0.7859078590481646,0.1493333332935111,0.08615384612733727,0.7839595246988689,0.907377623815797,,
IDRiD_79_512_3072,0.8897772701059459,0.9016203703181932,0.0,0.0,0.8102050548305888,0.7307526881563279,,
IDRiD_79_512_512,,,0.6781477229108659,0.7374115688415559,0.40518638571554905,0.9946949599483567,,
IDRiD_80_0_2048,0.858796371554902,0.7666453822443452,,,,,,
IDRiD_80_0_2560,,,0.9163879595597364,0.8562499994648438,0.7151020407579508,0.8439306356755433,,
IDRiD_80_0_3072,,,,,0.0,0.0,,
IDRiD_80_1024_2048,,,,,0.34343434342567086,0.23129251699893563,,
IDRiD_80_1024_2560,,,,,0.0,0.0,,
IDRiD_80_1536_1536,,,0.7230215826037731,0.9999999995024876,,,,
IDRiD_80_1536_2048,,,,,0.0,0.0,,
IDRiD_80_1536_2560,,,,,0.3572296475872139,0.2177777777455144,,
IDRiD_80_1536_3072,,,,,0.7055359245756456,0.6014056224295777,,
IDRiD_80_2048_1536,,,,,0.0,0.0,,
IDRiD_80_2048_2048,,,0.8043478259120983,0.7520325200194989,,,,
IDRiD_80_2048_3072,,,0.0,0.0,0.7131050766572485,0.6101010099777573,,
IDRiD_80_512_2560,,,,,0.6579804558117327,0.4902912618979169,,
