image,dice_hemorrhages,recall_hemorrhages,dice_microaneurysms,recall_microaneurysms,dice_hard_exudates,recall_hard_exudates,dice_soft_exudates,recall_soft_exudates
IDRiD_01_0_1024,0.8815608100850221,0.9565117349066611,,,,,,
IDRiD_01_0_2048,0.0,0.0,,,,,,
IDRiD_01_0_2560,0.5956138552860092,0.9571805005957061,0.6338289962236218,0.5581014729037478,,,,
IDRiD_01_1024_1024,,,,,0.8471558120223058,0.8127174944380665,,
IDRiD_01_1024_1536,,,,,0.39444601869100465,0.2464589235040206,,
IDRiD_01_1024_2048,,,0.7019551740247041,0.5727626458698238,0.5474934036818933,0.3978906998914065,,
IDRiD_01_1024_2560,0.2911184210286909,0.1703561116294171,0.22382671476104213,0.3024390242427127,0.260091977514392,0.15002947533749234,,
IDRiD_01_1024_512,0.7813798835917964,0.6714285713806122,,,0.0,0.0,,
IDRiD_01_1536_1024,0.9238806698846547,0.9325776244363472,0.6309523807645975,0.46086956501701326,0.3893575600133239,0.24174053181943028,,
IDRiD_01_1536_1536,,,,,0.46390532538888696,0.302003081617565,,
IDRiD_01_1536_2048,,,0.5989911727238971,0.5037115588013031,0.7205793602872642,0.5917726747034981,,
IDRiD_01_1536_2560,,,,,0.0,0.0,,
IDRiD_01_1536_512,0.0,0.0,0.0,0.0,0.0,0.0,,
IDRiD_01_2048_1024,0.9219481735824646,0.8773024361172775,0.42155309026599797,0.26814516123626103,0.7250582503630051,0.6456054319003093,,
IDRiD_01_2048_1536,,,,,0.8408030705614384,0.7733123336730934,,
IDRiD_01_2048_2048,,,0.6559233449191672,0.5139931740263486,0.8072142560093533,0.7758926985231956,,
IDRiD_01_2048_3072,,,0.0,0.0,,,,
IDRiD_01_512_1024,,,0.0,0.0,0.8414891887361162,0.7670420865214274,,
IDRiD_01_512_1536,0.0,0.0,,,0.7559292257402945,0.6847010684090771,,
IDRiD_01_512_2048,0.0,0.0,0.0,0.0,0.6119037912697523,0.5053021376787528,,
IDRiD_01_512_2560,0.00291757840970696,0.0014609203797325842,,,,,,
IDRiD_02_0_1536,,,,,0.5551749449406023,0.40060028247880297,,
IDRiD_02_0_2048,0.0,0.0,,,0.7979002623624804,0.6696035240815851,,
IDRiD_02_0_2560,,,,,0.12440191381607564,0.06632653057840483,,
IDRiD_02_0_3072,,,,,0.0,0.0,,
IDRiD_02_1024_1024,,,,,0.0,0.0,,
IDRiD_02_1024_1536,,,,,0.6260223047861693,0.5109223300350823,,
IDRiD_02_1024_2048,0.0,0.0,0.6687211093647293,0.5336065573333109,0.5123250340578184,0.3515810948597147,,
IDRiD_02_1024_2560,0.0,0.0,0.5275381552578786,0.48862937919553595,0.7314627604696395,0.5944468663012735,,
IDRiD_02_1024_3072,0.0,0.0,0.11261261259993102,0.1366120218205978,0.6590829130918366,0.5012486621387576,,
IDRiD_02_1024_512,,,,,0.0,0.0,,
IDRiD_02_1536_1024,,,0.868327402057978,0.8299319726479708,,,,
IDRiD_02_1536_1536,0.0,0.0,0.644628099084762,0.509803921457559,0.0,0.0,,
IDRiD_02_1536_2048,0.05172413792360286,0.02654867256245595,0.25088339220398553,0.2927835050942714,0.7937037920154137,0.6850555783991332,,
IDRiD_02_1536_2560,0.0,0.0,0.0,0.0,0.7279569644200864,0.5870852418702301,,
IDRiD_02_1536_3072,0.24909017386780874,0.14548889937905107,0.7761627906412671,0.6449275361539943,0.23026455025967696,0.13252131546571203,,
IDRiD_02_2048_1024,,,,,0.07894736841363276,0.04109589040693778,,
IDRiD_02_2048_1536,0.0032813781785659244,0.007604562734751116,0.6675358538894999,0.7852760733787496,0.0,0.0,,
IDRiD_02_2048_2048,0.0,0.0,0.0,0.0,,,,
IDRiD_02_2048_2560,,,,,0.5137085136343855,0.36032388656673603,,
IDRiD_02_2048_3072,,,0.0,0.0,0.0,0.0,,
IDRiD_02_2048_512,,,,,0.8770555989916166,0.9638554215208511,,
IDRiD_02_512_1024,,,0.6160583940706484,0.8146718143572695,0.0,0.0,,
IDRiD_02_512_1536,,,0.19999999997560977,0.1448763250627427,0.7976178459634722,0.6986119706418653,,
IDRiD_02_512_2048,0.7865617917506125,0.6835032437283711,0.4873713750941361,0.44913793099576393,0.7979253395154717,0.6981132075388331,,
IDRiD_02_512_2560,,,0.3846949327420171,0.23815620995670217,0.2789473683476454,0.1620795106537983,,
IDRiD_02_512_3072,,,,,0.24403927065300993,0.13897763576054672,,
IDRiD_03_0_1024,0.0,0.0,,,0.4868512915874598,0.3257552164333306,,
IDRiD_03_0_1536,0.08471074380019437,0.04422869471333642,0.0,0.0,0.5786565862000973,0.46343735442648176,,
IDRiD_03_0_2048,0.0,0.0,0.15291750501992504,0.8837209295475031,0.7750281214412245,0.6367837337673952,,
IDRiD_03_0_2560,0.7085331846048284,0.7671960867155795,0.4594921402382411,0.4318181817691116,0.5744680849841557,0.483870967568505,,
IDRiD_03_0_512,,,,,0.0,0.0,,
IDRiD_03_1024_0,0.0,0.0,,,,,,
IDRiD_03_1024_1024,0.2744372494519138,0.23140925635822104,0.4792868379402576,0.9870410365038788,0.6735267261337587,0.5496073823548483,,
IDRiD_03_1024_1536,0.7980656506330881,0.6949974476596479,0.0,0.0,0.8678223809242414,0.8915674871502374,,
IDRiD_03_1024_2048,0.1921637134965769,0.11257309941191307,0.4955563455209543,0.6092657342124768,0.7553338364951211,0.8016567677367863,,
IDRiD_03_1024_2560,0.019104477611370015,0.009815950919944296,0.06113537117522549,0.07716535431855664,0.7681469215692664,0.710023932761674,,
IDRiD_03_1024_3072,0.5308328884107659,0.3783655218306691,0.516684607048796,0.6075949365550393,0.14987714985873746,0.08100929613798018,,
IDRiD_03_1536_1024,0.0,0.0,0.5846544070650187,0.49199573100405597,0.6331128797149074,0.49190036578136387,,
IDRiD_03_1536_1536,0.26369545031273467,0.2784313725217224,0.5316859306284701,0.5774891774391784,0.8134020241864639,0.7846744915555156,,
IDRiD_03_1536_2048,0.6226865671455915,0.5097751710405779,0.5429071803377489,0.5860113420442323,0.8458264474247359,0.7832532530807529,,
IDRiD_03_1536_2560,0.3467442380830309,0.223555888970953,0.25520483544290096,0.4491725767259639,0.7603040195859,0.6320230674611711,,
IDRiD_03_1536_3072,,,0.0,0.0,0.0,0.0,,
IDRiD_03_2048_0,,,0.4939024388738102,0.32793522253929747,,,,
IDRiD_03_2048_1024,0.741993501970463,0.6324613026030736,0.7321428570339074,0.999999999593496,0.0,0.0,,
IDRiD_03_2048_1536,0.1349289847444275,0.07234522634299695,,,0.7427546232369916,0.6251355118427665,,
IDRiD_03_2048_2048,,,0.0,0.0,0.706695232990323,0.5691975841193339,,
IDRiD_03_2048_2560,0.0,0.0,0.7012987011165458,0.9574468078315981,0.7725908636083263,0.6859088217677352,,
IDRiD_03_2048_3072,0.548792270528282,0.9182198554408859,,,,,,
IDRiD_03_512_0,0.0,0.0,0.0,0.0,0.0,0.0,,
IDRiD_03_512_1024,,,0.0,0.0,0.07308584686351009,0.03792895845647628,,
IDRiD_03_512_1536,0.6020018198252594,0.6701782819825698,0.6513629841246251,0.4892241378255982,0.7523411794434804,0.6759522455864019,,
IDRiD_03_512_2048,0.0,0.0,0.0,0.0,0.698405141627403,0.8113938052947752,,
IDRiD_03_512_2560,0.7371266735229515,0.6508297340156666,0.5331547220004584,0.8844444442479011,0.7104270873358182,0.7253299811325372,,
IDRiD_03_512_3072,0.0,0.0,0.5395033859436227,0.550691244112744,0.4232522796191774,0.293003682257075,,
IDRiD_03_512_512,0.4138234646618133,0.5070118662078202,0.5295091009084661,0.8888888887242798,0.04279782816854686,0.02186684073035683,,
IDRiD_04_0_1024,,,,,0.47654784238361925,0.57518115936819,,
IDRiD_04_1024_0,,,,,0.8028503561038359,0.7647058820069205,,
IDRiD_04_1024_1024,0.8821400878666046,0.9155042918209361,0.12177985945625763,0.06483790522073868,0.0,0.0,,
IDRiD_04_1024_2560,,,,,0.8205771642634156,0.764018691410276,,
IDRiD_04_1024_3072,,,,,0.0,0.0,,
IDRiD_04_1024_3584,,,,,0.5439093482878443,0.37944664016622665,,
IDRiD_04_1536_1024,0.8738780563225481,0.8343676122808161,,,,,,
IDRiD_04_1536_2560,,,0.7377326563895545,0.9775784748979469,,,,
IDRiD_04_1536_512,0.8143813717752646,0.6988301066290626,0.8249999997421874,0.733333332925926,0.83999999972,0.8456375833250754,,
IDRiD_04_2048_512,0.8400990926625225,0.7386876921001237,,,,,,
IDRiD_04_512_1024,,,,,0.31666666664907406,0.20284697507453045,,
IDRiD_04_512_1536,,,,,0.0,0.0,,
IDRiD_04_512_2560,,,,,0.7689243026356725,0.7228464416768364,,
IDRiD_04_512_3072,0.0,0.0,,,0.6540540538772827,0.9679999992256001,,
IDRiD_04_512_3584,,,,,0.4748201437140934,0.9999999984848486,,
IDRiD_04_512_512,,,,,0.0,0.0,,
IDRiD_05_0_512,0.47358295100675474,0.9962640099006062,0.0,0.0,,,,
IDRiD_05_1024_1024,,,,,0.6483539094583503,0.5833024805519567,,
IDRiD_05_1024_1536,,,0.0,0.0,0.8215867901566334,0.8781747739613356,,
IDRiD_05_1024_2048,0.0,0.0,0.0,0.0,,,,
IDRiD_05_1024_512,,,0.6953642382954696,0.9999999995238096,,,,
IDRiD_05_1536_1024,0.0,0.0,0.0,0.0,0.38881118875680964,0.24955116692108598,,
IDRiD_05_1536_1536,,,,,0.0,0.0,,
IDRiD_05_1536_512,0.0,0.0,0.0,0.0,,,,
IDRiD_05_2048_1024,,,0.526395173414299,0.4002293577522673,,,,
IDRiD_05_2048_1536,,,0.0,0.0,,,,
IDRiD_05_2048_512,0.786713939153075,0.7671033478614592,,,,,,
IDRiD_05_512_1536,,,0.0,0.0,,,,
IDRiD_06_0_1536,0.4678747940595578,0.3068611561235316,0.12114537443599721,0.1276102087870974,,,,
IDRiD_06_0_2048,0.8154949062959659,0.7767129851368385,0.6449511400126261,0.7109515259046766,,,,
IDRiD_06_0_2560,0.7706693495841234,0.997548644078481,,,0.017559262509432898,0.00885739592481334,,
IDRiD_06_0_3072,,,0.7087912086938474,0.8349514560404687,,,,
IDRiD_06_0_512,,,0.7679083094115812,0.66402378586085,0.1677018633279966,0.09152542371330077,,
IDRiD_06_1024_1024,,,0.7678571428273347,0.7601844734235061,0.8311087382047154,0.7207531638983357,,
IDRiD_06_1024_1536,,,,,0.8672446913407027,0.7777984727064835,,
IDRiD_06_1024_512,0.0,0.0,0.5398167723558909,0.4427745664483945,,,,
IDRiD_06_1536_0,,,,,0.19967793877621934,0.11091234345064181,,
IDRiD_06_1536_1024,0.8136578277946365,0.9010458567255796,,,,,,
IDRiD_06_1536_512,,,0.6445837062986048,0.6271777002391676,0.5627705626893549,0.43721973084367266,,
IDRiD_06_2048_512,,,0.0,0.0,,,,
IDRiD_06_512_0,,,0.0,0.0,,,,
IDRiD_06_512_1024,0.35964035962239554,0.21978021976680218,0.1470588235166904,0.14782608693081287,0.770678395306489,0.6574495179158748,,
IDRiD_06_512_1536,0.7767584097265475,0.7134831459672074,,,0.7396715349165217,0.6119417019218435,,
IDRiD_06_512_2048,0.6126791141855693,0.807208237940091,0.5469387752869638,0.45890410927472325,0.0,0.0,,
IDRiD_06_512_3072,,,0.7291822955465423,0.7038377986456308,,,,
IDRiD_06_512_512,0.2828520919102621,0.3973509933116969,0.19223300969007445,0.11813842480690473,0.6463221026522081,0.5881219903503011,,
IDRiD_07_0_1024,,,0.6185044359165394,0.4510166357761522,0.5543147207559072,0.9999999996336996,,
IDRiD_07_0_1536,0.4427966101642797,0.7817955111894516,,,0.0,0.0,,
IDRiD_07_0_2048,0.49366180338450943,0.7303609341309015,0.454111405811453,0.42671984043601996,0.34673698086046556,0.9850187262228394,,
IDRiD_07_0_512,0.6387493020480528,0.87595712091302,,,,,,
IDRiD_07_1024_0,,,,,0.0,0.0,,
IDRiD_07_1024_1024,,,0.29545454511880165,0.17333333310222224,0.6741480771770337,0.6017591008892803,,
IDRiD_07_1024_1536,,,,,0.4588910133775718,0.32418952617780156,,
IDRiD_07_1024_2048,0.0,0.0,,,0.1414538310134668,0.08653846151765902,,
IDRiD_07_1024_2560,,,0.816631129976905,0.7832310836844107,,,,
IDRiD_07_1024_512,,,0.5835777125885786,0.478653036651915,0.80818131563762,0.8477468522059685,,
IDRiD_07_1536_0,,,0.0,0.0,0.5615094339516696,0.398820691492929,,
IDRiD_07_1536_1024,,,,,0.6933178384633224,0.6818805242252218,,
IDRiD_07_1536_1536,,,0.25925925919067216,0.1489361701674966,0.9002792356823727,0.8748650338100958,,
IDRiD_07_1536_2048,0.04067402672746444,0.020759193356442492,,,0.8567429873436335,0.8378315223727107,,
IDRiD_07_1536_2560,,,0.0,0.0,0.7001104972349904,0.7412260177761564,,
IDRiD_07_1536_512,0.16243575766887994,0.24104460364591995,0.5072765072501415,0.6002460023861936,0.6298023539722452,0.638163816352918,,
IDRiD_07_2048_0,,,,,0.4242424241620753,0.2705314009008378,,
IDRiD_07_2048_1024,,,,,0.7226450998876631,0.7464373464006664,,
IDRiD_07_2048_1536,,,,,0.7955418266789299,0.784086233845272,,
IDRiD_07_2048_2048,0.41425198540281494,0.8078017746390792,0.4170161773267216,0.3636363635983661,0.8013996394783013,0.797257383949425,,
IDRiD_07_2048_512,0.7703977798299241,0.9535149988441318,0.21394950790697692,0.12254901960183583,0.6912632821621715,0.608311688295888,,
IDRiD_07_512_0,,,0.0,0.0,0.7436974788353576,0.8509615380524224,,
IDRiD_07_512_1024,,,0.5753424653593545,0.7777777763374486,,,,
IDRiD_07_512_1536,,,0.6336499321430654,0.6174526222733604,0.8053293855806566,0.7782546493879464,,
IDRiD_07_512_2048,0.0,0.0,0.43207126943963575,0.4369369368385277,,,,
IDRiD_07_512_2560,0.571485782928084,0.4683295044152173,,,,,,
IDRiD_07_512_512,,,0.6095100864114186,0.6735668788736359,,,,
IDRiD_08_0_1024,0.4007943672106806,0.2520435967273837,,,,,,
IDRiD_08_0_1536,0.6838515872343758,0.5960653881494864,0.0,0.0,,,,
IDRiD_08_1024_1024,0.6702637889621276,0.9423995504090363,0.48819804257408184,0.419386745754759,0.24971008889641633,0.14374721850717637,,
IDRiD_08_1024_1536,0.7060206110946843,0.7553191489215606,0.0,0.0,0.06572769951508739,0.03398058251602413,0.810516519307536,0.6844007858492385
IDRiD_08_1024_2048,,,,,0.7882204072196697,0.776166742175168,,
IDRiD_08_1024_2560,,,,,0.07272727271074379,0.03773584904770381,,
IDRiD_08_1024_512,0.5986856052448869,0.4596354166517046,,,0.8382581647870716,0.8792822184536245,,
IDRiD_08_1536_1024,,,,,0.1489361701810774,0.08045977009644603,,
IDRiD_08_1536_1536,0.7773761428709892,0.7421843280250839,,,0.8469014712363182,0.8578395953602269,,
IDRiD_08_1536_2048,,,,,0.4678206835123027,0.31201894610349207,,
IDRiD_08_512_1024,,,0.5690909090391735,0.9315476187703726,,,,
IDRiD_08_512_1536,,,0.03333333332222222,0.0177304964476133,0.6866791743552197,0.9945652168507798,0.8664222740604526,0.8648239990270664
IDRiD_08_512_2048,,,0.6492434662700943,0.5335342878271639,,,0.6328705198545211,0.6475057812944883
IDRiD_08_512_512,,,0.6932668327448211,0.5889830505978886,,,,
IDRiD_09_0_1024,0.5913086137092052,0.467032612202344,,,,,,
IDRiD_09_0_1536,,,0.0048294597040498205,0.0024205748864623124,,,,
IDRiD_09_0_2560,,,0.29789864027825097,0.17501815539760215,,,,
IDRiD_09_0_3072,,,0.007070707070349964,0.003547896603976285,,,,
IDRiD_09_0_512,0.681303362949283,0.6655319148822888,,,,,,
IDRiD_09_1024_1024,0.0,0.0,0.4719753310271726,0.3304546609009283,0.8126101028292584,0.8068255776081726,,
IDRiD_09_1024_1536,0.8825029545258287,0.8432188279942562,,,0.8611876866520587,0.8199963543550493,,
IDRiD_09_1024_2048,0.5799607773169909,0.6593027969059728,0.43941109851115856,0.31613253664768426,0.7801920161618979,0.6927494615812501,,
IDRiD_09_1024_2560,,,,,0.52180566178104,0.363539445590241,,
IDRiD_09_1024_3072,,,0.0,0.0,,,,
IDRiD_09_1024_3584,,,0.0,0.0,,,,
IDRiD_09_1024_512,0.24509803921046253,0.2120988565026891,0.435440965818796,0.3296158612041631,0.7432200605878628,0.6649902024776944,,
IDRiD_09_1536_1024,0.017141108049674284,0.00864464340819251,0.19435028247855557,0.10799497697329448,0.7293062127435439,0.6597976353705949,,
IDRiD_09_1536_1536,0.6230426215843301,0.8773364485725077,0.503218256260783,0.37037037033846937,0.8049984853062633,0.8644156013113938,,
IDRiD_09_1536_2048,0.696328966134436,0.9338900486801013,0.3765957446407877,0.23197903011376422,0.0,0.0,,
IDRiD_09_1536_2560,,,0.13048368953146885,0.06979542719194973,,,,
IDRiD_09_1536_512,,,0.0,0.0,0.8734766978561854,0.8632259388444921,,
IDRiD_09_2048_1024,,,,,0.7182726909178866,0.781179335523027,,
IDRiD_09_2048_1536,0.2829736210352581,0.165266106396284,0.42920847266280887,0.35191956121097623,0.6970425388232355,0.599349744539715,,
IDRiD_09_2048_2048,0.5354558610631628,0.6678700360769723,0.5202108962636018,0.3561973525443806,,,,
IDRiD_09_2048_2560,,,,,0.7721402213665988,0.9676300576916035,,
IDRiD_09_2048_512,,,0.5655036207845456,0.4017773620017878,0.0,0.0,,
IDRiD_09_512_0,0.229794206948625,0.5693814186632582,,,,,,
IDRiD_09_512_1024,0.0,0.0,0.5411131662932384,0.46103151861143177,0.7600740740712589,0.8166335057634967,,
IDRiD_09_512_1536,0.36204379556758487,0.5560538114098413,0.7442326980196357,0.6845018448921584,0.6880810851978049,0.7932700755509289,,
IDRiD_09_512_2048,,,,,0.7371162280600725,0.8657437218008454,,
IDRiD_09_512_3072,,,0.0,0.0,,,,
IDRiD_09_512_512,0.5220047063509637,0.4111522990739715,0.47488584470548983,0.3999999999384616,0.7642928785592484,0.9007092196452223,,
IDRiD_10_0_1024,,,,,0.759328897886146,0.6919913533996309,,
IDRiD_10_0_1536,,,0.7207130729745029,0.7480176210794698,0.807328434902743,0.7645360074567057,,
IDRiD_10_0_2048,0.7981037839634382,0.7725969023947177,0.5334645669028807,0.6187214611165843,0.7602845497563092,0.7799304004530206,,
IDRiD_10_0_2560,0.39520185734044627,0.6586414445116664,0.6386409444100594,0.7378576180480467,0.7326269865887718,0.8736529170987123,,
IDRiD_10_0_3072,,,,,0.2545154054981169,0.14710698689755586,,
IDRiD_10_0_512,,,,,0.23754789262929196,0.13478260863705105,,
IDRiD_10_1024_0,,,,,0.5500982317190376,0.3794037939351209,,
IDRiD_10_1024_1024,0.3614493614439939,0.323326248663036,0.32281664378953745,0.1992099322686676,0.8260825982316254,0.8476650894790406,,
IDRiD_10_1024_1536,,,,,0.9754378752008379,0.967806289596181,,
IDRiD_10_1024_2048,,,0.8511821974373308,0.9622641507920969,0.9749925524709614,0.9898598860606483,,
IDRiD_10_1024_2560,0.7757758031421031,0.7815667694976776,0.5937961595127081,0.4890510948706792,0.7955367913132377,0.7778651464486814,,
IDRiD_10_1024_3072,0.40154994258895593,0.9978601996435192,0.6685052398969384,0.6090452260694427,0.8134591337909886,0.7579705539587123,,
IDRiD_10_1024_512,,,,,0.7209386608647235,0.6173960273074379,,
IDRiD_10_1536_0,,,0.0,0.0,0.6024472793464924,0.4347172646921902,,
IDRiD_10_1536_1024,,,0.7087529046975697,0.6890060240445025,0.6924951468312234,0.702917994292278,,
IDRiD_10_1536_1536,,,0.43514644333257474,0.28260869549858225,0.8076964887475228,0.8566393253587092,,
IDRiD_10_1536_2048,0.4569754292152926,0.9999999999775029,0.4636433512611277,0.31370917411454735,0.7840742738254409,0.7219167878525807,,
IDRiD_10_1536_2560,,,0.5339458907333361,0.48336414043591824,0.8309652975096208,0.8019612731621293,,
IDRiD_10_1536_3072,,,0.2320284697343752,0.20554854978492454,0.7110999749258056,0.6959293771115287,,
IDRiD_10_1536_512,0.6393029121687765,0.5112781954793457,,,,,,
IDRiD_10_2048_1024,0.0,0.0,0.23070398640960948,0.1303930968235481,0.0,0.0,,
IDRiD_10_2048_1536,0.0,0.0,0.6883384932565356,0.9434229135865032,0.5403791222988785,0.5089263878574486,,
IDRiD_10_2048_2048,0.6830949508815862,0.6934919524021432,0.12780194044403473,0.06900289017091753,0.6872633047569536,0.8366901237360668,,
IDRiD_10_2048_2560,0.16649648627445193,0.09172733289151735,,,0.6992753621921604,0.5498575497008953,,
IDRiD_10_2048_3072,0.3047798066554138,0.37947174856638344,0.04374999999544271,0.022364217250014463,0.5951620264447667,0.48875562215226714,,
IDRiD_10_2048_512,,,,,0.8084626233904524,0.7444155843769135,,
IDRiD_10_512_1024,,,0.11970802917960467,0.06366459626340612,0.8297865269352382,0.8070682038556037,,
IDRiD_10_512_1536,,,,,0.8340800767487226,0.8342759141655929,,
IDRiD_10_512_2048,0.7935516120870588,0.7167042889228735,0.19349845200489557,0.10993843447185847,0.8265076767410507,0.9494071762855704,,
IDRiD_10_512_2560,0.22618705035320327,0.1979848866399,0.38458450420745516,0.24308551128538225,0.8183538526597539,0.7895098586675136,,
IDRiD_10_512_3072,0.5092707045665531,0.4121831925208497,0.1745680106258499,0.10061287027065306,0.6597186744298228,0.5730430152028102,,
IDRiD_10_512_512,0.15610882782461155,0.933766761441131,0.0,0.0,0.7639019792468449,0.6329558765859838,,
IDRiD_11_0_1024,,,0.0,0.0,,,,
IDRiD_11_0_1536,0.27929042903714335,0.350232798740288,0.07508090614400771,0.039004707462070964,0.007029876975917421,0.003527336860048089,,
IDRiD_11_0_2048,,,0.521483225396028,0.3763806286850993,,,,
IDRiD_11_0_2560,0.787324801942034,0.6857749469093104,0.0,0.0,,,,
IDRiD_11_0_3072,,,,,0.6059152677373368,0.7945492660808072,,
IDRiD_11_0_512,0.2254901960563245,0.13772455088170965,0.4758064515169745,0.3129973473970829,0.0,0.0,,
IDRiD_11_1024_1024,,,0.7178247733705242,0.8671532845449411,,,,
IDRiD_11_1024_1536,0.0,0.0,0.2462896109006703,0.16355887052937884,0.8252356780242316,0.8076650106394789,,
IDRiD_11_1024_2048,0.01273885350156193,0.006648936169328599,0.182844243771688,0.18620689650891795,0.8301886792443653,0.7672850604757124,,
IDRiD_11_1024_2560,0.0008892841262585753,0.0004448398576413514,0.0639192598768781,0.04993429697109931,0.8290158162986324,0.7714159984334749,,
IDRiD_11_1024_3072,0.33507534186771587,0.21153634663910956,,,0.8192771083103498,0.9444444441165123,,
IDRiD_11_1536_1024,,,0.43817787409150155,0.3196202530634113,,,,
IDRiD_11_1536_1536,,,0.06499261446602768,0.033639143725743254,0.8381517173111175,0.8704131382891862,,
IDRiD_11_1536_2048,0.0,0.0,0.0,0.0,0.8518808975667184,0.7716668958212032,,
IDRiD_11_1536_2560,0.0,0.0,0.0,0.0,0.7758130947299439,0.6476376785807346,,
IDRiD_11_1536_3072,,,,,0.6820564516060276,0.5500813008040637,,
IDRiD_11_2048_1024,,,0.2285100286451107,0.1292544570450059,0.6917808218388378,0.5297202796276713,,
IDRiD_11_2048_1536,,,,,0.0,0.0,,
IDRiD_11_2048_2048,,,,,0.8027678571410652,0.7153882877119853,,
IDRiD_11_2048_2560,0.4488175079381502,0.34964938814313695,0.0,0.0,0.7485910927098469,0.7113744075761954,,
IDRiD_11_2048_3072,0.7434782608639918,0.7593017914445062,0.0,0.0,0.6535141799843702,0.556722689017151,,
IDRiD_11_512_1024,,,,,0.5219750406661977,0.35815338791078527,,
IDRiD_11_512_1536,,,0.7483683828318805,0.6632390744648793,0.6560480147716131,0.5598581640087811,,
IDRiD_11_512_2048,,,0.2532588454140355,0.14498933900373248,0.7921840084665532,0.6907412833264261,,
IDRiD_11_512_2560,0.0,0.0,0.5593966058730737,0.4419066533821344,0.6794126199427202,0.5724611049788991,,
IDRiD_11_512_3072,0.33729338842684836,0.4440163191195826,0.0,0.0,0.0,0.0,,
IDRiD_11_512_512,,,0.17887563882633084,0.09822263797023174,,,,
IDRiD_12_0_1024,,,,,0.540621865569678,0.8056801194610343,,
IDRiD_12_0_2560,0.0,0.0,0.24032586555597496,0.17352941173918687,,,,
IDRiD_12_0_3072,0.3293745051203979,0.19715639808557758,0.19540229873827455,0.12408759115030103,,,,
IDRiD_12_0_512,0.40111703477021793,0.2510327295757537,,,,,,
IDRiD_12_1024_1024,0.1617793515538244,0.9999999999316005,,,,,,
IDRiD_12_1024_2048,0.5536799459450588,0.9447004606118201,0.5667396060649081,0.9999999996138995,0.04192489974404074,0.8582089545834262,,
IDRiD_12_1024_2560,,,0.7894073138979311,0.9287833825137141,,,,
IDRiD_12_1536_2048,0.0,0.0,,,0.65303350437177,0.8235629996036627,,
IDRiD_12_1536_3072,,,0.0,0.0,,,,
IDRiD_12_2048_1536,,,0.5263157891658972,0.40178571392697704,,,,
IDRiD_12_2048_2048,,,0.0,0.0,,,,
IDRiD_12_2048_2560,,,0.5728813558351049,0.4333333332222222,,,,
IDRiD_12_2048_3072,,,0.15439856370657118,0.09706546273203939,,,,
IDRiD_12_2048_512,0.777066178689324,0.7097493035816296,0.7236723671715866,0.5669957686083222,,,,
IDRiD_12_512_2560,0.9057278536644611,0.8935222672013098,0.0,0.0,,,,
IDRiD_12_512_512,,,,,0.7441860463962503,0.7920792076593798,,
IDRiD_13_0_1024,0.8327414772579415,0.7378854625318476,0.28683693511064107,0.2466216215383035,,,,
IDRiD_13_0_1536,,,0.6577812622243128,0.5026962252544819,,,,
IDRiD_13_0_2048,0.6132075471572354,0.4612773835093713,0.5727272726404959,0.48461538449112423,0.4466019416030414,0.28749999988020836,,
IDRiD_13_0_2560,0.8519305260420851,0.9659960328431285,0.6235242675722115,0.4532739986997283,,,,
IDRiD_13_0_3072,0.11897852582531952,0.5503355703959282,0.2789425706217919,0.16398713824608926,,,,
IDRiD_13_0_512,,,0.552547039901214,0.46522411124689145,0.3767123286381122,0.23206751045060442,0.7994878183804004,0.7378473331156956
IDRiD_13_1024_0,0.0,0.0,0.6367461429681983,0.8798449608992848,,,,
IDRiD_13_1024_1024,0.258777314012797,0.4156151419230587,0.6247101689094168,0.4845837615372773,0.883359198954079,0.821895904713947,,
IDRiD_13_1024_1536,0.059021922426671675,0.19090909087438018,0.1729729729651814,0.104575163392997,0.771538569884099,0.7089301121626017,0.0,0.0
IDRiD_13_1024_2048,,,0.49293657948623576,0.3598069328495039,0.07084468664206678,0.05220883533437633,0.0,0.0
IDRiD_13_1024_2560,,,,,0.0,0.0,,
IDRiD_13_1024_3072,,,,,0.6235624840222884,0.5088280272416401,,
IDRiD_13_1024_3584,,,0.7631205672676425,0.6299765806487174,0.7663551394706962,0.6307692297988167,,
IDRiD_13_1024_512,0.32174847723677,0.19253859347373334,0.8030379746632142,0.7855373947109688,0.6846235829795114,0.6607443426096737,,
IDRiD_13_1536_0,,,0.5529010237020815,0.46551724111177173,0.5052631577174514,0.3412322273264302,,
IDRiD_13_1536_1024,,,0.30563798217317223,0.18101933214578037,0.7638083612944185,0.7040787622868051,,
IDRiD_13_1536_1536,0.16704288935281197,0.09511568120948183,0.34948096884301555,0.275391956354779,0.7194050033563419,0.6277286135322874,,
IDRiD_13_1536_2048,0.2932187201388148,0.18788249692852615,0.601434426198697,0.5887662988376363,0.5236754542993685,0.3986749804988825,0.5041886994206869,0.34893092104976203
IDRiD_13_1536_2560,0.47245609814201994,0.31790223372745385,0.5223562810133174,0.6366782005818896,,,,
IDRiD_13_1536_3072,,,0.7066167290004224,0.9339933990316853,0.47487684724385454,0.32392473113925746,,
IDRiD_13_1536_3584,,,,,0.0,0.0,,
IDRiD_13_1536_512,,,0.32213209731621484,0.1977240398152401,0.0,0.0,,
IDRiD_13_2048_1024,0.05325443786807185,0.02735562309938009,0.4872846595170398,0.43612334795357954,0.3741429970250595,0.24207858045094063,0.8948212983093389,0.8428139598559271
IDRiD_13_2048_1536,,,0.7011952190885858,0.6241134751219757,,,0.029714781476740972,0.015081461910886376
IDRiD_13_2048_2048,0.1694178974730922,0.0954478707735953,0.0,0.0,0.7468354428016343,0.6145833330132379,,
IDRiD_13_2048_2560,0.0,0.0,0.038543897208020574,0.03169014083391192,,,,
IDRiD_13_2048_512,,,0.5090114691147454,0.4055700608872437,,,0.420313204869367,0.2680861558675757
IDRiD_13_512_0,0.0,0.0,0.0,0.0,,,,
IDRiD_13_512_1024,0.329617834368661,0.22622950817199677,0.6288102261399015,0.5405748097827314,0.8125406626311178,0.766572474172496,,
IDRiD_13_512_1536,,,0.7259925679498144,0.6475924633409773,0.7903923295168864,0.7412647728093275,,
IDRiD_13_512_2048,,,0.8284789642672364,0.723163841603626,0.811825809012948,0.8544995794426199,,
IDRiD_13_512_2560,0.6132827324245433,0.5821325647995581,0.6440266827990281,0.5115606935923351,,,,
IDRiD_13_512_3072,,,,,0.6039978389733118,0.4384313725146328,,
IDRiD_13_512_3584,,,,,0.2215568861612105,0.12457912453717873,,
IDRiD_13_512_512,0.0,0.0,0.3146274148744593,0.19235095610884692,0.5281090289428243,0.3652214891439575,0.0,0.0
IDRiD_14_0_1024,,,0.7095851215515318,0.8157894735500347,,,,
IDRiD_14_0_1536,0.0762499999976172,0.03963612735413788,0.6641509431456034,0.7272727266716754,0.0,0.0,,
IDRiD_14_0_2048,0.7856022905393305,0.6861974514625914,0.47626709569780634,0.9999999996621621,0.7838270616336304,0.9090064994935466,,
IDRiD_14_0_2560,0.5418628990022117,0.39628779180638835,0.5784078516776793,0.6326335877560767,,,0.75086726309681,0.8696341721202195
IDRiD_14_0_3072,0.0,0.0,,,0.0,0.0,,
IDRiD_14_0_512,,,0.25799338477078315,0.15961800817465088,,,,
IDRiD_14_1024_0,,,0.0,0.0,,,,
IDRiD_14_1024_1024,0.16458852867009532,0.7932692303878514,0.015209125473357525,0.010101010099309594,,,,
IDRiD_14_1024_1536,0.6709222240774245,0.5578212290346978,0.3240324032257411,0.21428571427295917,0.8310097029478722,0.8624553203130157,,
IDRiD_14_1024_2048,,,0.2201834862132817,0.12664907650044208,0.82261754259102,0.802095562336223,,
IDRiD_14_1024_2560,,,0.0,0.0,0.7894776770458797,0.7604311289705501,,
IDRiD_14_1024_3072,,,0.0,0.0,0.7569830731457803,0.6512298034305729,,
IDRiD_14_1024_3584,,,,,0.0,0.0,,
IDRiD_14_1024_512,,,0.745599999880704,0.6115485562699348,0.4056261342920684,0.2573402417887927,,
IDRiD_14_1536_0,0.5664687071463468,0.663811563098093,,,,,,
IDRiD_14_1536_1024,,,0.0,0.0,,,,
IDRiD_14_1536_1536,0.8911270983177813,0.91085873028098,0.0,0.0,0.6707274625709932,0.577811094435448,,
IDRiD_14_1536_2048,0.0,0.0,0.5939053382192803,0.45572139301971076,0.786793115546421,0.7277452891251545,,
IDRiD_14_1536_2560,,,0.6669658886594719,0.5467255334402703,0.7658413764002132,0.7376717865506196,,
IDRiD_14_1536_3072,0.0,0.0,0.39224137922581004,0.4044444442646914,0.43295638119015245,0.2791666666085069,,
IDRiD_14_1536_512,,,0.7820437093454197,0.8552971575122356,,,,
IDRiD_14_2048_1024,0.07364787110775053,0.03823178016269632,0.3744752308669626,0.31364275663661845,,,,
IDRiD_14_2048_1536,,,0.6365105007049257,0.7086330932702758,,,,
IDRiD_14_2048_2048,,,0.0,0.0,0.546397096913095,0.3838310269203328,,
IDRiD_14_2048_2560,0.8034158838462269,0.7839999999738667,0.6679940268457942,0.5531739488414531,0.6808345463301229,0.7786903440448681,,
IDRiD_14_2048_3072,0.4402238426243815,0.41952165480221326,0.6112035496225401,0.45688225537077604,0.0,0.0,,
IDRiD_14_2048_512,0.8626704725384501,0.7585052983402952,,,,,,
IDRiD_14_512_1536,0.0,0.0,0.0,0.0,0.731952543728816,0.6394940266929112,,
IDRiD_14_512_2048,0.0,0.0,0.3960518198398487,0.9145299142693646,0.8178794391545955,0.84432118330246,,
IDRiD_14_512_2560,0.0,0.0,0.5870948197338051,0.64087301583063,0.7883315981774994,0.7447735863583091,0.0,0.0
IDRiD_14_512_3072,0.0,0.0,0.0,0.0,0.79443143376536,0.7421001458254229,,
IDRiD_14_512_512,,,0.6692708332461887,0.5171026155901202,,,,
IDRiD_15_0_1536,,,0.0,0.0,,,,
IDRiD_15_1024_0,,,0.0,0.0,0.5975384615200757,0.4356213548481103,,
IDRiD_15_1024_1024,,,,,0.7706746463442509,0.7841129255249346,,
IDRiD_15_1024_1536,,,,,0.0006091989034234177,0.0003046922608072915,,
IDRiD_15_1024_512,,,,,0.80829641562445,0.7251304696879761,,
IDRiD_15_1536_2048,,,0.0,0.0,0.0,0.0,,
IDRiD_15_1536_512,0.0,0.0,,,0.0,0.0,,
IDRiD_15_2048_2048,,,0.21874999982910157,0.1228070174361342,,,,
IDRiD_15_512_1024,0.0,0.0,,,0.7251136019344131,0.7308255984278111,,
IDRiD_15_512_512,0.40145454543994713,0.2514806378017549,0.0,0.0,,,,
IDRiD_16_0_2560,,,0.0,0.0,0.8985200845476,0.9015697920703619,,
IDRiD_16_1024_2048,,,0.7687016336398365,0.634943181727991,0.0,0.0,,
IDRiD_16_1024_2560,0.0,0.0,0.0,0.0,0.4745166959551306,0.34947807932902314,,
IDRiD_16_1024_3072,0.7810127218746868,0.6604303086941029,0.2891030392669308,0.17000871838099313,0.7929269219574074,0.7097406755214113,,
IDRiD_16_1024_3584,0.47604084837093325,0.3151326052878246,,,,,,
IDRiD_16_1536_2048,,,,,0.0,0.0,,
IDRiD_16_1536_2560,,,,,0.6088538508134033,0.4865688174953397,,
IDRiD_16_1536_3072,,,,,0.7835299102988662,0.7063542595096606,,
IDRiD_16_2048_1024,,,,,0.0,0.0,,
IDRiD_16_2048_1536,,,0.0,0.0,,,,
IDRiD_16_2048_2560,,,,,0.1297577854559033,0.0693802035088455,,
IDRiD_16_2048_3072,,,,,0.0,0.0,,
IDRiD_16_2048_512,,,0.0,0.0,0.0,0.0,,
IDRiD_16_512_1536,,,0.7744401965715761,0.6971484758409884,,,,
IDRiD_16_512_2048,,,,,0.0,0.0,,
IDRiD_16_512_2560,,,,,0.8130704041711526,0.7526022024421856,,
IDRiD_16_512_3072,,,,,0.7704577552482308,0.6528227509411119,,
IDRiD_17_0_1024,0.6127898805287,0.843123035996057,0.0,0.0,0.7594152491671137,0.8950807071368808,,
IDRiD_17_0_1536,0.11585823697208343,0.06258365443089603,0.0,0.0,0.6929159401456026,0.6642823822059999,,
IDRiD_17_0_2048,0.3171306444533178,0.24796469277466807,,,0.6208279041765018,0.5908613946333028,,
IDRiD_17_0_2560,0.6869390802736528,0.6552889584071526,0.0,0.0,0.7616998386024287,0.8571428570909719,,
IDRiD_17_0_3072,0.21783261411160376,0.9999999999441964,,,,,,
IDRiD_17_0_512,,,,,0.7885862515189902,0.9589905359750818,0.8297882243387024,0.7162140446672327
IDRiD_17_1024_0,0.10354711572820183,0.061679649983334965,0.4656249999272461,0.6234309620822465,0.0,0.0,,
IDRiD_17_1024_1024,0.2610514572565817,0.15173867228538754,0.4982658959249557,0.3437001594622248,0.7906466296679047,0.89262784410652,,
IDRiD_17_1024_1536,0.7789029535848546,0.7924787498892741,0.7694174756347795,0.6687763711669248,0.7064904552087724,0.75743073046905,,
IDRiD_17_1024_2048,0.6467949270958209,0.5607329842889998,,,0.6485191637560047,0.534553940037075,,
IDRiD_17_1024_2560,0.0,0.0,,,0.01879282754085268,0.15400134497955606,,
IDRiD_17_1024_3072,0.1779400749060338,0.5207716759780688,0.0,0.0,,,,
IDRiD_17_1024_3584,,,0.8235294116811837,0.8675213673359997,,,,
IDRiD_17_1024_512,0.7854722130558573,0.672504108459981,0.0,0.0,0.756239563116044,0.7386053072346883,,
IDRiD_17_1536_0,0.7710890617664108,0.9877827810749936,,,,,,
IDRiD_17_1536_1024,0.0,0.0,,,0.6524840983296696,0.8951650943290663,,
IDRiD_17_1536_1536,0.6582870034620164,0.672040799533832,0.30985915489320903,0.28387096768088793,0.6433543254835652,0.8704035874244305,,
IDRiD_17_1536_2048,0.4032042723626478,0.2585699196615905,0.6745762710721057,0.9386792448402457,0.10760233916870149,0.07142857141748003,0.8292118458799588,0.9275167785145971
IDRiD_17_1536_2560,0.0,0.0,,,,,,
IDRiD_17_1536_3072,0.8812123679383828,0.9102908459480842,0.4757834757157004,0.32053742796150914,,,0.0,0.0
IDRiD_17_1536_512,0.935209926825827,0.9099334642548231,,,0.5042854081824283,0.9252997837443425,,
IDRiD_17_2048_0,0.8314398616891119,0.7115079784348355,,,,,,
IDRiD_17_2048_1024,0.9184869616392459,0.9742334169496041,,,0.8340776365223608,0.8125836679509649,,
IDRiD_17_2048_1536,0.6941432543286881,0.9999999999990337,,,0.35192307688923813,0.2178571428312075,,
IDRiD_17_2048_2048,0.5106040040708547,0.3599988037909028,,,0.7880910682322161,0.6656804732743077,0.0,0.0
IDRiD_17_2048_2560,0.8786110510762205,0.8334016673485831,0.5277777777254189,0.39002932545600744,,,0.1881344461947184,0.15582959640673283
IDRiD_17_2048_3072,0.7064530564741672,0.5964514568957912,,,,,,
IDRiD_17_2048_512,0.9731676199741759,0.9878460684075219,,,,,,
IDRiD_17_512_0,,,0.6794258369954901,0.5144927532503676,0.3730964466531604,0.2394136807427665,,
IDRiD_17_512_1024,0.6872421695898606,0.7784700588304176,0.0,0.0,0.7419661689880848,0.8137899750473404,,
IDRiD_17_512_1536,0.6548345729640686,0.5305901911842843,0.6591883866601915,0.6021699818986688,0.816874202337248,0.8555017701002258,,
IDRiD_17_512_2048,0.6862478550560777,0.5726559303731444,0.0,0.0,0.5766225482287255,0.44863523572087755,,
IDRiD_17_512_2560,0.0,0.0,0.5296391752236057,0.4069306930290168,0.12967032966795475,0.07419828128119475,,
IDRiD_17_512_3072,0.2643884892078661,0.9999999999780558,0.2735426008661948,0.15844155842098162,,,,
IDRiD_17_512_512,0.21081576535200894,0.39642745220312714,0.017094017092688887,0.010348071494793219,0.6810945701717533,0.6104426962778772,0.46323422769787354,0.30143450358341417
IDRiD_18_0_1024,0.0,0.0,0.502578796547204,0.5735775015975423,,,,
IDRiD_18_0_1536,0.6969054684040503,0.6977928692403315,0.0,0.0,0.4994272622947909,0.3487999999813973,,
IDRiD_18_0_2048,,,0.32448890820685133,0.3123953098565833,0.7348088531039274,0.7646566163833897,,
IDRiD_18_0_2560,0.7352368591783731,0.6750744786427499,0.32680363113584315,0.26781519183494007,0.5968720821592335,0.6089545129647784,0.7743587312086939,0.6663946466405549
IDRiD_18_0_3072,,,0.0,0.0,,,0.8312533091231279,0.9178219475377013
IDRiD_18_0_512,,,0.8301158300624121,0.7733812948712973,,,,
IDRiD_18_1024_0,0.33190025792503003,0.2516297261731904,0.5868613138257766,0.7282608694332862,0.6030150750738618,0.4477611936957006,,
IDRiD_18_1024_1024,0.23000397929844793,0.1372269705537879,0.4642698623850746,0.6628643852138322,0.736896149354787,0.8163391933731505,,
IDRiD_18_1024_1536,0.4663275686657635,0.5403961018505156,0.14730498827762623,0.18440905279258935,0.715985514740554,0.7626490331553687,,
IDRiD_18_1024_2048,,,0.4080338266169115,0.39834881316838505,,,,
IDRiD_18_1024_3072,,,,,,,0.8591872305253684,0.7762950683731761
IDRiD_18_1024_512,0.6837868197682109,0.6091960413621195,0.21259842518489322,0.13725490195081663,0.78346127536474,0.8171872522550754,,
IDRiD_18_1536_0,0.7265846735358008,0.5714285713435374,0.5029239765101513,0.6515151511861035,0.8393808677787521,0.8324106693088872,,
IDRiD_18_1536_1024,0.19889883000346012,0.1164383561620379,0.521653543289972,0.5353535353174845,0.7662068965473207,0.8645914396775021,,
IDRiD_18_1536_1536,,,0.0,0.0,0.5363805969899077,0.37434895830896164,,
IDRiD_18_1536_2048,,,0.41813208282852166,0.4001495886013351,0.526213592181921,0.4779541445365161,,
IDRiD_18_1536_3072,,,0.21184919206250466,0.22519083960870576,,,,
IDRiD_18_1536_3584,0.0,0.0,,,,,,
IDRiD_18_1536_512,0.2572775159340927,0.23316582913401177,0.07457627118282924,0.06838365896373147,0.7827140549255459,0.8894895201137769,,
IDRiD_18_2048_0,0.1471861471542887,0.09523809521141789,0.0,0.0,,,,
IDRiD_18_2048_1024,0.3547863710017635,0.22913028291201082,0.0,0.0,0.7410898379926887,0.8437290409008219,,
IDRiD_18_2048_1536,,,0.15870880967325426,0.2099644127740277,0.8352180936320501,0.8003095973993329,0.0,0.0
IDRiD_18_2048_2048,,,0.2894029047719525,0.251167133496623,0.0,0.0,,
IDRiD_18_2048_2560,,,0.0,0.0,,,,
IDRiD_18_2048_3072,0.44515565899199433,0.5889145496082436,0.11725293130364273,0.1219512194697034,,,,
IDRiD_18_2048_512,0.6274556325314903,0.8393956706605764,0.23068309069687634,0.22991071426860782,0.744537815105195,0.904081632591559,,
IDRiD_18_512_1024,0.4708688245234946,0.49392423157634296,0.4487072560092821,0.8078078075652229,0.8488152652369718,0.8830715531900929,,
IDRiD_18_512_1536,0.48236953454599296,0.6319957761017954,,,0.0,0.0,,
IDRiD_18_512_2048,0.6213083080234432,0.5215477293669707,0.0,0.0,,,,
IDRiD_18_512_3072,,,0.00838574423304282,0.006389776355786013,0.4756335282419282,0.32511658891904616,,
IDRiD_18_512_512,0.5611592020970801,0.7511335012216054,0.6835074082904177,0.7508004268542796,0.8199983688083353,0.868596112303511,,
IDRiD_19_0_1024,0.7312165985309269,0.5823735603113483,,,,,0.6356437791448568,0.46589282874120064
IDRiD_19_0_1536,,,,,0.0,0.0,,
IDRiD_19_0_2048,,,,,,,0.6275434459817697,0.4580571137116515
IDRiD_19_0_2560,0.040214477206405565,0.02097902097608685,,,,,,
IDRiD_19_1024_0,,,0.18410041833301238,0.28205128168967786,,,,
IDRiD_19_1024_1024,,,,,0.8324778347721663,0.7521079257375962,,
IDRiD_19_1024_1536,,,,,0.7149585837142284,0.6274230330493893,,
IDRiD_19_1024_2560,,,0.8226691040543567,0.8333333330246913,,,,
IDRiD_19_1024_512,0.28488612835259275,0.9999999997093023,0.0,0.0,,,,
IDRiD_19_1536_2048,0.0,0.0,0.435668789753418,0.3426853706728085,,,,
IDRiD_19_1536_2560,,,0.0,0.0,,,,
IDRiD_19_1536_3072,,,0.0,0.0,0.6907449209542469,0.7132867132035796,,
IDRiD_19_1536_512,0.7315541600968778,0.7258566977627837,,,,,,
IDRiD_19_2048_1024,0.7970565453085653,0.7352625937747378,0.8050139274644827,0.9352750806034708,,,,
IDRiD_19_2048_1536,0.0,0.0,0.24427480913699667,0.643216080078786,,,,
IDRiD_19_2048_2048,0.6765692381084538,0.5308270676292611,0.8466666663844444,0.7743902434302499,,,,
IDRiD_19_2048_2560,0.0,0.0,,,,,,
IDRiD_19_2048_3072,,,0.8078817732000291,0.6776859501331877,,,0.7635113054562432,0.6179189441056449
IDRiD_19_2048_512,0.8023677003197953,0.7700525690898753,0.7035714285295492,0.6896149357421687,,,0.6896198830358945,0.984965546022448
IDRiD_19_512_1024,0.760152494606662,0.8730249381139725,0.47169811317046395,0.4950495048688037,0.7290427257582994,0.7641723355142662,,
IDRiD_19_512_1536,0.8053580385306542,0.7432336764104818,0.5651438239792602,0.5475409835167966,0.7566106581343456,0.7718749999929055,0.5738024586640627,0.41803582457791183
IDRiD_19_512_2048,0.13555892766132732,0.07270754204705873,,,,,,
IDRiD_19_512_512,0.5113011606441265,0.4519438444680376,0.436553524781381,0.3306962025054829,,,,
IDRiD_20_0_1024,0.0035919540228594848,0.002501250625187531,0.20240025948094714,0.489028213089494,,,,
IDRiD_20_0_1536,0.7986068247914707,0.6720338354183273,0.0,0.0,0.5330719223967282,0.44191616765711006,,
IDRiD_20_0_2048,0.660015961665602,0.4946172248508004,0.582677165277864,0.4126394051277622,0.5472809144251028,0.4018311291758987,,
IDRiD_20_0_2560,,,0.0,0.0,,,,
IDRiD_20_0_512,0.0,0.0,,,,,,
IDRiD_20_1024_0,,,0.7110064743548554,0.6113360323267879,,,,
IDRiD_20_1024_1024,0.4341670599134419,0.3862300587417103,0.3205233033262041,0.3999999999183673,0.8142479115840444,0.8469883419643405,,
IDRiD_20_1024_1536,0.0,0.0,0.008010680906807652,0.007109004737651894,0.7922841010037769,0.7595625412136757,,
IDRiD_20_1024_2048,,,0.6731967942809974,0.5531707316803331,0.0,0.0,,
IDRiD_20_1024_2560,,,0.6377708977340912,0.5786516852307158,,,,
IDRiD_20_1024_3072,0.7033218785594696,0.5792452829915451,0.7484374999415283,0.9410609035479252,,,,
IDRiD_20_1024_512,0.6435907188984062,0.5950413223035864,0.6082661814242718,0.6090577823732921,0.80038204389683,0.8231827111175656,,
IDRiD_20_1536_1024,0.6466119254036788,0.5090623489546995,0.6013947001226947,0.4761484098729617,0.7495786178635943,0.6664050235431254,,
IDRiD_20_1536_1536,,,0.6989898988486889,0.5372670805784885,0.8621675267929251,0.7903777567451024,,
IDRiD_20_1536_2048,0.009577015162843015,0.004811547714128985,,,,,,
IDRiD_20_1536_3072,0.24300626304463457,0.16385135134827608,0.49807115300051136,0.33818393478823144,0.0,0.0,,
IDRiD_20_1536_512,0.571880937283981,0.4915623298589242,0.42499999998437504,0.4572784809764811,0.8520187706135203,0.8194655465115785,,
IDRiD_20_2048_1024,,,0.6236864526945843,0.6252847380053937,0.755621581468176,0.6965019295363095,,
IDRiD_20_2048_1536,0.5230410913238556,0.48941469487890993,0.3795365106961287,0.5733157198714246,0.7584791320422394,0.6503519946253713,,
IDRiD_20_2048_2560,0.6015564202100562,0.43016138005396987,,,,,,
IDRiD_20_2048_3072,0.2699914015361139,0.15606361828250181,0.30019493174462036,0.1989664082430276,0.0,0.0,,
IDRiD_20_2048_512,0.1282771535550497,0.0785775738434592,0.5809994508192752,0.43183673465862554,0.9135144429134757,0.8756248969901904,,
IDRiD_20_512_1024,0.0,0.0,0.8140517696562586,0.7918807810487214,0.8225501324240294,0.8120666985392898,,
IDRiD_20_512_1536,0.43543888432784705,0.33808917197021543,0.5130863573079645,0.5693041526215122,0.754054981132077,0.6988509923216365,,
IDRiD_20_512_2048,,,,,0.0,0.0,,
IDRiD_20_512_2560,0.12185031966446595,0.06519114687866434,0.004439511653225359,0.0035087719292089875,,,,
IDRiD_20_512_3072,,,0.0,0.0,,,,
IDRiD_20_512_512,,,0.4864341084799967,0.40746753240138517,0.8142857142469389,0.832521908390212,,
IDRiD_21_0_1024,0.4265284233030653,0.30279187816490377,0.23628691980629885,0.1355932203225674,0.05075784278989222,0.026039783000866554,,
IDRiD_21_0_1536,0.006024096384634926,0.0030211480357974097,0.5446841294089105,0.8782608694561167,0.36769394257516536,0.24094707517535557,,
IDRiD_21_0_2048,,,0.4653148345287818,0.3087818696446485,0.5202393523224133,0.4247126436537521,,
IDRiD_21_0_2560,,,0.4595238094964569,0.3222036727610848,,,,
IDRiD_21_0_3072,,,0.0,0.0,,,,
IDRiD_21_0_512,0.8575265535238978,0.9009748588788873,,,0.0,0.0,,
IDRiD_21_1024_1024,,,0.7313642756337851,0.6806282721919172,0.2962275819327079,0.35719612227015685,,
IDRiD_21_1024_1536,0.8161784612008437,0.8012970444312003,0.11032028467787897,0.06352459015091709,0.8732994414992243,0.8630413246502157,,
IDRiD_21_1024_2048,0.43823116517971183,0.2863038826003316,0.433515482669489,0.3137082600778815,0.797241995940718,0.8347616304161214,,
IDRiD_21_1024_2560,0.6765975219236318,0.5441516757442401,0.315632011943483,0.3116691284620873,0.7981035163903745,0.7442888725019264,,
IDRiD_21_1024_3072,0.3552060737478958,0.21595779755661132,0.6801195814140418,0.515288788163614,,,,
IDRiD_21_1536_0,,,,,0.0,0.0,,
IDRiD_21_1536_1024,,,0.7907444667212531,0.7844311375679778,0.007386363636153797,0.003706871970239325,,
IDRiD_21_1536_1536,0.678349959539543,0.5638727027985714,,,0.8893846079228828,0.9449468016566325,,
IDRiD_21_1536_2048,0.40335863070558114,0.2926429240793664,0.1347031963393434,0.1337868480573938,0.7560267937072177,0.7405094379289838,,
IDRiD_21_1536_2560,0.7314319170260478,0.6167571761011583,0.3031755542059212,0.5029821072558683,0.8141778036006643,0.7707031593735338,,
IDRiD_21_1536_3072,,,0.8078431370965014,0.7686567161310982,,,,
IDRiD_21_1536_512,0.7458533975188375,0.6140969162725067,,,0.25755958732630524,0.14781543486534032,,
IDRiD_21_2048_1024,0.0,0.0,0.0,0.0,0.0,0.0,,
IDRiD_21_2048_1536,0.5520917460741062,0.6362620997529315,0.49195106242807785,0.34695731150345527,0.5712767088277741,0.42909613541314123,,
IDRiD_21_2048_2048,0.4162673547067666,0.26991714467383815,0.5954356846318611,0.6689976689586831,0.7799105572564697,0.735104669883797,,
IDRiD_21_2048_2560,0.8557731538060406,0.8140888802481256,0.7160839160505322,0.6536170212209688,0.7743406056406923,0.7534854245403367,,
IDRiD_21_2048_3072,,,0.7343941247571122,0.6451612901838363,0.6004273503632023,0.4488817890656739,,
IDRiD_21_2048_512,0.21423905942428223,0.15457115926912618,0.0,0.0,0.0,0.0,,
IDRiD_21_512_1024,,,0.0,0.0,,,,
IDRiD_21_512_1536,,,0.0,0.0,0.6783114992612274,0.6356471657885527,,
IDRiD_21_512_2048,0.8163430967948566,0.8692019590770786,0.44761480158503725,0.37185185182430724,0.7262549656850283,0.7681436210701271,,
IDRiD_21_512_2560,0.5308813968558477,0.3948059124133885,0.30626598464494037,0.470068694752692,0.6065002901739263,0.9666975022232471,,
IDRiD_21_512_3072,0.031185031183950624,0.01583949313566211,0.8341346152843588,0.7446351929732542,,,,
IDRiD_21_512_512,,,0.6183908045266218,0.44758735433484403,0.0,0.0,,
IDRiD_22_0_1024,0.7309604295067722,0.6335122359513835,0.0,0.0,,,0.586832450059156,0.8653441538837255
IDRiD_22_0_1536,0.22427745663443482,0.12630208332511053,0.44799999996017775,0.9805447467001771,,,,
IDRiD_22_0_2048,0.5227639844419817,0.812837209287203,0.42972774095439825,0.3170466883477691,,,0.8244933160805687,0.809788235286496
IDRiD_22_0_2560,0.825625625623789,0.9272972567784575,,,0.6823973572278812,0.5318131665858105,,
IDRiD_22_0_3072,0.42888079284494945,0.5206928549302772,,,,,,
IDRiD_22_0_512,0.7363993269563545,0.7290394225025519,,,,,,
IDRiD_22_1024_1024,,,0.699203876749768,0.7127734650167414,,,,
IDRiD_22_1024_1536,,,0.6080821038737599,0.4514285713855782,0.803150003784035,0.8140189306686415,,
IDRiD_22_1024_2048,,,0.548017621097091,0.520938023363327,0.7405555253560534,0.7163739615076371,,
IDRiD_22_1024_3072,0.0,0.0,,,,,,
IDRiD_22_1024_512,,,0.7814313344716768,0.8244897955818409,,,,
IDRiD_22_1536_0,,,,,0.5275119616909383,0.5256257448717967,,
IDRiD_22_1536_1024,,,0.9177489176495943,0.9769585251205164,0.7633136093545394,0.6972972971088385,,
IDRiD_22_1536_1536,0.0,0.0,0.5704874834933802,0.5412499999323438,0.83889642694854,0.8253826984545144,,
IDRiD_22_1536_2048,0.28924980664672467,0.9599589321396347,0.041899441334930246,0.033407572375633056,0.8264889024700567,0.8563229764462444,,
IDRiD_22_1536_3072,0.7812736999594538,0.858623175343041,0.5407341091727185,0.38520408158351993,0.6844106463715682,0.5651491365555279,,
IDRiD_22_1536_3584,0.5515356464513294,0.38314990023567513,,,,,,
IDRiD_22_1536_512,,,0.7428571427755102,0.9037433152663787,0.6474672152057735,0.6323455549657285,,
IDRiD_22_2048_1024,0.5783691783911749,0.4339447411090331,0.4010989009887091,0.4294117644532872,,,0.8978053751696976,0.8862115753479333
IDRiD_22_2048_1536,0.8135782896501578,0.7887884267488465,,,,,,
IDRiD_22_2048_2048,,,0.0,0.0,,,,
IDRiD_22_2048_3072,,,0.6865248225976561,0.9166666663194444,,,,
IDRiD_22_2048_512,,,,,0.3099630995738076,0.1874999999581473,0.0,0.0
IDRiD_22_512_1024,0.6006409755325559,0.5078651685379831,,,0.9060862555055992,0.9517358170235617,0.6842801873328134,0.854219623787149
IDRiD_22_512_1536,,,0.7613843350854841,0.8583162215896681,,,,
IDRiD_22_512_2560,0.0,0.0,,,,,,
IDRiD_22_512_3072,0.8237034353671601,0.729364174209264,,,,,0.818696718438604,0.715831929339062
IDRiD_22_512_512,0.7914728143823937,0.8706080048751816,,,0.7452516619094818,0.631716643175051,0.2822580644998699,0.16978516977340366
IDRiD_23_0_1024,0.5557066638740679,0.5002354270599846,0.0,0.0,,,,
IDRiD_23_0_1536,,,,,,,0.7460907127365348,0.6567300380128254
IDRiD_23_0_2048,0.7218334854440633,0.6140441683866973,,,,,,
IDRiD_23_0_2560,0.3568106792598809,0.40049764699301943,,,,,,
IDRiD_23_0_3072,0.16019127315719692,0.08706952566318812,,,,,,
IDRiD_23_1024_1024,,,,,0.0,0.0,,
IDRiD_23_1024_1536,,,0.6150197627972316,0.6582064296686623,,,,
IDRiD_23_1024_2560,,,,,,,0.0,0.0
IDRiD_23_1024_3072,,,0.8403001071361039,0.8475675674759386,,,,
IDRiD_23_1536_1024,,,0.7214285711709183,0.5642458097406449,0.6635127143505762,0.5855949895310232,,
IDRiD_23_1536_1536,,,0.8390022674785712,0.9660574410010293,0.742120343786381,0.7920489295425002,,
IDRiD_23_1536_2560,,,,,0.7321755027087672,0.5933333332893826,,
IDRiD_23_1536_3072,,,0.7187222714535295,0.7297297295982469,0.564650851978539,0.41472392637019084,,
IDRiD_23_1536_3584,,,,,0.0,0.0,,
IDRiD_23_1536_512,,,0.6700507612512561,0.5038167937008332,0.5705246506572496,0.5906113536795518,,
IDRiD_23_2048_1024,0.0,0.0,,,,,,
IDRiD_23_2048_2048,0.08132548039716424,0.04264678355262168,,,,,,
IDRiD_23_2048_2560,0.6040551215605717,0.4327213279623652,0.8157099696653006,0.8766233763387585,,,,
IDRiD_23_2048_3072,,,,,0.4508338125100153,0.296744890212207,,
IDRiD_23_2048_512,0.6363298662645214,0.9991251093321923,,,0.0,0.0,,
IDRiD_23_512_1024,0.7524091919801259,0.7083042567791938,,,,,,
IDRiD_23_512_2048,,,0.7142857141156462,0.5555555553497942,,,,
IDRiD_23_512_2560,,,,,,,0.3208245772008323,0.19106078664849746
IDRiD_23_512_3072,0.0,0.0,,,,,0.3892473118237715,0.2418815982862237
IDRiD_23_512_512,,,0.477064220037595,0.6046511623219759,,,,
IDRiD_24_0_2048,,,,,0.5350318467929733,0.36521739098676753,,
IDRiD_24_1024_1536,,,,,0.0,0.0,,
IDRiD_24_1024_2048,,,,,0.516885180760491,0.4119696010002543,,
IDRiD_24_1024_2560,,,0.0,0.0,,,,
IDRiD_24_1536_1536,,,,,0.0,0.0,,
IDRiD_24_1536_2048,,,0.8980132449141704,0.8432835818797801,0.5051903113837238,0.33796296293167005,,
IDRiD_24_1536_2560,,,0.6814044212377888,0.5271629777611342,,,,
IDRiD_24_1536_512,0.5962636724363927,0.6225995552734466,,,0.1946472019227923,0.11004126545941662,,
IDRiD_24_2048_1024,0.7050566674089104,0.9923211169215195,,,,,,
IDRiD_24_2048_1536,0.7311240177406517,0.9648331829607905,0.5816876121038264,0.6694214873266854,,,,
IDRiD_24_512_1536,,,,,0.0,0.0,,
IDRiD_24_512_2048,,,,,0.49635036494086,0.33957553056556955,,
IDRiD_24_512_2560,0.7894081701845715,0.7612396333312693,,,,,,
IDRiD_24_512_512,0.6705788210010515,0.5923656927147801,,,,,,
IDRiD_25_0_1024,,,0.6991622238880746,0.5652709359257838,0.7426921263533042,0.6767264525793324,0.0,0.0
IDRiD_25_0_1536,0.0,0.0,0.04583333333015046,0.023454157780849028,0.7813963077815068,0.6536173148218597,,
IDRiD_25_0_2048,0.1474848564646597,0.07961330679499848,0.0,0.0,0.6861059190016903,0.6104664054970417,0.0,0.0
IDRiD_25_0_2560,0.546802151819804,0.48815368195850417,0.0,0.0,0.8169447545478555,0.7042422035520272,,
IDRiD_25_0_3072,0.2381767601087291,0.1716003700251064,,,0.5164394546498444,0.41335044924090497,,
IDRiD_25_0_512,0.5063838995778753,0.5707317072892326,0.0,0.0,0.6407346264894682,0.4815446650049388,0.00722021660629769,0.003623188405696121
IDRiD_25_1024_0,,,0.0,0.0,,,,
IDRiD_25_1024_1024,0.0,0.0,0.0,0.0,0.0,0.0,,
IDRiD_25_1024_1536,0.29680616739883803,0.675015654330776,0.0,0.0,0.8636296623902929,0.789602471847895,,
IDRiD_25_1024_2048,,,0.0,0.0,0.8499923066110624,0.7679883945832109,,
IDRiD_25_1024_2560,0.7786186568932155,0.7206901636900137,0.0,0.0,0.8544376235553539,0.7945558924062126,,
IDRiD_25_1024_3072,0.0,0.0,,,0.7723002482144962,0.6375142649619384,,
IDRiD_25_1024_512,,,0.5267629566247439,0.4287690179213321,,,,
IDRiD_25_1536_0,,,,,0.7833572452247695,0.9999999996336996,,
IDRiD_25_1536_1024,0.7459951790933264,0.9294310600834915,,,,,0.8868399892742598,0.9792825855217321
IDRiD_25_1536_1536,0.0,0.0,0.0,0.0,0.823081668286416,0.7071304097862007,,
IDRiD_25_1536_2048,0.0,0.0,0.17302798977785547,0.09497206701257763,0.8917619323799432,0.8289620147459685,0.0,0.0
IDRiD_25_1536_2560,0.5056040341156547,0.3439091055245621,0.0,0.0,0.7695365178453436,0.7622328458835457,0.0,0.0
IDRiD_25_1536_3072,0.6769115675924163,0.5618047291324996,0.314127861064394,0.19939879757521053,,,,
IDRiD_25_1536_512,0.057349192861993435,0.14150943394743087,0.8382352939943772,0.7786885243774074,0.0,0.0,,
IDRiD_25_2048_1024,0.009597637504259963,0.028077753773633314,,,,,,
IDRiD_25_2048_1536,0.21034895097178852,0.1331727460417538,0.10146699265883453,0.06454121305874484,0.7055028462864231,0.7550771729993877,,
IDRiD_25_2048_2048,0.24766440739971546,0.17186149387211133,0.45384218667076626,0.2985074626663156,,,,
IDRiD_25_2048_2560,0.15887495248652841,0.08641720074247639,0.0,0.0,0.0,0.0,,
IDRiD_25_2048_3072,,,0.5313432835292196,0.3973214285123034,0.0,0.0,,
IDRiD_25_512_1024,0.0,0.0,,,0.7952533800198517,0.6992097971446679,,
IDRiD_25_512_1536,0.6764678062283948,0.663143114500442,0.17018379849659007,0.19319938174704795,0.710059737153118,0.7392775400463799,,
IDRiD_25_512_2048,0.6064070334106619,0.4873363431140241,0.24441887226134826,0.1533352584420059,0.5469302568233119,0.7478991596520074,0.0,0.0
IDRiD_25_512_2560,0.7207476375739273,0.668923711867744,0.0,0.0,0.8489701080121734,0.8293695425434462,,
IDRiD_25_512_3072,,,0.01265822784008973,0.006369426747535397,0.7066022277059041,0.5545860059240237,,
IDRiD_25_512_512,0.8738210552925358,0.8709349593053386,,,,,,
IDRiD_26_0_1024,0.5583929906981686,0.4118203309627767,0.62948207165045,0.7281105989105735,,,,
IDRiD_26_0_1536,0.8017232742129874,0.7372397272758939,,,,,,
IDRiD_26_0_2048,,,0.37872070928570484,0.39866666661351113,,,,
IDRiD_26_0_2560,0.0,0.0,0.5840652446491824,0.5350574712336174,,,,
IDRiD_26_1024_1024,,,0.7963917525260057,0.9763033173813107,,,,
IDRiD_26_1024_1536,,,0.6604155175462325,0.70792274336981,,,,
IDRiD_26_1024_2048,0.09525057893085484,0.9714795008046809,0.3041322313546889,0.1793372319338524,,,,
IDRiD_26_1024_2560,0.5689139235949848,0.5144858325210289,0.4666117064935445,0.6206140350196695,,,,
IDRiD_26_1024_3072,0.9455422253559588,0.9662259615326548,0.0,0.0,,,,
IDRiD_26_1536_1024,,,0.660633484063253,0.999999999543379,,,,
IDRiD_26_1536_1536,,,0.7493619193083532,0.7726315788660388,,,,
IDRiD_26_1536_2048,0.18479248712324756,0.6132707774387888,,,,,,
IDRiD_26_1536_2560,,,0.6336302894970138,0.9693356046048832,,,,
IDRiD_26_1536_3072,0.14317673377618484,0.08832807570629622,0.30602240895287036,0.19108001748180675,,,,
IDRiD_26_2048_1024,,,,,0.8230452673768114,0.7407407405578418,,
IDRiD_26_2048_1536,0.26836211804387244,0.9181818180625738,0.0,0.0,,,,
IDRiD_26_2048_2048,,,0.7017225747323914,0.9974226801553033,,,,
IDRiD_26_2048_3072,0.8064733647950365,0.6776630571559096,,,,,,
IDRiD_26_512_1024,0.8702697725767873,0.8789287706818028,0.0,0.0,,,,
IDRiD_26_512_1536,0.0,0.0,0.4619478445736057,0.9999999997695852,,,,
IDRiD_26_512_2048,0.6658063536620268,0.9120307788196731,0.5950186799427769,0.5517321016038861,0.6452141832210451,0.7491670632675314,,
IDRiD_26_512_2560,,,0.764281024269065,0.807212205214479,,,,
IDRiD_26_512_3072,0.6928810751784571,0.6329527477796514,0.9042016805203023,0.8459119494195245,,,,
IDRiD_26_512_3584,0.0,0.0,,,,,,
IDRiD_26_512_512,0.568271507475601,0.6654343807148396,,,,,,
IDRiD_27_0_1024,,,,,0.873208379176052,0.7779960705740675,,
IDRiD_27_0_1536,0.0,0.0,0.7392344496723404,0.9507692304766864,0.2420135527472404,0.13812154695369494,,
IDRiD_27_0_2048,0.0,0.0,,,,,,
IDRiD_27_0_2560,0.12757731958688157,0.20256696428194632,0.343044727109436,0.21293937849144476,,,,
IDRiD_27_0_3072,,,0.0,0.0,,,,
IDRiD_27_0_512,0.0,0.0,0.7724230253833719,0.7194513714813652,,,,
IDRiD_27_1024_0,0.8519419838328439,0.8007319304519537,0.2392857142429847,0.21682847889423024,0.3447600391435103,0.67953667927431,,
IDRiD_27_1024_1024,0.07063197024709443,0.08636363632438017,0.6913921948327874,0.7811131956984919,0.7431635388540707,0.7140649149554835,,
IDRiD_27_1024_1536,0.0,0.0,0.531058020441566,0.6706896550567777,0.816491688534468,0.875263774901814,,
IDRiD_27_1024_2048,,,0.7592592592179053,0.7920454544554494,0.7014149581186628,0.5978341127098736,,
IDRiD_27_1024_2560,,,0.0,0.0,,,,
IDRiD_27_1024_512,0.42651439920026674,0.9970980846780558,0.6380336351710729,0.7924164523912328,0.7236498257800323,0.7844664777999945,,
IDRiD_27_1536_0,0.8425511118317074,0.8284478615983625,0.0,0.0,,,,
IDRiD_27_1536_1024,0.41278156102362656,0.35509205613035805,0.4710440456673931,0.47162106980516044,0.5473488371991191,0.40191256829502975,,
IDRiD_27_1536_1536,0.0,0.0,0.33699160746694695,0.2830802602729848,0.7917892989148608,0.8225148949384993,,
IDRiD_27_1536_2048,,,0.6101694914392416,0.5581395347394988,0.0,0.0,,
IDRiD_27_1536_2560,,,0.37871674485466095,0.5789473681440443,,,,
IDRiD_27_1536_512,0.5495676236558314,0.3962885363624036,0.49543295577291074,0.6408317579734563,0.6770635877935803,0.5408865638692059,,
IDRiD_27_2048_1024,0.5288989344356184,0.4924834635903497,0.5868042756879173,0.7573739295188036,0.6477117818763835,0.54151742101786,,
IDRiD_27_2048_1536,0.0,0.0,0.5610207861584479,0.5632231404725941,0.6986166007847611,0.8118660286925959,,
IDRiD_27_2048_2048,0.712076890902128,0.6661454260620684,0.2521739130069313,0.9999999988505748,0.571120689634658,0.5342741935124815,,
IDRiD_27_2048_512,0.44531468530222895,0.47128478386789313,0.4359464626984342,0.34378769599856523,,,,
IDRiD_27_512_1024,0.0,0.0,0.7727810650430307,0.9518950435930182,0.677708764641901,0.6481848184390637,,
IDRiD_27_512_1536,,,0.3168635875232619,0.257867132844592,0.6675804809247764,0.7799945090072298,,
IDRiD_27_512_2048,,,0.6826347304367314,0.9956331873381514,0.6778285134392201,0.9754198101490529,,
IDRiD_27_512_512,0.342280400192418,0.8712138209362528,0.010915197312723965,0.006852925671752613,,,,
IDRiD_28_0_3072,,,,,0.8818635605853805,0.8153846151337277,,
IDRiD_28_1024_1536,,,0.601818181763471,0.5220820188450975,0.5626650416298463,0.5114475627580707,,
IDRiD_28_1024_2048,,,0.05155555555097283,0.033218785792300254,0.0,0.0,,
IDRiD_28_1024_2560,0.7340916077241287,0.788118811829167,0.5188916875920792,0.7984496120936241,,,,
IDRiD_28_1024_3072,0.0,0.0,0.4966740576129583,0.9710982656152894,,,,
IDRiD_28_1536_1536,0.7877781467689214,0.8644314868174612,,,0.0,0.0,,
IDRiD_28_1536_2048,0.824019799390074,0.7028888888732692,0.8181818179752066,0.9642857137117348,0.454022988440514,0.295327102748537,,
IDRiD_28_1536_2560,0.8301904761865229,0.9214587737746145,0.6610407875300928,0.8303886922860817,0.40412371131243136,0.4140845069839318,,
IDRiD_28_1536_3072,,,0.4014732964269847,0.295392953849487,,,,
IDRiD_28_2048_1024,0.0,0.0,,,,,,
IDRiD_28_2048_1536,0.5984337023872959,0.8213491474557932,0.0,0.0,,,,
IDRiD_28_2048_2048,0.7300109528825298,0.7578169414009199,0.1949458483402625,0.10843373491798519,,,,
IDRiD_28_2048_2560,0.0,0.0,0.4140233722641055,0.8651162788685776,,,,
IDRiD_28_2048_3072,0.8541133454897948,0.802749140838299,,,,,,
IDRiD_28_2048_512,0.6932573598581901,0.9147869671892764,,,,,,
IDRiD_28_512_1536,0.8449306703874198,0.8487094300830895,,,,,,
IDRiD_28_512_2048,0.7095220451887825,0.7778229081731185,0.5450861194989781,0.9307958474287903,0.4091954022047826,0.2617647058053633,,
IDRiD_28_512_2560,0.0,0.0,0.35245046920203854,0.30124777178230877,,,,
IDRiD_28_512_3072,0.7639273622417998,0.6785128485140233,,,,,,
IDRiD_29_0_1024,,,0.7320388348803846,0.8726851849831747,,,,
IDRiD_29_0_1536,,,0.6936274508953888,0.6581395347306652,,,,
IDRiD_29_0_2560,0.0,0.0,0.684491978518116,0.6009389669950848,,,,
IDRiD_29_1024_1024,,,,,0.7504944899477114,0.6541871920860006,,
IDRiD_29_1024_2048,,,0.44776119397844305,0.3266331657744333,,,,
IDRiD_29_1024_2560,,,0.5988700563280027,0.4884792624477054,,,,
IDRiD_29_1024_3072,0.0,0.0,,,,,,
IDRiD_29_1536_1024,,,0.0,0.0,0.0,0.0,,
IDRiD_29_1536_1536,,,0.5811209438670913,0.5533707863614127,,,,
IDRiD_29_1536_2560,,,0.524444444211358,0.8309859143225551,,,,
IDRiD_29_1536_3072,0.159261396413199,0.0865203761701241,0.394678492151956,0.9999999988764046,,,,
IDRiD_29_2048_1024,,,0.7831800261782944,0.9675324672183335,0.6666666652777777,0.4999999984375,,
IDRiD_29_2048_1536,,,0.8646748680378428,0.7616099068849504,,,,
IDRiD_29_2048_2560,,,0.8735955054952815,0.9228486644145849,0.5696335077937557,0.9963369959720376,,
IDRiD_29_2048_3072,,,0.35185185152606313,0.21348314582754704,,,,
IDRiD_29_512_2048,,,0.07368421050692521,0.03878116342416034,,,,
IDRiD_29_512_2560,,,0.52079565994199,0.37499999990234373,,,,
IDRiD_29_512_3072,,,0.6078431370562604,0.9587628856095228,,,,
IDRiD_30_0_1024,,,0.0,0.0,,,,
IDRiD_30_0_2048,0.7478118859865068,0.8846293165848549,0.0,0.0,,,,
IDRiD_30_0_2560,0.5678659035043364,0.5348479014041261,0.0,0.0,,,0.7686778571698081,0.8915260886534765
IDRiD_30_1024_1024,0.8144063027528733,0.7532792004918458,,,0.5594359731011734,0.7599109131064629,,
IDRiD_30_1024_1536,,,,,0.795530439244827,0.8518773208519891,,
IDRiD_30_1024_2048,0.0,0.0,0.6385998107550331,0.727370689576792,0.5726695623024947,0.579249746516416,,
IDRiD_30_1024_512,0.3889399381806955,0.30132021744367954,0.030898876402324516,0.018121911036398524,0.7847222219497492,0.6457142853453062,,
IDRiD_30_1536_1024,,,,,0.16087880934936646,0.09153225806082532,,
IDRiD_30_1536_1536,,,,,0.5780124819693705,0.4714173844579939,,
IDRiD_30_1536_2048,0.9221996958828915,0.9427461139652139,0.8287581698263061,0.8544474391227904,0.6862139917518978,0.7305585979884688,,
IDRiD_30_1536_2560,,,0.6848739495078914,0.9287749285103205,,,,
IDRiD_30_1536_512,0.0,0.0,0.3864203694265392,0.31034482756131954,0.6768597471132943,0.5603700097098165,,
IDRiD_30_2048_2048,0.8500148794720265,0.8078627321503925,0.5218080887977079,0.4256144889763509,,,,
IDRiD_30_2048_2560,,,,,,,0.5751231526916526,0.41181657846508746
IDRiD_30_512_1024,0.0,0.0,,,,,,
IDRiD_30_512_2560,,,0.6704172526643031,0.9701492535997084,,,,
IDRiD_30_512_512,0.0,0.0,,,,,,
IDRiD_31_0_1024,,,0.7468879667607061,0.7142857142047295,,,,
IDRiD_31_0_1536,0.8206699021385538,0.7950516417419645,0.4137235115626919,0.3889943073265666,0.6885827469952782,0.6423607280679275,0.8878852667718359,0.8663041440049395
IDRiD_31_0_2048,0.7169574593188905,0.6616252984972746,0.37834622247536154,0.2726103728987308,0.7760900877257032,0.7384749563825259,0.7932738812980598,0.8829272609259544
IDRiD_31_0_2560,0.8313297806393873,0.744258293571817,0.8208469052700824,0.7368421048322561,0.6884811802404297,0.5669781931287546,0.010381135992727553,0.0052176505664099935
IDRiD_31_0_3072,0.8370195404741341,0.9666288791202591,,,,,0.7823747857541631,0.7248307346211657
IDRiD_31_0_512,,,0.5736842103753462,0.9561403500384734,,,,
IDRiD_31_1024_0,,,0.8171206224621115,0.9999999996825396,,,0.34725654967440367,0.21010916703738433
IDRiD_31_1024_1536,0.9429288802971694,0.9047090989027308,0.37993920966870226,0.288683602704692,0.8420960545810331,0.8252743484083458,,
IDRiD_31_1024_2048,,,0.7235354572740457,0.8262910796182414,0.798511117637386,0.71754246984669,,
IDRiD_31_1024_2560,0.0,0.0,,,,,,
IDRiD_31_1024_3072,0.0,0.0,,,,,,
IDRiD_31_1024_512,0.0,0.0,,,,,0.0,0.0
IDRiD_31_1536_0,0.30066322770571796,0.1901999378411872,,,,,0.15572829545030756,0.08471612603902252
IDRiD_31_1536_1024,0.731165421119661,0.6024296887901077,,,0.7552537988763255,0.7516087515603855,,
IDRiD_31_1536_1536,0.835695305573991,0.7353858144877191,0.5978090765887623,0.9999999994764398,,,,
IDRiD_31_1536_2048,0.0,0.0,,,0.7514351320105788,0.6699078812349074,,
IDRiD_31_1536_2560,,,,,0.7246271371144188,0.8231404957997404,,
IDRiD_31_1536_512,0.6933728417553895,0.656558571193781,0.0,0.0,0.7720207251885957,0.6995305161035068,0.0,0.0
IDRiD_31_2048_1024,,,0.4109090908343802,0.3766666665411111,,,,
IDRiD_31_2048_2048,,,,,0.8583815027661299,0.9999999996632996,,
IDRiD_31_512_0,0.8241815511402654,0.8550083554422981,,,0.6524822694109954,0.5311778289766332,,
IDRiD_31_512_1024,0.748933577082578,0.8815091091539018,,,,,,
IDRiD_31_512_1536,0.5301724137843141,0.52615992100934,0.6479902557461638,0.9220103984537245,,,,
IDRiD_31_512_2048,0.0,0.0,0.6193029490201539,0.48529411759608254,0.6728039892338779,0.5769736841725674,,
IDRiD_31_512_2560,0.0,0.0,0.7328859059418945,0.9578947365060018,0.8132359868015397,0.8344610922949623,,
IDRiD_31_512_3072,0.7460247994110428,0.8224509488449269,,,,,0.0,0.0
IDRiD_31_512_512,0.7633713813988688,0.6726360672150858,0.7001477103840255,0.9556451609049819,0.0,0.0,,
IDRiD_32_0_1024,0.7762982689682398,0.7319522912628382,,,,,,
IDRiD_32_0_2048,,,0.7755581668169472,0.9205020919218269,,,0.7528251489469319,0.947259565618032
IDRiD_32_0_2560,,,,,,,0.7078695636687604,0.9740653748192007
IDRiD_32_0_512,0.0,0.0,,,,,,
IDRiD_32_1024_2048,,,0.5817727839473442,0.7350157726387962,0.7758904109163896,0.9147286820523607,,
IDRiD_32_1024_2560,0.0,0.0,,,0.8533168855185876,0.8679830933797781,,
IDRiD_32_1024_3072,0.6241352805054469,0.45363128486551607,0.16935483869260537,0.0925110132056706,0.8751139169179051,0.840478691235111,,
IDRiD_32_1536_0,0.1413239623882484,0.07701066142141588,,,,,,
IDRiD_32_1536_1024,,,,,0.0,0.0,,
IDRiD_32_1536_2048,,,,,0.31599479841898603,0.9418604647512168,,
IDRiD_32_1536_2560,,,,,0.8404944084632064,0.7788382874071765,,
IDRiD_32_1536_3072,,,,,0.8249581239358259,0.7921190188664207,,
IDRiD_32_1536_512,0.2930204572715698,0.40515806984982045,,,,,,
IDRiD_32_2048_0,0.0,0.0,,,,,,
IDRiD_32_2048_1024,0.7671313603786908,0.8432730070009179,,,,,0.9110994213332168,0.8371193813031842
IDRiD_32_2048_1536,0.0,0.0,0.0,0.0,,,,
IDRiD_32_2048_2048,0.07172557172184378,0.03719676549664707,,,,,0.8283404659976686,0.7828040742901228
IDRiD_32_2048_2560,0.7410608572061268,0.7829622216564553,,,,,,
IDRiD_32_2048_3072,0.3991998221738342,0.24937517355597405,0.7395833332049335,0.7745454542638016,,,,
IDRiD_32_2048_512,0.8977575560552632,0.9061802912884638,,,,,0.8510595153518091,0.9999999999761735
IDRiD_32_512_1024,0.3364894391597604,0.33771929819623986,,,,,,
IDRiD_32_512_2048,,,,,0.5557729940203967,0.9999999992957747,,
IDRiD_32_512_2560,,,0.6694214875479817,0.6994818651641656,0.7967899433144576,0.8517096580581678,0.889269965695825,0.9269662921190507
IDRiD_32_512_3072,,,,,0.8153753026552121,0.8086852111104926,,
IDRiD_32_512_512,0.0,0.0,,,,,,
IDRiD_33_0_1024,0.7718369507471722,0.6284482758349808,,,0.7751479289176383,0.6411092984272253,,
IDRiD_33_0_1536,0.7474325500391793,0.7561634186339966,0.4215053762987629,0.8305084742243608,,,,
IDRiD_33_0_2048,0.0,0.0,0.7857142856458437,0.8214936246226788,,,,
IDRiD_33_0_2560,0.665329165304802,0.704058457586307,0.7972508589695446,0.6628571426677551,,,,
IDRiD_33_0_3072,0.36187438664914284,0.463399308813591,0.0,0.0,,,,
IDRiD_33_1024_0,0.8539483394802437,0.8087649402333908,,,0.6628787877532427,0.8454106276109128,,
IDRiD_33_1024_1024,0.8528393351726727,0.9744807121468946,0.7169811318049127,0.5621301771821715,0.561735261370315,0.5287958114629533,,
IDRiD_33_1024_1536,0.6745489756361505,0.8675930781218197,0.5554497858030593,0.5632239381967556,0.6212806474574948,0.7152644559957451,,
IDRiD_33_1024_2048,0.5770242088985672,0.4736528728717825,0.6099195710353565,0.5750394944526054,0.7043949428008268,0.8132530120356309,,
IDRiD_33_1024_2560,0.7660315078746706,0.8274878444030632,0.41169535485942715,0.2753074739742886,0.6512720156428322,0.6124401913650188,,
IDRiD_33_1024_3072,0.8679354245941253,0.793320216897196,0.6817640047513287,0.6134706134442955,0.5714285711811997,0.6055045866004546,,
IDRiD_33_1024_3584,,,0.011257035645167536,0.00590551180986112,,,,
IDRiD_33_1024_512,0.7902116962936787,0.7482220692776541,,,0.0,0.0,,
IDRiD_33_1536_0,,,0.7452054793499718,0.6538461536889792,0.2879999997696,0.1682242989082016,,
IDRiD_33_1536_1024,0.39318975552396407,0.25684410645899536,0.0,0.0,0.6041400459850719,0.4785425101020833,,
IDRiD_33_1536_1536,0.7656719053437606,0.850196078414702,0.2379896526062092,0.15304182508050931,0.5990476190428646,0.5560630617274781,,
IDRiD_33_1536_2048,0.5772532188221832,0.5478615070167288,0.8076079004529914,0.7459459458451425,0.7134498646942388,0.7761158405539333,,
IDRiD_33_1536_2560,0.7760455332646363,0.6925795052697624,0.6739446870205988,0.7297084317785887,0.6547619047510786,0.6413994168888436,,
IDRiD_33_1536_3072,0.6466557578203791,0.5460747905644177,0.5811103100132501,0.4536244934611971,,,,
IDRiD_33_1536_3584,0.8437233133713185,0.7617579027940048,,,,,,
IDRiD_33_1536_512,0.5337790217665094,0.3704925364779714,,,0.590604026746543,0.5317220542200235,,
IDRiD_33_2048_1024,,,0.87999999989,0.8627450978277585,0.9447708577033173,0.9828850853342579,,
IDRiD_33_2048_1536,0.5854900296938015,0.5754795662956551,0.449394155373318,0.3862174578748479,0.6024363233554367,0.613533834563401,,
IDRiD_33_2048_2048,0.6377762430829114,0.5432352941016696,0.76248477457217,0.741706160961681,0.7251440703626014,0.7697359948387671,,
IDRiD_33_2048_2560,0.5785144260211355,0.9581130540480638,0.7422459892254283,0.76263736246975,0.5582706766392602,0.5016891891044444,,
IDRiD_33_2048_3072,0.3029432878461634,0.38086642592403136,0.7508161043796718,0.9151193631524882,,,,
IDRiD_33_2048_512,0.7352735331834385,0.6389114129300684,0.07678571427885841,0.06969205833554425,0.17288135590290146,0.09461966603068281,0.4657467925385409,0.3453598994732479
IDRiD_33_512_0,0.750461133063237,0.671065032977206,,,,,,
IDRiD_33_512_1536,0.8212642860491237,0.8998233399054366,0.30890741551957407,0.23497997328204404,0.547382372413937,0.48445747797745115,,
IDRiD_33_512_2048,0.7948688743973421,0.7571401448350724,0.3541012998496593,0.22792844776526666,0.6887776983461219,0.6176923076764694,,
IDRiD_33_512_2560,0.6484443616409431,0.7156200434663947,0.35140630294219916,0.4715779899740074,0.393476044812082,0.39387755094002497,,
IDRiD_33_512_3072,0.5370581527902124,0.5265184449071355,0.3943793910822305,0.2684948979420603,,,,
IDRiD_33_512_512,0.34214753490459565,0.2123791992620618,0.0,0.0,,,,
IDRiD_34_0_1024,0.5795691452347153,0.4080234833609586,0.0,0.0,0.0,0.0,,
IDRiD_34_0_1536,,,0.0,0.0,,,,
IDRiD_34_0_2048,0.22437053603474227,0.12699060841055948,,,,,,
IDRiD_34_0_2560,0.016561656165318423,0.008349972771676348,,,0.08997467600044727,0.04711388455464721,,
IDRiD_34_0_3072,,,0.04635761587868953,0.023728813551278368,0.0,0.0,,
IDRiD_34_0_512,0.15298854133933143,0.08283031522190375,,,,,,
IDRiD_34_1024_1024,,,,,0.2310606060168446,0.13174946001474094,,
IDRiD_34_1024_1536,,,0.3672094328822454,0.294329432916802,0.39361702122425307,0.29898989892949696,,
IDRiD_34_1024_2048,,,0.6919191918318284,0.6327944571286849,,,,
IDRiD_34_1024_3072,0.7778456082204844,0.6693474753278016,0.0,0.0,0.7935554341672978,0.6928946113165049,,
IDRiD_34_1024_3584,0.015533681943897771,0.007827636983586548,,,,,,
IDRiD_34_1024_512,,,,,0.0,0.0,,
IDRiD_34_1536_0,0.42875372181822224,0.2811127379189771,,,,,,
IDRiD_34_1536_1024,0.5182330269635863,0.43897538922958435,0.3755760368230903,0.2436472346422052,0.6644606220605915,0.6040914560043211,,
IDRiD_34_1536_1536,0.7268804832341884,0.6548328582364645,0.0,0.0,0.13680781756729515,0.07342657341373662,,
IDRiD_34_1536_2048,0.6314336422734033,0.610253478166376,0.0,0.0,,,,
IDRiD_34_1536_3072,0.8004546366239212,0.7234777984561082,,,0.640876853622151,0.5712643677832606,,
IDRiD_34_1536_3584,0.33624454147248023,0.2783132529952823,,,,,,
IDRiD_34_1536_512,0.7596197718621551,0.740803915750171,0.7238562090911882,0.818853973970637,,,,
IDRiD_34_2048_0,0.0,0.0,,,,,,
IDRiD_34_2048_1024,0.0088105726859309,0.005253940454421377,0.6668611435044673,0.5720720720434398,0.6963380281297837,0.8790896158066729,,
IDRiD_34_2048_1536,0.8528996074013395,0.7542655344783975,,,0.3891287782476726,0.6464135020551549,,
IDRiD_34_2048_2048,0.7539563813813561,0.8401473942649562,0.6492851134861829,0.6327868851421661,0.34447674416101187,0.2285438765449813,,
IDRiD_34_2048_2560,0.7373266519032242,0.6389940918010453,,,,,,
IDRiD_34_2048_3072,,,,,0.8029160381899719,0.7805474095415177,,
IDRiD_34_2048_512,0.796972591665327,0.8128403697186468,0.39480019256645166,0.2747989275955228,0.7441406249273299,0.6707746477692299,,
IDRiD_34_512_1024,0.7875559233484347,0.6758394176767585,0.0,0.0,0.8613445376341713,0.8723404251607062,,
IDRiD_34_512_1536,0.0,0.0,0.5443786981443227,0.825112107253313,0.630434782551591,0.9858356937717179,,
IDRiD_34_512_2560,0.15578093305656063,0.08446986361264981,,,0.0,0.0,,
IDRiD_34_512_3072,0.7763871173438441,0.6597791477497474,0.0,0.0,0.0,0.0,,
IDRiD_34_512_3584,0.0,0.0,,,,,,
IDRiD_34_512_512,0.7137951734885009,0.7201763736761305,0.15936826990959307,0.09039087947146654,,,,
IDRiD_35_0_1024,,,0.2671957671780955,0.15719844356753318,0.0,0.0,,
IDRiD_35_0_1536,0.33041886014955174,0.33158765159563036,,,0.0,0.0,0.0,0.0
IDRiD_35_0_2048,0.7383870082442536,0.655460226669515,0.2857142856612775,0.1820330968836801,,,0.0,0.0
IDRiD_35_0_2560,0.3633303582803434,0.8515419555241268,,,,,,
IDRiD_35_1024_0,0.6850137358601924,0.86724261702387,,,,,,
IDRiD_35_1024_1024,0.1722639272980588,0.10485810485558303,,,,,,
IDRiD_35_1024_1536,0.1353314050091226,0.19367623744765125,,,0.7246376810786357,0.7286995514061212,0.4733288819610258,0.3100398483787536
IDRiD_35_1024_2048,0.8092450457447238,0.9583033788542846,0.6843267106657115,0.6275303641184088,0.8255908060827711,0.8369707909350429,,
IDRiD_35_1024_2560,0.7917094247896412,0.7661170198845844,0.5077506028071737,0.39559849702653793,0.6344302663838274,0.5981426762094495,,
IDRiD_35_1024_3072,0.8711773794039885,0.7918682151517089,,,,,,
IDRiD_35_1024_512,0.016360601001396316,0.008247769735595897,0.031088082896185136,0.015789473681440444,,,,
IDRiD_35_1536_0,0.0,0.0,,,,,,
IDRiD_35_1536_1024,,,0.4965934897428771,0.3918757466676373,,,,
IDRiD_35_1536_1536,,,0.40909090902892564,0.25763358773709283,,,,
IDRiD_35_1536_2048,,,0.25530145529083986,0.1562340966841611,0.7325089998320159,0.7312499999771485,,
IDRiD_35_1536_2560,0.21023746701625076,0.12287194670462778,0.7787610618842509,0.689458689360476,0.6399999999174194,0.528784648074886,,
IDRiD_35_1536_3072,0.6538703191746452,0.9312335018525737,,,,,,
IDRiD_35_1536_512,0.8277516795453156,0.7339872794018902,,,,,,
IDRiD_35_2048_1024,,,,,,,0.8183729732217262,0.7066085693479657
IDRiD_35_2048_2048,0.8469113697340576,0.9006664550793293,0.0,0.0,0.8155844154784956,0.945783132245246,,
IDRiD_35_2048_512,0.23003762466312563,0.9999999999937214,,,,,0.7451457294550037,0.6271151746682102
IDRiD_35_512_0,0.0,0.0,,,,,,
IDRiD_35_512_1024,,,0.0,0.0,,,,
IDRiD_35_512_1536,0.5573986308510085,0.3865960555079146,,,0.0,0.0,0.37331701345246887,0.2302755756802463
IDRiD_35_512_2048,0.8013632752051171,0.8020172850340008,0.6507488604156556,0.7280233122521602,0.843564356268601,0.9025423724989228,0.0,0.0
IDRiD_35_512_2560,0.6500487397207904,0.7944179713820825,0.414442700124455,0.2696629213207699,,,,
IDRiD_35_512_512,0.09300040933202619,0.15716657442841267,0.0,0.0,,,,
IDRiD_36_0_1024,,,0.7090909090529898,0.7309812568102557,,,,
IDRiD_36_0_1536,0.4825742385134863,0.7044884304236273,0.24242424238926058,0.19221967958988107,0.6883552801268176,0.7514092446025136,,
IDRiD_36_1024_1024,,,0.5919999998816,0.6115702476811693,0.8019093076845085,0.8115942025064763,,
IDRiD_36_1024_1536,0.8340294570051874,0.9249146757228224,0.40220994470693816,0.28482003125433175,0.7010309277834292,0.6476190475309362,,
IDRiD_36_1024_2048,,,0.8020725387769874,0.8505494503625166,,,,
IDRiD_36_1024_3584,0.011764705882038377,0.005928321207062023,,,,,,
IDRiD_36_1024_512,0.650712250693712,0.6369213608122185,0.36321839076284845,0.5031847132155463,,,,
IDRiD_36_1536_1024,,,0.20285499622818517,0.1159793814333351,0.5138162807681989,0.3553719007897343,,
IDRiD_36_1536_1536,0.7005359842379378,0.5495184706011965,,,,,,
IDRiD_36_1536_2048,0.6542056074620782,0.6441717791128759,,,,,,
IDRiD_36_1536_3584,0.0,0.0,,,,,,
IDRiD_36_1536_512,0.0,0.0,0.699690402368469,0.875968991908539,0.1751824816239544,0.0959999999232,,
IDRiD_36_2048_1024,,,0.0,0.0,0.812266267702897,0.9203389828948578,,
IDRiD_36_2048_1536,,,0.626676076173135,0.8345864660085365,,,,
IDRiD_36_2048_3072,0.5473964575827742,0.4102031854999393,,,,,,
IDRiD_36_2048_512,0.6251570570902533,0.4836897817998771,0.6165730336645665,0.5776315788713643,,,,
IDRiD_36_512_1024,,,0.6479041915779697,0.5065543070686747,,,,
IDRiD_36_512_1536,,,0.7906295753794838,0.8511979822918538,0.6741573033427317,0.6526994358861644,,
IDRiD_36_512_2048,,,0.64311377241658,0.5223735408052166,0.7714285712448979,0.6403162052805075,,
IDRiD_37_0_1024,0.6807618591258962,0.5287741335169631,,,0.5336658352783875,0.3639455781075015,,
IDRiD_37_0_1536,,,0.8317256162023874,0.9486552564917713,,,,
IDRiD_37_0_2048,,,0.906040268355029,0.8617021274762335,0.6984126978584027,0.5365853651992861,,
IDRiD_37_1024_1024,,,0.7322033895823039,0.5775401066430267,,,,
IDRiD_37_1024_1536,0.5405133366612725,0.45126050416375957,0.6048265459574037,0.8513800422820849,0.8594391052612856,0.873130067364701,,
IDRiD_37_1024_2048,,,0.9105367791430344,0.8707224331290028,0.8745873094800117,0.8789999999920091,,
IDRiD_37_1024_2560,,,0.5611510789348377,0.4062499997884115,0.0,0.0,,
IDRiD_37_1024_3072,,,0.013029315958790014,0.010526315786703601,,,,
IDRiD_37_1536_1536,,,0.6681481480986556,0.570886075877103,,,,
IDRiD_37_1536_2048,0.1779206859529146,0.13741721853546263,,,0.676311030619112,0.9166666662173203,,
IDRiD_37_1536_2560,,,0.6955307262246029,0.6053484602426784,0.0,0.0,,
IDRiD_37_1536_3072,0.30796938314687217,0.2943201376683029,0.2864450127633039,0.19672131145237456,0.0,0.0,,
IDRiD_37_1536_512,0.23778033352159603,0.1349322891151096,,,,,,
IDRiD_37_2048_3072,,,0.010016694489145795,0.005281690139915196,,,,
IDRiD_37_2048_512,0.8307258769758491,0.9805023511758171,,,,,,
IDRiD_37_512_1536,0.0,0.0,,,0.5599999999790655,0.5748273215215021,,
IDRiD_37_512_2048,0.45734727572502887,0.29646806992155467,0.6967741933236212,0.6171428567902041,0.6474071415638363,0.5197349466862652,,
IDRiD_37_512_2560,,,0.8106712563846238,0.9999999997876857,0.5240641708427465,0.3798449609458566,,
IDRiD_38_0_2048,,,0.14652014650672893,0.07905138339139808,,,,
IDRiD_38_0_2560,,,0.7129094410957786,0.6249999997888513,,,,
IDRiD_38_0_512,,,,,0.4182509504113114,0.26442307679595045,,
IDRiD_38_1024_1024,,,0.7913093195659628,0.9351351350087656,0.0,0.0,,
IDRiD_38_1024_1536,0.6460658082790826,0.75066489356711,0.6402730374989575,0.479550102200455,,,,
IDRiD_38_1024_2048,,,0.7926167208694227,0.8968058965855513,,,,
IDRiD_38_1024_3072,,,0.5197740112260206,0.3538461537781065,,,,
IDRiD_38_1536_1024,,,0.2971887550030299,0.22366148530020194,0.6139872842312455,0.614545454433719,,
IDRiD_38_1536_1536,,,0.5232558138013791,0.49180327841977967,0.693667288385348,0.6579612468296889,,
IDRiD_38_1536_2048,,,0.4338235293798659,0.5705996130424372,0.0,0.0,,
IDRiD_38_1536_2560,,,0.0,0.0,,,,
IDRiD_38_1536_3072,,,,,,,0.6871315760128224,0.5867046533601765
IDRiD_38_2048_1024,,,0.6124852767601598,0.4565408252452554,0.49694002444939167,0.35273675062096116,,
IDRiD_38_2048_1536,,,0.41059602642208676,0.25833333327951385,0.5099931081660928,0.405257393164813,,
IDRiD_38_2048_2048,0.6853268428253594,0.584173088305152,,,,,,
IDRiD_38_512_1024,,,0.6977547494477108,0.8859649118921207,0.6379853094818484,0.6785714284199617,,
IDRiD_38_512_1536,,,0.7825159913877915,0.8534883718945375,0.0,0.0,,
IDRiD_38_512_2560,0.8729641693621506,0.9194876486313135,0.6496290189076975,0.9248826288908726,0.0013840830448869146,0.0006925207755753102,,
IDRiD_38_512_3072,,,0.0,0.0,,,0.8913770053438695,0.8050713153663491
IDRiD_39_0_1024,0.0734246575302233,0.04166666666407545,0.0,0.0,,,0.5353814290553093,0.5063663075250942
IDRiD_39_0_1536,0.05649013499363468,0.15795586525459282,0.5411140582119061,0.39843749984436033,0.0,0.0,,
IDRiD_39_0_2048,0.240893282075034,0.14254766030887028,0.5957950843767902,0.6769851951092204,,,,
IDRiD_39_0_2560,0.6786101626819068,0.9757985328887205,,,,,0.8743037054765245,0.8454332552297221
IDRiD_39_0_3072,0.6656121480438847,0.9673563217946044,,,,,,
IDRiD_39_0_512,0.8796477494677276,0.8892185953620951,0.026666666657777775,0.01574803148986298,0.1181683899542323,0.6847360912004656,0.24447031431660388,0.15685298144955992
IDRiD_39_1024_0,0.897709278994007,0.851762820495758,0.8251533741698501,0.76967095840205,,,,
IDRiD_39_1024_1024,0.6577312847120715,0.491450903737594,0.41805813231799266,0.5425361154827391,0.3171806166702245,0.3214285712850765,,
IDRiD_39_1024_1536,0.13488372092897782,0.16143397906565501,0.5308701993064933,0.5041551246304637,0.5223665223514469,0.805160142277121,,
IDRiD_39_1024_2048,0.6889644070704889,0.6358534169483047,0.7382113820838125,0.9389865562627728,0.597738287512299,0.45962732913545,,
IDRiD_39_1024_3072,0.3107569719877462,0.18396226406416874,0.7359404096560171,0.7149059333780821,0.5358228397509412,0.38299193045419044,,
IDRiD_39_1024_3584,0.47208801443485626,0.9845817651938256,,,0.0,0.0,,
IDRiD_39_1024_512,0.5360534646453038,0.769696969677533,0.5023885350218473,0.36707388015220843,0.6501457724999787,0.5126436780430704,,
IDRiD_39_1536_0,,,0.9039735097841104,0.9285714282555879,,,,
IDRiD_39_1536_1024,0.4112907933901241,0.667456181897987,0.4014705882205342,0.38586572435435573,0.6300211415158518,0.9254658379344933,,
IDRiD_39_1536_1536,0.3036699121651551,0.9381573411469013,0.23759036144005807,0.14138227702491019,0.4223622047177581,0.7878965921981259,,
IDRiD_39_1536_2048,0.5155849834435905,0.7094722365358523,0.347783251222961,0.22180333018467474,,,,
IDRiD_39_1536_2560,0.6131364405381766,0.6066971080485024,0.2864686468457776,0.17032967031630064,,,,
IDRiD_39_1536_3072,0.779045257282148,0.6699722755349222,0.24866310157103436,0.21577726213091014,0.8326639891790276,0.8760563377813926,,
IDRiD_39_1536_512,0.6442885771462389,0.7858234035812459,0.4883895130720307,0.599264705772194,,,,
IDRiD_39_2048_0,0.10173857050214175,0.05359565806963394,,,,,,
IDRiD_39_2048_1024,0.630848173856741,0.8693843593865327,0.3108433734752504,0.27952329357751643,0.6316476345634047,0.6265372167879264,0.4244893340099333,0.2867956265747626
IDRiD_39_2048_1536,0.3968377397563914,0.5188071839878412,0.5731543623776406,0.5770270269490504,0.15512465369664136,0.1794871793721236,,
IDRiD_39_2048_2048,0.46005479451550624,0.4574978203910746,0.5030581039370751,0.5938628157772812,,,,
IDRiD_39_2048_2560,0.7751743177701922,0.6750192633666974,0.0,0.0,,,,
IDRiD_39_2048_3072,0.787324458951433,0.878588028384658,,,,,0.6978935509176952,0.6875420422394218
IDRiD_39_2048_512,0.7012234385040648,0.9636392888668358,0.845018450145525,0.8528864058796195,0.719898605738923,0.6269315671905228,0.0019518542615167233,0.0009768804949368793
IDRiD_39_512_0,,,0.2935323382354397,0.172011661757431,,,,
IDRiD_39_512_1024,0.769155045115795,0.8279759802116922,0.5863466334073201,0.6384928716687546,0.6797599563433395,0.6841142020247396,,
IDRiD_39_512_1536,0.7036876606292307,0.6666666666630189,0.4482241120485539,0.35192458757915884,0.7570491803154582,0.8231729054965001,,
IDRiD_39_512_2048,0.5305140357234377,0.7702731314679172,0.6426666665809778,0.5250544661165458,0.5984336062549229,0.8727933540564489,,
IDRiD_39_512_2560,0.28810126582035356,0.9187298169580878,0.6199460915885043,0.4700272478923669,,,0.4616087751160143,0.3002378121105685
IDRiD_39_512_512,0.7190701773674172,0.7260289210152833,0.0,0.0,0.0,0.0,,
IDRiD_40_0_1024,0.8010130245730459,0.6949152541936651,0.30248306990914603,0.4999999996268657,,,,
IDRiD_40_0_1536,0.0,0.0,0.47223994891689597,0.7581967211561071,,,,
IDRiD_40_0_2048,,,0.8107680126040563,0.8519134773956883,0.7616585095506356,0.6849360571219908,,
IDRiD_40_1024_0,,,0.5824175820975728,0.6624999991718751,0.0892857142059949,0.04672897191894489,,
IDRiD_40_1024_2048,,,0.6535087717865112,0.8816568042120374,0.0,0.0,,
IDRiD_40_1024_2560,,,0.8799424873558632,0.9203007517413082,0.0,0.0,,
IDRiD_40_1024_3072,,,0.26343154241534983,0.29230769219526626,,,,
IDRiD_40_1536_1536,,,,,0.86227544884363,0.8275862064209275,,
IDRiD_40_1536_2048,,,0.5316455692837686,0.3684210523084026,0.0,0.0,,
IDRiD_40_1536_2560,,,0.8607382549613474,0.893728222840814,,,,
IDRiD_40_1536_3072,,,0.8793565681288588,0.8078817730010435,,,,
IDRiD_40_1536_512,,,,,0.0,0.0,,
IDRiD_40_2048_1024,,,0.8554216865752164,0.8192307689156804,,,,
IDRiD_40_2048_1536,0.0,0.0,0.6571428570489797,0.9583333329340278,,,,
IDRiD_40_2048_2048,,,0.45231607617103103,0.7685185178069274,0.0,0.0,,
IDRiD_40_2048_2560,,,0.6424870465845679,0.5160523186068904,,,,
IDRiD_40_2048_3072,,,0.34841628951393294,0.22190201722711755,,,,
IDRiD_40_2048_512,,,0.4838709676931582,0.323886639632404,,,,
IDRiD_40_512_1536,,,0.466876971461553,0.3523809522131519,,,,
IDRiD_40_512_2048,,,,,0.6591760298802527,0.4925373133409446,,
IDRiD_40_512_2560,,,0.42503639004002386,0.3266219238642904,0.0,0.0,,
IDRiD_41_0_3072,,,0.8455497381092213,0.8499999997763157,,,,
IDRiD_41_1024_1024,0.0,0.0,0.5507900676890073,0.9172932329102833,,,,
IDRiD_41_1024_1536,,,0.42927569205804794,0.29602510458702797,0.6656626505021592,0.5187793426012255,,
IDRiD_41_1024_2048,,,,,0.7296306737882822,0.5857854232419292,,
IDRiD_41_1024_512,,,,,0.6654028435388243,0.49928876237563463,,
IDRiD_41_1536_1024,,,,,0.7361647360699917,0.6203904553968784,,
IDRiD_41_1536_3072,0.10933333332604443,0.05782792665318562,0.6684210524556786,0.5669642854611767,,,,
IDRiD_41_1536_3584,0.06597938142969496,0.04597701148104109,,,,,,
IDRiD_41_1536_512,,,,,0.0,0.0,,
IDRiD_41_2048_1024,0.22133333330382224,0.12749615973463962,0.7510251903485047,0.807304785792531,,,,
IDRiD_41_2048_2048,,,0.581395348668199,0.4098360654058049,,,,
IDRiD_41_2048_2560,,,0.758293838822628,0.8314087758855186,,,,
IDRiD_41_512_1536,,,0.5166666665949075,0.3483146066763456,0.8882051281140303,0.9212765955486645,,
IDRiD_41_512_2048,,,,,0.7777777776049383,0.6386861311537642,,
IDRiD_41_512_3072,,,,,0.4496124029265068,0.289999999855,,
IDRiD_42_0_1024,,,,,0.7510072521554385,0.6873156341169151,,
IDRiD_42_0_512,0.0,0.0,0.6437346436555609,0.9961977182523962,,,,
IDRiD_42_1024_0,,,0.0,0.0,0.5188834154180991,0.36506469499237226,,
IDRiD_42_1024_1536,,,0.8082191778976668,0.8468899517478996,,,,
IDRiD_42_1024_2048,,,,,0.7927524429806035,0.7692611615658135,,
IDRiD_42_1024_2560,,,,,0.850930284679994,0.9447486311362681,,
IDRiD_42_1024_3072,,,,,0.8645833331081814,0.9071038246409269,,
IDRiD_42_1024_512,,,,,0.2888888888532236,0.17030567683110545,,
IDRiD_42_1536_0,0.8220289854595925,0.8785625773384681,,,,,,
IDRiD_42_1536_1536,,,0.0,0.0,,,,
IDRiD_42_1536_2048,,,0.691285081138658,0.9957446804273428,0.8526234567572291,0.8639562157260393,,
IDRiD_42_1536_2560,,,,,0.6559604693850549,0.5257425742053721,,
IDRiD_42_2048_1536,,,0.0,0.0,,,,
IDRiD_42_2048_2048,,,,,0.0,0.0,,
IDRiD_42_2048_2560,,,0.6820083681294971,0.9999999996932515,0.0,0.0,,
IDRiD_42_512_1536,,,0.0,0.0,,,,
IDRiD_42_512_2048,,,0.6840390878364757,0.976744185592212,,,,
IDRiD_42_512_2560,,,,,0.8314174354885222,0.7811978490563583,,
IDRiD_42_512_3072,,,,,0.0,0.0,,
IDRiD_42_512_512,0.4077713264759319,0.292815907623707,,,0.0,0.0,,
IDRiD_43_1024_2048,,,,,0.8409899303621036,0.8388466919806173,,
IDRiD_43_1024_2560,,,0.7061611373849793,0.6762481088235631,0.7857361431265718,0.7891329290247946,,
IDRiD_43_1024_3072,,,,,0.0,0.0,,
IDRiD_43_1024_3584,,,,,0.26071428569100763,0.15904139431818723,,
IDRiD_43_1536_2048,,,,,0.7574334898041493,0.6405505558157464,,
IDRiD_43_1536_2560,,,,,0.8301653357280948,0.7928034371558238,,
IDRiD_43_512_2048,,,,,0.7933157431663739,0.9175991861181282,,
IDRiD_43_512_2560,,,,,0.0,0.0,,
IDRiD_43_512_3072,,,,,0.0,0.0,,
IDRiD_44_0_1024,,,0.6976744181990265,0.5882352935409458,,,,
IDRiD_44_0_2560,,,,,0.824208824189785,0.8032417829444737,,
IDRiD_44_0_3072,,,,,0.5732793521803012,0.4280532043013237,,
IDRiD_44_0_512,,,,,0.7741935483432827,0.6508087535061076,,
IDRiD_44_1024_0,,,,,0.0,0.0,,
IDRiD_44_1024_1024,,,0.0,0.0,0.0,0.0,,
IDRiD_44_1024_1536,,,,,0.14453781511795305,0.08216560509030792,,
IDRiD_44_1024_3072,,,,,0.7638418078232947,0.7461368651774531,,
IDRiD_44_1024_512,,,,,0.03426124196268496,0.017429193895984924,,
IDRiD_44_1536_1024,0.7903885480437902,0.8912375095737419,,,0.6256387469312233,0.466225165547476,,
IDRiD_44_1536_1536,,,,,0.0,0.0,,
IDRiD_44_1536_2560,,,,,0.0,0.0,,
IDRiD_44_1536_3072,,,,,0.46197183092084904,0.30036630031128825,,
IDRiD_44_1536_512,,,0.6574712642166732,0.4948096884101004,0.3881401616727574,0.24080267554501628,,
IDRiD_44_2048_1024,,,,,0.0,0.0,,
IDRiD_44_2048_1536,0.7058555479447287,0.6470342522703829,,,0.771653543273331,0.6437956203909638,,
IDRiD_44_2048_512,,,0.8780487803230679,0.8863636360278925,0.6998405527458156,0.5937323864209927,,
IDRiD_44_512_1024,,,0.8321167882199372,0.7685393256699912,,,,
IDRiD_44_512_1536,0.0,0.0,0.28287292814553894,0.9481481474458162,,,,
IDRiD_44_512_2048,,,,,0.8179178763659097,0.6963276835666435,,
IDRiD_44_512_2560,,,0.7685325263587697,0.9584905656760412,0.0,0.0,,
IDRiD_44_512_512,,,0.2918454935204799,0.24878048774419986,,,,
IDRiD_45_0_1024,,,0.0,0.0,0.35167669817920566,0.2167461579111422,,
IDRiD_45_0_1536,0.8707048706264947,0.9133380603410278,0.0,0.0,0.820065635251664,0.750471940958036,,
IDRiD_45_0_2048,,,,,0.840457555664044,0.8548683404252989,,
IDRiD_45_0_2560,,,,,0.8398486758612957,0.738359201691978,,
IDRiD_45_0_512,,,,,0.0,0.0,,
IDRiD_45_1024_1024,0.0,0.0,0.24798387094274357,0.3544668586874735,0.0,0.0,,
IDRiD_45_1024_2560,,,,,0.4843853820437081,0.33703190012311457,,
IDRiD_45_1024_512,,,,,0.7588235293958231,0.6603290676175383,,
IDRiD_45_1536_0,,,0.9224806199762635,0.9224806197974881,,,,
IDRiD_45_1536_1024,,,0.6022099445850249,0.7218543041577125,0.597187758461616,0.47086956519691875,,
IDRiD_45_1536_1536,,,,,0.6684822975818648,0.8016627077908751,,
IDRiD_45_1536_2048,,,0.5847457625879776,0.4677966100109164,,,,
IDRiD_45_1536_2560,,,,,0.0,0.0,,
IDRiD_45_1536_3072,,,,,0.43611584319657315,0.99999999921875,,
IDRiD_45_1536_512,,,0.4944444443070987,0.4027149319444729,0.6637269938586682,0.5614661044346179,,
IDRiD_45_2048_1024,0.0,0.0,0.592496765770699,0.9828326176039345,0.0,0.0,,
IDRiD_45_2048_1536,,,0.0,0.0,,,,
IDRiD_45_2048_2560,,,,,0.5507853402564623,0.3861967693999711,,
IDRiD_45_2048_512,,,,,0.8114715561776477,0.7336096057726744,,
IDRiD_45_512_1024,,,0.660305343385438,0.5290519876057944,0.7129717729033782,0.644126074480111,,
IDRiD_45_512_1536,,,,,0.2688963210522477,0.1819004524722262,,
IDRiD_45_512_2560,,,,,0.0,0.0,,
IDRiD_45_512_512,,,,,0.5973106864403884,0.5261845385877576,,
IDRiD_46_0_1024,,,0.8415584414855793,0.7363636362520661,,,,
IDRiD_46_0_1536,0.051767676764408604,0.026571613737746493,,,,,,
IDRiD_46_1024_1024,0.7546077390644156,0.9520331141720957,0.004632310364526212,0.0023215322111246935,0.0,0.0,,
IDRiD_46_1024_1536,0.7013171264773073,0.7629416426781673,0.2981651375918834,0.17615176150170264,0.8225763962038245,0.7983381271920847,,
IDRiD_46_1024_2048,0.8498271250543094,0.8112467305965173,0.49209932276206925,0.4186939820206538,0.666666666553288,0.5051546390450632,,
IDRiD_46_1536_1024,0.8450618039355949,0.8275407478328434,0.6976993044035473,0.5401822700463809,,,,
IDRiD_46_1536_1536,0.8402636916622651,0.8616744669338703,0.7838926173444439,0.8984615381850887,0.7538461532662722,0.7424242412993572,,
IDRiD_46_1536_2048,0.7542857142800429,0.7532662561833118,0.41846153833278105,0.33333333316993463,,,,
IDRiD_46_1536_512,0.3602545276532045,0.21983273596012667,,,,,,
IDRiD_46_2048_1024,0.8512039514289879,0.7801282609303847,0.3989189188973557,0.5355587807640698,,,0.25971563980866813,0.14923747276572333
IDRiD_46_2048_1536,0.8042231274353294,0.8530864197380408,0.0,0.0,,,,
IDRiD_46_2048_2048,0.21830065359001524,0.1755430974009971,0.0,0.0,0.0,0.0,0.7277069062984496,0.578306032754911
IDRiD_46_2048_2560,,,,,,,0.0,0.0
IDRiD_46_2048_3072,0.792565316493139,0.6805179162800283,0.7762326168424485,0.8599439773501557,,,0.2890673899421601,0.1689531126140543
IDRiD_46_2048_512,0.8005064206884894,0.6846800391858676,0.0,0.0,0.0,0.0,0.9181797803165991,0.8786557025352926
IDRiD_46_512_1024,0.8881881818699111,0.8209372814080095,0.09609609608166726,0.4155844150446956,,,,
IDRiD_46_512_1536,0.8458997111361702,0.811415297823755,0.6010928961338051,0.8730158728426556,0.6796312301832378,0.6148032316754026,0.885874649202981,0.8221459295180847
IDRiD_46_512_2048,0.644636729817659,0.6629334151478531,0.18861209962734765,0.30547550423473324,0.7813822283806231,0.6890547261967526,0.7882344622725854,0.9061941147633524
IDRiD_47_0_1024,0.0,0.0,,,0.5062344139335265,0.36314847939506717,,
IDRiD_47_0_1536,,,,,0.6501087744683637,0.5602249648404902,,
IDRiD_47_0_2048,,,0.4999999997916667,0.33333333314814817,0.0,0.0,,
IDRiD_47_0_2560,0.737802291032291,0.645269016673645,0.5883392225628675,0.6441005801462089,,,0.9030988133388124,0.9512751399515675
IDRiD_47_0_512,,,,,0.3897996356302733,0.24208144790903133,,
IDRiD_47_1024_0,,,,,0.8284537968703465,0.7195073499912791,,
IDRiD_47_1024_1024,0.0,0.0,,,,,,
IDRiD_47_1024_2048,,,0.6658739594927617,0.9655172410463733,0.8282387190382737,0.8163558105583676,,
IDRiD_47_1024_3072,0.0,0.0,,,,,,
IDRiD_47_1024_3584,,,0.0,0.0,,,,
IDRiD_47_1024_512,,,0.7634543178018205,0.9902597399382272,0.791057912336592,0.750852101846215,,
IDRiD_47_1536_0,,,0.0,0.0,,,,
IDRiD_47_1536_1024,,,,,0.5776805251556867,0.488045353697608,,
IDRiD_47_1536_1536,,,,,0.0,0.0,,
IDRiD_47_1536_3072,0.9115542836661082,0.8708988379966601,,,,,,
IDRiD_47_1536_512,,,0.36569579282108483,0.22376237619331438,,,,
IDRiD_47_2048_0,,,,,0.6315789472453063,0.9642857137117348,,
IDRiD_47_2048_1536,0.5240174672281057,0.36124794743507127,,,,,,
IDRiD_47_2048_2048,0.0,0.0,,,,,,
IDRiD_47_2048_2560,0.0,0.0,0.5538461537686928,0.4593967516335506,,,,
IDRiD_47_2048_512,,,,,0.6989314895852337,0.9504273502648842,,
IDRiD_47_512_0,,,,,0.8664122135751122,0.7721088432747929,,
IDRiD_47_512_1024,,,0.8695652173072883,0.9999999997777778,,,,
IDRiD_47_512_1536,,,0.8098159508374422,0.8407643310316848,,,,
IDRiD_47_512_2048,,,,,0.8197254335112044,0.9061501597082209,,
IDRiD_47_512_2560,,,,,0.6685236768491865,0.5454545454132231,,
IDRiD_47_512_512,,,0.8484848481634526,0.9411764697973307,0.5750174459042797,0.5297899699730052,,
IDRiD_48_0_1536,,,0.6889534882719545,0.8977272723872245,,,,
IDRiD_48_0_2048,0.6672328035882275,0.7450555404971998,0.6778135047795618,0.7279005523856491,0.3642987248881059,0.31347962372618193,,
IDRiD_48_0_2560,0.1619834710609931,0.11060948080015695,0.1625659050895182,0.09903640256429141,0.6012741429810772,0.4493651753257351,,
IDRiD_48_0_3072,,,0.31927710838565104,0.18996415767204944,,,,
IDRiD_48_1024_0,0.06595538311678414,0.04735376043908722,0.7877729256953909,0.6651917403148685,,,,
IDRiD_48_1024_1024,0.0,0.0,0.0,0.0,0.40506329108226957,0.25760286220794226,0.8975347093889628,0.9363881698466906
IDRiD_48_1024_1536,0.15013525698714955,0.39832535883579245,,,0.3596035865804812,0.7904564313712745,,
IDRiD_48_1024_2048,0.048506948168275124,0.18676262387698486,0.0,0.0,0.8811601642653929,0.8913410359484443,,
IDRiD_48_1024_2560,0.40242373588795605,0.3747081711916456,0.5254332028919667,0.40051129099273497,0.8460187958267685,0.8818716807787143,,
IDRiD_48_1024_3072,0.4518843761406764,0.42035398229611576,0.0013284623048379787,0.00077429345719031,0.7980195333640937,0.7627382341402471,,
IDRiD_48_1024_512,0.0,0.0,,,,,,
IDRiD_48_1536_1024,,,,,0.7035742035673701,0.5945502297998269,0.8807084563139311,0.9860031103815707
IDRiD_48_1536_1536,0.7704590818106967,0.8385228094975725,0.4020797226687972,0.42883548975437424,0.8294946717064541,0.8796479533336129,,
IDRiD_48_1536_2048,,,,,0.7521487603274705,0.6823361823310665,,
IDRiD_48_1536_2560,0.8674374831710826,0.8374870196865272,0.0,0.0,0.8171035668224815,0.8011966964402444,,
IDRiD_48_1536_3072,0.6146018040227826,0.5172369047081741,0.0,0.0,0.24238875876801003,0.2995658465557792,0.0,0.0
IDRiD_48_1536_512,0.49400684929392097,0.3448894201826127,0.21848739477438034,0.12264150931826273,0.2797711908330852,0.1626360338474827,,
IDRiD_48_2048_1024,,,0.5586353943371779,0.4906367039360911,0.773374139238357,0.7401874633643765,0.7493853327649453,0.7189101260616599
IDRiD_48_2048_1536,,,,,0.7398160314888426,0.7808599166739446,,
IDRiD_48_2048_2048,0.0,0.0,0.6100950987117706,0.4744027303214559,0.814291030859163,0.9294817331410805,,
IDRiD_48_2048_2560,0.7234162101367929,0.7640949554782775,0.2891156462093341,0.2394366196508629,0.7552447552095457,0.6852791877592826,,
IDRiD_48_2048_3072,0.0762722673352482,0.9999999998885173,0.0,0.0,,,,
IDRiD_48_2048_512,0.5690862586972747,0.8926419060935786,,,0.6884094329810131,0.5268817203896404,,
IDRiD_48_512_1024,0.0,0.0,0.35683339896192073,0.22901921131299194,0.0,0.0,0.0,0.0
IDRiD_48_512_1536,0.24605103279933016,0.14096762965050583,0.034090909088756886,0.022900763356836235,0.7713638935831533,0.951815642391633,0.8268096153169926,0.7495110024404064
IDRiD_48_512_2048,0.6770472894649915,0.5117698343058613,0.0,0.0,0.7523263321783876,0.9164430461652961,,
IDRiD_48_512_2560,0.7294254924815381,0.6545734524135843,0.510071090039839,0.38249666813899386,0.754399999984912,0.760790641356967,,
IDRiD_48_512_3072,0.5368690095812341,0.7554396691106736,0.02156334231515319,0.011412268186674427,0.0,0.0,,
IDRiD_48_512_512,,,0.0,0.0,,,,
IDRiD_49_0_1024,0.17393522060255204,0.09635490251211204,0.4583333333111273,0.7883333332019445,0.620678818343484,0.6084411583299926,,
IDRiD_49_0_1536,0.2121917170678366,0.12452211905382184,0.5462184871654544,0.928571427244898,0.7473450626030484,0.788066187518167,0.7224576270803783,0.5655058042648834
IDRiD_49_0_2048,0.0,0.0,0.7063829787046175,0.6240601503466138,0.7172694854448666,0.7981859409525867,,
IDRiD_49_0_2560,0.16571428570902494,0.14270092946185342,0.0,0.0,0.4154761904514597,0.29253981556642583,,
IDRiD_49_0_3072,0.541486932236958,0.6964751957769925,0.0,0.0,0.0,0.0,,
IDRiD_49_0_512,0.0,0.0,,,0.8658318424985838,0.849122806868575,,
IDRiD_49_1024_1024,0.6160583941156161,0.445147679277938,0.46095030035712997,0.3992431409272239,0.8121206211432873,0.8672810579981918,,
IDRiD_49_1024_1536,0.7199699699429442,0.6116071428181372,0.5766590387696432,0.4684014868147206,0.8315744215118207,0.8618594287994253,,
IDRiD_49_1024_2048,,,0.7095391210386346,0.7195652172348771,0.8091647331727874,0.8083441981629966,,
IDRiD_49_1024_2560,,,,,0.6411355907047,0.9529670329251444,,
IDRiD_49_1024_3072,,,0.0,0.0,0.8051341889845313,0.9400544957847338,,
IDRiD_49_1024_512,0.57512953366634,0.48051948050214577,,,0.556244633140385,0.42930780559014275,,
IDRiD_49_1536_1024,0.6268003921249272,0.7556363636294942,0.414235705926824,0.3039383561383614,0.8377741975357818,0.8906455862742914,,
IDRiD_49_1536_1536,,,,,0.8684223480172805,0.8855536592681941,,
IDRiD_49_1536_2048,,,,,0.7730496451159398,0.9999999990825689,,
IDRiD_49_1536_512,0.5928055715251881,0.6032509752847431,0.4530386740122911,0.4369449377942322,0.7335401585533688,0.7899034892060169,,
IDRiD_49_2048_1024,0.6731131886182518,0.7925170067952332,0.5285171102159204,0.43642072206649596,0.9014398057116609,0.867722364463799,,
IDRiD_49_2048_1536,0.48406139313325225,0.4405444125758922,0.5652841781656958,0.5492537313022945,0.8378858991900479,0.9400183150121663,,
IDRiD_49_2048_2048,0.24025627335183514,0.2436383324177781,0.6274509800845829,0.45714285681632655,0.117424242402003,0.06262626261361086,,
IDRiD_49_2048_2560,,,0.7408142998271287,0.6206322794308432,,,,
IDRiD_49_2048_3072,0.4710582609775039,0.7820137873325462,0.07611798286621141,0.03956478733535462,0.0,0.0,,
IDRiD_49_2048_512,0.47551686615240046,0.6715328466895301,0.35893011213469106,0.24242424239598787,0.8179701325691019,0.8512439418361794,,
IDRiD_49_512_0,,,,,0.6666666659003831,0.517857141932398,,
IDRiD_49_512_1024,0.6870335387558654,0.6534802203285709,,,0.6509671993134785,0.5697460434092844,0.8960519629699842,0.9605437665736996
IDRiD_49_512_1536,0.7453646197955117,0.8563570316509789,0.661354581646958,0.5361757105596785,0.8328967065855275,0.8822888103310902,0.9360171139611629,0.956716195393546
IDRiD_49_512_2048,,,,,0.7526926092487406,0.9002961500404708,,
IDRiD_49_512_3072,0.40797262300958204,0.8827296377650045,0.6060606060215306,0.9197651661605156,,,,
IDRiD_49_512_512,0.6779661016897853,0.7096467606413805,0.7208271787030714,0.69914040109605,0.3193277308240944,0.18999999981000001,,
IDRiD_50_0_1024,,,,,0.7004555808456591,0.798701298649435,,
IDRiD_50_0_1536,,,,,0.3223946175982096,0.26083092645499156,,
IDRiD_50_0_2048,,,,,0.6013372053717746,0.5532496582508606,,
IDRiD_50_0_2560,,,,,,,0.7364876055830812,0.7054468535091967
IDRiD_50_0_512,,,,,0.5407915100477384,0.3922386144838923,,
IDRiD_50_1024_1024,0.7299072642826525,0.8781961877787915,,,0.5642004773000382,0.6523178807227022,,
IDRiD_50_1024_1536,0.6537014370522067,0.8123943661880293,0.524765729514757,0.3783783783053324,0.5417958789846199,0.5811649911209171,0.8473679720088101,0.762240982336727
IDRiD_50_1024_2048,,,,,0.6009670079550489,0.6511556240169135,,
IDRiD_50_1024_2560,0.9403479701610005,0.9645892351001534,,,0.492934747108596,0.4740765558234606,,
IDRiD_50_1024_3072,0.03619909502160071,0.7529411755847751,,,,,,
IDRiD_50_1536_0,,,0.37634408598778274,0.23178807944461502,,,,
IDRiD_50_1536_1024,0.8246318607396417,0.9094488188081251,,,0.0,0.0,,
IDRiD_50_1536_1536,,,,,0.5981833715531315,0.6286267838548879,,
IDRiD_50_1536_2048,,,,,0.49459894276040917,0.5495403472650898,,
IDRiD_50_1536_2560,0.0,0.0,0.565248738243313,0.3939698492066362,0.6807631546926676,0.7042997234007505,,
IDRiD_50_1536_3072,0.4065304087711457,0.2578859988911543,0.7892030847314649,0.7871794869776463,,,0.8374170187051401,0.7760047721961374
IDRiD_50_1536_512,0.0,0.0,,,0.0,0.0,,
IDRiD_50_2048_1024,0.4662802950351349,0.3296089385352101,0.720478325751797,0.9757085016292678,0.026229508188121472,0.01515151514577594,,
IDRiD_50_2048_1536,,,,,0.0,0.0,,
IDRiD_50_2048_2048,,,,,0.0,0.0,,
IDRiD_50_2048_2560,,,,,0.26915520626039735,0.3064876956808752,,
IDRiD_50_2048_512,,,,,0.0,0.0,,
IDRiD_50_512_1536,,,0.5508196720709487,0.5971563979627591,0.7005100671122134,0.6958399999962889,,
IDRiD_50_512_2048,,,0.7873015870516502,0.9117647052119378,0.4788401653965039,0.5051157781313396,,
IDRiD_50_512_2560,0.6713584287942495,0.8300283285783073,0.48371335500946955,0.49335548164562204,0.3362831858250451,0.25034674062064166,0.778480658339705,0.9403570462410014
IDRiD_51_0_1024,,,0.6647597253624279,0.999999999827883,0.8440265486258834,0.8239740819844521,,
IDRiD_51_0_1536,0.7331212442429635,0.5798154878227617,0.2929061784561892,0.99999999921875,,,,
IDRiD_51_0_2048,0.0,0.0,0.6895799235848565,0.6542443063504924,,,0.317932148616545,0.18901267767233912
IDRiD_51_0_3072,,,0.031578947364265926,0.016042780746518347,,,,
IDRiD_51_1024_1024,,,0.5018450184237299,0.594999999925625,0.7742899850233823,0.7463976944707206,,
IDRiD_51_1024_1536,0.5857471264233162,0.5255775577340933,0.5095541401024226,0.7807807806635465,0.5540352393271206,0.5665750196330854,0.0,0.0
IDRiD_51_1024_2048,,,,,0.42166344285847907,0.27114427853951634,,
IDRiD_51_1024_3072,0.6211439588639046,0.4531176746313511,,,,,,
IDRiD_51_1024_3584,0.8238669709760426,0.8794375608954554,,,,,,
IDRiD_51_1024_512,0.2881271733587617,0.37711313389114265,0.5519671168202015,0.7742998351277925,0.77756602231449,0.7345679012156747,0.7347296468287848,0.5812534664407843
IDRiD_51_1536_0,,,0.7792792791037659,0.9402173907933602,,,,
IDRiD_51_1536_1024,,,0.4828524768513105,0.5451751689892332,,,,
IDRiD_51_1536_1536,,,0.6739640343755292,0.7744833781873779,0.35076923076248523,0.7226624405132597,0.04672897196152503,0.023923444975504225
IDRiD_51_1536_512,,,0.47807637904393796,0.31747025671149215,,,,
IDRiD_51_2048_1024,0.641099087626559,0.5654533545376115,0.39926571820104334,0.3048353188293738,,,,
IDRiD_51_2048_1536,0.0,0.0,0.7461773699979827,0.6677091477194911,0.0,0.0,0.7049213685628182,0.5443077751816111
IDRiD_51_2048_2048,,,,,,,0.8097711098132377,0.6906167978776044
IDRiD_51_2048_2560,,,0.5099150140920801,0.38135593212259405,,,,
IDRiD_51_2048_512,0.0,0.0,0.8033573141005181,0.8933333332142223,0.635802468939567,0.5567567564558071,0.07004903432332583,0.03629575858097795
IDRiD_51_512_1024,,,0.4104234526350412,0.25819672120565706,,,,
IDRiD_51_512_1536,,,,,0.0,0.0,,
IDRiD_51_512_2048,,,0.5387755100941274,0.3782234955936322,,,,
IDRiD_52_0_2560,,,0.8201438847445784,0.9382716045521516,,,,
IDRiD_52_1024_0,,,,,0.6084701814512989,0.44110275683695455,,
IDRiD_52_1024_2560,0.4205607476307974,0.32296650713840114,0.3062015503579262,0.8404255314678588,,,,
IDRiD_52_1024_3072,,,0.5320388348481478,0.5905172411247771,,,,
IDRiD_52_1536_2048,,,0.6924731181306509,0.9415204672856605,0.7280966766271758,0.6905444124095861,,
IDRiD_52_1536_2560,,,0.6874999998567708,0.9939759030156772,,,,
IDRiD_52_1536_3072,0.0,0.0,0.0,0.0,,,,
IDRiD_52_2048_2048,0.18663136994132154,0.10689916602677034,0.6354838709472425,0.9188432834963765,,,,
IDRiD_52_2048_2560,,,0.7026304056753174,0.8182762200604075,,,,
IDRiD_52_2048_3072,,,0.5219512194485425,0.36394557816939704,,,0.7951208980915897,0.6695146336907923
IDRiD_52_512_0,0.6451612896288589,0.4761904754346183,,,,,,
IDRiD_52_512_2048,,,0.5369908561482135,0.41410256404947404,0.39049235991551395,0.2517788724547466,,
IDRiD_52_512_2560,,,0.8311111109264198,0.9894179888944878,,,0.8977960488649331,0.9251588608866755
IDRiD_52_512_512,0.0,0.0,0.3092131277062391,0.1998977505010277,,,,
IDRiD_53_0_1024,0.7525827922710091,0.7763268744669222,0.0,0.0,,,,
IDRiD_53_0_1536,,,0.7351225203342915,0.6152343748798371,,,,
IDRiD_53_0_2048,,,0.12713936427209305,0.4406779653547831,,,,
IDRiD_53_0_2560,,,0.7877920838918555,0.8411405294459124,,,,
IDRiD_53_0_3072,,,0.5950653119600776,0.43803418794059096,,,,
IDRiD_53_0_512,0.6537634408543569,0.8172043010569623,0.22952646238275617,0.14981818180728596,,,,
IDRiD_53_1024_1536,,,,,0.0,0.0,,
IDRiD_53_1024_2048,0.6227665705962138,0.8970527189332896,0.33040935667684074,0.34138972799353784,0.6624871338948022,0.5492629945609113,,
IDRiD_53_1024_2560,0.696664211300228,0.8209007042911373,0.3540469973859526,0.23601763750016222,,,,
IDRiD_53_1024_3072,0.6958760779797446,0.6217953399998408,0.467188765852898,0.3384194053075736,0.7030033369629585,0.6422764226336837,,
IDRiD_53_1536_1536,0.0119999999976,0.006211180122937644,,,,,,
IDRiD_53_1536_2048,0.7806590257823735,0.7511717672904443,0.2014652014283031,0.9999999981818182,0.7113111986093803,0.5573192239367443,,
IDRiD_53_1536_2560,0.547095832948417,0.8990110877764755,0.6973007711858195,0.761938202193684,0.6107784430406253,0.4932301739858356,,
IDRiD_53_1536_3072,0.7610075237110827,0.9361017221803299,0.4802139037176356,0.39840283936127746,0.6140529531255574,0.4983471073968308,0.15463284925184462,0.0837951673677256
IDRiD_53_1536_3584,0.884338138910807,0.9142953929229575,,,,,,
IDRiD_53_1536_512,,,0.7047619047139617,0.9168141591297675,,,,
IDRiD_53_2048_1024,0.2551143200655699,0.16307692305183433,0.23622047242027816,0.6958762883010947,0.0,0.0,,
IDRiD_53_2048_1536,0.0,0.0,0.7527539779221081,0.9505409581220184,,,,
IDRiD_53_2048_2048,0.0,0.0,0.32959243943711797,0.3440197286875438,0.0,0.0,,
IDRiD_53_2048_2560,0.41972105091081024,0.27105152910468994,0.23358778624171084,0.9999999993464053,0.7686622320200545,0.8400646202196989,,
IDRiD_53_2048_3072,0.23321554769631286,0.25126903551705143,0.4219133278477585,0.46319569111971354,,,,
IDRiD_53_2048_512,,,0.7896512934994768,0.7564655170783479,,,,
IDRiD_53_512_0,,,0.8012752390221812,0.999999999734748,,,,
IDRiD_53_512_1536,,,0.3998680303398262,0.3289902279951688,,,,
IDRiD_53_512_2560,0.6837224383894821,0.7753916305010267,0.23979806477745907,0.16735173222740155,,,,
IDRiD_53_512_3072,,,,,0.8723404252225743,0.9919354830710199,,
IDRiD_53_512_512,0.0,0.0,0.34581105163176273,0.2579787233356439,,,,
IDRiD_54_0_1536,,,0.750448832966746,0.8393574295503298,,,,
IDRiD_54_0_2048,,,0.44628099164333035,0.28723404247679946,,,,
IDRiD_54_0_2560,0.6553051126872769,0.5382299819223892,0.2084805653526077,0.3450292396651961,0.7800502332116963,0.8862617203063082,,
IDRiD_54_0_3072,0.0,0.0,0.6705607476243831,0.6537585420667701,,,,
IDRiD_54_1024_0,0.0,0.0,0.7254004575829062,0.5753176042513035,,,,
IDRiD_54_1024_1024,,,0.0,0.0,,,,
IDRiD_54_1024_1536,,,0.0,0.0,,,,
IDRiD_54_1024_2048,0.522438391692316,0.38151164992647263,0.30645161288421513,0.18095238093912436,0.7661971830266481,0.9422632792281147,,
IDRiD_54_1024_2560,0.382652631575725,0.5999471877317152,0.3074677693916938,0.32814122532044954,0.726360478551665,0.820401046135972,,
IDRiD_54_1024_3072,0.5959595959470547,0.6504363803100397,0.5618543713640248,0.4756825938363617,0.37279596967939643,0.23794212210998644,,
IDRiD_54_1024_3584,0.33843797855185204,0.22004646530965663,0.0,0.0,,,,
IDRiD_54_1024_512,0.0,0.0,,,,,,
IDRiD_54_1536_0,0.0,0.0,0.576995600215148,0.5251716246538706,,,,
IDRiD_54_1536_1536,,,0.0,0.0,,,,
IDRiD_54_1536_2048,,,0.5852459015913732,0.5509259258409065,,,,
IDRiD_54_1536_2560,0.0,0.0,0.6997578692282156,0.8268955650338414,0.0,0.0,,
IDRiD_54_1536_512,0.6686295503033022,0.5219389886952804,0.0,0.0,,,,
IDRiD_54_2048_0,,,,,,,0.8719796523766007,0.8577981651018434
IDRiD_54_2048_1024,,,,,,,0.44983967016835,0.2937481304129899
IDRiD_54_2048_1536,,,0.7619489558811161,0.9041850219268519,,,,
IDRiD_54_2048_2048,0.0468164793963655,0.02396931926903458,0.6394736841684556,0.9798387094798712,,,,
IDRiD_54_2048_2560,0.5473386716781127,0.7321991177862508,0.5371937638958935,0.428876244635215,,,,
IDRiD_54_2048_3072,0.2303182579516265,0.5646817247880204,0.33428030301447537,0.20159908622492295,,,,
IDRiD_54_2048_512,,,,,,,0.7491903562398831,0.7749860413104876
IDRiD_54_512_0,0.5837749694013953,0.6924564796235535,,,,,,
IDRiD_54_512_1024,,,0.0,0.0,,,,
IDRiD_54_512_1536,,,0.5594489367906724,0.6709770114460505,0.7427055701932752,0.7671232874610621,,
IDRiD_54_512_2048,,,0.6232876711901857,0.9999999997802197,,,,
IDRiD_54_512_2560,0.22712741665225203,0.818880351217405,0.4069364161755622,0.304182509495189,0.7374872318608842,0.7533039647402434,,
IDRiD_54_512_3072,0.7813137984821585,0.7092554235178321,0.3430468461695667,0.25271739129061316,,,,
IDRiD_54_512_512,0.9373784519277566,0.9663191659209046,,,,,,
IDRiD_55_0_1024,,,,,0.8476562498344422,0.8679999996528001,,
IDRiD_55_0_1536,,,,,0.8211775327218599,0.7736330498083398,,
IDRiD_55_0_2048,,,0.6108786608322684,0.588709676944589,0.8048071843613185,0.7083410823846552,,
IDRiD_55_1024_1024,,,0.8821385175112834,0.9784366574182111,0.8181552287994412,0.7418032786849479,,
IDRiD_55_1024_1536,0.0,0.0,0.0,0.0,0.7944857254587461,0.6785917092549711,,
IDRiD_55_1024_2048,,,0.4019900497112448,0.2686170212408754,0.853046495872435,0.7774991494124305,,
IDRiD_55_1024_2560,,,0.6528129751316364,0.6013071894863391,0.8641324981007211,0.8524214123520061,,
IDRiD_55_1536_1024,,,0.31911966983230816,0.23819301843158253,0.6490201068919231,0.5332496863162798,,
IDRiD_55_1536_1536,,,0.7724731182463452,0.6977466976924828,0.746296232932746,0.8275286440486567,,
IDRiD_55_1536_2048,0.4981526743562885,0.43780597461846527,0.44900221728660383,0.4808072813422712,0.6798323596625608,0.8456556082081701,0.0,0.0
IDRiD_55_1536_2560,0.7317687591443648,0.6192745399234434,0.3422053231288583,0.24523160756260717,0.8021177274270727,0.7250926307107347,0.0,0.0
IDRiD_55_1536_3072,,,,,0.8609238451720119,0.7948363300693944,,
IDRiD_55_1536_512,,,,,0.6117647058444727,0.46824644545324673,,
IDRiD_55_2048_1024,,,,,0.9194395796042522,0.9325044403317044,,
IDRiD_55_2048_1536,,,0.41639697945885684,0.9507389157878133,0.611970410201346,0.47919957870041074,,
IDRiD_55_2048_2048,,,0.005714285712653061,0.0028653295120729715,0.8355014687310427,0.801099785396981,,
IDRiD_55_2048_2560,,,,,0.7963033974967547,0.7045053602883395,,
IDRiD_55_512_1024,0.6150271107509676,0.5609985868788979,0.6264855687340202,0.49101796403918707,0.8352651914281779,0.7651222651199205,,
IDRiD_55_512_1536,0.645745713354408,0.4961882664816674,0.5187566987654066,0.9797570846235801,0.8618002948797208,0.7979358149049722,,
IDRiD_55_512_2048,0.7879809359444626,0.9755980670135077,0.5342163354818746,0.43291592121056965,0.8487551394848477,0.8405039787776114,,
IDRiD_55_512_2560,,,,,0.18181818173947265,0.09999999995238096,,
IDRiD_56_0_1024,,,0.0,0.0,,,,
IDRiD_56_0_1536,,,0.6974128233186263,0.6997742662077259,,,,
IDRiD_56_0_2048,0.6412145568159469,0.5403913697875014,0.6506493506071006,0.7106382977715408,,,,
IDRiD_56_0_2560,0.7162270697453718,0.5731400071968401,,,,,,
IDRiD_56_0_3072,0.8484199674840474,0.8873683337406704,,,,,0.8468949001236472,0.9635072655178191
IDRiD_56_0_512,,,0.71499999982125,0.9999999993006994,,,,
IDRiD_56_1024_0,0.029561586638584034,0.015250732379672146,,,,,,
IDRiD_56_1024_1024,,,0.0,0.0,,,,
IDRiD_56_1024_1536,,,0.5740402192734845,0.402564102460881,,,,
IDRiD_56_1024_2048,,,,,0.6603844140254252,0.833176070941061,,
IDRiD_56_1024_2560,0.0,0.0,0.7634584012427847,0.9770354904014539,0.7536945812189084,0.8776290629297077,,
IDRiD_56_1024_3072,0.16779170684551734,0.10567412805738613,0.13092550789328863,0.09682804673649181,,,,
IDRiD_56_1536_1024,0.0,0.0,,,,,,
IDRiD_56_1536_1536,,,0.5650224214613204,0.7850467287273997,,,,
IDRiD_56_1536_2048,0.5033673273017926,0.5084054027741871,,,0.7323395981616222,0.7151898733724563,,
IDRiD_56_1536_2560,0.4186046511550027,0.31860662700881887,0.4447761193366006,0.4999999998322147,,,0.0,0.0
IDRiD_56_1536_512,0.0,0.0,,,,,,
IDRiD_56_2048_1024,0.7767173870372701,0.8058557891589951,,,0.42758620682283,0.28904428897691276,,
IDRiD_56_2048_1536,,,0.7710583152515056,0.9394736839632963,,,,
IDRiD_56_2048_2048,0.5085570605847306,0.35516030360988826,0.0,0.0,,,,
IDRiD_56_2048_2560,0.63044718743241,0.4854315049464183,,,,,0.7318976730688546,0.9999999999802528
IDRiD_56_2048_3072,,,0.8456273763615492,0.8475609754805548,,,,
IDRiD_56_2048_512,0.021949404761496476,0.016895761740638726,,,,,,
IDRiD_56_512_1024,0.6878179843326598,0.794086589218663,0.6729211087133083,0.8566775243369514,,,,
IDRiD_56_512_1536,,,0.0,0.0,0.6579634463892998,0.6756032169770501,,
IDRiD_56_512_2048,,,,,0.6954872961632964,0.9577023498444465,,
IDRiD_56_512_2560,0.5400294179421095,0.41511872072027844,0.742388758738736,0.627722772215077,,,,
IDRiD_56_512_3072,0.41829405162503763,0.375365092150515,0.0,0.0,0.7053872053278293,0.9088937091303918,0.9499258660164782,0.9633654568999838
IDRiD_57_0_1024,,,,,0.6218851570290482,0.5161870502668728,,
IDRiD_57_0_1536,0.22006472490128925,0.12499999998851102,,,0.17099748531676465,0.24460431648810446,,
IDRiD_57_0_2048,,,,,0.45699937222492154,0.3229813664309688,,
IDRiD_57_0_512,,,,,0.464725643870956,0.7742537311988333,,
IDRiD_57_1024_0,,,,,0.2841277186421997,0.16572199729647175,,
IDRiD_57_1024_1024,,,0.35270541075096085,0.21890547258236182,0.5508793969805992,0.5397753500455489,,
IDRiD_57_1024_1536,,,0.0,0.0,0.7619321448999148,0.8553905745366239,,
IDRiD_57_1024_2048,,,,,0.49733570155441065,0.7291666664767795,,
IDRiD_57_1024_512,,,,,0.46519320402247494,0.45167883210360066,,
IDRiD_57_1536_0,0.26906474818208165,0.25407608692200057,,,0.35318275146751893,0.22872340419448844,,
IDRiD_57_1536_1024,,,,,0.7124341500065855,0.6318599821917553,,
IDRiD_57_1536_1536,,,,,0.6828009827925946,0.7510810810607816,,
IDRiD_57_1536_2048,,,,,0.6503906249682427,0.5099540581539085,,
IDRiD_57_1536_512,,,0.7313131311653912,0.6678966787203333,0.5796344647368242,0.43291731667578326,,
IDRiD_57_2048_1024,,,,,0.4964824120104038,0.35797101444087376,,
IDRiD_57_2048_1536,,,,,0.6387832699214966,0.513238289153438,,
IDRiD_57_2048_512,,,0.0,0.0,0.04390243902082094,0.022443890272448554,,
IDRiD_57_512_0,,,,,0.515355805224144,0.36210526313883656,,
IDRiD_57_512_1024,,,0.0,0.0,0.4984488107033662,0.34726224778857895,,
IDRiD_57_512_1536,0.0,0.0,,,0.6403940886068578,0.7420091322506828,,
IDRiD_57_512_512,,,0.2415254236776429,0.1373493975572652,0.6794434234528894,0.599629286348488,,
IDRiD_58_0_1536,0.0,0.0,0.757246376743003,0.6093294459753165,,,,
IDRiD_58_0_2048,,,0.8038176033081847,0.9404466498907079,0.7946503204161358,0.8486411426135957,,
IDRiD_58_0_2560,,,0.6269938649922089,0.6395494367159513,0.8297520660814153,0.8276999174915334,,
IDRiD_58_0_3072,,,0.29012345670057915,0.3286713284414886,,,,
IDRiD_58_0_512,,,0.1589403973159072,0.0863309352310957,,,,
IDRiD_58_1024_0,,,,,0.6645032451157139,0.5304902351323041,,
IDRiD_58_1024_1024,,,0.8547189818817902,0.9710843371154013,,,,
IDRiD_58_1024_1536,0.8762486126404516,0.9789212646937718,0.49999999991935484,0.37990196069120047,0.8287157090101172,0.7953890489705164,,
IDRiD_58_1024_2048,,,,,0.7842191780735975,0.7727861770891407,,
IDRiD_58_1024_2560,0.0,0.0,0.7753479124477786,0.8628318582161876,0.8472698496327187,0.9386323786984619,,
IDRiD_58_1024_3584,,,,,0.8631178705583427,0.8867187496536254,,
IDRiD_58_1536_0,,,,,0.23191262215462008,0.1312145711352921,,
IDRiD_58_1536_1536,0.0,0.0,,,,,,
IDRiD_58_1536_2048,0.4539931841687066,0.29365535747951593,,,0.0,0.0,,
IDRiD_58_1536_2560,0.24764740917065128,0.14271984622679534,0.7042253519143027,0.5482456137946291,,,,
IDRiD_58_1536_3072,0.6491056910498741,0.5282286520725437,,,,,,
IDRiD_58_1536_512,,,0.0,0.0,0.608565310479474,0.4522597071784768,,
IDRiD_58_2048_1024,,,,,0.0,0.0,,
IDRiD_58_2048_1536,0.03543182537059691,0.034355828218751175,,,,,,
IDRiD_58_2048_2048,,,0.7878077373050636,0.8637532131455646,,,,
IDRiD_58_2048_2560,0.8599130725366113,0.7689088191100476,,,,,,
IDRiD_58_2048_3072,0.49072753209350406,0.4418754014072977,,,0.7029429797562394,0.543236199939748,,
IDRiD_58_512_1024,0.0,0.0,,,,,,
IDRiD_58_512_1536,0.711902956758457,0.6015374759384025,0.5020352781206218,0.6281833615232286,0.7413995808394893,0.8169426608042303,,
IDRiD_58_512_2048,,,,,0.7434177039436239,0.7677530344951949,,
IDRiD_58_512_2560,0.7538981288932308,0.6266335457325128,0.20617110797993188,0.11873990305987561,0.7012687427103497,0.539964475925406,,
IDRiD_58_512_3072,,,0.42662632368734854,0.6778846150587093,0.8847517729712099,0.9139194137520295,,
IDRiD_58_512_512,0.46134119758351916,0.2998333333283361,,,,,,
IDRiD_59_0_1024,,,0.0,0.0,,,,
IDRiD_59_0_1536,0.4392350400932852,0.2814229248967364,0.27728613566595023,0.16095890409121474,0.473118279400316,0.9565217377441715,0.9362100216308945,0.9065790963599446
IDRiD_59_0_2048,,,,,,,0.9213066617711115,0.858829164810419
IDRiD_59_1024_1024,0.15777056915247883,0.6327616794421784,0.3416666666488715,0.20798985414026697,0.6901798063146487,0.827529021421637,0.0,0.0
IDRiD_59_1024_1536,,,0.6600985220049018,0.7282608691694235,0.8529790495639182,0.8767595277075644,,
IDRiD_59_1024_2048,0.7259915734365393,0.9150338765626252,,,0.7666945606673174,0.8035902233609894,,
IDRiD_59_1024_512,0.0,0.0,0.0,0.0,,,,
IDRiD_59_1536_0,,,0.18428709988513217,0.11656441716361174,,,,
IDRiD_59_1536_1024,0.0,0.0,,,0.7710675785235763,0.7995192307500116,,
IDRiD_59_1536_1536,,,0.7039687702860137,0.5437185929101791,0.6710592369435802,0.9091991157811733,,
IDRiD_59_1536_2048,0.6332844574733629,0.8247088027339181,0.0,0.0,0.843425076439703,0.8439412484441878,,
IDRiD_59_1536_2560,,,,,0.0,0.0,,
IDRiD_59_1536_3072,,,,,0.24523612259774347,0.1404174572921805,,
IDRiD_59_1536_512,0.8840265742324186,0.8246732833303783,0.365384615340699,0.27142857138010207,,,,
IDRiD_59_2048_1024,0.5342480911747898,0.3848852040754961,,,,,,
IDRiD_59_2048_1536,,,0.663778162854092,0.952736318170961,,,,
IDRiD_59_2048_2048,0.11405622489043725,0.06184668989008304,0.5656934306362886,0.8414766557175378,,,0.0,0.0
IDRiD_59_2048_2560,,,,,0.6865000898733911,0.788560809399369,0.8429499549709846,0.7522459171643976
IDRiD_59_2048_3072,,,,,0.31715560361880285,0.18971373119537904,,
IDRiD_59_2048_512,,,0.37605525707014154,0.23377862593189133,,,,
IDRiD_59_512_1024,0.32345328546110497,0.2517218973326612,0.534487280342657,0.4884947267263426,0.6964499401605858,0.8455205810933288,0.928554443458982,0.8857590629756454
IDRiD_59_512_1536,0.7510631337882275,0.8216138844084665,0.0,0.0,0.803673881458709,0.9029991146475044,0.0,0.0
IDRiD_59_512_512,0.0,0.0,0.2832469774985757,0.5578231288722292,,,0.5556315861483658,0.9867541620976211
IDRiD_60_0_1536,,,0.4910790144017774,0.84999999975,,,,
IDRiD_60_0_512,,,,,,,0.8330160927351962,0.7256557129717921
IDRiD_60_1024_0,,,,,0.6504197129528725,0.5444242973461276,,
IDRiD_60_1024_1024,,,,,0.7882288228606098,0.8245109320584285,,
IDRiD_60_1024_1536,0.0,0.0,0.3994334277054627,0.2582417581944612,0.8156647738366334,0.9081712740829495,,
IDRiD_60_1024_2048,0.6815440289094364,0.5169258919929619,0.5246981338611748,0.5610328637180674,0.7142857141612743,0.6269113147929934,0.0,0.0
IDRiD_60_1024_2560,0.8918051575880125,0.9463634152159284,0.8294930875228533,0.8154859966379335,0.511363636339424,0.41002277901214707,0.40695735047874776,0.3111111110997774
IDRiD_60_1024_3072,,,,,0.0,0.0,,
IDRiD_60_1536_1024,,,0.0,0.0,0.18834296724243324,0.8640883976945759,,
IDRiD_60_1536_1536,0.30665258711073595,0.199615067357723,,,0.6409628288354354,0.812365010777204,,
IDRiD_60_1536_2048,,,0.1492537313247197,0.08064516127948318,0.6769016049771875,0.6432360741852472,,
IDRiD_60_1536_2560,0.7875532505873764,0.7351313969317037,0.5966735966115724,0.44984326011757947,0.7372744411477425,0.7719966158943599,,
IDRiD_60_1536_3072,,,0.7265917600274937,0.6689655167800238,,,,
IDRiD_60_1536_512,,,,,0.08880277710431256,0.762829403500301,,
IDRiD_60_2048_0,,,,,0.0,0.0,,
IDRiD_60_2048_1024,0.18543645408478354,0.13225806450759625,,,0.6407859293246649,0.5366954213598315,,
IDRiD_60_2048_1536,,,0.0,0.0,,,,
IDRiD_60_2048_2048,,,0.6047516197397944,0.8045977006870129,0.5674646638472463,0.7394318336177867,0.0,0.0
IDRiD_60_2048_2560,0.6080398484614563,0.4806988352718763,0.13882240305702143,0.07688229055795957,0.7742868953953227,0.7889637741874911,0.8000904275907502,0.6784794873162158
IDRiD_60_2048_512,0.24052132700709358,0.5211810012167932,0.8343558280502339,0.8292682923458259,0.33674630257829963,0.2055555555270062,,
IDRiD_60_512_0,,,,,0.0,0.0,,
IDRiD_60_512_1024,,,0.3413296778381542,0.2763596004132786,,,,
IDRiD_60_512_1536,,,0.526829268241285,0.4066265059628575,0.6434994665349261,0.5593534711033558,,
IDRiD_60_512_2048,0.19693877550015618,0.17625570774646065,0.28235294115432524,0.18769551614309746,,,0.0895833333329276,0.046892039258229136
IDRiD_60_512_2560,0.06546990495958448,0.03384279475797801,,,0.48275862035671824,0.3240740737740055,0.18281786941514624,0.10153895608108032
IDRiD_60_512_3072,,,,,,,0.8749378006230308,0.8566092887161967
IDRiD_61_0_1024,0.7778968440345018,0.7821876604790714,,,,,,
IDRiD_61_0_1536,0.2105708896323264,0.12051112579810305,0.4416037187424983,0.3281519861547364,,,,
IDRiD_61_0_2048,0.8203574674299688,0.7600336794764708,0.5612244897738923,0.923772609699771,,,,
IDRiD_61_0_2560,,,0.7123287668793394,0.928571427742347,,,,
IDRiD_61_0_512,0.658235000107225,0.49057398289553455,,,,,,
IDRiD_61_1024_0,0.5168297556214027,0.3784939781623889,0.0,0.0,,,,
IDRiD_61_1024_1024,0.6522609252977041,0.5020741039055536,0.9093567250132519,0.956923076628639,0.37824474655398704,0.2854477611407747,,
IDRiD_61_1024_1536,0.6155726256961747,0.7681247821473672,0.022249690973763944,0.014657980453638766,0.7606869516484941,0.7084492350425204,,
IDRiD_61_1024_2048,0.11620469082536222,0.08706070286844562,0.3551002987471148,0.27714856760312134,0.7521530030155902,0.8787403632447571,,
IDRiD_61_1024_2560,0.7239168245873058,0.7365946431362639,0.6013939594888352,0.5191977077066362,,,,
IDRiD_61_1024_3072,0.31424342479432715,0.5788590603784036,0.7808612439444151,0.6974358973166777,,,,
IDRiD_61_1536_0,0.010932475883892847,0.005532053367864235,,,,,,
IDRiD_61_1536_1024,0.09678698928868455,0.08795962508800867,,,0.0,0.0,,
IDRiD_61_1536_1536,0.0,0.0,0.0,0.0,0.5245033112235428,0.3778625953837917,,
IDRiD_61_1536_2048,0.644485159394324,0.6069013112407605,0.6332665330026788,0.9999999996835442,0.7303185732401755,0.9218341648738199,,
IDRiD_61_1536_2560,0.10742739655523492,0.06593753286290947,0.1686486486395325,0.09558823528826052,,,,
IDRiD_61_1536_512,0.3385695379471242,0.20433393526807772,0.0,0.0,,,,
IDRiD_61_2048_1024,0.8032952805072,0.6920849484368697,,,,,,
IDRiD_61_2048_1536,0.5854365974038234,0.4536423215664215,,,,,,
IDRiD_61_2048_2048,0.8192738263560175,0.8096636069934752,,,,,,
IDRiD_61_2048_2560,0.65193054136608,0.8033430671553383,0.1342281879147217,0.0786423841027052,,,,
IDRiD_61_2048_512,0.7238696829188725,0.6316146724209725,,,,,,
IDRiD_61_512_0,0.5300094270423693,0.4358311800134726,,,,,,
IDRiD_61_512_1024,0.6342392909887234,0.5281946562994435,,,0.20530973447693635,0.11439842206816599,,
IDRiD_61_512_1536,0.5872254618764313,0.6929706090379254,0.35136343315371643,0.35597826083732076,0.8324768756138241,0.8647686832124719,,
IDRiD_61_512_2048,0.6842283852862912,0.5973064239013461,0.042313117063306545,0.02192982455980045,0.7556675062760798,0.7491675915233535,,
IDRiD_61_512_2560,0.7756432378536173,0.7269460217052728,0.29508196716474067,0.19999999995555554,,,,
IDRiD_61_512_3072,0.0,0.0,,,,,,
IDRiD_61_512_512,0.8441406490521456,0.8622468234943876,,,,,,
IDRiD_62_0_1024,0.66963182603571,0.7286905081815357,0.5224787362670136,0.40642722109519336,0.8064516127174074,0.8974358969756739,,
IDRiD_62_0_1536,,,,,0.0,0.0,,
IDRiD_62_0_512,0.4663742689944841,0.32200538356924613,,,0.6415905426844927,0.5600375233996212,,
IDRiD_62_1024_0,,,0.699029126043925,0.7384615380828402,,,,
IDRiD_62_1024_2048,,,0.6571879935770636,0.8739495794647271,,,,
IDRiD_62_1024_2560,,,,,0.8392370569920334,0.9871794865466799,,
IDRiD_62_1024_3072,0.0,0.0,0.47653429599447406,0.39007092193970794,,,,
IDRiD_62_1536_0,,,0.6473684208822714,0.47859922160365787,,,,
IDRiD_62_1536_1024,,,0.16129032245057232,0.0892857142059949,,,,
IDRiD_62_1536_2560,,,,,0.8086742734614595,0.9094002551976549,,
IDRiD_62_1536_3072,,,0.5666666666141975,0.9776357824352601,,,,
IDRiD_62_2048_2048,,,,,0.7970665749880019,0.8968540484554706,,
IDRiD_62_2048_2560,,,,,0.7895842450748587,0.8447420170388391,,
IDRiD_62_2048_512,,,,,0.0,0.0,,
IDRiD_62_512_1536,,,0.4435196194742259,0.5809968846447046,0.4038929439897941,0.2530487804492304,,
IDRiD_62_512_512,,,,,0.0658978583087483,0.034071550249732276,,
IDRiD_63_0_1024,,,,,0.6534382483675055,0.5116985175832881,,
IDRiD_63_0_1536,,,,,0.5638138138032317,0.403980634739,,
IDRiD_63_0_2560,0.5665826266200646,0.6979107848278988,0.7328699105892319,0.8838323352234931,,,,
IDRiD_63_0_3072,,,0.6546546544580616,0.5828877002230547,,,,
IDRiD_63_1024_1024,,,,,0.8057703747709267,0.9138134592525922,,
IDRiD_63_1024_1536,,,,,0.8377653370606615,0.7870055878077461,,
IDRiD_63_1024_3072,0.7694866920060659,0.8969529085624113,,,,,,
IDRiD_63_1024_3584,0.8661844484237711,0.981557376948611,,,,,,
IDRiD_63_1024_512,0.6129334582871024,0.5267821183945472,,,,,,
IDRiD_63_1536_1536,,,0.55037783371849,0.3796698522693597,0.23420387529619174,0.1364082433624722,,
IDRiD_63_1536_2048,,,,,0.42539682526177874,0.4011976045501811,,
IDRiD_63_1536_2560,,,,,0.0,0.0,,
IDRiD_63_1536_3072,,,,,0.5840447453463632,0.47350835319935525,,
IDRiD_63_1536_512,0.0,0.0,,,,,,
IDRiD_63_2048_1536,,,,,0.0,0.0,,
IDRiD_63_2048_2048,,,,,0.7235929066938398,0.6521890201302228,,
IDRiD_63_512_1024,,,,,0.8086958761538039,0.7233768029089748,,
IDRiD_63_512_1536,,,,,0.8089358307044958,0.794734615669757,,
IDRiD_64_0_1024,,,0.6692377495310972,0.6008146639266471,0.7762711863091066,0.9999999995633188,0.8512086042723648,0.7439808153441535
IDRiD_64_0_1536,0.6609460566570612,0.5463358996254182,0.4590163934125235,0.535987748769374,0.49766355139024154,0.9466666665825184,,
IDRiD_64_0_2048,0.25478547853944605,0.1462675255723279,,,0.8424929727606781,0.9634939402825635,,
IDRiD_64_0_2560,,,,,0.6979611189806563,0.5622612681006676,,
IDRiD_64_0_3072,,,,,0.6755373591939061,0.6346153844933432,,
IDRiD_64_0_512,,,0.78960709754185,0.9599383665701174,0.004166666666377315,0.0020876826720885398,,
IDRiD_64_1024_1536,,,0.8253968252096605,0.9945355185822211,0.37356321833713174,0.43333333318888884,,
IDRiD_64_1024_2048,,,0.8638059700686748,0.8122807016118806,0.1959654178561403,0.19101123593359426,,
IDRiD_64_1024_2560,,,0.0,0.0,0.76568957231732,0.8381022512009456,,
IDRiD_64_1024_3072,,,0.3282051280368179,0.19631901828446688,0.6983459489669421,0.6975637076253833,,
IDRiD_64_1536_0,,,0.8728246318023544,0.8009828008844002,,,,
IDRiD_64_1536_2048,0.0,0.0,0.0014114326039935475,0.0009970089729813552,0.2905317768754174,0.170731707291047,,
IDRiD_64_1536_2560,0.0,0.0,,,0.6670526925175245,0.5632333767743405,,
IDRiD_64_1536_3072,,,0.0,0.0,0.8383233532306644,0.7702888582159163,,
IDRiD_64_2048_1536,,,0.8100929613798018,0.902366863638353,0.8245114778822897,0.7683875530138478,,
IDRiD_64_2048_2560,0.3532242540848055,0.26164448668579743,0.24062772447771336,0.14743589742014573,0.45197740087458904,0.2941176468425606,0.8504778672005455,0.9009525078205491
IDRiD_64_2048_3072,0.30069930068428075,0.24293785308773705,0.6502384737161973,0.5587431693225761,0.8141962420862009,0.7528957527504063,,
IDRiD_64_512_1024,,,0.3910256409838648,0.6120401335745684,,,,
IDRiD_64_512_1536,,,,,0.7147624075999376,0.9153954343728724,,
IDRiD_64_512_2048,,,0.25105782789124714,0.1493288590353475,0.7144357379404054,0.7806514255381706,,
IDRiD_64_512_2560,,,0.6517727051650427,0.5342356687472742,0.8258133009719738,0.8584266119997095,,
IDRiD_64_512_3072,,,0.1269841269697297,0.0677966101612837,0.35105315944322435,0.2128953771030541,,
IDRiD_65_0_1024,,,0.5242369837478928,0.9999999993150686,0.0,0.0,,
IDRiD_65_0_1536,,,0.7353951889673345,0.9327521792113634,,,,
IDRiD_65_0_2048,0.8261919130710262,0.9533426183180123,0.0,0.0,0.619080683229842,0.8408147868411613,,
IDRiD_65_0_2560,0.8500810372599255,0.9863657733433773,0.6292263609954598,0.7065637064727718,0.7948557088834738,0.7528223410129041,,
IDRiD_65_0_3072,0.5032629558444671,0.42997704163889877,0.2995410930204614,0.44430693063808085,0.0,0.0,,
IDRiD_65_0_3584,0.33495934956626344,0.2011718749803543,0.0,0.0,,,,
IDRiD_65_0_512,,,0.762532981429745,0.9383116880070416,0.2764976957251163,0.16042780740084076,,
IDRiD_65_1024_1024,,,0.6840202457929124,0.895833333163668,0.5516445470176641,0.6256544502344829,,
IDRiD_65_1024_1536,0.34601283226133506,0.7418932197595187,0.3453280919157748,0.2169452887455568,0.5097774780505882,0.8008474574574476,,
IDRiD_65_1024_2048,0.7096173733122066,0.8618437578281376,0.4616988014350339,0.4461228599752142,0.8739795161029291,0.8722532220588007,,
IDRiD_65_1024_2560,0.6392647434228274,0.5964745116665414,0.592874109235493,0.4999999999599359,0.6453624317753172,0.7131782945122155,,
IDRiD_65_1024_3072,0.7895404924907454,0.7782782782393254,0.4582015363552553,0.5325630251541426,0.813036020563268,0.7599633531488794,,
IDRiD_65_1024_3584,0.7362354818624325,0.9255461435371033,0.4814814813700274,0.363636363509218,,,,
IDRiD_65_1536_1024,,,0.4710601718927759,0.8670886074120066,0.7134069267657082,0.8298372867902404,,
IDRiD_65_1536_1536,,,0.5395513577013251,0.4898177920160967,0.7535934291452158,0.873116574112882,,
IDRiD_65_1536_2048,0.8430594900372204,0.9612403099533282,0.8492462309424004,0.9548022593475693,0.7183575406714168,0.9508528476163385,,
IDRiD_65_1536_2560,,,0.4090909089359504,0.27551020394106623,0.0,0.0,,
IDRiD_65_1536_3072,0.19020581971680584,0.13426853706069455,0.0,0.0,0.6492753622874746,0.8761408082299686,,
IDRiD_65_1536_3584,0.3308373042830014,0.9768844220123735,0.43664717340416237,0.35555555544268075,,,,
IDRiD_65_1536_512,,,,,0.8223572296276462,0.7943661971458045,,
IDRiD_65_2048_1536,,,0.6062176165017853,0.9999999995726496,,,,
IDRiD_65_2048_2048,,,,,0.5284810125746074,0.9999999994011977,,
IDRiD_65_2048_2560,0.7867862371816728,0.978602321853435,,,,,,
IDRiD_65_2048_3072,,,0.8464912279773584,0.7958762884956956,0.8454545453584711,0.8899521528971406,,
IDRiD_65_512_1024,,,0.0,0.0,,,,
IDRiD_65_512_1536,,,,,0.6840039718157643,0.8942878338168362,,
IDRiD_65_512_2048,0.0,0.0,,,0.707348341107085,0.7909403669634065,,
IDRiD_65_512_2560,0.07615421227624207,0.14159292032892162,0.40439077935445905,0.40008688095568695,0.6854329714675244,0.8258555132954243,,
IDRiD_65_512_3072,,,0.7496409765079157,0.9936548222089271,0.41046170268453536,0.779128672666755,,
IDRiD_65_512_3584,0.905299406908259,0.9797101448869686,0.6666666663888889,0.650406503536255,,,,
IDRiD_66_0_1024,,,0.43999999956,0.28205128168967786,0.7011551983810287,0.608897935428645,,
IDRiD_66_0_1536,,,0.6085106382655048,0.9999999998251748,0.773828038205134,0.6833431430119022,,
IDRiD_66_0_2048,,,0.7671840354200159,0.9942528733727486,0.6386975579077709,0.6028368794088718,,
IDRiD_66_0_2560,,,,,0.8846153845208744,0.836363636194674,,
IDRiD_66_0_512,,,0.7961165047439506,0.9930795844314603,,,,
IDRiD_66_1024_0,,,,,0.629811056668304,0.5470016207233792,,
IDRiD_66_1024_1024,,,0.28980321998393505,0.26213592224526344,0.7178240180656836,0.563395705676455,,
IDRiD_66_1024_1536,0.44357161559456476,0.9713302751179668,0.5789215686132617,0.6131879542776122,0.794325749166214,0.8524529144612057,,
IDRiD_66_1024_2048,,,0.5543147207559072,0.8399999997415384,0.8344556262636066,0.7488351502398884,,
IDRiD_66_1024_2560,,,,,0.6652922095753881,0.5319120879097499,,
IDRiD_66_1024_512,0.6249999999803706,0.4545454545246896,0.39514731362302474,0.34862385310439636,0.8139656070799551,0.7607142857019364,,
IDRiD_66_1536_1024,0.3819081660656873,0.6057566506495528,0.4216802167907404,0.32108955838542763,0.8251816048665712,0.7292538462484581,,
IDRiD_66_1536_1536,,,0.0,0.0,0.9030716049379148,0.8674549746120815,,
IDRiD_66_1536_2048,,,,,0.8701475617531459,0.7957729300237041,,
IDRiD_66_1536_2560,,,0.6459510357207202,0.9320652171380257,0.8027718549892652,0.8503670242320515,,
IDRiD_66_1536_512,,,,,0.6496095455191114,0.49568821939932756,,
IDRiD_66_2048_1024,,,,,0.838916733527661,0.7648824792400295,,
IDRiD_66_2048_1536,,,,,0.854241260331833,0.8183859298938606,,
IDRiD_66_2048_512,,,,,0.6566397651996831,0.5770470663715637,,
IDRiD_66_512_0,,,,,0.0,0.0,,
IDRiD_66_512_1024,0.7171980524557336,0.6072663439512354,0.0,0.0,0.7988886987499886,0.7971634625026675,,
IDRiD_66_512_1536,,,0.4486842104967971,0.3784683684374619,0.8204553979211325,0.714144420971083,,
IDRiD_66_512_2048,,,0.7255520504159659,0.7244094487048175,0.7423691674423862,0.6114287641879413,,
IDRiD_66_512_2560,,,,,0.7942603489130353,0.7228485531619157,,
IDRiD_66_512_512,,,,,0.8341545235305894,0.8482038162152413,,
IDRiD_67_0_1024,0.8350317854717254,0.8065429066553547,0.0,0.0,0.0,0.0,,
IDRiD_67_0_1536,0.46104166666186414,0.343953994399379,0.21498771497450933,0.34179687493324284,0.025342118599830606,0.016622340424426705,0.8118196932124225,0.924153692323067
IDRiD_67_0_2048,0.6815251999678783,0.8166455743288296,0.0,0.0,,,,
IDRiD_67_0_512,,,0.0,0.0,,,,
IDRiD_67_1024_1024,0.6522011103266393,0.7914413132100632,0.38832891244624246,0.4993178716917711,,,,
IDRiD_67_1024_1536,0.2226345083469982,0.13324321714653622,,,0.6382646081563755,0.5526226734161549,,
IDRiD_67_1024_2048,0.2446982055331866,0.1394052044523293,0.6485539000308015,0.49531459163382674,,,,
IDRiD_67_1024_2560,,,0.6569484936193442,0.9602272724544808,0.7215104517382663,0.6729559747581187,,
IDRiD_67_1024_512,0.878516504123972,0.8288507475854691,0.5089666951106334,0.5837414299134436,,,,
IDRiD_67_1536_1024,0.49096719493581836,0.4770595690687318,,,0.6032033846992565,0.7314034444583583,,
IDRiD_67_1536_1536,0.0,0.0,0.6966009231768108,0.8027079302898734,0.7622616033729543,0.8592192374944128,,
IDRiD_67_1536_2048,0.0,0.0,0.8032424465141309,0.9429065742313311,0.8302107728094201,0.9652825050398037,,
IDRiD_67_1536_2560,0.40551166635897296,0.915091210598423,,,0.0,0.0,,
IDRiD_67_1536_512,0.0,0.0,0.3370110330823966,0.21789883267069396,,,,
IDRiD_67_2048_1024,0.7750583628265807,0.7618060695743311,0.45791949815844435,0.33705271256879366,0.6752873562248151,0.7507987218048566,,
IDRiD_67_2048_1536,0.737332511933092,0.6506081402415532,,,0.6499661475524735,0.5687203790795355,,
IDRiD_67_2048_2048,0.061021331608778005,0.17327459616936308,0.46827133475796706,0.9304347823390043,,,,
IDRiD_67_2048_2560,0.20840064618672044,0.12391930834544482,,,,,,
IDRiD_67_2048_512,0.2383737517823168,0.5736354273845926,,,,,,
IDRiD_67_512_1024,0.8660013411665575,0.8540418579253556,0.8753180660835184,0.9398907102113132,0.8151162790223769,0.9709141272893471,,
IDRiD_67_512_1536,0.4492480293996361,0.6173577884022148,0.48987854249028834,0.8581560282470702,0.842105263010157,0.9523809520030234,,
IDRiD_67_512_2048,0.5634034672536478,0.44800785404198634,0.5919191918594021,0.5405904058043192,,,,
IDRiD_67_512_2560,,,0.6414602345969413,0.999999999593496,,,,
IDRiD_67_512_512,0.35358140902813956,0.4541847723322467,0.8112798262882256,0.9444444439674523,0.8229273284725765,0.830578512225087,,
IDRiD_68_0_1536,,,0.7647058823096885,0.6706349205683895,,,,
IDRiD_68_0_2560,0.7201574954349363,0.8648368123530753,,,,,,
IDRiD_68_1024_0,0.8484959403693194,0.8515278009670203,,,,,,
IDRiD_68_1024_1536,0.0,0.0,0.35043409626279126,0.36877076405834375,,,,
IDRiD_68_1024_2048,0.00016078032048855674,0.018691588779223802,0.20105820102274108,0.4253731340109156,0.0,0.0,,
IDRiD_68_1024_2560,0.0,0.0,,,0.7687283903040967,0.9546755724735365,,
IDRiD_68_1024_3072,0.634146341460734,0.6413303693515617,0.0,0.0,,,,
IDRiD_68_1024_512,0.0,0.0,,,,,,
IDRiD_68_1536_0,0.589855335631651,0.6660970608293499,,,,,,
IDRiD_68_1536_1536,0.32739433453145406,0.36036872061148,,,,,,
IDRiD_68_1536_2048,0.5199462124588378,0.3642262808081834,,,,,,
IDRiD_68_1536_2560,0.30308432327718476,0.22181482814418343,,,0.1859756097490101,0.10252100839905375,,
IDRiD_68_1536_3072,0.19910875130331068,0.99431818179935,,,,,,
IDRiD_68_1536_512,0.6791027154643474,0.5746827854901854,,,,,,
IDRiD_68_2048_0,0.0,0.0,,,,,,
IDRiD_68_2048_1536,,,0.6044568244283487,0.9194915250341138,0.6853932583627909,0.6790352503378414,,
IDRiD_68_2048_2048,0.6716384180780841,0.8478186451605195,0.49578414831437034,0.32959641248215327,0.35714285586734695,0.2941176453287197,,
IDRiD_68_2048_2560,,,,,0.0,0.0,0.5396303901421542,0.4886834555281655
IDRiD_68_2048_512,0.6288724881886346,0.9787882895060356,,,,,,
IDRiD_68_512_1536,,,0.44831503216780333,0.4856439704277568,,,,
IDRiD_68_512_2048,0.5792603678445934,0.502425360384625,0.12112932604184294,0.06919875129712805,0.7130593223283469,0.8185840707898746,0.47633213754067427,0.316658911117768
IDRiD_68_512_2560,0.7177286233046374,0.7457610506640618,0.6696340256839943,0.8990703850067636,0.3284671532547019,0.24193548383844954,,
IDRiD_68_512_3072,0.0631268906223867,0.48412698411220617,0.0,0.0,,,,
IDRiD_69_0_1024,0.7428842729952692,0.6422443869776208,,,,,,
IDRiD_69_0_1536,0.8515479136808202,0.8246156951111295,,,,,,
IDRiD_69_0_2048,0.0,0.0,0.5290322579507457,0.4155405404001552,0.8470125157574125,0.9279072901163731,,
IDRiD_69_0_2560,0.019683865194760397,0.03618421052234822,0.6739513570435689,0.9390962670983206,0.2717391304052458,0.37091988119557273,,
IDRiD_69_0_3072,0.2243568870065762,0.8084482252622925,,,,,,
IDRiD_69_0_512,0.5749636098841591,0.5895522387766392,0.0,0.0,,,,
IDRiD_69_1024_1024,,,0.35658914725610774,0.5782122903412814,0.0,0.0,,
IDRiD_69_1024_1536,0.7174571696098856,0.7102966841109261,0.33592095975046427,0.22884615382414938,0.44176426032487465,0.5835899014688487,,
IDRiD_69_1024_2048,0.5169531996117842,0.47384548040109775,0.0,0.0,0.48249422993982516,0.700636219033167,,
IDRiD_69_1024_2560,0.5110365853642956,0.5301745951383465,0.41596779602764283,0.46268656712965023,0.490878938626565,0.5747572815161969,,
IDRiD_69_1024_3072,0.6038665655685393,0.48360655736236774,,,0.08314087758855186,0.1782178216939516,,
IDRiD_69_1536_0,0.13149209657693683,0.6669603523641444,0.0,0.0,,,,
IDRiD_69_1536_1536,,,0.547575199475287,0.8305400370892849,0.31378142270790194,0.48061168757615447,,
IDRiD_69_1536_2048,0.6033374792671883,0.44035100990664683,0.0,0.0,0.5013229034797961,0.7975841873792978,,
IDRiD_69_1536_2560,0.4761605035330266,0.44369501464974503,,,,,,
IDRiD_69_1536_3072,,,0.0,0.0,,,,
IDRiD_69_2048_1024,0.6336175395839415,0.5246331501158558,,,,,,
IDRiD_69_2048_1536,0.6231936416177466,0.5591451292234438,,,0.0,0.0,,
IDRiD_69_2048_2048,0.739419500334653,0.6304250112339288,0.4658385092878361,0.3609239653165617,0.16401780037100966,0.1406761177600135,,
IDRiD_69_2048_2560,,,0.0,0.0,,,,
IDRiD_69_2048_3072,,,0.0,0.0,,,,
IDRiD_69_512_1024,0.30098684210031273,0.7093023255264106,0.4765291607057945,0.41154791149735287,0.0,0.0,,
IDRiD_69_512_1536,0.6165766611808338,0.6291327263864607,0.46354566381707246,0.9151515148741964,0.3956010846580958,0.6998933901545898,,
IDRiD_69_512_2048,0.7788777116610751,0.8166405550536222,0.32189973610529027,0.5147679322722498,0.34197802196299,0.6505016721320231,,
IDRiD_69_512_2560,0.5936956590451999,0.6364129329584735,0.29195258887760744,0.2644067796311405,0.0,0.0,,
IDRiD_69_512_3072,0.29024455791323905,0.679245283004628,,,0.0,0.0,,
IDRiD_69_512_512,,,0.0,0.0,,,,
IDRiD_70_0_1536,0.7959566485952901,0.7398295234261947,,,0.021679389312646118,0.010958481246936897,,
IDRiD_70_1024_1024,0.0,0.0,0.8301886790215124,0.8603351950500921,0.7860906216242265,0.6509598602703386,0.0,0.0
IDRiD_70_1024_1536,0.8352323172528529,0.8150902527061099,0.7945054944618404,0.8981366458511632,0.07971014489865574,0.04150943394660021,,
IDRiD_70_1024_2048,0.7123152709271883,0.5899632802817225,0.5824372759334733,0.7080610020243876,0.25598219252888244,0.14819587627911107,,
IDRiD_70_1024_512,0.22067930192867932,0.35593220336828496,0.43154574129769424,0.7080745340148914,,,0.7565597667613418,0.6097404677955263
IDRiD_70_1536_0,,,0.32037325033897773,0.3029411763814879,,,,
IDRiD_70_1536_1024,0.05517241377407847,0.09523809512471657,,,0.0,0.0,,
IDRiD_70_1536_1536,0.8128354459258771,0.7595504019295756,0.23040935671167195,0.24748743715483829,,,,
IDRiD_70_1536_2048,0.8322269160883456,0.9323867477395276,0.0,0.0,0.0,0.0,,
IDRiD_70_1536_512,,,0.0,0.0,,,,
IDRiD_70_2048_512,,,0.7488240827141275,0.9567307690007858,,,,
IDRiD_70_512_0,0.7985173417845244,0.7288545190561212,,,,,,
IDRiD_70_512_1024,,,0.0,0.0,,,,
IDRiD_70_512_1536,0.8327948642603415,0.8415161536433349,0.5052585451247752,0.4180565627114555,0.3839892751088385,0.2462539916452192,,
IDRiD_70_512_2048,,,,,0.01360852801057817,0.006860278984521832,,
IDRiD_70_512_512,0.6413653716523539,0.5714285714171383,0.3615464994397548,0.44702842365709855,,,0.0,0.0
IDRiD_71_0_1024,0.0,0.0,0.0,0.0,0.45696400618826855,0.31063829780624713,,
IDRiD_71_0_1536,,,0.4535031846556047,0.3224637680575247,,,,
IDRiD_71_0_2048,,,0.5152542372008044,0.5049833885365503,0.7799999992200001,0.6724137919441141,,
IDRiD_71_0_2560,0.7402816142264358,0.6555694767576185,,,,,,
IDRiD_71_0_512,,,0.6899302093030977,0.6302367940564232,0.6541666666394098,0.5279085406504432,,
IDRiD_71_1024_0,0.5807365438270912,0.6174698793320873,0.7011952190536659,0.571428571335807,0.4871287128230566,0.3898573691933665,,
IDRiD_71_1024_1024,0.0,0.0,0.0,0.0,0.8434897092793225,0.8810586287197074,0.0,0.0
IDRiD_71_1024_1536,,,0.8280373831001834,0.944562899585381,0.7681019886432452,0.9335808247846534,,
IDRiD_71_1024_2048,,,0.4914841847952593,0.39763779511904024,0.0,0.0,,
IDRiD_71_1024_512,,,0.3674197383848145,0.38007380069125785,0.7930818920584851,0.8263135041199285,0.007958858822040168,0.003995328538914529
IDRiD_71_1536_0,0.0,0.0,,,0.0,0.0,,
IDRiD_71_1536_1024,0.5060489650793759,0.36434940554520845,0.47209384996544285,0.5655877341937319,0.8710801961320221,0.8543377536334009,,
IDRiD_71_1536_1536,,,0.1311852704207447,0.07282793866810784,0.8152819186807333,0.8923414577746774,,
IDRiD_71_1536_2048,,,0.2796934865793221,0.1958154506332717,0.8206136900024874,0.8937446443745538,,
IDRiD_71_1536_2560,,,,,0.8235294116372246,0.815950919995107,,
IDRiD_71_1536_3072,,,0.6442307691275272,0.7444444441687242,,,,
IDRiD_71_1536_512,0.32343651293987885,0.2134222592658015,0.4599728629267318,0.9338842972633927,0.8857353440096333,0.9011164274300718,,
IDRiD_71_2048_0,,,,,0.0,0.0,,
IDRiD_71_2048_1024,0.0,0.0,0.7196085810794276,0.799331103612096,0.7849049651463601,0.7522660388419525,,
IDRiD_71_2048_1536,,,,,0.763577118026957,0.7697080291900573,,
IDRiD_71_2048_2048,,,0.8293216629894485,0.8945712037061706,0.7761026733129176,0.7496751840542477,,
IDRiD_71_2048_3072,0.2587397650400187,0.9983516483242212,,,,,,
IDRiD_71_2048_512,0.16545259472491133,0.6986170719743149,0.0,0.0,0.6693949137581205,0.8579992506235294,,
IDRiD_71_512_0,,,,,0.0,0.0,,
IDRiD_71_512_1024,0.3524648243713689,0.24782918149113412,0.7482219060811655,0.7387640448746475,0.7721934369569421,0.8219505469177134,,
IDRiD_71_512_1536,0.0,0.0,0.3063646170332124,0.19514429683027285,0.752787081933946,0.8740422567811232,,
IDRiD_71_512_2048,0.0,0.0,0.5384367963802369,0.44426751589998575,0.6230007615908987,0.7518382352250148,,
IDRiD_71_512_512,0.33096821877065064,0.6458032881267435,0.010570824523940422,0.005723006485855666,0.7922276621726421,0.8537510304888087,0.0,0.0
IDRiD_72_0_1024,,,0.6432545201445322,0.49544724153746933,,,,
IDRiD_72_0_1536,,,0.5154511742573886,0.3726541554626761,0.0,0.0,,
IDRiD_72_0_2048,0.0,0.0,0.0,0.0,0.7596521738866209,0.7393364928409386,,
IDRiD_72_0_2560,,,0.7193877549185235,0.6911764702494233,0.0,0.0,0.21738650171093898,0.12239567137183657
IDRiD_72_0_3072,,,0.0,0.0,0.0,0.0,,
IDRiD_72_0_512,,,0.43986254287974874,0.4076433119720881,,,,
IDRiD_72_1024_0,,,,,0.0,0.0,,
IDRiD_72_1024_2048,0.020876826717979784,0.010548523204525628,,,0.74474099941488,0.8237836843481671,,
IDRiD_72_1024_2560,0.7254437869736633,0.734835770780752,,,0.9262122276852711,0.959999999994173,,
IDRiD_72_1024_3072,0.0,0.0,0.33093525175094457,0.23517382408278653,0.7899707668002026,0.7441220080333802,,
IDRiD_72_1024_512,,,,,0.16551724136789536,0.09022556390299055,,
IDRiD_72_1536_1024,,,0.0,0.0,0.8384115884011187,0.83673978063717,,
IDRiD_72_1536_1536,,,0.6969147004179829,0.5348189413552036,0.8568450312419442,0.9194630871797567,,
IDRiD_72_1536_2048,,,0.481089258626159,0.3167330676659894,0.9055570915097994,0.8764784586519856,,
IDRiD_72_1536_2560,,,,,0.8687358916466299,0.8257476196839861,,
IDRiD_72_1536_3072,0.13979238753357837,0.07514880951821809,0.9355191255808176,0.9749430521697168,0.8798997781219267,0.8380437595214685,,
IDRiD_72_2048_1024,,,,,0.11230769230337279,0.05988515176128445,,
IDRiD_72_2048_1536,0.1895439377043483,0.6033994333422947,,,0.7811695475990743,0.8303362000914514,,
IDRiD_72_2048_2048,0.0,0.0,0.0,0.0,,,,
IDRiD_72_2048_2560,,,0.0,0.0,0.0,0.0,,
IDRiD_72_2048_3072,,,0.3672131147239989,0.2469680264336309,0.10825439782026328,0.05722460657264312,,
IDRiD_72_512_0,,,,,0.7923773987101229,0.7202034883546462,,
IDRiD_72_512_1536,,,,,0.42857142855992025,0.3518518518363381,,
IDRiD_72_512_2048,0.0231284236139301,0.018609206658314476,0.41855598184797504,0.7633587785288348,0.7466209679627778,0.8281824871178061,,
IDRiD_72_512_2560,,,0.7664733789791,0.7919389977350829,0.0,0.0,,
IDRiD_72_512_3072,,,,,0.7293116782393925,0.9208984374100685,,
IDRiD_72_512_512,,,0.7692307684911243,0.7547169797080812,0.7598529711991029,0.7294648108071071,,
IDRiD_73_0_1024,,,0.5642105261970083,0.7204301071395537,,,,
IDRiD_73_0_1536,,,0.42666666658539687,0.271844660128193,0.745501285155398,0.9539473677934557,,
IDRiD_73_1024_1024,,,0.306818181798812,0.23410404622022118,,,,
IDRiD_73_1024_1536,,,0.6592899953591844,0.5199999999621818,0.8090718996170329,0.9370342771632998,,
IDRiD_73_1024_2048,,,0.5906249999077149,0.5624999998325892,0.9113725489481276,0.8408104195599406,,
IDRiD_73_1024_2560,,,0.44339622636280707,0.9999999994680852,,,,
IDRiD_73_1536_1024,0.8441633864564485,0.7627098880508079,0.7062818335563428,0.8851063827904029,0.7727639000494455,0.7978369383695643,0.9219668917422077,0.9180674547179369
IDRiD_73_1536_1536,0.5929241261595711,0.7104187946521747,0.7099433281447737,0.7521834060314211,0.7350362180428884,0.9460255151181526,,
IDRiD_73_1536_2048,,,0.0,0.0,0.6321138211167984,0.5087241002994153,,
IDRiD_73_1536_2560,,,0.0,0.0,,,,
IDRiD_73_1536_3072,0.0,0.0,,,,,,
IDRiD_73_1536_512,0.0,0.0,,,,,,
IDRiD_73_2048_1024,,,,,,,0.6161828288991207,0.9386526156967011
IDRiD_73_2048_1536,,,0.0,0.0,,,,
IDRiD_73_2048_2048,0.0,0.0,0.0,0.0,,,,
IDRiD_73_2048_2560,0.7527588635741633,0.7096060203472863,0.0,0.0,,,0.667561983464178,0.5774798927510728
IDRiD_73_2048_3072,0.6404413528385677,0.7559456398533982,0.5721925132924877,0.8842975202957448,,,,
IDRiD_73_512_1024,,,0.7138350608221308,0.8028383172426337,,,,
IDRiD_73_512_1536,0.3516839378124455,0.7626404493310899,0.2566564818744367,0.2205551387681504,0.7045773658985597,0.8335548172480547,,
IDRiD_73_512_2048,0.0,0.0,0.6171574903574163,0.930501930322297,0.8701594531047472,0.8340611350069602,,
IDRiD_73_512_2560,0.7729870129468578,0.6819431713398768,,,,,,
IDRiD_74_0_2048,0.24454976300999526,0.30424528294711195,0.40189873416131733,0.36945454542767603,0.33716012082554925,0.2281275551734973,,
IDRiD_74_0_2560,,,0.6727828745883451,0.7777777776992144,0.705394190725022,0.809523809138322,,
IDRiD_74_0_3072,,,0.1682539682272613,0.13184079598710427,,,,
IDRiD_74_0_512,,,0.35087719267466916,0.45454545351239667,,,,
IDRiD_74_1024_1024,,,0.6407914763591482,0.94819819798464,,,,
IDRiD_74_1024_1536,,,0.7347826085359168,0.9999999994082841,,,0.4104496787973409,0.2593634985899614
IDRiD_74_1024_2048,0.30261780103127656,0.6046025103337651,0.5285118219382119,0.4738154612875542,0.6271870793233935,0.5547619046298186,0.5760485093336016,0.4574638844118193
IDRiD_74_1024_2560,0.8128827646499732,0.7914182282709601,0.5991751031008778,0.52966523034373,0.7894840877565775,0.8291467718324861,,
IDRiD_74_1024_3072,0.5815803601904359,0.8176204199146752,0.19910313899559612,0.18974358971115496,0.7609223300855443,0.88528062121831,,
IDRiD_74_1536_0,,,0.6796460175788237,0.5147453081729905,,,,
IDRiD_74_1536_1024,,,0.38430311226193464,0.9999999992957747,,,,
IDRiD_74_1536_2048,,,0.0,0.0,0.8059744570257162,0.9024074971578219,,
IDRiD_74_1536_2560,0.33846827772257815,0.21065067248081923,0.43708609269111004,0.4036697247294934,0.0,0.0,,
IDRiD_74_1536_3072,0.5997543820442126,0.5358069020493137,0.27562326867897347,0.9004524882803383,0.44115082820914114,0.5394456288828474,,
IDRiD_74_2048_1536,0.2397543153633405,0.9999999999116607,0.5714285713277905,0.9999999993827161,,,,
IDRiD_74_2048_2048,0.735764555338928,0.7889063112427586,0.5352523988207082,0.6031969910388718,,,,
IDRiD_74_2048_2560,0.8256832305568402,0.8286058271089399,0.3357664233226521,0.7853658532754313,0.7700312174016617,0.7101727445853796,,
IDRiD_74_2048_3072,0.8417494189553825,0.7283363802293114,0.6643835615679927,0.7907608693503366,,,,
IDRiD_74_2048_512,,,0.8841201714840944,0.8512396690697357,,,,
IDRiD_74_512_1024,,,0.4819624818929347,0.8835978831303715,,,,
IDRiD_74_512_1536,,,0.38720682301120657,0.27234553087748375,,,,
IDRiD_74_512_2048,0.12769628989407278,0.06820276497067256,0.3893637226600794,0.3208137714677913,0.5916287139320835,0.5643359536382153,,
IDRiD_74_512_2560,0.6464689116367943,0.5311361665129031,0.2853801169479384,0.40308370039613617,0.6263165702371583,0.6463563992552609,,
IDRiD_74_512_3072,,,0.4508966694747312,0.392857142798682,,,,
IDRiD_74_512_512,,,0.6617915903726158,0.5819935689446966,,,,
IDRiD_75_0_1024,0.6844267104759745,0.8223350253691154,0.7039456493152876,0.6879468845409629,,,,
IDRiD_75_0_1536,0.7166921898899883,0.606539944167177,0.4780701754211232,0.3328244274639784,0.46921182264565237,0.42006615212678794,,
IDRiD_75_0_2048,0.6708677086328474,0.5049301048395848,,,0.0,0.0,,
IDRiD_75_0_2560,0.08424242424114785,0.04397342613027565,0.664723031876174,0.5588235291378316,,,,
IDRiD_75_0_512,0.3227571115929601,0.9899328858229921,0.4908474575938408,0.40674157298800656,,,,
IDRiD_75_1024_0,,,0.0,0.0,0.0,0.0,,
IDRiD_75_1024_1024,0.7371075932345741,0.9172008546886058,0.3388252148875779,0.2719953996393332,0.810789980700933,0.7903831704890771,,
IDRiD_75_1024_1536,0.0,0.0,0.014492753621088008,0.01061571125040006,0.7937219729162058,0.8045454541797521,,
IDRiD_75_1024_2048,,,0.7913950455807435,0.930981594949236,0.7238219894814252,0.6591179975376499,,
IDRiD_75_1024_512,0.0,0.0,0.6226912928431297,0.5608365018478292,,,,
IDRiD_75_1536_0,,,0.7435897434944116,0.7571801564602663,,,,
IDRiD_75_1536_1024,0.7632905921227015,0.8780245276473974,0.5848091302406608,0.4726463104025034,0.567986230617281,0.5635245901254423,,
IDRiD_75_1536_1536,,,0.713178294020792,0.8070175424438288,0.5422222219812346,0.3719512192853956,,
IDRiD_75_1536_2048,,,0.511346444703276,0.628252787870538,0.3763440859203376,0.2364864864065924,,
IDRiD_75_1536_2560,0.369144981405778,0.5123839009023538,0.24167694201705586,0.731343283036311,,,,
IDRiD_75_1536_3072,0.5716770186264388,0.49124679759839357,,,,,,
IDRiD_75_1536_512,,,0.6701620590719656,0.7239958804609685,,,,
IDRiD_75_2048_1024,0.8703271967129967,0.9123546266490418,0.7086614172985738,0.6729518855219147,0.0,0.0,0.8141861170016274,0.7318801089861278
IDRiD_75_2048_1536,0.43248480577439896,0.7815982171034194,0.4459396751636673,0.41565743942838856,,,,
IDRiD_75_2048_2048,0.5630699087931965,0.9673629241556968,0.500425531893599,0.4227174694160519,,,,
IDRiD_75_2048_2560,0.26949541283631034,0.15777106411017888,0.8076256497733751,0.7327044022853131,,,,
IDRiD_75_2048_3072,0.8523823164317145,0.9030854830528501,0.3848059454678112,0.25326086953768906,,,,
IDRiD_75_2048_512,0.5766907911126693,0.9269897304087453,0.38790269556950013,0.24873524449842027,0.0,0.0,0.0,0.0
IDRiD_75_512_0,,,0.0,0.0,,,,
IDRiD_75_512_1024,0.5170122579876445,0.8688871774957858,0.285306704693994,0.20804438278723686,0.805266719985201,0.8496494416924221,,
IDRiD_75_512_1536,,,0.5410266017032213,0.5017373175467869,0.6640726329011626,0.5412262155876082,,
IDRiD_75_512_2048,0.6955640621403336,0.8040083289743881,0.3464203232989668,0.4955947135472258,0.8320312499852267,0.8949579831590926,,
IDRiD_75_512_2560,0.8082755377892391,0.8209822494561729,,,,,,
IDRiD_75_512_512,,,0.39921722105690466,0.2608695651506727,,,,
IDRiD_76_0_1024,0.21280907984976066,0.11907462009255898,0.0,0.0,,,,
IDRiD_76_0_1536,0.48473298606494414,0.42090166948282043,0.3796761585494318,0.9970674483879567,,,,
IDRiD_76_0_2560,0.02693602693501923,0.015260703687356478,0.4510166357761522,0.30272952846086115,,,,
IDRiD_76_0_512,0.29005699809087854,0.262765347087621,,,,,,
IDRiD_76_1024_0,,,0.6940244779917909,0.7067448679315623,,,,
IDRiD_76_1024_1024,0.6849288548960901,0.6594594594471676,0.2645933014290767,0.1879034998237206,0.7911796716017812,0.7986243790561778,,
IDRiD_76_1024_1536,,,0.7908163264297429,0.8882521487426212,0.8663700301358808,0.7723608445198674,,
IDRiD_76_1024_2048,0.6884371875811918,0.8140267926860498,0.6617826617624609,0.8390092878607578,0.7374005304924731,0.7863560731851462,,
IDRiD_76_1024_3072,,,0.0,0.0,,,,
IDRiD_76_1024_3584,,,0.6117021274968877,0.9999999991304348,,,,
IDRiD_76_1024_512,0.3770533232214889,0.4393404004625179,0.25709515859050935,0.31428571426433427,0.7411830047106195,0.8643134714746012,,
IDRiD_76_1536_0,,,0.6863289382135209,0.7696498053875759,,,,
IDRiD_76_1536_1024,,,0.42342342339163486,0.30786026197512445,0.9015368120045499,0.9043649726547963,,
IDRiD_76_1536_1536,,,0.0,0.0,,,,
IDRiD_76_1536_2048,0.7683839718016648,0.6525804038648998,0.6208791207085497,0.9999999991150443,,,,
IDRiD_76_1536_2560,0.9133641459247382,0.8852459016224696,0.5429362879382448,0.9999999989795919,,,,
IDRiD_76_1536_3072,,,,,0.0,0.0,,
IDRiD_76_1536_512,0.4638542018193462,0.32786259541671886,0.7336035372009285,0.7957633892567642,0.5161586064575273,0.3943957968407286,,
IDRiD_76_2048_1024,,,0.8075772681551556,0.938586326658333,,,,
IDRiD_76_2048_1536,,,0.47099567095489214,0.32075471694330726,,,,
IDRiD_76_2048_2560,,,0.0,0.0,0.0,0.0,,
IDRiD_76_2048_3072,,,0.5295055820527105,0.47428571415020404,,,,
IDRiD_76_2048_512,0.34181818181535684,0.24021372981484243,0.7471009128855884,0.7728432873520753,,,,
IDRiD_76_512_0,0.5429261004419845,0.9804898297641973,0.7793923380740565,0.9365079362106323,,,,
IDRiD_76_512_1024,0.5461133388059998,0.8018158603943565,0.579717211102396,0.49051155113487993,0.6526422079997872,0.713654766260079,,
IDRiD_76_512_1536,0.6781195589010084,0.7522534122906965,0.5602094240544393,0.714285714190349,,,,
IDRiD_76_512_2048,,,0.0,0.0,,,,
IDRiD_76_512_3072,,,0.816689466428407,0.9675850889841839,,,,
IDRiD_76_512_512,0.48797003313292053,0.7031347311458764,0.32644409113267386,0.19718309857892552,0.7551978537387526,0.7321196357955632,,
IDRiD_77_0_1024,,,0.6325203251518275,0.5193591454580295,0.3856041130114128,0.23885350310864537,,
IDRiD_77_0_1536,0.0,0.0,0.8470588232802767,0.8470588230311419,0.7641509433721966,0.6723851687508364,,
IDRiD_77_0_2048,0.7365697132725745,0.6406193734130246,,,0.4362292050949669,0.27962085301430784,,
IDRiD_77_0_2560,0.7781155015170383,0.8422963467147545,0.0,0.0,0.2842347525810059,0.16819884235041885,,
IDRiD_77_0_3072,,,0.7859824779992513,0.9905362772900516,0.0,0.0,,
IDRiD_77_0_512,,,0.8143322472917484,0.8928571422193878,,,,
IDRiD_77_1024_0,,,0.0,0.0,,,,
IDRiD_77_1024_1024,,,0.47638603686316505,0.3381924197264745,0.7466666665007407,0.7148936167170665,,
IDRiD_77_1024_1536,0.0,0.0,0.5716822014837247,0.6598360655061644,0.8620615911012027,0.8032280561880879,,
IDRiD_77_1024_2048,0.4961505559883532,0.41547277931010423,,,0.7499320467416427,0.6547223540423655,,
IDRiD_77_1024_2560,,,,,0.0,0.0,,
IDRiD_77_1024_3072,0.521956521733457,0.9669754329050756,0.7499999998579546,0.9999999994949496,0.7874465048805355,0.6781326779660607,,
IDRiD_77_1024_3584,,,,,0.19985196149519968,0.11101973683297535,,
IDRiD_77_1024_512,,,0.11764705876061655,0.07692307686928457,,,,
IDRiD_77_1536_1024,0.4336043360326779,0.4214559386771334,0.29163879596711445,0.2457722660376807,0.0,0.0,,
IDRiD_77_1536_1536,,,,,0.6295986621810369,0.5074123988876407,,
IDRiD_77_1536_2048,,,0.6574870911654486,0.7140186914553237,0.0,0.0,,
IDRiD_77_1536_512,0.8153710247298374,0.9296402877564081,0.4497016197687617,0.3349206349100025,0.6124686716696042,0.47636452240554666,,
IDRiD_77_2048_0,,,0.8690476187889739,0.9798657711544525,,,,
IDRiD_77_2048_1024,0.3608923884396033,0.4050073637404265,0.5627644569419771,0.7241379309030603,0.7047450372614217,0.5805471124549477,,
IDRiD_77_2048_1536,,,0.34477379092474464,0.9866071424166932,0.6878871300638698,0.5605720695299896,,
IDRiD_77_2048_2048,,,0.7892030847314649,0.7344497605898446,0.7148227711945536,0.6144967682080104,,
IDRiD_77_2048_512,,,0.1636701797790657,0.08991825612466496,0.21102082274998704,0.11842667806586253,,
IDRiD_77_512_1024,,,0.0,0.0,0.3010752687632482,0.17758985197091123,,
IDRiD_77_512_1536,0.44272634790553966,0.42417153994447676,0.4605009633467725,0.39052287575318256,0.7496530579288376,0.6877887006947306,,
IDRiD_77_512_2048,,,,,0.7503207107865714,0.689667219838504,,
IDRiD_77_512_2560,0.6940966010423034,0.594180704395545,,,0.6023765996274865,0.45518908650569523,,
IDRiD_77_512_3072,,,0.5255731921935121,0.4966666665838889,0.06794682421950171,0.03516819571596573,,
IDRiD_77_512_512,0.0,0.0,0.3185078909155656,0.5022624432116459,,,,
IDRiD_78_0_1024,,,0.329113923634033,0.19696969667125805,,,,
IDRiD_78_0_1536,,,0.6725025746306641,0.7886473428999219,,,,
IDRiD_78_0_2048,0.0,0.0,0.37794612793022114,0.27097163546946457,0.3554376656882128,0.2175324674618401,,
IDRiD_78_0_2560,0.6983160884419088,0.5364713216790377,0.0,0.0,0.6673055859757167,0.5564562164567135,,
IDRiD_78_0_3072,,,0.0,0.0,0.42245480490747334,0.46540880493387654,,
IDRiD_78_0_512,0.8007547169509149,0.7282086478566775,,,,,,
IDRiD_78_1024_0,,,0.0,0.0,,,,
IDRiD_78_1024_1024,,,,,0.5468926553054358,0.4268077600658188,,
IDRiD_78_1024_1536,,,,,0.0,0.0,,
IDRiD_78_1024_2048,0.4341279799237273,0.2805874200103784,0.5928934009550362,0.7870619943970183,0.7450598139056707,0.7515194851492399,,
IDRiD_78_1024_2560,0.5244562805102134,0.3650519031096756,0.25363825362507075,0.31647211409643683,0.7324731018082763,0.8168929882926219,,
IDRiD_78_1024_3072,,,0.009174311922397104,0.005076142129402974,,,,
IDRiD_78_1024_512,,,0.8937125747834047,0.9227202471525935,,,,
IDRiD_78_1536_1536,,,0.43227665701899354,0.9698275857888674,,,,
IDRiD_78_1536_2048,0.012562269871939306,0.006646802658568719,0.5923244025639156,0.5018404907359705,0.21664050234345156,0.12387791740730832,,
IDRiD_78_1536_2560,0.0,0.0,0.3639683505560579,0.24875207984619366,0.3957805907006,0.2731508444803057,,
IDRiD_78_1536_3072,,,0.4162895927287866,0.2740814299628519,0.04301075266504798,0.021978021965946143,,
IDRiD_78_2048_1024,,,0.0,0.0,,,,
IDRiD_78_2048_2048,,,0.5735707590840139,0.448023425995897,,,,
IDRiD_78_2048_2560,0.0,0.0,0.2991071428237604,0.18108108105661067,,,,
IDRiD_78_2048_3072,0.0,0.0,,,0.724409448533697,0.6258503397103059,,
IDRiD_78_2048_512,,,0.32487309628179034,0.19393939382185493,0.3994334277054627,0.24999999995567376,,
IDRiD_78_512_0,,,0.8446298226439385,0.7925636006276783,,,,
IDRiD_78_512_1536,,,0.40758873926514144,0.9940298504495433,,,,
IDRiD_78_512_2048,,,0.9145444255283223,0.955082742203891,0.8436051023843434,0.8500842223435867,,
IDRiD_78_512_2560,0.5603649370143571,0.44028999673802305,0.5358592692465589,0.5730824890632298,0.7710139007661748,0.8536419910092042,,
IDRiD_78_512_3072,,,,,0.5364716849094274,0.5246125797390788,,
IDRiD_78_512_512,,,0.8903020666311126,0.9395973151209405,0.8249158247769502,0.9040590402568047,,
IDRiD_79_0_1024,,,0.7482993194733675,0.973451326572167,0.6443202979215866,0.6022628371973661,,
IDRiD_79_0_1536,0.4764989059039256,0.6035476718269723,0.0,0.0,0.5830815709793631,0.6524678836610908,,
IDRiD_79_0_2048,0.7010767998513742,0.586771935042652,0.4528301885083659,0.5405405400535671,,,,
IDRiD_79_0_2560,0.8583919878426766,0.8677281845482213,0.0,0.0,0.6320064987301375,0.5929878047876543,,
IDRiD_79_0_512,0.7958339081197694,0.9834640299866441,0.725304465395764,0.6276346602745586,,,,
IDRiD_79_1024_0,0.8304369414049749,0.7756521739040504,,,,,,
IDRiD_79_1024_1024,0.28846153818417164,0.18072289134852665,0.0,0.0,0.7474673501724187,0.8331972789002287,,
IDRiD_79_1024_1536,0.0,0.0,,,0.7863016784905581,0.8705412821043834,,
IDRiD_79_1024_2048,,,0.3190184048427365,0.31578947355636056,0.741062182549726,0.9476604868085804,,
IDRiD_79_1024_2560,0.08255528255122578,0.13930348256396294,0.468508997414251,0.4959183673132028,0.851371432887058,0.9566964791070038,,
IDRiD_79_1024_3072,,,,,0.8459378031923304,0.8227056018988607,,
IDRiD_79_1536_0,,,,,0.6594434868096665,0.7245670995278913,,
IDRiD_79_1536_1024,0.3098049986182421,0.2255097960725506,0.5871015566651518,0.512953367809203,0.7532154340684644,0.7873949579501095,,
IDRiD_79_1536_1536,0.5717488788917181,0.4093097912994133,0.5419082761970527,0.4524647886925647,0.8576737999279025,0.9053479248362364,,
IDRiD_79_1536_2048,,,0.48644207062560046,0.3627450979947616,0.8049835954282089,0.8813638052741194,,
IDRiD_79_1536_2560,0.6515434314335744,0.727710070534711,0.5506391346918834,0.5181986427811105,0.9430147925723625,0.9311436731623893,,
IDRiD_79_1536_3072,0.7589746880088577,0.8494183541515911,0.3567567567374726,0.23930384334740362,0.7987678713097609,0.7286350864225907,,
IDRiD_79_1536_512,,,,,0.0,0.0,,
IDRiD_79_2048_1024,0.0,0.0,0.0,0.0,0.8498185648969937,0.8513133208055509,,
IDRiD_79_2048_1536,,,0.39531249996911616,0.8489932883057069,0.7476467000749141,0.8852191385100764,,
IDRiD_79_2048_2048,0.0,0.0,0.14987714985873746,0.08198924730080791,0.7747485834620583,0.8029268892528874,,
IDRiD_79_2048_2560,0.7599794414906631,0.6637240966509783,,,0.9042627791097027,0.9493935753846836,,
IDRiD_79_2048_3072,0.19386676065583833,0.4725085909841051,0.0,0.0,0.7194460584896405,0.6156969998291422,,
IDRiD_79_2048_512,0.0,0.0,0.0,0.0,0.8093797276241014,0.9798534796740196,,
IDRiD_79_512_0,0.870558863060586,0.8536723163681041,,,0.7181208051281474,0.7181208048871672,,
IDRiD_79_512_1024,0.0,0.0,0.1891551071759675,0.10964912279900225,0.7324576564056994,0.9177132957791747,,
IDRiD_79_512_1536,,,0.0,0.0,0.7042973743661687,0.7866871704572345,,
IDRiD_79_512_2048,0.1065891472764933,0.05629477993282551,0.6174273858408773,0.7515151513633302,0.6965220067605953,0.8730709876206377,,
IDRiD_79_512_2560,0.8333688018550038,0.7580332945893135,0.03625377642409251,0.018461538455857986,0.7979822147768912,0.8252299063844891,,
IDRiD_79_512_3072,0.8869613877759664,0.917245370317289,0.0,0.0,0.7929687499903202,0.6984946236408927,,
IDRiD_79_512_512,,,0.602526724961066,0.5160216395956712,0.5474006115789449,0.9496021217640312,,
IDRiD_80_0_2048,0.7823508894287327,0.6510129447921807,,,,,,
IDRiD_80_0_2560,,,0.8780487801818645,0.7874999995078126,0.7241379309687714,0.7687861270195018,,
IDRiD_80_0_3072,,,,,0.0,0.0,,
IDRiD_80_1024_2048,,,,,0.31042716900211126,0.1989795918299667,,
IDRiD_80_1024_2560,,,,,0.0,0.0,,
IDRiD_80_1536_1536,,,0.8187372707090148,0.9999999995024876,,,,
IDRiD_80_1536_2048,,,,,0.0,0.0,,
IDRiD_80_1536_2560,,,,,0.002958579881219145,0.001481481481262003,,
IDRiD_80_1536_3072,,,,,0.49344978162347525,0.3403614457489597,,
IDRiD_80_2048_1536,,,,,0.0,0.0,,
IDRiD_80_2048_2048,,,0.3265306121338331,0.19512195114019434,,,,
IDRiD_80_2048_3072,,,0.0,0.0,0.6490066224305951,0.4949494948495051,,
IDRiD_80_512_2560,,,,,0.0,0.0,,
