image,dice_hemorrhages,recall_hemorrhages,dice_microaneurysms,recall_microaneurysms,dice_hard_exudates,recall_hard_exudates,dice_soft_exudates,recall_soft_exudates
IDRiD_01_0_1024,0.814231612509326,0.9399447767846308,,,,,,
IDRiD_01_0_2048,0.0,0.0,,,,,,
IDRiD_01_0_2560,0.652984194370064,0.911725955144155,0.614807872482211,0.5368248771625491,,,,
IDRiD_01_1024_1024,,,,,0.8473308398359856,0.7883581144957812,,
IDRiD_01_1024_1536,,,,,0.4593942642600002,0.303470254946761,,
IDRiD_01_1024_2048,,,0.7887103096515599,0.7828793773709821,0.5212428661906311,0.39405560880811585,,
IDRiD_01_1024_2560,0.24047417440808855,0.13666987486653803,0.31692307687431953,0.5024390241451517,0.061148680826162975,0.03153861269373611,,
IDRiD_01_1024_512,0.6636931311033144,0.5314285713906122,,,0.0,0.0,,
IDRiD_01_1536_1024,0.9240575668496387,0.914539181853972,0.8722891564163158,0.7869565213969755,0.4007731958633772,0.25060435131947606,,
IDRiD_01_1536_1536,,,,,0.5225225224636799,0.35747303538405656,,
IDRiD_01_1536_2048,,,0.7207107162287223,0.6882290561306226,0.7440694310487173,0.6373698992200155,,
IDRiD_01_1536_2560,,,,,0.0,0.0,,
IDRiD_01_1536_512,0.0,0.0,0.05194805193841409,0.028747433258984097,0.0,0.0,,
IDRiD_01_2048_1024,0.9170277983251399,0.8591800356421154,0.4437499999306641,0.2862903225229253,0.7168037602755418,0.7478310071530021,,
IDRiD_01_2048_1536,,,,,0.8375421126357665,0.7628306088048508,,
IDRiD_01_2048_2048,,,0.6927104309024281,0.5870307166834791,0.8210915487696282,0.8153905370971297,,
IDRiD_01_2048_3072,,,0.0,0.0,,,,
IDRiD_01_512_1024,,,0.0,0.0,0.8106390096886812,0.7181387077439794,,
IDRiD_01_512_1536,0.0,0.0,,,0.760326298060853,0.6674244146245186,,
IDRiD_01_512_2048,0.0,0.0,0.0,0.0,0.5440295066788378,0.3972395219593126,,
IDRiD_01_512_2560,0.0,0.0,,,,,,
IDRiD_02_0_1536,,,,,0.46149711059721144,0.30314265536187956,,
IDRiD_02_0_2048,0.0,0.0,,,0.4181184668261118,0.26431718055852044,,
IDRiD_02_0_2560,,,,,0.0,0.0,,
IDRiD_02_0_3072,,,,,0.0,0.0,,
IDRiD_02_1024_1024,,,,,0.0,0.0,,
IDRiD_02_1024_1536,,,,,0.5004500449594554,0.337378640735755,,
IDRiD_02_1024_2048,0.0,0.0,0.670572329848104,0.6098360655237839,0.5061789421588461,0.3481808908475318,,
IDRiD_02_1024_2560,0.0,0.0,0.531130876730269,0.5138291333427272,0.7030324780182782,0.5583816773405346,,
IDRiD_02_1024_3072,0.0013262599468616537,0.0008006405123458254,0.25294748121619,0.32240437149661083,0.6453529831156958,0.48430253299171777,,
IDRiD_02_1024_512,,,,,0.0,0.0,,
IDRiD_02_1536_1024,,,0.8677165353647467,0.9370748297726064,,,,
IDRiD_02_1536_1536,0.0,0.0,0.6291309668752594,0.5599128539085156,0.0,0.0,,
IDRiD_02_1536_2048,0.0,0.0,0.3288324066458433,0.42680412362333936,0.7694574023871973,0.6451214491294722,,
IDRiD_02_1536_2560,0.0,0.0,0.0,0.0,0.7296467677630236,0.5930808475753432,,
IDRiD_02_1536_3072,0.1771186440602916,0.09872461029292752,0.7422680411824545,0.6086956521003991,0.044751249701386546,0.02289890377532524,,
IDRiD_02_2048_1024,,,,,0.6343949044181914,0.48727984339654795,,
IDRiD_02_2048_1536,0.0,0.0,0.6019801979602,0.9325153371372652,0.0,0.0,,
IDRiD_02_2048_2048,0.0,0.0,0.0,0.0,,,,
IDRiD_02_2048_2560,,,,,0.5414965985657828,0.40283400801562064,,
IDRiD_02_2048_3072,,,0.0,0.0,0.0,0.0,,
IDRiD_02_2048_512,,,,,0.8927038625843172,0.8950086056979332,,
IDRiD_02_512_1024,,,0.4710659897998918,0.8957528954070452,0.0,0.0,,
IDRiD_02_512_1536,,,0.6365475387298349,0.833922261336763,0.7364707159488874,0.5997701352612521,,
IDRiD_02_512_2048,0.7680285165784476,0.6489805375197178,0.5335120643193247,0.5146551723694263,0.7680559520356262,0.6425841891492406,,
IDRiD_02_512_2560,,,0.5195989060602006,0.3649167733207533,0.31007751929972155,0.18348623847599807,,
IDRiD_02_512_3072,,,,,0.20114942525845556,0.11182108624411805,,
IDRiD_03_0_1024,0.0,0.0,,,0.4878618113798352,0.32544378697211324,,
IDRiD_03_0_1536,0.07604562737511156,0.03955411722330899,0.0,0.0,0.561237373719658,0.4140661387790375,,
IDRiD_03_0_2048,0.0,0.0,0.20327304046483435,0.9147286814614507,0.7704455724325749,0.6312384472614382,,
IDRiD_03_0_2560,0.769693551417028,0.7417114560013182,0.4516523867532648,0.41931818177053204,0.5833333331983024,0.451612903063938,,
IDRiD_03_0_512,,,,,0.0,0.0,,
IDRiD_03_1024_0,0.0,0.0,,,,,,
IDRiD_03_1024_1024,0.23610547666384968,0.15132605303425242,0.45578575035594815,0.9740820732237403,0.6196200371596844,0.46827534819471384,,
IDRiD_03_1024_1536,0.8039158386790778,0.7021439509774848,0.0,0.0,0.8678340426653797,0.8290505815512087,,
IDRiD_03_1024_2048,0.31519699811643537,0.1964912280644301,0.4944812361848977,0.5874125873612401,0.7527952966312073,0.6879493591720539,,
IDRiD_03_1024_2560,0.004895960832163527,0.002453987729986074,0.07453416148553939,0.08503937006534813,0.7553307293310004,0.656536984467877,,
IDRiD_03_1024_3072,0.4971662848155241,0.39225573208645936,0.504464285657984,0.5721518985893286,0.5356083085656077,0.479415670587063,,
IDRiD_03_1536_1024,0.0,0.0,0.6215189873024355,0.524012806774385,0.5444730707821804,0.3865180282113479,,
IDRiD_03_1536_1536,0.23553934339575094,0.22156862742925798,0.5462753950133079,0.6285714285170068,0.7979682639666142,0.7143209615427221,,
IDRiD_03_1536_2048,0.6972049689260558,0.6583577712288192,0.5892116181961399,0.5368620036792322,0.8376214872289256,0.7604090077445405,,
IDRiD_03_1536_2560,0.2862315476729819,0.17790986207987816,0.22645869438322017,0.46335697388573116,0.7727707567575329,0.65080778526629,,
IDRiD_03_1536_3072,,,0.0,0.0,0.0,0.0,,
IDRiD_03_2048_0,,,0.5470588233685121,0.3765182184710453,,,,
IDRiD_03_2048_1024,0.6669210953132114,0.5185203501284876,0.7699530515226991,0.999999999593496,0.0,0.0,,
IDRiD_03_2048_1536,0.18955660017726605,0.10520377943835424,,,0.733631557540402,0.628620102209783,,
IDRiD_03_2048_2048,,,0.0,0.0,0.6985119689416729,0.5589301121608375,,
IDRiD_03_2048_2560,0.061417322829809655,0.03313508920704035,0.6603773583348166,0.9929078007142498,0.7673495315107615,0.715216104182498,,
IDRiD_03_2048_3072,0.6210659391801113,0.8875998478340129,,,,,,
IDRiD_03_512_0,0.0,0.0,0.09166666662847223,0.04803493447684064,0.0,0.0,,
IDRiD_03_512_1024,,,0.0,0.0,0.09190120619805277,0.04816375677012861,,
IDRiD_03_512_1536,0.6086448598012336,0.6333063208819568,0.704149932971332,0.5668103447054288,0.713025499650496,0.588175099481658,,
IDRiD_03_512_2048,0.0,0.0,0.0,0.0,0.7321554770253342,0.7640117993959438,,
IDRiD_03_512_2560,0.729036375230006,0.6492384632723519,0.5518644067422465,0.9044444442434567,0.7326026000447565,0.6774041483237366,,
IDRiD_03_512_3072,0.0,0.0,0.6393088552225369,0.682027649612436,0.43898753303970584,0.30562861650154505,,
IDRiD_03_512_512,0.5404242237768084,0.47411003233688725,0.575757575719647,0.8092592591093964,0.05089058524011163,0.02610966057356039,,
IDRiD_04_0_1024,,,,,0.4754625904877127,0.5353260869080321,,
IDRiD_04_1024_0,,,,,0.8393285369689859,0.791855203261604,,
IDRiD_04_1024_1024,0.8737702646407958,0.8457618025524206,0.04390243901368233,0.022443890268717234,0.0,0.0,,
IDRiD_04_1024_2560,,,,,0.8164794006471312,0.764018691410276,,
IDRiD_04_1024_3072,,,,,0.0,0.0,,
IDRiD_04_1024_3584,,,,,0.00787401574493149,0.003952569168398194,,
IDRiD_04_1536_1024,0.8793154761839336,0.873079196204594,,,,,,
IDRiD_04_1536_2560,,,0.7396351574229462,0.9999999995515695,,,,
IDRiD_04_1536_512,0.8137507673369321,0.6861993995166559,0.8474576268792492,0.8333333328703704,0.7999999996862746,0.684563757929823,,
IDRiD_04_2048_512,0.7694391430142685,0.6680743017488492,,,,,,
IDRiD_04_512_1024,,,,,0.34922279790936667,0.23985765122847988,,
IDRiD_04_512_1536,,,,,0.0,0.0,,
IDRiD_04_512_2560,,,,,0.8131868130378779,0.8314606738458948,,
IDRiD_04_512_3072,0.0,0.0,,,0.7985611507918844,0.8879999992896,,
IDRiD_04_512_3584,,,,,0.5078124998016357,0.9848484833562903,,
IDRiD_04_512_512,,,,,0.0,0.0,,
IDRiD_05_0_512,0.39781881273518627,0.9993773349315456,0.0,0.0,,,,
IDRiD_05_1024_1024,,,,,0.6205940136297169,0.4970381340152344,,
IDRiD_05_1024_1536,,,0.0,0.0,0.8292682926659302,0.8708566508449912,,
IDRiD_05_1024_2048,0.0,0.0,0.0,0.0,,,,
IDRiD_05_1024_512,,,0.6373292867014675,0.9999999995238096,,,,
IDRiD_05_1536_1024,0.0,0.0,0.0,0.0,0.0,0.0,,
IDRiD_05_1536_1536,,,,,0.0,0.0,,
IDRiD_05_1536_512,0.0,0.0,0.0,0.0,,,,
IDRiD_05_2048_1024,,,0.42992261389252595,0.28669724767354393,,,,
IDRiD_05_2048_1536,,,0.0,0.0,,,,
IDRiD_05_2048_512,0.5660874144211943,0.7823871906556628,,,,,,
IDRiD_05_512_1536,,,0.6666666665144596,0.5427509291662636,,,,
IDRiD_06_0_1536,0.44313890053623295,0.2852512155514519,0.16819571862871627,0.1276102087870974,,,,
IDRiD_06_0_2048,0.6545908806944519,0.5021562050730455,0.6964285713663902,0.7001795330879391,,,,
IDRiD_06_0_2560,0.7615018508680798,0.9927991420102222,,,0.0,0.0,,
IDRiD_06_0_3072,,,0.0,0.0,,,,
IDRiD_06_0_512,,,0.6846846846406252,0.527254707579063,0.0,0.0,,
IDRiD_06_1024_1024,,,0.7488312791861951,0.6771714065582497,0.807032434066038,0.6848441197583615,,
IDRiD_06_1024_1536,,,,,0.8858896950586742,0.8130005587556993,,
IDRiD_06_1024_512,0.0,0.0,0.38110749184116016,0.2705202311982358,,,,
IDRiD_06_1536_0,,,,,0.0,0.0,,
IDRiD_06_1536_1024,0.7863318237634281,0.7683024939044004,,,,,,
IDRiD_06_1536_512,,,0.6108786610367465,0.6358885016313783,0.043859649113188674,0.022421524658649883,,
IDRiD_06_2048_512,,,0.0,0.0,,,,
IDRiD_06_512_0,,,0.0,0.0,,,,
IDRiD_06_512_1024,0.45581395346717146,0.2991452991270363,0.0,0.0,0.7075772825285188,0.5595324722550503,,
IDRiD_06_512_1536,0.12384716730911105,0.06601123594578494,,,0.6846144475533888,0.5284438175784819,,
IDRiD_06_512_2048,0.6230820546892799,0.8014874141417913,0.5098039213187235,0.3561643833176956,0.0,0.0,,
IDRiD_06_512_3072,,,0.3199566160347095,0.21361332366302582,,,,
IDRiD_06_512_512,0.4517399868383624,0.5695364237467655,0.2466321243267739,0.14200477325274408,0.5227475468215266,0.37624398072628434,,
IDRiD_07_0_1024,,,0.3419847327722161,0.20702402953659446,0.548192771029298,0.9999999996336996,,
IDRiD_07_0_1536,0.45057803467556967,0.6479634247444737,,,0.0,0.0,,
IDRiD_07_0_2048,0.43157894735760455,0.6093418258592115,0.33473810955239386,0.2771684944888167,0.3894339622347597,0.9662921344695534,,
IDRiD_07_0_512,0.5813820673734614,0.7794793261271454,,,,,,
IDRiD_07_1024_0,,,,,0.0,0.0,,
IDRiD_07_1024_1024,,,0.0,0.0,0.64319036868859,0.5221109210720227,,
IDRiD_07_1024_1536,,,,,0.41229431852821646,0.27597672484879515,,
IDRiD_07_1024_2048,0.0,0.0,,,0.12547528514724804,0.0793269230578541,,
IDRiD_07_1024_2560,,,0.7889908255975928,0.7034764824737266,,,,
IDRiD_07_1024_512,,,0.6192644483145617,0.531569452764187,0.8101531023302969,0.8328363154268914,,
IDRiD_07_1536_0,,,0.0,0.0,0.6669015324878123,0.5073706780887867,,
IDRiD_07_1536_1024,,,,,0.6681968034024612,0.6100274306567355,,
IDRiD_07_1536_1536,,,0.6787148593014628,0.5136778113940189,0.8998451062324285,0.8748650338100958,,
IDRiD_07_1536_2048,0.039534883719780964,0.02016607354625842,,,0.8495336131931897,0.8292357251333947,,
IDRiD_07_1536_2560,,,0.0,0.0,0.6178856360763164,0.7218062704669957,,
IDRiD_07_1536_512,0.04650613786536229,0.04552807949975669,0.4948545861076128,0.6801968018843547,0.6385346626330041,0.6197119711692299,,
IDRiD_07_2048_0,,,,,0.21166306690892805,0.11835748789411654,,
IDRiD_07_2048_1024,,,,,0.7296432964150149,0.728746928711118,,
IDRiD_07_2048_1536,,,,,0.7885805197066087,0.7341397185819621,,
IDRiD_07_2048_2048,0.37474803791064565,0.7314582286835517,0.4163063619261083,0.352142110726004,0.785809312629869,0.747679324878741,,
IDRiD_07_2048_512,0.8380681818137727,0.9119532859982601,0.12551534584857924,0.06715686274180603,0.6643041237006394,0.5355844155705043,,
IDRiD_07_512_0,,,0.0,0.0,0.7788018431385249,0.812499999609375,,
IDRiD_07_512_1024,,,0.5230769226745562,0.6296296284636488,,,,
IDRiD_07_512_1536,,,0.6010536398323503,0.5531070956124677,0.7715415019152931,0.6981402001862461,,
IDRiD_07_512_2048,0.0,0.0,0.44835680745911305,0.43018018008329273,,,,
IDRiD_07_512_2560,0.5582909460720592,0.4502789628995642,,,,,,
IDRiD_07_512_512,,,0.6058032554419106,0.6815286623118585,,,,
IDRiD_08_0_1024,0.4947834161769007,0.5141916439541985,,,,,,
IDRiD_08_0_1536,0.6904708935829051,0.6589059514495866,0.0,0.0,,,,
IDRiD_08_1024_1024,0.6682213271076084,0.8856420342544074,0.4055505818976925,0.4480712165728911,0.4788913954083503,0.3306631063493252,,
IDRiD_08_1024_1536,0.6940020332032022,0.7922630560775191,0.0,0.0,0.0,0.0,0.5709472738470944,0.39952848722672274
IDRiD_08_1024_2048,,,,,0.793241965968849,0.7605346624290832,,
IDRiD_08_1024_2560,,,,,0.39999999992452834,0.24999999994103772,,
IDRiD_08_1024_512,0.5515411308317709,0.43977864581901766,,,0.8538638101871565,0.9102773244844573,,
IDRiD_08_1536_1024,,,,,0.1874999999609375,0.10344827583828775,,
IDRiD_08_1536_1536,0.7699910152567387,0.6958993097565612,,,0.8495038588676084,0.8350794797537017,,
IDRiD_08_1536_2048,,,,,0.4605026929775358,0.3037300177440065,,
IDRiD_08_512_1024,,,0.4641833810223233,0.4821428569993622,,,,
IDRiD_08_512_1536,,,0.29305912592634203,0.4042553190055832,0.6992187498634339,0.972826086427812,0.8802565458844213,0.805189306877917
IDRiD_08_512_2048,,,0.6321890325175128,0.5342878673297446,,,0.4370205049488281,0.3450060565978966
IDRiD_08_512_512,,,0.7855530472267375,0.7372881352808102,,,,
IDRiD_09_0_1024,0.4925941211514991,0.34685179205458927,,,,,,
IDRiD_09_0_1536,,,0.0,0.0,,,,
IDRiD_09_0_2560,,,0.14545454544475053,0.07843137254332379,,,,
IDRiD_09_0_3072,,,0.0,0.0,,,,
IDRiD_09_0_512,0.49095309438180296,0.3625531914831906,,,,,,
IDRiD_09_1024_1024,0.0,0.0,0.5041930515060039,0.37414274827599336,0.7874983001659319,0.7066791409017789,,
IDRiD_09_1024_1536,0.8878237051737561,0.8476167835391938,,,0.8575290204452924,0.8153481589485685,,
IDRiD_09_1024_2048,0.5690900336956055,0.47912444263317544,0.5716282319856175,0.44432373707526757,0.740249864196195,0.6114501076702898,,
IDRiD_09_1024_2560,,,,,0.4854215917663182,0.32835820892021766,,
IDRiD_09_1024_3072,,,0.0,0.0,,,,
IDRiD_09_1024_3584,,,0.0,0.0,,,,
IDRiD_09_1024_512,0.2512768130681492,0.1814828476509966,0.3453779649668504,0.2413258983816194,0.7266006097533285,0.6226649248816285,,
IDRiD_09_1536_1024,0.0,0.0,0.22460288141024742,0.127249895348378,0.7022099328147973,0.6023868648285742,,
IDRiD_09_1536_1536,0.6958930506961833,0.8437499999753578,0.4168797953697647,0.28079242030311863,0.8127443123259143,0.808236557038456,,
IDRiD_09_1536_2048,0.7485681557739323,0.9095337508382209,0.31007751934550637,0.1834862385080621,0.0,0.0,,
IDRiD_09_1536_2560,,,0.0,0.0,,,,
IDRiD_09_1536_512,,,0.0,0.0,0.8815702979136999,0.8600194951753026,,
IDRiD_09_2048_1024,,,,,0.7001574803094476,0.7733518872712932,,
IDRiD_09_2048_1536,0.2226720647322526,0.15406162460670542,0.5271398747115271,0.4616087750949169,0.6898379648586227,0.5862981885713595,,
IDRiD_09_2048_2048,0.6432555257045393,0.5620938627955923,0.5585284280469458,0.4019253910466997,,,,
IDRiD_09_2048_2560,,,,,0.7877629062720956,0.9526011559592369,,
IDRiD_09_2048_512,,,0.3851963746078098,0.23854069222457716,0.0,0.0,,
IDRiD_09_512_0,0.3477588871648424,0.21495103892488773,,,,,,
IDRiD_09_512_1024,0.0,0.0,0.47636103151009385,0.3810888252039803,0.749637486014212,0.7200159172246715,,
IDRiD_09_512_1536,0.5856697817490125,0.4215246634881055,0.6731182794975142,0.577490774801201,0.7211142511073027,0.7846599894501435,,
IDRiD_09_512_2048,,,,,0.7511587485406843,0.8348358016473009,,
IDRiD_09_512_3072,,,0.0,0.0,,,,
IDRiD_09_512_512,0.3568671694058733,0.23700607303228166,0.25409836062970304,0.19076923073988167,0.754385964829563,0.8132387704933242,,
IDRiD_10_0_1024,,,,,0.7507183908023506,0.6611483102195331,,
IDRiD_10_0_1536,,,0.7207055858580133,0.7559471364972733,0.797304393487538,0.7250380880898537,,
IDRiD_10_0_2048,0.836352362811301,0.7737441612654777,0.6199123355904876,0.5650684930861795,0.7769168247066461,0.7447151093297423,,
IDRiD_10_0_2560,0.5120996441190018,0.6186586414179425,0.7540650406248623,0.7405189620265789,0.7546538380933978,0.6703827573143671,,
IDRiD_10_0_3072,,,,,0.20261198583909906,0.11326419213819236,,
IDRiD_10_0_512,,,,,0.38754325246105764,0.2434782607637051,,
IDRiD_10_1024_0,,,,,0.4528301885843123,0.2926829267499504,,
IDRiD_10_1024_1024,0.14439699003163725,0.09431455897730302,0.291162790684132,0.17663656883879025,0.8479434981260493,0.8397449084464128,,
IDRiD_10_1024_1536,,,,,0.974975598479087,0.9677298048357695,,
IDRiD_10_1024_2048,,,0.8687150837382182,0.9779874212298763,0.9753927360931245,0.9795603017833295,,
IDRiD_10_1024_2560,0.7936193120621249,0.7715403261306107,0.6154232604718558,0.49675587994741466,0.7830034423391071,0.7154314920357168,,
IDRiD_10_1024_3072,0.5925925925795285,0.9586305277490277,0.6617480135833287,0.5859296481823186,0.7795792899717945,0.6849909967091939,,
IDRiD_10_1024_512,,,,,0.7060267119698616,0.5803848541233676,,
IDRiD_10_1536_0,,,0.0,0.0,0.553295362075491,0.3832425323993379,,
IDRiD_10_1536_1024,,,0.6661460366784012,0.6423192770600663,0.6913717761944504,0.6765889652802566,,
IDRiD_10_1536_1536,,,0.3423423421881341,0.2065217390181947,0.8050788612227538,0.8020555390822477,,
IDRiD_10_1536_2048,0.5846744817498862,0.993025871743689,0.4033613445312967,0.2596213854741082,0.750236091150174,0.6481041393230657,,
IDRiD_10_1536_2560,,,0.5589478628201527,0.5499075785074022,0.8270165856239547,0.7738718524026682,,
IDRiD_10_1536_3072,,,0.2297872340262562,0.20428751573716425,0.7036855036682141,0.7023050514613877,,
IDRiD_10_1536_512,0.618556701023598,0.478635613415026,,,,,,
IDRiD_10_2048_1024,0.0,0.0,0.0,0.0,0.0,0.0,,
IDRiD_10_2048_1536,0.0,0.0,0.7185104052180443,0.9278642148616882,0.56820038115208,0.5103937392880804,,
IDRiD_10_2048_2048,0.7264800767222384,0.7288313505820708,0.15100350429592216,0.08562138728014373,0.6909686667961195,0.8187333171361628,,
IDRiD_10_2048_2560,0.2536240155218946,0.14705493050862306,,,0.2623762375588177,0.15099715095413185,,
IDRiD_10_2048_3072,0.27704221833278736,0.3707790036653033,0.0,0.0,0.4878803506710737,0.3545727136165987,,
IDRiD_10_2048_512,,,,,0.7791063561743516,0.6431168830834744,,
IDRiD_10_512_1024,,,0.0031007751933177096,0.0015527950308147835,0.8252887008167047,0.7754121323116573,,
IDRiD_10_512_1536,,,,,0.835796681589849,0.8099185365139959,,
IDRiD_10_512_2048,0.6796440489338204,0.5516930022448828,0.22767343809016202,0.13060686015256787,0.8585666513664979,0.9192355694213429,,
IDRiD_10_512_2560,0.22326399061754282,0.1919395465898267,0.3689005871559243,0.23115960415551487,0.804154440871864,0.7416985265658246,,
IDRiD_10_512_3072,0.44890778477570875,0.3403734993254697,0.18018018017245047,0.10725229825805657,0.6368397757427086,0.5107981776196036,,
IDRiD_10_512_512,0.1513197598699256,0.967899227916786,0.3049504949891187,0.1824644549330653,0.7910379515136937,0.6755173759986132,,
IDRiD_11_0_1024,,,0.0,0.0,,,,
IDRiD_11_0_1536,0.2800684020467401,0.38127263319289845,0.0,0.0,0.0,0.0,,
IDRiD_11_0_2048,,,0.5243832472447284,0.38827527609275486,,,,
IDRiD_11_0_2560,0.6744643891062597,0.515215852786355,0.0,0.0,,,,
IDRiD_11_0_3072,,,,,0.5015290519110812,0.34381551355475565,,
IDRiD_11_0_512,0.3171390013281283,0.28143712571479795,0.4696356274352964,0.30769230761069166,0.0,0.0,,
IDRiD_11_1024_1024,,,0.6789510984635754,0.6992700728906175,,,,
IDRiD_11_1024_1536,0.0,0.0,0.22816114877430552,0.15237080446710863,0.8089849970630753,0.7611387114520847,,
IDRiD_11_1024_2048,0.0,0.0,0.2768079800153606,0.2551724137344431,0.8226045650686069,0.7536368094133017,,
IDRiD_11_1024_2560,0.0035523978684824068,0.0017793594305654057,0.22281879193135443,0.2181340341369075,0.8287473036238902,0.7701936240935601,,
IDRiD_11_1024_3072,0.4037826478519822,0.2958319586478839,,,0.8486842103867296,0.8958333330222801,,
IDRiD_11_1536_1024,,,0.240837696272032,0.1455696202070982,,,,
IDRiD_11_1536_1536,,,0.2980209545636763,0.19571865440432437,0.8447429604644182,0.8391070053672285,,
IDRiD_11_1536_2048,0.0,0.0,0.0,0.0,0.8680585553134915,0.8289105825160231,,
IDRiD_11_1536_2560,0.0,0.0,0.0,0.0,0.7957268991230523,0.6829489991489657,,
IDRiD_11_1536_3072,,,,,0.6770356816033645,0.5414634146253421,,
IDRiD_11_2048_1024,,,0.10007698229022029,0.05267423014373281,0.49671484881777733,0.3304195803618148,,
IDRiD_11_2048_1536,,,,,0.0,0.0,,
IDRiD_11_2048_2048,,,,,0.7961597961579849,0.696133036279853,,
IDRiD_11_2048_2560,0.3227434338763305,0.19345524542563652,0.0,0.0,0.6686915887811408,0.5425592417010183,,
IDRiD_11_2048_3072,0.6456165746797645,0.5463175623863679,0.0,0.0,0.5738278516043507,0.43067226886232435,,
IDRiD_11_512_1024,,,,,0.43107476632996056,0.27475800444715126,,
IDRiD_11_512_1536,,,0.6992700729416591,0.6156812338540256,0.5992929771471289,0.4627680531296067,,
IDRiD_11_512_2048,,,0.25488372090652245,0.14605543708464228,0.8146221690937637,0.7387928508621776,,
IDRiD_11_512_2560,0.0,0.0,0.5494367959606109,0.43594836142642024,0.6676002358441362,0.5548205316604824,,
IDRiD_11_512_3072,0.18737926593538812,0.2638259292777918,0.0873586844764975,0.04743303571163878,0.0,0.0,,
IDRiD_11_512_512,,,0.020370370368484225,0.010289990644500467,,,,
IDRiD_12_0_1024,,,,,0.5688654353261812,0.8056801194610343,,
IDRiD_12_0_2560,0.04365620736400708,0.02231520222996407,0.3030303029962929,0.1985294117355104,,,,
IDRiD_12_0_3072,0.16202090590923163,0.0881516587594169,0.23529411750865054,0.14598540135329532,,,,
IDRiD_12_0_512,0.12455303932882739,0.0664124563054842,,,,,,
IDRiD_12_1024_1024,0.15745826601961518,0.9999999999316005,,,,,,
IDRiD_12_1024_2048,0.5062240663600341,0.9838709675152371,0.5893060295120244,0.9999999996138995,0.0678503487613237,0.7985074620906661,,
IDRiD_12_1024_2560,,,0.844950213251074,0.8813056377206807,,,,
IDRiD_12_1536_2048,0.0,0.0,,,0.6595315650639093,0.8092881613854342,,
IDRiD_12_1536_3072,,,0.0,0.0,,,,
IDRiD_12_2048_1536,,,0.6495726492950544,0.6785714279655612,,,,
IDRiD_12_2048_2048,,,0.5407407405404664,0.45624999971484376,,,,
IDRiD_12_2048_2560,,,0.4838095237173696,0.32564102555752794,,,,
IDRiD_12_2048_3072,,,0.0,0.0,,,,
IDRiD_12_2048_512,0.5592948717724642,0.3888579386969995,0.6378482228013594,0.46826516213423625,,,,
IDRiD_12_512_2560,0.8844033380505395,0.84893001734616,0.0,0.0,,,,
IDRiD_12_512_512,,,,,0.7770700635705303,0.8052805277870361,,
IDRiD_13_0_1024,0.7467659741131563,0.5994336060226736,0.36914600540794873,0.2263513512748813,,,,
IDRiD_13_0_1536,,,0.5576176089530592,0.3870581186107215,,,,
IDRiD_13_0_2048,0.6022750775470057,0.4492440604613007,0.5611510790559495,0.49999999987179483,0.7381974247342924,0.7166666663680555,,
IDRiD_13_0_2560,0.8394723743051336,0.955794842704568,0.5847953216111204,0.413223140469598,,,,
IDRiD_13_0_3072,0.1171512852904098,0.37315436236601957,0.4525896413982,0.3043944265482964,,,,
IDRiD_13_0_512,,,0.5456339417589722,0.42735703242447004,0.49044585971641846,0.32489451463084623,0.7606762219744186,0.6610667518322512
IDRiD_13_1024_0,0.0,0.0,0.606451612805411,0.7286821702602007,,,,
IDRiD_13_1024_1024,0.20243531201921777,0.31466876969127217,0.677127338543237,0.5765673175448834,0.8912525089628834,0.847642356011017,,
IDRiD_13_1024_1536,0.13250388802076193,0.3872727272023141,0.24383916989866672,0.15359477123346432,0.7769463826643938,0.7301553062953833,0.0,0.0
IDRiD_13_1024_2048,,,0.47513498151534145,0.36682755592949423,0.0,0.0,0.0,0.0
IDRiD_13_1024_2560,,,,,0.0,0.0,,
IDRiD_13_1024_3072,,,,,0.5567408497281888,0.420825802858045,,
IDRiD_13_1024_3584,,,0.7793296088297026,0.6533957843903054,0.8225806444979189,0.7846153834082841,,
IDRiD_13_1024_512,0.474074074058806,0.31560891936897045,0.7859963147989999,0.7394749875810066,0.6933034349129211,0.6360576023819702,,
IDRiD_13_1536_0,,,0.5786516852307158,0.5919540226483023,0.4734982330482338,0.3175355448732059,,
IDRiD_13_1536_1024,,,0.32905982903639175,0.20298769769745273,0.7538789169340755,0.6970464134825023,,
IDRiD_13_1536_1536,0.159420289826192,0.1131105398166811,0.43968053802271206,0.3565098840929441,0.702721809801954,0.586430678431479,,
IDRiD_13_1536_2048,0.20182757249893415,0.15544675641643532,0.6563245822997419,0.5516549648393526,0.5002660989755119,0.3663289165874385,0.38440402982870336,0.24161184210327621
IDRiD_13_1536_2560,0.43632363724717277,0.2889284558062653,0.7119437938554298,0.7889273355036458,,,,
IDRiD_13_1536_3072,,,0.5926660058877438,0.9867986795423106,0.49951783987468484,0.3481182795231024,,
IDRiD_13_1536_3584,,,,,0.0,0.0,,
IDRiD_13_1536_512,,,0.19426565241695343,0.11806543384651028,0.0,0.0,,
IDRiD_13_2048_1024,0.10791826308723122,0.057075312392533765,0.6026986506294828,0.5903083699573703,0.5527559054682869,0.4448669200957076,0.8855721392901316,0.8070898598294287
IDRiD_13_2048_1536,,,0.6727272726981504,0.688829787172976,,,0.09059379926336737,0.047446059004321375
IDRiD_13_2048_2048,0.18431546299582122,0.10181106215850166,0.0,0.0,0.7687499997597655,0.6406249996663411,,
IDRiD_13_2048_2560,0.0,0.0,0.0,0.0,,,,
IDRiD_13_2048_512,,,0.48423423420696876,0.37423846820067547,,,0.1440341776003659,0.07760605064059843
IDRiD_13_512_0,0.11659192822497938,0.06326034061721159,0.0,0.0,,,,
IDRiD_13_512_1024,0.07413376308830509,0.05027322403822151,0.6376811594043558,0.5393068469763607,0.803603824465796,0.7592300921833529,,
IDRiD_13_512_1536,,,0.583870251042349,0.45847871596446343,0.7387071908371999,0.6155215444457617,,
IDRiD_13_512_2048,,,0.7913188646425178,0.6694915252346069,0.8000921234269901,0.7304457527026726,,
IDRiD_13_512_2560,0.7019693653959751,0.5778097982292644,0.7542553191088162,0.683044315926489,,,,
IDRiD_13_512_3072,,,,,0.5956284152679984,0.42745098035863127,,
IDRiD_13_512_3584,,,,,0.3858695651125354,0.23905723897674838,,
IDRiD_13_512_512,0.0,0.0,0.34229390677936433,0.21484814395783486,0.5310924369569381,0.37229029215964704,0.0,0.0
IDRiD_14_0_1024,,,0.7066473987928723,0.8042763156571915,,,,
IDRiD_14_0_1536,0.013552758954064126,0.006822612085548323,0.6791044773585431,0.7520661150809371,0.0,0.0,,
IDRiD_14_0_2048,0.7407625931061231,0.5980707395427167,0.5838264299226996,0.9999999996621621,0.7203161487206697,0.9308263695018187,,
IDRiD_14_0_2560,0.3906444045785108,0.2708572521979443,0.39174674956495914,0.33062977097659213,,,0.8387235183650377,0.8267075491559874
IDRiD_14_0_3072,0.0,0.0,,,0.0,0.0,,
IDRiD_14_0_512,,,0.2896026129401414,0.1814461118566544,,,,
IDRiD_14_1024_0,,,0.0,0.0,,,,
IDRiD_14_1024_1024,0.1592920353873865,0.5624999997295673,0.6547619047131873,0.740740740616037,,,,
IDRiD_14_1024_1536,0.6602996871289264,0.5600558659061438,0.3512643677999419,0.2273809523674178,0.8174001748731514,0.7711025570472154,,
IDRiD_14_1024_2048,,,0.23208191123639568,0.1345646437817197,0.8169445045813424,0.83062338576887,,
IDRiD_14_1024_2560,,,0.0,0.0,0.7824478125160581,0.7648520277648343,,
IDRiD_14_1024_3072,,,0.0,0.0,0.7684597004442656,0.678501595135551,,
IDRiD_14_1024_3584,,,,,0.0,0.0,,
IDRiD_14_1024_512,,,0.5146198829406199,0.3464566928224523,0.3244540436687196,0.1945883707485726,,
IDRiD_14_1536_0,0.1871072841473794,0.4304068522023119,,,,,,
IDRiD_14_1536_1024,,,0.0,0.0,,,,
IDRiD_14_1536_1536,0.8754254594927504,0.8931285235648898,0.024806201546541676,0.012903225804370448,0.6314085267020794,0.5262368815434412,,
IDRiD_14_1536_2048,0.0,0.0,0.59289340100319,0.4842454394532589,0.7279286120993369,0.6228070175236256,,
IDRiD_14_1536_2560,,,0.7701102490498118,0.6938925680136944,0.774377804961763,0.7671786580126444,,
IDRiD_14_1536_3072,0.009595613433201122,0.0048209366387864366,0.5192307691309171,0.5999999997333334,0.508875739569693,0.35833333325868055,,
IDRiD_14_1536_512,,,0.757004002243739,0.8552971575122356,,,,
IDRiD_14_2048_1024,0.04439252335929994,0.022700119471600944,0.2670068026983838,0.22081575243026502,,,,
IDRiD_14_2048_1536,,,0.5973597358750232,0.6510791364564463,,,,
IDRiD_14_2048_2048,,,0.0,0.0,0.5261489698612705,0.3627093954579235,,
IDRiD_14_2048_2560,0.8030888030753217,0.7973333333067556,0.7145471179911004,0.643858202749888,0.6933932007623114,0.7198668146344092,,
IDRiD_14_2048_3072,0.5351429956287745,0.535229476388648,0.5679583574156172,0.4071310115917442,0.0,0.0,,
IDRiD_14_2048_512,0.8345791354944888,0.7161182375506905,,,,,,
IDRiD_14_512_1536,0.0,0.0,0.0,0.0,0.7229729729655715,0.6203443429265576,,
IDRiD_14_512_2048,0.0,0.0,0.5322862128680378,0.8689458686983059,0.8191040192991744,0.7891178024258366,,
IDRiD_14_512_2560,0.023437499998855593,0.011857707509295568,0.5892040255995974,0.6388888888466343,0.7742491489620066,0.6930494484274742,0.0,0.0
IDRiD_14_512_3072,0.0,0.0,0.0,0.0,0.7983496647653643,0.7525522605553585,,
IDRiD_14_512_512,,,0.6789473683317174,0.5191146880243229,,,,
IDRiD_15_0_1536,,,0.0,0.0,,,,
IDRiD_15_1024_0,,,0.0,0.0,0.5241830065188176,0.3598026020475638,,
IDRiD_15_1024_1024,,,,,0.7602183464151215,0.7902020481375532,,
IDRiD_15_1024_1536,,,,,0.5654736841986217,0.40920170626419256,,
IDRiD_15_1024_512,,,,,0.8068594485523272,0.7224809313499699,,
IDRiD_15_1536_2048,,,0.3324396781950564,0.19999999993548387,0.34988179660759294,0.21203438389339987,,
IDRiD_15_1536_512,0.0,0.0,,,0.0,0.0,,
IDRiD_15_2048_2048,,,0.5393794748116039,0.9912280693059403,,,,
IDRiD_15_512_1024,0.0,0.0,,,0.7394366197138968,0.7565950170889522,,
IDRiD_15_512_512,0.43351158643730797,0.2769931662743967,0.0,0.0,,,,
IDRiD_16_0_2560,,,0.0,0.0,0.8992280408742077,0.9142978361937083,,
IDRiD_16_1024_2048,,,0.8535233570187234,0.7656249998912464,0.0,0.0,,
IDRiD_16_1024_2560,0.10126582278208279,0.053393922179682085,0.0,0.0,0.5122173889666923,0.3982463465519979,,
IDRiD_16_1024_3072,0.7894894894855381,0.6707202993394785,0.3555555555300677,0.2162162161973656,0.7880968544901831,0.6968544901524858,,
IDRiD_16_1024_3584,0.5455835402431507,0.3998959958190382,,,,,,
IDRiD_16_1536_2048,,,,,0.67937743188018,0.5894665765976052,,
IDRiD_16_1536_2560,,,,,0.7087822649352082,0.6330656327799354,,
IDRiD_16_1536_3072,,,,,0.7990833726440717,0.7548707500222225,,
IDRiD_16_2048_1024,,,,,0.0927467300722061,0.049180327862650655,,
IDRiD_16_2048_1536,,,0.0,0.0,,,,
IDRiD_16_2048_2560,,,,,0.524232081875479,0.3552266419652889,,
IDRiD_16_2048_3072,,,,,0.0,0.0,,
IDRiD_16_2048_512,,,0.5246548322436578,0.35561497316694785,0.0,0.0,,
IDRiD_16_512_1536,,,0.5811074918188204,0.4385447393865738,,,,
IDRiD_16_512_2048,,,,,0.29166666661603013,0.1707317072823716,,
IDRiD_16_512_2560,,,,,0.818302402564253,0.7644548843808279,,
IDRiD_16_512_3072,,,,,0.7497650576612578,0.6177671406361007,,
IDRiD_17_0_1024,0.5524936348618205,0.8917089678295453,0.0,0.0,0.8105132962225694,0.8394824493871448,,
IDRiD_17_0_1536,0.317646666443259,0.19314540661045165,0.1838819523060293,0.10424710423368763,0.6062014737124465,0.4765199813366776,,
IDRiD_17_0_2048,0.4063336648042879,0.34141743079809145,,,0.5880169124441166,0.5439282648045032,,
IDRiD_17_0_2560,0.6944243190320877,0.6291444373044631,0.0,0.0,0.7575496117124663,0.7972154963197811,,
IDRiD_17_0_3072,0.7417127071652461,0.8989955356641185,,,,,,
IDRiD_17_0_512,,,,,0.8541033433352427,0.8864353309506513,0.7919495635267122,0.6560340671649041
IDRiD_17_1024_0,0.2204206836092578,0.16102870557932952,0.06191950462479272,0.041841004166593726,0.0,0.0,,
IDRiD_17_1024_1024,0.2651625931323364,0.15433249574325741,0.4377990430360168,0.29186602868485917,0.8202248689587204,0.8658763234938447,,
IDRiD_17_1024_1536,0.7924122214703063,0.8060874044783803,0.7688564475950297,0.6666666665260197,0.677350930941095,0.7239294710236281,,
IDRiD_17_1024_2048,0.7213504699761314,0.7031413612512853,,,0.7082512209689978,0.741877580313375,,
IDRiD_17_1024_2560,0.038929440379822516,0.019851116620384336,,,0.6078252956957314,0.4492266307700587,,
IDRiD_17_1024_3072,0.1839110416121045,0.6961525813800706,0.0,0.0,,,,
IDRiD_17_1024_3584,,,0.7287933093513986,0.6517094015701476,,,,
IDRiD_17_1024_512,0.7779555126285638,0.6618734593228128,0.0,0.0,0.7600400904347947,0.7186811249196919,,
IDRiD_17_1536_0,0.8146052206408214,0.8367090651390597,,,,,,
IDRiD_17_1536_1024,0.0,0.0,,,0.6843596242697462,0.811910377348916,,
IDRiD_17_1536_1536,0.6638664141825998,0.7930410463042441,0.42760487139003994,0.3397849461634871,0.6614047534528077,0.8360986546897736,,
IDRiD_17_1536_2048,0.6996349396591859,0.6118810613567649,0.6688102892815417,0.9811320750089,0.2814302191140219,0.18944099375940357,0.8526571244571707,0.8253116011426144
IDRiD_17_1536_2560,0.041182078169587265,0.16164639850024984,,,,,,
IDRiD_17_1536_3072,0.875765800697379,0.9191762982243757,0.5625806450886993,0.41842610356652093,,,0.045459685626535566,0.023258504975430933
IDRiD_17_1536_512,0.9355671574945416,0.9123486824744776,,,0.6107341976179839,0.8936504816022479,,
IDRiD_17_2048_0,0.8513685743712365,0.7412025784556567,,,,,,
IDRiD_17_2048_1024,0.805724886134293,0.9999828184592741,,,0.7979242978999413,0.874832663930734,,
IDRiD_17_2048_1536,0.7443330735347395,0.9920568965840867,,,0.48640248636469285,0.3726190475746882,,
IDRiD_17_2048_2048,0.5080524870824963,0.35141601124330446,,,0.7606915376923847,0.6183431951748013,0.0,0.0
IDRiD_17_2048_2560,0.8858343072980623,0.893416017491982,0.34333733489275664,0.20967741932409423,,,0.17492856255218128,0.26307922271064726
IDRiD_17_2048_3072,0.6899592379990185,0.6267380002399143,,,,,,
IDRiD_17_2048_512,0.9805253392678887,0.9646580056622915,,,,,,
IDRiD_17_512_0,,,0.547368420764543,0.3768115939298467,0.1552238805738472,0.08469055373213509,,
IDRiD_17_512_1024,0.7092644825264779,0.5657667012709282,0.0,0.0,0.7560391527731137,0.7375368564266839,,
IDRiD_17_512_1536,0.607737718740208,0.4792186201123922,0.695696896953614,0.6115129595957953,0.8283793481118926,0.792319919078129,,
IDRiD_17_512_2048,0.6222301573119439,0.5832930412445297,0.0,0.0,0.5280658436127067,0.3980148883275927,,
IDRiD_17_512_2560,0.0007748934521403217,0.0003931847968493685,0.510480887761376,0.4099009900584257,0.38378849505543594,0.2768811569843454,,
IDRiD_17_512_3072,0.41407506086446744,0.9890278691904976,0.4722222221753748,0.3090909090507674,,,,
IDRiD_17_512_512,0.14435240963801071,0.3003760576574683,0.02954898911123258,0.01787394167282465,0.6200894359733611,0.4973006324194254,0.26579378068522264,0.15326538316201146
IDRiD_18_0_1024,0.0,0.0,0.5360890301896315,0.5513407455492909,,,,
IDRiD_18_0_1536,0.6913693900876555,0.6375212223838065,0.0,0.0,0.6312231099990405,0.5477333333041209,,
IDRiD_18_0_2048,,,0.3364907532550072,0.3123953098565833,0.724278240637003,0.7826633165501398,,
IDRiD_18_0_2560,0.7416648970017962,0.6936444885730522,0.2907036466209192,0.22161315581663169,0.5626794258296285,0.49011669443938755,0.593588532692963,0.4359392851278281
IDRiD_18_0_3072,,,0.0,0.0,,,0.852239293879926,0.8708869216490582
IDRiD_18_0_512,,,0.8098495211484371,0.7098321342074542,,,,
IDRiD_18_1024_0,0.43817427382255814,0.3441981746617734,0.5803571428139614,0.7065217390024418,0.583333333029514,0.4179104474493206,,
IDRiD_18_1024_1024,0.2145110410010051,0.1291547958153298,0.4347826086757537,0.602027883320402,0.7623322809749292,0.7990692864446838,,
IDRiD_18_1024_1536,0.42896418997721847,0.49049041181632747,0.18226950353963584,0.2154233025804339,0.7083213083179013,0.7377016330955044,,
IDRiD_18_1024_2048,,,0.3861641713791345,0.3859649122408705,,,,
IDRiD_18_1024_3072,,,,,,,0.8531771684950634,0.9297969332703705
IDRiD_18_1024_512,0.6856225494715025,0.6173690648247672,0.2565720294292023,0.17719680463491672,0.7693926491441065,0.8308757465206338,,
IDRiD_18_1536_0,0.3980929677713835,0.24851190472492385,0.47717842313751485,0.5808080805147434,0.8451971420787193,0.8037242073073113,,
IDRiD_18_1536_1024,0.3167118049973441,0.2002417405277953,0.5821256038412993,0.48686868683590107,0.7726906635228753,0.8088197146458,,
IDRiD_18_1536_1536,,,0.0,0.0,0.4723865877479099,0.31184895831303067,,
IDRiD_18_1536_2048,,,0.4073756432072309,0.35527299922548444,0.5817843865630311,0.5520282185975259,,
IDRiD_18_1536_3072,,,0.19210977698248546,0.21374045793368682,,,,
IDRiD_18_1536_3584,0.0,0.0,,,,,,
IDRiD_18_1536_512,0.23058252426484885,0.19095477385975101,0.08670795616547367,0.08081705150259173,0.787788277920022,0.8204905910509435,,
IDRiD_18_2048_0,0.13037037035105625,0.12324929968536433,0.0,0.0,,,,
IDRiD_18_2048_1024,0.43505477307159485,0.291302829189965,0.0,0.0,0.7595628415254428,0.8390342052201337,,
IDRiD_18_2048_1536,,,0.1679496151037124,0.21352313163460443,0.8181056160253054,0.755417956539409,0.0,0.0
IDRiD_18_2048_2048,,,0.2824048538178486,0.23902894488897955,0.0,0.0,,
IDRiD_18_2048_2560,,,0.0,0.0,,,,
IDRiD_18_2048_3072,0.48715890848767424,0.46728252498327305,0.13461538459381164,0.14634146336364406,,,,
IDRiD_18_2048_512,0.6463408533824062,0.8202247190959168,0.25324384786338955,0.2105654761748091,0.7414170927413654,0.6904761904292193,,
IDRiD_18_512_1024,0.5070785070676302,0.42244460327296485,0.41899915178804076,0.7417417415189964,0.8301329394211832,0.858202443243534,,
IDRiD_18_512_1536,0.5334978843347409,0.7988384371278332,,,0.0,0.0,,
IDRiD_18_512_2048,0.6106042575616739,0.534986098226715,0.0,0.0,,,,
IDRiD_18_512_3072,,,0.010657193603790908,0.00958466453367902,0.5488029465677348,0.39706862089293343,,
IDRiD_18_512_512,0.6324510931960311,0.6921914357333908,0.6293427749362837,0.7588046957972889,0.8297420333803176,0.8266954643557088,,
IDRiD_19_0_1024,0.7526815813437732,0.6149223835445707,,,,,0.3977070063643604,0.24821116234300825
IDRiD_19_0_1536,,,,,0.685393258041914,0.5213675209219081,,
IDRiD_19_0_2048,,,,,,,0.5095952878537944,0.34191738908284147
IDRiD_19_0_2560,0.3579766536616754,0.2573426573066654,,,,,,
IDRiD_19_1024_0,,,0.02162162160993426,0.025641025608152533,,,,
IDRiD_19_1024_1024,,,,,0.8366313851432752,0.7664418211832679,,
IDRiD_19_1024_1536,,,,,0.710049423382042,0.6143101482150995,,
IDRiD_19_1024_2560,,,0.6919431278527737,0.8111111108106995,,,,
IDRiD_19_1024_512,0.2816209578271952,0.9999999997093023,0.0,0.0,,,,
IDRiD_19_1536_2048,0.0,0.0,0.5428881649790567,0.5010020039076148,,,,
IDRiD_19_1536_2560,,,0.0,0.0,,,,
IDRiD_19_1536_3072,,,0.0,0.0,0.6837387963710795,0.6223776223050842,,
IDRiD_19_1536_512,0.5838509316467986,0.43925233641438843,,,,,,
IDRiD_19_2048_1024,0.7632528841336028,0.6421340955026541,0.8173652693387178,0.8834951453451472,,,,
IDRiD_19_2048_1536,0.18662262591357368,0.10443622919552345,0.23833167822856688,0.6030150750738618,,,,
IDRiD_19_2048_2048,0.7222444889490083,0.6774436089716207,0.709090908876033,0.7134146337113325,,,,
IDRiD_19_2048_2560,0.0,0.0,,,,,,
IDRiD_19_2048_3072,,,0.7296587924594071,0.574380165051909,,,0.9070483391832203,0.8460240296192891
IDRiD_19_2048_512,0.7933869838978884,0.7690351025814985,0.7413268410991279,0.7106184363231484,,,0.8044038881094583,0.8467320943652802
IDRiD_19_512_1024,0.7458563535842923,0.7709880068385496,0.4994818652332143,0.39768976891127233,0.6364719904269087,0.6054421768021041,,
IDRiD_19_512_1536,0.8054956896527613,0.7327234112033288,0.6964980544069553,0.5868852458054287,0.7571954984525585,0.6988051470524006,0.5652434328692971,0.408029647925781
IDRiD_19_512_2048,0.04144527098610811,0.02116115029727829,,,,,,
IDRiD_19_512_512,0.36759581879932074,0.22786177104601177,0.5560450317887399,0.4493670885720437,,,,
IDRiD_20_0_1024,0.05844980940031979,0.03451725862758793,0.262535931004071,0.6442006268582758,,,,
IDRiD_20_0_1536,0.8576615232244506,0.7712398901775526,0.00595238095060941,0.0029850746259746045,0.6195671300315012,0.6023952095705322,,
IDRiD_20_0_2048,0.6378818737011046,0.46830143537869007,0.6784968684051673,0.6040892192185708,0.6579916523285542,0.6815869786021573,,
IDRiD_20_0_2560,,,0.0,0.0,,,,
IDRiD_20_0_512,0.0,0.0,,,,,,
IDRiD_20_1024_0,,,0.6202090591902293,0.4504048582540076,,,,
IDRiD_20_1024_1024,0.5225933202100888,0.4466834592404128,0.3442340791442139,0.4081632652228238,0.8198341750592275,0.8191925733979966,,
IDRiD_20_1024_1536,0.0,0.0,0.0,0.0,0.7894097787757591,0.732468674429916,,
IDRiD_20_1024_2048,,,0.6555010106654491,0.5536585365583582,0.0,0.0,,
IDRiD_20_1024_2560,,,0.6765498651379314,0.7050561795772313,,,,
IDRiD_20_1024_3072,0.5984171559714471,0.5528301886531685,0.7632687446703227,0.8899803534597288,,,,
IDRiD_20_1024_512,0.651742301452069,0.5656761033837582,0.6436285097018459,0.6205101509307387,0.7649572649164018,0.7033398820527171,,
IDRiD_20_1536_1024,0.4701992517143461,0.3264862252256345,0.6313645621020528,0.5477031801878224,0.7182870764485003,0.6020408163222346,,
IDRiD_20_1536_1536,,,0.7718631177239804,0.6304347824129084,0.8418706435368704,0.7560230002128537,,
IDRiD_20_1536_2048,0.09472880060391682,0.04971932637933285,,,,,,
IDRiD_20_1536_3072,0.3941296083423735,0.41835585584800383,0.5464834276254453,0.39348079159525723,0.0,0.0,,
IDRiD_20_1536_512,0.6239999999782957,0.48829613497614066,0.4205570811918181,0.42405063287784406,0.8334953343660891,0.7663776923695917,,
IDRiD_20_2048_1024,,,0.6006055601266005,0.6212984054315889,0.7345116943376736,0.6401717913566527,,
IDRiD_20_2048_1536,0.6086783439369292,0.47602739724545373,0.4869312681274477,0.6644649933072041,0.7463370876034452,0.6275561515147913,,
IDRiD_20_2048_2560,0.6053550640044488,0.4340567612446268,,,,,,
IDRiD_20_2048_3072,0.0746411483217875,0.038767395624315734,0.18076477402308636,0.10077519378542957,0.0,0.0,,
IDRiD_20_2048_512,0.194019630216982,0.12188127329733636,0.512037580709804,0.3559183673178842,0.8923632702588246,0.8277756413732473,,
IDRiD_20_512_1024,0.0,0.0,0.6912415216546376,0.6022610482732651,0.808680122013547,0.7644931867058197,,
IDRiD_20_512_1536,0.5709335643328384,0.5457324840694812,0.5550631872549637,0.47446689112024504,0.7409953744641685,0.6656978064368695,,
IDRiD_20_512_2048,,,,,0.0,0.0,,
IDRiD_20_512_2560,0.41622793433210814,0.27042253520038545,0.0,0.0,,,,
IDRiD_20_512_3072,,,0.0,0.0,,,,
IDRiD_20_512_512,,,0.5220700151809687,0.5568181817277893,0.7999999999610706,0.800389483855853,,
IDRiD_21_0_1024,0.4500537056847466,0.3190355329868265,0.31654676256462455,0.2397094430702531,0.18688524589551198,0.10307414104509678,,
IDRiD_21_0_1536,0.24242424239230248,0.13897280964668085,0.5481597493912232,0.8695652172832838,0.3727087575995205,0.2548746517750871,,
IDRiD_21_0_2048,,,0.5641025640509063,0.4362606231676685,0.5849233656370059,0.5373563218081979,,
IDRiD_21_0_2560,,,0.4468949506415035,0.32136894822025297,,,,
IDRiD_21_0_3072,,,0.0,0.0,,,,
IDRiD_21_0_512,0.7177563997926341,0.5646485376971614,,,0.0,0.0,,
IDRiD_21_1024_1024,,,0.7065263157597252,0.732111692780793,0.1883239171303833,0.18642803876312988,,
IDRiD_21_1024_1536,0.7637097267178351,0.6640442270820323,0.15477629986036562,0.13114754095673206,0.8665803345051406,0.8405038211122258,,
IDRiD_21_1024_2048,0.3748927301658098,0.23372057474421093,0.4655075714825851,0.3646748681577614,0.8018326779450885,0.8003024629094041,,
IDRiD_21_1024_2560,0.6512236491366551,0.5015301933231205,0.3125469571515742,0.3072378138394036,0.8149048197584859,0.7413411937989486,,
IDRiD_21_1024_3072,0.8012124767693242,0.6754038905262875,0.7258297257773572,0.5696489240577974,,,,
IDRiD_21_1536_0,,,,,0.11981566819172206,0.06372549018983084,,
IDRiD_21_1536_1024,,,0.810699588393961,0.7864271455516113,0.0,0.0,,
IDRiD_21_1536_1536,0.3984206747882836,0.24876736888172268,,,0.885182592743495,0.9447922302059799,,
IDRiD_21_1536_2048,0.37342970228233646,0.25421743204652725,0.22128998425688043,0.2392290249161872,0.7614129312099379,0.7759455476754196,,
IDRiD_21_1536_2560,0.6848784878457026,0.5366386910181491,0.28897772699663177,0.5029821072558683,0.8008957072733315,0.7396814221563861,,
IDRiD_21_1536_3072,,,0.8358208953837777,0.9402985071118288,,,,
IDRiD_21_1536_512,0.6979255470105733,0.5409691629717636,,,0.36787737419633865,0.22539812167311565,,
IDRiD_21_2048_1024,0.0,0.0,0.0,0.0,0.0,0.0,,
IDRiD_21_2048_1536,0.5559243279031543,0.6236038719053014,0.4367578729769356,0.3841961852512083,0.5944208233890447,0.4576812519888585,,
IDRiD_21_2048_2048,0.5097633815700693,0.35356915232068886,0.6281805745382167,0.6689976689586831,0.7636553797862109,0.6916264090144376,,
IDRiD_21_2048_2560,0.8250209555655382,0.7640209586500287,0.7080194948733709,0.6799999999421276,0.7616613418287009,0.7553865652246269,,
IDRiD_21_2048_3072,,,0.7222982215154176,0.5677419353617759,0.5180023228202089,0.35623003189197605,,
IDRiD_21_2048_512,0.1379310344749615,0.11498586238313045,0.0,0.0,0.0,0.0,,
IDRiD_21_512_1024,,,0.5322195703422172,0.36260162595730056,,,,
IDRiD_21_512_1536,,,0.0,0.0,0.7268489745070409,0.7090027280779326,,
IDRiD_21_512_2048,0.802181322421253,0.8475943532001211,0.3429951690655558,0.2629629629434842,0.7143897617239164,0.6556531703465307,,
IDRiD_21_512_2560,0.422161868545115,0.2684072385651553,0.32279909705331833,0.42100098131295377,0.6620462045986124,0.9278445882582936,,
IDRiD_21_512_3072,0.06668935011681901,0.034494896162108594,0.8483412321269739,0.768240343182781,,,,
IDRiD_21_512_512,,,0.2754662840350838,0.15973377701169156,0.010152284262241577,0.005102040815458837,,
IDRiD_22_0_1024,0.7318266199112125,0.6114530503687456,0.0,0.0,,,0.5707931801315088,0.8486123634821299
IDRiD_22_0_1536,0.20245757751887317,0.11263020832600062,0.5055611728508027,0.97276264553589,,,,
IDRiD_22_0_2048,0.4046808344080283,0.961860465098384,0.41180507890104284,0.325732898987434,,,0.8354465525181145,0.8495999999920038
IDRiD_22_0_2560,0.8552093328598172,0.8461500024941481,,,0.6885092440746897,0.5410077234078335,,
IDRiD_22_0_3072,0.34146787871288675,0.3462418806041061,,,,,,
IDRiD_22_0_512,0.6678346180564879,0.5291504719306412,,,,,,
IDRiD_22_1024_1024,,,0.6881118880878283,0.6944248411648253,,,,
IDRiD_22_1024_1536,,,0.606180144601829,0.43904761900580497,0.795932770471297,0.7789716039868049,,
IDRiD_22_1024_2048,,,0.5147182505874921,0.5125628139844953,0.7750624331060024,0.7615592245915744,,
IDRiD_22_1024_3072,0.0,0.0,,,,,,
IDRiD_22_1024_512,,,0.7967479673177341,0.7999999996734694,,,,
IDRiD_22_1536_0,,,,,0.5488487865246515,0.5256257448717967,,
IDRiD_22_1536_1024,,,0.9151450052722723,0.9815668200503301,0.748858447374603,0.6648648646851716,,
IDRiD_22_1536_1536,0.0,0.0,0.5843621398776158,0.5324999999334376,0.8495842781476796,0.8002847988465596,,
IDRiD_22_1536_2048,0.3334597875505793,0.9024640656157634,0.13480392155210738,0.12249443204398787,0.7773004747894015,0.8164654660565348,,
IDRiD_22_1536_3072,0.7208599610990538,0.9350783924989409,0.5179723501826753,0.3584183673012222,0.6714140386400963,0.5180533751759006,,
IDRiD_22_1536_3584,0.20371119717785008,0.11340670657068026,,,,,,
IDRiD_22_1536_512,,,0.7676991149593253,0.9278074863829391,0.6374829001193575,0.5851330989158647,,
IDRiD_22_2048_1024,0.6301488654338756,0.5061527745413014,0.13186813179567686,0.07058823525259515,,,0.8807938018193993,0.9095587891222123
IDRiD_22_2048_1536,0.8107614213115658,0.7220614828079194,,,,,,
IDRiD_22_2048_2048,,,0.0,0.0,,,,
IDRiD_22_2048_3072,,,0.6641929497840088,0.6780303027734733,,,,
IDRiD_22_2048_512,,,,,0.31365313647349574,0.18973214281479192,0.0,0.0
IDRiD_22_512_1024,0.6191646191636117,0.5030006609372029,,,0.9148211243221968,0.9093988144869264,0.6372939027730559,0.8093543467157513
IDRiD_22_512_1536,,,0.7572156196301175,0.9158110881076363,,,,
IDRiD_22_512_2560,0.0,0.0,,,,,,
IDRiD_22_512_3072,0.8484563430090037,0.8036567110970068,,,,,0.8297827580875562,0.7551692449054087
IDRiD_22_512_512,0.773824399863375,0.8987167735884706,,,0.750147666854694,0.6389615616695722,0.26334519571391785,0.1538461538354923
IDRiD_23_0_1024,0.1962683604589419,0.11639514078428857,0.0,0.0,,,,
IDRiD_23_0_1536,,,,,,,0.67436580790964,0.5195437262278396
IDRiD_23_0_2048,0.6628757108008586,0.5631469979247485,,,,,,
IDRiD_23_0_2560,0.29247512230741013,0.23768053226463093,,,,,,
IDRiD_23_0_3072,0.4724849526983559,0.35705003247702893,,,,,,
IDRiD_23_1024_1024,,,,,0.0,0.0,,
IDRiD_23_1024_1536,,,0.590214067233164,0.6531302875375414,,,,
IDRiD_23_1024_2560,,,,,,,0.0,0.0
IDRiD_23_1024_3072,,,0.8476135709690849,0.796756756670621,,,,
IDRiD_23_1536_1024,,,0.48305084725294456,0.3184357540120471,0.6346986346774992,0.49739039663374784,,
IDRiD_23_1536_1536,,,0.8327721660120346,0.9686684070577889,0.7379061371308371,0.7813455656297638,,
IDRiD_23_1536_2560,,,,,0.6087834426749731,0.44666666663358023,,
IDRiD_23_1536_3072,,,0.753568030375493,0.7135135133849526,0.4391613627772527,0.28785276072913246,,
IDRiD_23_1536_3584,,,,,0.0,0.0,,
IDRiD_23_1536_512,,,0.7115384613674186,0.564885495967601,0.6053268764949962,0.545851528354484,,
IDRiD_23_2048_1024,0.0,0.0,,,,,,
IDRiD_23_2048_2048,0.0,0.0,,,,,,
IDRiD_23_2048_2560,0.6777519121992205,0.5125754527098519,0.8999999998593751,0.9350649347613424,,,,
IDRiD_23_2048_3072,,,,,0.2547854785310372,0.146101438293255,,
IDRiD_23_2048_512,0.7167445813778501,0.9836687080494702,,,0.0,0.0,,
IDRiD_23_512_1024,0.7165967645153466,0.625959525449199,,,,,,
IDRiD_23_512_2048,,,0.0,0.0,,,,
IDRiD_23_512_2560,,,,,,,0.19297867757707324,0.10679380214413832
IDRiD_23_512_3072,0.0,0.0,,,,,0.38693683983200106,0.23987705465401743
IDRiD_23_512_512,,,0.6162162160496713,0.8837209295475031,,,,
IDRiD_24_0_2048,,,,,0.0,0.0,,
IDRiD_24_1024_1536,,,,,0.0,0.0,,
IDRiD_24_1024_2048,,,,,0.4744704570685737,0.33692210258591127,,
IDRiD_24_1024_2560,,,0.06666666664814815,0.056338028142564306,,,,
IDRiD_24_1536_1536,,,,,0.0,0.0,,
IDRiD_24_1536_2048,,,0.868347338813957,0.7711442784151382,0.3032207383893778,0.17870370368715705,,
IDRiD_24_1536_2560,,,0.4893617020532885,0.32394366190665114,,,,
IDRiD_24_1536_512,0.5069278547478866,0.42894683645787457,,,0.008219178081065866,0.004126547454728123,,
IDRiD_24_2048_1024,0.7897481481458082,0.9303315881261407,,,,,,
IDRiD_24_2048_1536,0.8051323175298665,0.9053201081239567,0.6413502108351582,0.6280991732941739,,,,
IDRiD_24_512_1536,,,,,0.0,0.0,,
IDRiD_24_512_2048,,,,,0.6900119378953438,0.5411985018388765,,
IDRiD_24_512_2560,0.7520351466500577,0.6350938454684615,,,,,,
IDRiD_24_512_512,0.8376880443167674,0.7478793590599492,,,,,,
IDRiD_25_0_1024,,,0.7207722559627897,0.6206896551341939,0.700212032024114,0.5940822682816341,0.0,0.0
IDRiD_25_0_1536,0.0,0.0,0.02109704641201849,0.010660980809476832,0.8025476630928405,0.6827052973460339,,
IDRiD_25_0_2048,0.032722696126187084,0.01663349445538361,0.0,0.0,0.6890167519465614,0.5996747727082575,0.0,0.0
IDRiD_25_0_2560,0.5758698160144764,0.5060832443916106,0.0,0.0,0.8452861916869061,0.7713865841277975,,
IDRiD_25_0_3072,0.19021209622880753,0.19565217391002696,,,0.529064869374131,0.4030808728622489,,
IDRiD_25_0_512,0.5287192293782119,0.361463414616514,0.0,0.0,0.23619255420378846,0.13430521091603126,0.0,0.0
IDRiD_25_1024_0,,,0.0,0.0,,,,
IDRiD_25_1024_1024,0.0,0.0,0.0,0.0,0.0,0.0,,
IDRiD_25_1024_1536,0.5428878318161288,0.5538509705524781,0.0,0.0,0.8562426062416323,0.7804781950505351,,
IDRiD_25_1024_2048,,,0.0,0.0,0.8779237423897186,0.861218568664336,,
IDRiD_25_1024_2560,0.7892759697876759,0.7358796637636931,0.27507886433595713,0.16717791409760904,0.8575072228231565,0.8168526521730916,,
IDRiD_25_1024_3072,0.0,0.0,,,0.8015911575343083,0.6846664591727115,,
IDRiD_25_1024_512,,,0.49085365849917273,0.44536652829248047,,,,
IDRiD_25_1536_0,,,,,0.8855218853728078,0.9633699630170806,,
IDRiD_25_1536_1024,0.485404650497608,0.9783239876748635,,,,,0.9040727027886005,0.9539481472599272
IDRiD_25_1536_1536,0.0,0.0,0.0,0.0,0.8684871837820223,0.7916210049749535,,
IDRiD_25_1536_2048,0.0,0.0,0.36569579282108483,0.3156424580123904,0.912605012538519,0.9050020870985633,0.0,0.0
IDRiD_25_1536_2560,0.47309947331715574,0.31893456240870643,0.0,0.0,0.776732898522852,0.7200506186625415,0.0,0.0
IDRiD_25_1536_3072,0.5097283265209095,0.5130646246157549,0.32706459523082054,0.20040080158312618,,,,
IDRiD_25_1536_512,0.0,0.0,0.8484042552063292,0.8715846992154139,0.0,0.0,,
IDRiD_25_2048_1024,0.0,0.0,,,,,,
IDRiD_25_2048_1536,0.20480376238617767,0.12587749483739932,0.235722964748741,0.15085536546260844,0.6931842614342467,0.654752233929539,,
IDRiD_25_2048_2048,0.1801597243964134,0.11699801698216811,0.18386108272809698,0.12211668927258366,,,,
IDRiD_25_2048_2560,0.0,0.0,0.0,0.0,0.0,0.0,,
IDRiD_25_2048_3072,,,0.19221411189875742,0.11755952379202984,0.0,0.0,,
IDRiD_25_512_1024,0.0,0.0,,,0.8122554671389187,0.7350254848946908,,
IDRiD_25_512_1536,0.6858096309796725,0.7023525671575733,0.19843487981558317,0.2743431220808081,0.6977259536711986,0.6579759179952435,,
IDRiD_25_512_2048,0.5209465089143127,0.35284424379152857,0.3038649489048453,0.19751660409478727,0.7012673506276293,0.6448390676923286,0.7951244813209273,0.6651721145405673
IDRiD_25_512_2560,0.7095383141082531,0.6684723028266687,0.044198895015414665,0.04020100500492412,0.8595928031303823,0.8240935768167847,,
IDRiD_25_512_3072,,,0.49038461514885356,0.32484076412430524,0.7424486788906627,0.6070393644365348,,
IDRiD_25_512_512,0.7656940760163368,0.6600609755762163,,,,,,
IDRiD_26_0_1024,0.4673629242764376,0.3103230890416025,0.5997931747052955,0.6682027648229947,,,,
IDRiD_26_0_1536,0.7941778975655613,0.6786438179347956,,,,,,
IDRiD_26_0_2048,,,0.26692965152748654,0.2706666666305778,,,,
IDRiD_26_0_2560,0.0,0.0,0.5160857908674235,0.4425287356067512,,,,
IDRiD_26_1024_1024,,,0.7608832807090925,0.9526066349205993,,,,
IDRiD_26_1024_1536,,,0.688747532338479,0.618841150941315,,,,
IDRiD_26_1024_2048,0.09802081937140678,0.9777183599841605,0.21656050951965597,0.13255360621197787,,,,
IDRiD_26_1024_2560,0.6526883952532139,0.500477554902882,0.453599999981856,0.6217105262476195,,,,
IDRiD_26_1024_3072,0.9262391422729518,0.9708533653787809,0.0,0.0,,,,
IDRiD_26_1536_1024,,,0.5755584756142499,0.999999999543379,,,,
IDRiD_26_1536_1536,,,0.7504798464131248,0.823157894650194,,,,
IDRiD_26_1536_2048,0.154677688576785,0.652144772074253,,,,,,
IDRiD_26_1536_2560,,,0.6260069044518983,0.9267461667927179,,,,
IDRiD_26_1536_3072,0.3870803662159949,0.30007886434147957,0.315940985954806,0.19195452557096834,,,,
IDRiD_26_2048_1024,,,,,0.8473019516822845,0.9111111108861454,,
IDRiD_26_2048_1536,0.25638371290102857,0.9649350648097488,0.0,0.0,,,,
IDRiD_26_2048_2048,,,0.8153005463589835,0.9613402059377989,,,,
IDRiD_26_2048_3072,0.8141092424407343,0.6887433895657423,,,,,,
IDRiD_26_512_1024,0.8264909779201215,0.7815696484956148,0.0,0.0,,,,
IDRiD_26_512_1536,0.0,0.0,0.47379912661169216,0.9999999997695852,,,,
IDRiD_26_512_2048,0.7284288541679858,0.899344910045759,0.6718714121622058,0.6757505773515993,0.6625372791772761,0.6872917657930847,,
IDRiD_26_512_2560,,,0.7669172932068723,0.7780859916242658,,,,
IDRiD_26_512_3072,0.6302192850692395,0.505055368317955,0.5929203538511237,0.42138364766623154,,,,
IDRiD_26_512_3584,0.0,0.0,,,,,,
IDRiD_26_512_512,0.6635379061132297,0.8493530498290801,,,,,,
IDRiD_27_0_1024,,,,,0.877618522505224,0.781925343657775,,
IDRiD_27_0_1536,0.0,0.0,0.7464607463646769,0.892307692033136,0.48866913883441826,0.32762430937416437,,
IDRiD_27_0_2048,0.0,0.0,,,,,,
IDRiD_27_0_2560,0.26734055995034023,0.3738839285644739,0.21788470266827578,0.12226184410992043,,,,
IDRiD_27_0_3072,,,0.0,0.0,,,,
IDRiD_27_0_512,0.0,0.0,0.7093889716311931,0.5935162094023048,,,,
IDRiD_27_1024_0,0.8075463743591109,0.7010064043787556,0.13300492607561454,0.08737864074842115,0.4043126684091223,0.5791505789269689,,
IDRiD_27_1024_1024,0.05734767023034133,0.03636363634710744,0.7241930328947206,0.7085678548650051,0.7454153182107494,0.7120041215501286,,
IDRiD_27_1024_1536,0.0,0.0,0.6085649886845556,0.6982758619485732,0.8136323464382809,0.8634232121821404,,
IDRiD_27_1024_2048,,,0.7363083163926821,0.8249999999062501,0.6811981020065065,0.5653458035794894,,
IDRiD_27_1024_2560,,,0.06431852985232489,0.033227848096008254,,,,
IDRiD_27_1024_512,0.5719526429786235,0.9953569355197123,0.6225165562749002,0.7551413881262762,0.7176236639279292,0.681539187905081,,
IDRiD_27_1536_0,0.8329457528187689,0.7888835495692064,0.0,0.0,,,,
IDRiD_27_1536_1024,0.3887789346838587,0.2908458864388973,0.5042120402608545,0.5010208248060016,0.5001969279145294,0.346994535509645,,
IDRiD_27_1536_1536,0.0,0.0,0.13079470197592757,0.08568329717075018,0.792125072373297,0.7507055503174866,,
IDRiD_27_1536_2048,,,0.5468577728173255,0.6408268732194246,0.0,0.0,,
IDRiD_27_1536_2560,,,0.35588235288884085,0.5789473681440443,,,,
IDRiD_27_1536_512,0.6183404975861773,0.4736106953958534,0.48355263156304107,0.6947069942632601,0.6863955356329889,0.5587830396398846,,
IDRiD_27_2048_1024,0.5268079800334536,0.5081178592598846,0.515224358953717,0.6117982872871742,0.651299081839201,0.5428199283444214,,
IDRiD_27_2048_1536,0.0,0.0,0.5576420251828467,0.48471074378162354,0.6971284845871187,0.6365550239112622,,
IDRiD_27_2048_2048,0.8188464662543117,0.7881157153410386,0.4103773583937789,0.9999999988505748,0.46153846151641004,0.32459677417173405,,
IDRiD_27_2048_512,0.4618525133844896,0.5358200118096021,0.44270403955306253,0.32388419780917466,,,,
IDRiD_27_512_1024,0.0,0.0,0.7666466706198772,0.931486880330687,0.6787582838967995,0.6422442243800498,,
IDRiD_27_512_1536,,,0.30500582070401594,0.2290209790009597,0.7093819434965338,0.7158414935415407,,
IDRiD_27_512_2048,,,0.6450381678158325,0.7379912660532789,0.722817173171994,0.9116573375295289,,
IDRiD_27_512_512,0.5058859975177673,0.7327798967751228,0.053936494125535604,0.032683183972974,,,,
IDRiD_28_0_3072,,,,,0.8289241621113009,0.7230769228544378,,
IDRiD_28_1024_1536,,,0.6065442936467242,0.5993690850789639,0.5246478873123978,0.44017725256867885,,
IDRiD_28_1024_2048,,,0.1904761904608171,0.1351660939134976,0.0,0.0,,
IDRiD_28_1024_2560,0.7264457439660025,0.737953795330828,0.5112612612036869,0.8798449608992848,,,,
IDRiD_28_1024_3072,0.0,0.0,0.4317897371444437,0.9971098263014133,,,,
IDRiD_28_1536_1536,0.8059909438939049,0.8432944605799347,,,0.0,0.0,,
IDRiD_28_1536_2048,0.8419594509401592,0.7428888888723802,0.8293963252416282,0.9404761899163833,0.4493758667892683,0.3028037382611582,,
IDRiD_28_1536_2560,0.8541418740577733,0.8725158562275632,0.46728971958249627,0.8833922258362571,0.40597954363446265,0.3633802816389605,,
IDRiD_28_1536_3072,,,0.5308848079247271,0.43089430882631585,,,,
IDRiD_28_2048_1024,0.0,0.0,,,,,,
IDRiD_28_2048_1536,0.6512702078307071,0.7316530762986172,0.0,0.0,,,,
IDRiD_28_2048_2048,0.7663144810203134,0.7009664581750445,0.29830508469520256,0.17670682727375364,,,,
IDRiD_28_2048_2560,0.0,0.0,0.4269810084854629,0.7581395347074094,,,,
IDRiD_28_2048_3072,0.8610800744558258,0.7945017181584535,,,,,,
IDRiD_28_2048_512,0.7420998979875536,0.9122807015257441,,,,,,
IDRiD_28_512_1536,0.8393863904439572,0.8180424226726798,,,,,,
IDRiD_28_512_2048,0.7656320287727029,0.6913078797444636,0.5405960944973693,0.9100346017612336,0.3444976075730867,0.21176470582006918,,
IDRiD_28_512_2560,0.0,0.0,0.36172450048772614,0.30659536536424326,,,,
IDRiD_28_512_3072,0.8050188205569632,0.8769819573057964,,,,,,
IDRiD_29_0_1024,,,0.7114228456200979,0.8217592590690371,,,,
IDRiD_29_0_1536,,,0.6594464499808127,0.6372093021773931,,,,
IDRiD_29_0_2560,0.0,0.0,0.6382978722649766,0.6338028167526284,,,,
IDRiD_29_1024_1024,,,,,0.7336757153158798,0.7389162561212356,,
IDRiD_29_1024_2048,,,0.27895981084173055,0.19765494134042633,,,,
IDRiD_29_1024_2560,,,0.5722713862618668,0.447004608088938,,,,
IDRiD_29_1024_3072,0.0,0.0,,,,,,
IDRiD_29_1536_1024,,,0.0,0.0,0.0,0.0,,
IDRiD_29_1536_1536,,,0.5798319326919004,0.5814606739939717,,,,
IDRiD_29_1536_2560,,,0.5537190080356533,0.9436619705018846,,,,
IDRiD_29_1536_3072,0.0296479308196635,0.01504702194263028,0.30427350422149174,0.9999999988764046,,,,
IDRiD_29_2048_1024,,,0.795640326867079,0.9480519477441389,0.6304347819234405,0.9062499971679687,,
IDRiD_29_2048_1536,,,0.9258649092379135,0.8699690399783377,,,,
IDRiD_29_2048_2560,,,0.8344198173618749,0.9495548958606661,0.47109577217678206,0.9999999996336996,,
IDRiD_29_2048_3072,,,0.5289256193975822,0.35955056139376346,,,,
IDRiD_29_512_2048,,,0.0,0.0,,,,
IDRiD_29_512_2560,,,0.534270650169724,0.3958333332302517,,,,
IDRiD_29_512_3072,,,0.6066666664644444,0.9381443289297482,,,,
IDRiD_30_0_1024,,,0.0,0.0,,,,
IDRiD_30_0_2048,0.7628128724651565,0.8500362231293767,0.0,0.0,,,,
IDRiD_30_0_2560,0.6159901598864456,0.48209472466376224,0.0,0.0,,,0.7624081344973199,0.7427422518561911
IDRiD_30_1024_1024,0.7655693144018992,0.659691859247765,,,0.5466052934302531,0.6347438752501228,,
IDRiD_30_1024_1536,,,,,0.8071657244001964,0.814881034234426,,
IDRiD_30_1024_2048,0.0,0.0,0.6023622046947656,0.6594827585496247,0.5513094083307215,0.4802298073511244,,
IDRiD_30_1024_512,0.32147513503146324,0.22340150142087237,0.02992843200846269,0.01894563426532573,0.4782608693572779,0.31428571410612244,,
IDRiD_30_1536_1024,,,,,0.5866616427922634,0.6278225806198459,,
IDRiD_30_1536_1536,,,,,0.40184177478435157,0.3758809709964071,,
IDRiD_30_1536_2048,0.9199151418599852,0.8987046631891528,0.8121951218521714,0.8975741237472845,0.6726433034318761,0.6779846658993436,,
IDRiD_30_1536_2560,,,0.7869918697907331,0.6894586892622624,,,,
IDRiD_30_1536_512,0.0,0.0,0.3731109952906143,0.28708901360969613,0.6557680443967993,0.5175267769952518,,
IDRiD_30_2048_2048,0.8234937323047741,0.7679834071766948,0.5260454878750533,0.4637774902675435,,,,
IDRiD_30_2048_2560,,,,,,,0.5640866872890375,0.40167548499110783
IDRiD_30_512_1024,0.0,0.0,,,,,,
IDRiD_30_512_2560,,,0.647435897406253,0.9592944367762152,,,,
IDRiD_30_512_512,0.0,0.0,,,,,,
IDRiD_31_0_1024,,,0.7355223880157896,0.6984126983335134,,,,
IDRiD_31_0_1536,0.7990215012216538,0.8370972714627829,0.5720930232114656,0.7001897531878198,0.6750636132272578,0.5853281853217283,0.8939471068749086,0.8643821488802532
IDRiD_31_0_2048,0.7390624431729313,0.7352919892847869,0.39438302956694404,0.2828975567817018,0.766456904470293,0.6753052579033727,0.7946452193227226,0.8859654297655419
IDRiD_31_0_2560,0.826642393041757,0.7305003883239182,0.7628865976759839,0.6491228066379399,0.6082348145004437,0.46479750777368234,0.24604523466798214,0.1402802623711944
IDRiD_31_0_3072,0.7855198540738445,0.9916395068655828,,,,,0.7924891318897815,0.7176410912363151
IDRiD_31_0_512,,,0.6331360944872378,0.93859649040474,,,,
IDRiD_31_1024_0,,,0.8622589530492757,0.9936507933353489,,,0.06650281914028476,0.034395094959856515
IDRiD_31_1024_1536,0.9529389899138669,0.931285012330208,0.5672727272039669,0.5404157042631834,0.8302691180315279,0.8014403292043649,,
IDRiD_31_1024_2048,,,0.7553551295653489,0.7863849763412242,0.8009764360045784,0.7075961623034275,,
IDRiD_31_1024_2560,0.0,0.0,,,,,,
IDRiD_31_1024_3072,0.0,0.0,,,,,,
IDRiD_31_1024_512,0.0,0.0,,,,,0.0,0.0
IDRiD_31_1536_0,0.28228962817773734,0.1793224904156291,,,,,0.05497735209690198,0.02836955358088581
IDRiD_31_1536_1024,0.7859761255683243,0.6957896488484642,,,0.7508722958565641,0.6924066923621359,,
IDRiD_31_1536_1536,0.8722406180955281,0.8212522733070765,0.7529880476587673,0.9895287952934404,,,,
IDRiD_31_1536_2048,0.0,0.0,,,0.7930635837921081,0.7021494370162666,,
IDRiD_31_1536_2560,,,,,0.7016021361581575,0.8685950412505293,,
IDRiD_31_1536_512,0.6739467520019994,0.5511250202312031,0.0,0.0,0.33593749986877436,0.2018779341775221,0.0,0.0
IDRiD_31_2048_1024,,,0.4673913042631538,0.42999999985666665,,,,
IDRiD_31_2048_2048,,,,,0.899696048495487,0.9966329962974299,,
IDRiD_31_512_0,0.8195858981487432,0.7198466528976718,,,0.6547945204582474,0.5519630483713711,,
IDRiD_31_512_1024,0.7221138722823396,0.8232678238298198,,,,,,
IDRiD_31_512_1536,0.5208195637719627,0.5185916419704314,0.6423173803121967,0.8838821488936079,,,,
IDRiD_31_512_2048,0.0,0.0,0.7331306990435786,0.6334033612780039,0.6761512541865912,0.5940789473293369,,
IDRiD_31_512_2560,0.0,0.0,0.727272727166089,0.8701754382911664,0.7949534541793857,0.7841952633933255,,
IDRiD_31_512_3072,0.7413526868380068,0.7721132196723688,,,,,0.0,0.0
IDRiD_31_512_512,0.7282233052703346,0.6183596689209011,0.6646795826133116,0.8991935480245188,0.0,0.0,,
IDRiD_32_0_1024,0.7094188376688885,0.6111111111015206,,,,,,
IDRiD_32_0_2048,,,0.7837837837308254,0.8089260807797872,,,0.7973231357362017,0.8624612202242781
IDRiD_32_0_2560,,,,,,,0.7422436191321173,0.9505774124001705
IDRiD_32_0_512,0.0,0.0,,,,,,
IDRiD_32_1024_2048,,,0.43818466346820273,0.44164037840957715,0.7778425655523123,0.8617571058318144,,
IDRiD_32_1024_2560,0.0,0.0,,,0.8589356263058017,0.8543125082523633,,
IDRiD_32_1024_3072,0.73310104524508,0.587709497141038,0.26806083647642004,0.1552863435952328,0.8700330154672107,0.8261561475513983,,
IDRiD_32_1536_0,0.17685037896344294,0.09781596107962098,,,,,,
IDRiD_32_1536_1024,,,,,0.0,0.0,,
IDRiD_32_1536_2048,,,,,0.2669491525282336,0.9767441856679285,,
IDRiD_32_1536_2560,,,,,0.8291948833584771,0.7512953367670768,,
IDRiD_32_1536_3072,,,,,0.7835412562752563,0.719742661812636,,
IDRiD_32_1536_512,0.2080408423673248,0.27121464224033154,,,,,,
IDRiD_32_2048_0,0.0,0.0,,,,,,
IDRiD_32_2048_1024,0.805488822833166,0.8009231142928825,,,,,0.8959276017861079,0.8134364426866392
IDRiD_32_2048_1536,0.0,0.0,0.0,0.0,,,,
IDRiD_32_2048_2048,0.06266318537531784,0.03234501347534528,,,,,0.7967366170725677,0.6838675853753454
IDRiD_32_2048_2560,0.7174987814169104,0.6444833625138293,,,,,,
IDRiD_32_2048_3072,0.47188627200356703,0.3088031102385781,0.7515151514012857,0.9018181814902478,,,,
IDRiD_32_2048_512,0.8923354141135701,0.9097231334351171,,,,,0.8495951416918056,0.9999999999761735
IDRiD_32_512_1024,0.42261904757712115,0.311403508726403,,,,,,
IDRiD_32_512_2048,,,,,0.5772357722403992,0.9999999992957747,,
IDRiD_32_512_2560,,,0.7051509768467894,0.6856649394325277,0.7982585162040462,0.8139172165469235,0.8842021488190672,0.9456928838790315
IDRiD_32_512_3072,,,,,0.8152450830447849,0.8004802881568845,,
IDRiD_32_512_512,0.0,0.0,,,,,,
IDRiD_33_0_1024,0.822723814333687,0.6991379310043475,,,0.5525383706549541,0.3817292005902563,,
IDRiD_33_0_1536,0.706167978997991,0.6317210612745747,0.4936562859868909,0.9067796606327205,,,,
IDRiD_33_0_2048,0.0,0.0,0.8261287223029655,0.7832422585094276,,,,
IDRiD_33_0_2560,0.5980720636394982,0.5258549751472109,0.9020172909363088,0.8942857140302041,,,,
IDRiD_33_0_3072,0.24701195218772037,0.27269871189843864,0.0,0.0,,,,
IDRiD_33_1024_0,0.8552041232494523,0.8060390018815542,,,0.6562499998291015,0.6086956518798572,,
IDRiD_33_1024_1024,0.7595594983117194,0.9823936696145916,0.853658536325104,0.8284023663737264,0.581958195787571,0.5539267015126779,,
IDRiD_33_1024_1536,0.6661486158296933,0.8990561090600543,0.5342752485469839,0.49276061773683594,0.6139396935168816,0.6807344477752608,,
IDRiD_33_1024_2048,0.6049239920637398,0.5449538553059697,0.6076817558194842,0.5598736176758334,0.7031214050103296,0.7080630213050964,,
IDRiD_33_1024_2560,0.7904288821765838,0.7891734197679794,0.4067567567475956,0.28476821191154944,0.6442610062766458,0.6032388663745588,,
IDRiD_33_1024_3072,0.854069098400048,0.7657277220559253,0.6929762743553447,0.6327756327484867,0.545454545218418,0.5779816508458884,,
IDRiD_33_1024_3584,,,0.0,0.0,,,,
IDRiD_33_1024_512,0.7598073320825266,0.8142349162605286,,,0.0,0.0,,
IDRiD_33_1536_0,,,0.3426294820034603,0.20673076918107433,0.0,0.0,,
IDRiD_33_1536_1024,0.5835365853599234,0.5458174904839198,0.0,0.0,0.276676829264778,0.4408906882412595,,
IDRiD_33_1536_1536,0.7159207514348731,0.8892156862570743,0.14350453171121566,0.09030418250092165,0.5878274889110211,0.537203477227977,,
IDRiD_33_1536_2048,0.513207547105257,0.4154786149866642,0.7583465818157117,0.6445945945074872,0.7188388823794594,0.6836661627760071,,
IDRiD_33_1536_2560,0.7529722588968832,0.629416961102941,0.6878154289586224,0.7517730495861487,0.6303680981474239,0.5325558794774035,,
IDRiD_33_1536_3072,0.6461258171651155,0.5206839968864264,0.5793794350830753,0.46870778927355455,,,,
IDRiD_33_1536_3584,0.7742234584712925,0.643793369264164,,,,,,
IDRiD_33_1536_512,0.8333629682301544,0.7860736847968187,,,0.47445255465794667,0.3927492445943355,,
IDRiD_33_2048_1024,,,0.6688311687225924,0.5049019606605633,0.9401913874473455,0.9608801953640879,,
IDRiD_33_2048_1536,0.6182981230484109,0.6126772310156351,0.4503697936852789,0.3543644716583656,0.5925063094429721,0.5736842105047487,,
IDRiD_33_2048_2048,0.6369335482601302,0.5229411764552077,0.6935123041729853,0.7345971562240291,0.7382066016254295,0.7113972955478249,,
IDRiD_33_2048_2560,0.6534351144947477,0.9572997152925051,0.6564729866812974,0.7076923075367709,0.5135427951772976,0.4003378377702132,,
IDRiD_33_2048_3072,0.21882951652830382,0.38808664252922626,0.7092024539007113,0.7665782491335336,,,,
IDRiD_33_2048_512,0.6939836985801465,0.5544800324318139,0.07568590349331258,0.06482982170748301,0.07843137253503897,0.040816326523039646,0.6134108449372214,0.549273020991756
IDRiD_33_512_0,0.732347810111722,0.6264530317212307,,,,,,
IDRiD_33_512_1536,0.8115519568107338,0.7811493297227355,0.37435456108544085,0.2903871828911624,0.48451730417178446,0.3900293254903208,,
IDRiD_33_512_2048,0.7909897226512868,0.76194092597911,0.4461232604196373,0.3237160992311762,0.6867105985627854,0.6412820512656082,,
IDRiD_33_512_2560,0.6597781406592157,0.6883040592099612,0.3395721925076943,0.4620281946129137,0.4179456906236192,0.36122448972219906,,
IDRiD_33_512_3072,0.5626713532473626,0.4970811079307281,0.38251879697450575,0.25956632651405825,,,,
IDRiD_33_512_512,0.2742154642492771,0.16252492713481725,0.0,0.0,,,,
IDRiD_34_0_1024,0.7197603870615178,0.5731409001886847,0.0,0.0,0.0,0.0,,
IDRiD_34_0_1536,,,0.0,0.0,,,,
IDRiD_34_0_2048,0.5228185083428966,0.4041649652886552,,,,,,
IDRiD_34_0_2560,0.09540269616150358,0.05009983663005809,,,0.03193122505324023,0.016224648985706323,,
IDRiD_34_0_3072,,,0.0,0.0,0.0,0.0,,
IDRiD_34_0_512,0.0,0.0,,,,,,
IDRiD_34_1024_1024,,,,,0.24390243897862995,0.14038876886816656,,
IDRiD_34_1024_1536,,,0.5584541062532148,0.5202520251556928,0.3893333332814222,0.2949494948899092,,
IDRiD_34_1024_2048,,,0.7264472189867824,0.7390300229240115,,,,
IDRiD_34_1024_3072,0.8246600332658718,0.8650673537530924,0.7445887442664119,0.601398600978043,0.8410231890786273,0.838817358090662,,
IDRiD_34_1024_3584,0.0,0.0,,,,,,
IDRiD_34_1024_512,,,,,0.0,0.0,,
IDRiD_34_1536_0,0.2598230088480246,0.15352436728610802,,,,,,
IDRiD_34_1536_1024,0.4900787401420448,0.3907584128382341,0.0,0.0,0.6811594202449829,0.6221419975183945,,
IDRiD_34_1536_1536,0.7186922530103953,0.6550919927272586,0.0,0.0,0.07119741099171563,0.03846153845481442,,
IDRiD_34_1536_2048,0.6558504351492871,0.5816657137300998,0.0,0.0,,,,
IDRiD_34_1536_3072,0.6777965817428566,0.5372845713167743,,,0.6626658243631502,0.6028735631837429,,
IDRiD_34_1536_3584,0.2039144287572183,0.13493975902801567,,,,,,
IDRiD_34_1536_512,0.7739634179038057,0.7133887076023104,0.6801099907717589,0.6857670978399691,,,,
IDRiD_34_2048_0,0.0,0.0,,,,,,
IDRiD_34_2048_1024,0.0,0.0,0.6740300198053234,0.595595595565786,0.7212364052248863,0.8961593170844724,,
IDRiD_34_2048_1536,0.7919482386753128,0.6556622490252533,,,0.3873217115566618,0.5156118143024799,,
IDRiD_34_2048_2048,0.7752751031570213,0.7911914370803441,0.5913370997559946,0.5147540982762698,0.27925531913036866,0.202507232381629,,
IDRiD_34_2048_2560,0.6747269132259093,0.5255769327853074,,,,,,
IDRiD_34_2048_3072,,,,,0.7800829875302882,0.6891495600836193,,
IDRiD_34_2048_512,0.7783798728206293,0.7033225081153968,0.36149513567017433,0.23659517424687698,0.6799999999284211,0.5686619717308694,,
IDRiD_34_512_1024,0.7404783465605651,0.6169858636057411,0.0,0.0,0.8391866911572669,0.965957446397465,,
IDRiD_34_512_1536,0.0,0.0,0.5613496931654371,0.8206278023225885,0.7796234772115589,0.9971671385277147,,
IDRiD_34_512_2560,0.3100030038957644,0.22701275845899638,,,0.0,0.0,,
IDRiD_34_512_3072,0.49775585696425273,0.3418467583473894,0.0,0.0,0.0,0.0,,
IDRiD_34_512_3584,0.0,0.0,,,,,,
IDRiD_34_512_512,0.7179953062287885,0.6893109797427593,0.0,0.0,,,,
IDRiD_35_0_1024,,,0.30472636814025333,0.19066147858438431,0.0,0.0,,
IDRiD_35_0_1536,0.08361379890574457,0.07304299889679305,,,0.0,0.0,0.0,0.0
IDRiD_35_0_2048,0.1540629582370283,0.08569007520371637,0.2284263959100982,0.21276595739650922,,,0.0,0.0
IDRiD_35_0_2560,0.49401105650915994,0.7690652641552824,,,,,,
IDRiD_35_1024_0,0.4118402174726047,0.27002005099321724,,,,,,
IDRiD_35_1024_1024,0.1268753074272521,0.9925444925206218,,,,,,
IDRiD_35_1024_1536,0.12227218349027567,0.13052668662911285,,,0.6065318817097152,0.43721973084367266,0.14345001804273322,0.07726698415708749
IDRiD_35_1024_2048,0.8123159303845947,0.934784841317297,0.4554455444642682,0.4655870443459162,0.8255651459070055,0.8240072202098456,,
IDRiD_35_1024_2560,0.7547693793758229,0.6534089424291075,0.6231187960095063,0.5222758990594591,0.6126549807479125,0.6048965808102619,,
IDRiD_35_1024_3072,0.8033731739697166,0.6742382024460573,,,,,,
IDRiD_35_1024_512,0.008589362404879595,0.004376367614805986,0.2621951219112508,0.15087719295598648,,,,
IDRiD_35_1536_0,0.0,0.0,,,,,,
IDRiD_35_1536_1024,,,0.3736434108237485,0.2879330943503067,,,,
IDRiD_35_1536_1536,,,0.1646234675718698,0.08969465647143232,,,,
IDRiD_35_1536_2048,,,0.11480075900783679,0.06157760813935992,0.7096111015811272,0.6471874999797754,,
IDRiD_35_1536_2560,0.22110552763601235,0.13841598815521322,0.5504424778273944,0.4430199429568348,0.6412614979446437,0.5202558634285168,,
IDRiD_35_1536_3072,0.46559102872128894,0.9102053599350802,,,,,,
IDRiD_35_1536_512,0.8221181829664125,0.7275374003371515,,,,,,
IDRiD_35_2048_1024,,,,,,,0.8608197847453134,0.7583313160594017
IDRiD_35_2048_2048,0.8596476853678029,0.8324341478763498,0.0,0.0,0.8213333332238223,0.9277108430940629,,
IDRiD_35_2048_512,0.3987436221764916,0.8807685063045094,,,,,0.7842264150913802,0.7089929039252935
IDRiD_35_512_0,0.0,0.0,,,,,,
IDRiD_35_512_1024,,,0.0,0.0,,,,
IDRiD_35_512_1536,0.5322796678203552,0.3628560993359595,,,0.0,0.0,0.8041191936721271,0.6927142317594295
IDRiD_35_512_2048,0.7744333138770807,0.6802686923207562,0.5433723196748691,0.5415250121155161,0.8240963853435912,0.7245762708794169,0.0,0.0
IDRiD_35_512_2560,0.6274917663264432,0.6160653505576561,0.37723577232705396,0.23697650661522202,,,,
IDRiD_35_512_512,0.17448289985485885,0.235749861642619,0.0,0.0,,,,
IDRiD_36_0_1024,,,0.6963730569587371,0.7409040793008926,,,,
IDRiD_36_0_1536,0.5212158617416878,0.47086701978057244,0.4126074497976207,0.3295194507255104,0.7069324605561758,0.6696730552046407,,
IDRiD_36_1024_1024,,,0.5762711863011449,0.49173553698688616,0.7692307690267292,0.700483091449042,,
IDRiD_36_1024_1536,0.8558373314860445,0.9132130667521593,0.3714285713906706,0.28482003125433175,0.6908077993947905,0.6748299318809755,,
IDRiD_36_1024_2048,,,0.7908366533076856,0.8725274723357082,,,,
IDRiD_36_1024_3584,0.49655941974155554,0.3597413096103546,,,,,,
IDRiD_36_1024_512,0.7074607329611433,0.60290016728372,0.3700440528226824,0.5350318469633656,,,,
IDRiD_36_1536_1024,,,0.1301204819172594,0.06958762886000106,0.5842696628803181,0.4297520660713066,,
IDRiD_36_1536_1536,0.6734914299099625,0.5153801926080539,,,,,,
IDRiD_36_1536_2048,0.6542155816260882,0.5372480280220312,,,,,,
IDRiD_36_1536_3584,0.0,0.0,,,,,,
IDRiD_36_1536_512,0.0,0.0,0.696707105598491,0.7790697671398954,0.0,0.0,,
IDRiD_36_2048_1024,,,0.0,0.0,0.8216463414007891,0.9135593218790578,,
IDRiD_36_2048_1536,,,0.6468023255343893,0.8364661652563034,,,,
IDRiD_36_2048_3072,0.3111610123192597,0.20466248852259525,,,,,,
IDRiD_36_2048_512,0.5667559565689164,0.4342190537819352,0.6759326992921775,0.6078947367621191,,,,
IDRiD_36_512_1024,,,0.6340867440052482,0.4859550561342738,,,,
IDRiD_36_512_1536,,,0.8137285491165763,0.8221941991915388,0.6551111110819952,0.5938759064791397,,
IDRiD_36_512_2048,,,0.6015132408195767,0.4640077820560303,0.7832167830342152,0.6640316202908966,,
IDRiD_37_0_1024,0.6594141277874105,0.5230983949731421,,,0.4108108106997808,0.2585034012726179,,
IDRiD_37_0_1536,,,0.8393903867714666,0.8753056232578714,,,,
IDRiD_37_0_2048,,,0.901345291378773,0.8553191487541874,0.024096385513136885,0.012195121936347413,,
IDRiD_37_1024_1024,,,0.6642857140484694,0.4973262029426063,,,,
IDRiD_37_1024_1536,0.23008849555825306,0.13109243696377373,0.6993755574755239,0.8322717620313648,0.8571763053098971,0.8361310951143527,,
IDRiD_37_1024_2048,,,0.9400386845377102,0.9239543722722606,0.8762044599390831,0.8679999999921091,,
IDRiD_37_1024_2560,,,0.5324232080094118,0.4062499997884115,0.0,0.0,,
IDRiD_37_1024_3072,,,0.0,0.0,,,,
IDRiD_37_1536_1536,,,0.6902788243639578,0.5797468353696523,,,,
IDRiD_37_1536_2048,0.5037037036829752,0.3377483443522214,,,0.6985294116362998,0.9313725485630527,,
IDRiD_37_1536_2560,,,0.6301507537371783,0.5081037276735734,0.0,0.0,,
IDRiD_37_1536_3072,0.3209509658127433,0.37177280547575103,0.2666666666441631,0.1850117095802094,0.0,0.0,,
IDRiD_37_1536_512,0.1153136531347584,0.06118453254917304,,,,,,
IDRiD_37_2048_3072,,,0.0,0.0,,,,
IDRiD_37_2048_512,0.8674568382266198,0.9191421034416889,,,,,,
IDRiD_37_512_1536,0.05177993525832364,0.026936026926957565,,,0.5726907630292093,0.5471987720224712,,
IDRiD_37_512_2048,0.3910838993552943,0.24307289808249405,0.5994065280120455,0.5771428568130612,0.6514470609266323,0.5220397579797742,,
IDRiD_37_512_2560,,,0.7523961660740898,0.9999999997876857,0.4545454542871901,0.3100775191394748,,
IDRiD_38_0_2048,,,0.32247557000631305,0.19565217389371026,,,,
IDRiD_38_0_2560,,,0.5922551251498279,0.43918918904081444,,,,
IDRiD_38_0_512,,,,,0.2594142258328811,0.14903846146680844,,
IDRiD_38_1024_1024,,,0.8075560802356814,0.9243243241994157,0.0,0.0,,
IDRiD_38_1024_1536,0.6202956989038879,0.613696808469834,0.5751258087293223,0.40899795496840513,,,,
IDRiD_38_1024_2048,,,0.8088064888981684,0.857493857283171,,,,
IDRiD_38_1024_3072,,,0.21612349910529616,0.12115384613054735,,,,
IDRiD_38_1536_1024,,,0.26666666665197425,0.208981001709069,0.6949327817275147,0.6109090907980166,,
IDRiD_38_1536_1536,,,0.0,0.0,0.7106773823123739,0.6257792754738706,,
IDRiD_38_1536_2048,,,0.4690067213988792,0.607350096594323,0.0,0.0,,
IDRiD_38_1536_2560,,,0.0,0.0,,,,
IDRiD_38_1536_3072,,,,,,,0.7291390728396342,0.6273504273385119
IDRiD_38_2048_1024,,,0.6288888888539506,0.4969271290169511,0.424037812260362,0.2728062554063591,,
IDRiD_38_2048_1536,,,0.4688995214563159,0.3062499999361979,0.39441535773172637,0.24753559690607496,,
IDRiD_38_2048_2048,0.6037234042438503,0.4709543568325147,,,,,,
IDRiD_38_512_1024,,,0.7816593884756202,0.7850877189539089,0.6405529953179087,0.6205357141472018,,
IDRiD_38_512_1536,,,0.7815384614583037,0.8860465114218496,0.5508241757863445,0.38009478669382984,,
IDRiD_38_512_2560,0.8432355046327074,0.8083257090206621,0.7048138055672285,0.9107981218519253,0.0,0.0,,
IDRiD_38_512_3072,,,0.0,0.0,,,0.8726735598190645,0.7802430005223738
IDRiD_39_0_1024,0.17104527668132782,0.09514925372542604,0.0,0.0,,,0.5498203819143539,0.47469800847291227
IDRiD_39_0_1536,0.0,0.0,0.5013927575205034,0.35156249986267085,0.0,0.0,,
IDRiD_39_0_2048,0.016956337430755482,0.008665511264976918,0.64428619868958,0.6393001345464805,,,,
IDRiD_39_0_2560,0.7220275006724138,0.9280887194540051,,,,,0.8437664386942724,0.7512880561708999
IDRiD_39_0_3072,0.722241681248297,0.948045976967906,,,,,,
IDRiD_39_0_512,0.8778913393825771,0.8071216616412343,0.0,0.0,0.11204481792560161,0.5706134093337214,0.07652134423164712,0.04195194821309658
IDRiD_39_1024_0,0.8810949529418188,0.82532051280398,0.8292682926234384,0.8268955649746931,,,,
IDRiD_39_1024_1024,0.7360343768957632,0.5857352222478879,0.47323506590587777,0.48956661308353666,0.30663615553623885,0.2991071427236129,,
IDRiD_39_1024_1536,0.11701105237725838,0.10843910042065377,0.515970515958991,0.5332409972052983,0.4952251023023457,0.6459074732521434,,
IDRiD_39_1024_2048,0.7580215776830879,0.8930340045925047,0.6487046631900275,0.9710444673246076,0.6511987625173087,0.5229813663946608,,
IDRiD_39_1024_3072,0.30373831772152593,0.6132075468805624,0.7370803470110494,0.706946454362739,0.08783382788796237,0.045934202355932076,,
IDRiD_39_1024_3584,0.7927530777872547,0.8951074420189983,,,0.0,0.0,,
IDRiD_39_1024_512,0.5734702992343292,0.6484848484684727,0.5591397849356887,0.43106457241329077,0.5296052630707886,0.37011494244365173,,
IDRiD_39_1536_0,,,0.7843137253364091,0.6802721086121523,,,,
IDRiD_39_1536_1024,0.31410256410188386,0.6870677404008804,0.39281530650555196,0.3554770317769981,0.7167630055731898,0.7701863349253502,,
IDRiD_39_1536_1536,0.4478686311950526,0.8376104332840719,0.2732718893946251,0.17006022368310697,0.4626682986455208,0.7773207990142584,,
IDRiD_39_1536_2048,0.5158961094917777,0.8229327832074449,0.19833795013301003,0.11247251020695971,,,,
IDRiD_39_1536_2560,0.6231279155337205,0.7726027397025084,0.17558886508382662,0.09654631082444691,,,,
IDRiD_39_1536_3072,0.6868686868663508,0.5383877159280316,0.0,0.0,0.830963664955614,0.7408450702138464,,
IDRiD_39_1536_512,0.6406117247129888,0.5759242285189147,0.5427286356414746,0.6654411763482645,,,,
IDRiD_39_2048_0,0.3653017241182488,0.2299864314633659,,,,,,
IDRiD_39_2048_1024,0.6257564754258911,0.8602329450772008,0.5860132720476767,0.6218851570290482,0.6372832369711965,0.5708737863708172,0.475400324898611,0.3132502484875506
IDRiD_39_2048_1536,0.32988659105520535,0.3351406302834585,0.5451895043334409,0.5054054053371074,0.01315789473251385,0.012820512812294543,,
IDRiD_39_2048_2048,0.4987752602495595,0.3550566695650598,0.49454545450948756,0.6137184114415671,,,,
IDRiD_39_2048_2560,0.55844809843768,0.393065187238733,0.0,0.0,,,,
IDRiD_39_2048_3072,0.7807616112672214,0.6683625400372567,,,,,0.7202718694034036,0.7983990313413265
IDRiD_39_2048_512,0.6670864244828298,0.9801303193549985,0.8393556812869241,0.8975791433056257,0.6559139784064633,0.5386313464594632,0.449927078263856,0.30136763268802724
IDRiD_39_512_0,,,0.0,0.0,,,,
IDRiD_39_512_1024,0.7685758513898839,0.7892087601484528,0.5782344698648881,0.6303462321578294,0.6445219306176451,0.6427525622019491,,
IDRiD_39_512_1536,0.7194553706483526,0.6505252790509383,0.48034357448826653,0.38072793924114356,0.770426540269755,0.7244206773360278,,
IDRiD_39_512_2048,0.5944925795608261,0.7336438704058089,0.4210526315096953,0.2788671023357588,0.7042322834472384,0.7429906541670306,,
IDRiD_39_512_2560,0.39762036524076344,0.7734122712177927,0.5641025640489931,0.4046321525334289,,,0.0,0.0
IDRiD_39_512_512,0.7338956117789152,0.6678531701816701,0.0,0.0,0.0,0.0,,
IDRiD_40_0_1024,0.8811378259098837,0.8166980539349216,0.516853932439086,0.686567163666741,,,,
IDRiD_40_0_1536,0.0,0.0,0.5060679611343405,0.8545081965462072,,,,
IDRiD_40_0_2048,,,0.7818815330465587,0.9334442594120725,0.764515831249289,0.6877595083758884,,
IDRiD_40_1024_0,,,0.5690376566656746,0.8499999989375001,0.8272727268966943,0.850467288924797,,
IDRiD_40_1024_2048,,,0.7808564229771142,0.9171597627709114,0.0,0.0,,
IDRiD_40_1024_2560,,,0.8212765956864342,0.8706766915983946,0.0,0.0,,
IDRiD_40_1024_3072,,,0.3423137875844194,0.41538461522485204,,,,
IDRiD_40_1536_1536,,,,,0.8837209299756624,0.8735632178887568,,
IDRiD_40_1536_2048,,,0.6461538458224853,0.5526315784626039,0.05263157887811635,0.027027026990504018,,
IDRiD_40_1536_2560,,,0.8625893565637339,0.945993031194078,,,,
IDRiD_40_1536_3072,,,0.9144254276492847,0.9211822655560679,,,,
IDRiD_40_1536_512,,,,,0.0,0.0,,
IDRiD_40_2048_1024,,,0.8309859153466574,0.9076923073431952,,,,
IDRiD_40_2048_1536,0.0,0.0,0.59096774185923,0.9541666662690973,,,,
IDRiD_40_2048_2048,,,0.42562929052045095,0.8611111103137861,0.0,0.0,,
IDRiD_40_2048_2560,,,0.6576125803675759,0.5469678952976257,,,,
IDRiD_40_2048_3072,,,0.3900414936950121,0.2708933716798578,,,,
IDRiD_40_2048_512,,,0.46279306825047983,0.30634277998564874,,,,
IDRiD_40_512_1536,,,0.49717514114930794,0.6285714282721089,,,,
IDRiD_40_512_2048,,,,,0.5977301386383695,0.44216417902198435,,
IDRiD_40_512_2560,,,0.38769230763266277,0.28187919456781224,0.0,0.0,,
IDRiD_41_0_3072,,,0.8355437664674346,0.8289473682029085,,,,
IDRiD_41_1024_1024,0.007458048476851582,0.004713275726259758,0.5884615384238165,0.862781954725041,,,,
IDRiD_41_1024_1536,,,0.4355758266653145,0.29968619245294525,0.6151419557389366,0.45774647876578717,,
IDRiD_41_1024_2048,,,,,0.7548369997149527,0.6446355816819993,,
IDRiD_41_1024_512,,,,,0.6159844053980521,0.4495021336487195,,
IDRiD_41_1536_1024,,,,,0.7543424316681958,0.6594360085337448,,
IDRiD_41_1536_3072,0.4076361594380889,0.2559943582330046,0.6280623606619015,0.6294642854332749,,,,
IDRiD_41_1536_3584,0.0,0.0,,,,,,
IDRiD_41_1536_512,,,,,0.0,0.0,,
IDRiD_41_2048_1024,0.0,0.0,0.707943925192293,0.7632241812640775,,,,
IDRiD_41_2048_2048,,,0.6253521124999007,0.45491803260044344,,,,
IDRiD_41_2048_2560,,,0.7188139058937212,0.8117782908993328,,,,
IDRiD_41_512_1536,,,0.6566416039277392,0.49063670402797066,0.9033570701013879,0.9446808508628338,,
IDRiD_41_512_2048,,,,,0.771300448257556,0.627737226048271,,
IDRiD_41_512_3072,,,,,0.5815602834817162,0.409999999795,,
IDRiD_42_0_1024,,,,,0.7517842981164325,0.6991150441446733,,
IDRiD_42_0_512,0.0,0.0,0.6666666665774208,0.946768060476514,,,,
IDRiD_42_1024_0,,,0.0,0.0,0.5218534340939253,0.3669131238277767,,
IDRiD_42_1024_1536,,,0.805687203600548,0.8133971287974177,,,,
IDRiD_42_1024_2048,,,,,0.798197090743737,0.7696562623164893,,
IDRiD_42_1024_2560,,,,,0.8330235101057077,0.9479840716538581,,
IDRiD_42_1024_3072,,,,,0.8608923882254875,0.8961748628982651,,
IDRiD_42_1024_512,,,,,0.3110047846517937,0.18922852981233937,,
IDRiD_42_1536_0,0.7995064774337133,0.8029739775956662,,,,,,
IDRiD_42_1536_1536,,,0.0,0.0,,,,
IDRiD_42_1536_2048,,,0.695915279773689,0.9787234038388412,0.866431649006407,0.8647380765547507,,
IDRiD_42_1536_2560,,,,,0.6536180308034627,0.5455445544014312,,
IDRiD_42_2048_1536,,,0.0,0.0,,,,
IDRiD_42_2048_2048,,,,,0.0,0.0,,
IDRiD_42_2048_2560,,,0.7041036716302264,0.9999999996932515,0.0,0.0,,
IDRiD_42_512_1536,,,0.0,0.0,,,,
IDRiD_42_512_2048,,,0.6818923326783211,0.9720930228036777,,,,
IDRiD_42_512_2560,,,,,0.8277454326398929,0.7645095494088214,,
IDRiD_42_512_3072,,,,,0.0,0.0,,
IDRiD_42_512_512,0.49872300904344735,0.34445157150915806,,,0.0,0.0,,
IDRiD_43_1024_2048,,,,,0.8469130135392678,0.8297521487066273,,
IDRiD_43_1024_2560,,,0.7166023165469805,0.7019667169891125,0.7802182456544772,0.8013030650680163,,
IDRiD_43_1024_3072,,,,,0.0,0.0,,
IDRiD_43_1024_3584,,,,,0.21082621080618932,0.12091503266656699,,
IDRiD_43_1536_2048,,,,,0.7569175840298448,0.6733721545434953,,
IDRiD_43_1536_2560,,,,,0.8142458895100743,0.7686358753945366,,
IDRiD_43_512_2048,,,,,0.7895961090972807,0.9496439470524087,,
IDRiD_43_512_2560,,,,,0.0,0.0,,
IDRiD_43_512_3072,,,,,0.0,0.0,,
IDRiD_44_0_1024,,,0.8115942025064763,0.8235294109573241,,,,
IDRiD_44_0_2560,,,,,0.8216833095382386,0.778027915318414,,
IDRiD_44_0_3072,,,,,0.5876701360618358,0.44377267225589206,,
IDRiD_44_0_512,,,,,0.6720799499892517,0.5118934347752717,,
IDRiD_44_1024_0,,,,,0.0,0.0,,
IDRiD_44_1024_1024,,,0.0,0.0,0.0,0.0,,
IDRiD_44_1024_1536,,,,,0.002406738868687922,0.0012738853502373322,,
IDRiD_44_1024_3072,,,,,0.6348983881825578,0.9999999997792494,,
IDRiD_44_1024_512,,,,,0.008676789585970327,0.004357298473996231,,
IDRiD_44_1536_1024,0.8034812880626027,0.8870099922795154,,,0.6131059245822912,0.45231788077972457,,
IDRiD_44_1536_1536,,,,,0.0,0.0,,
IDRiD_44_1536_2560,,,,,0.0,0.0,,
IDRiD_44_1536_3072,,,,,0.44222539223363405,0.28388278383079074,,
IDRiD_44_1536_512,,,0.41643835605029084,0.2629757784557177,0.30834512018269516,0.18227424746115817,,
IDRiD_44_2048_1024,,,,,0.0,0.0,,
IDRiD_44_2048_1536,0.6640605912371351,0.5676691729086187,,,0.780339277912991,0.6547445254996537,,
IDRiD_44_2048_512,,,0.8680688334860289,0.8598484845227846,0.6591390261068515,0.5264344493233408,,
IDRiD_44_512_1024,,,0.8594470045092804,0.8382022470026511,,,,
IDRiD_44_512_1536,0.0,0.0,0.32406287783264054,0.9925925918573388,,,,
IDRiD_44_512_2048,,,,,0.8253968253632318,0.716101694864682,,
IDRiD_44_512_2560,,,0.7862068964161713,0.8603773581658952,0.0,0.0,,
IDRiD_44_512_512,,,0.29329173162351146,0.2292682926270077,,,,
IDRiD_45_0_1024,,,0.0,0.0,0.21814762575373073,0.12294647588113691,,
IDRiD_45_0_1536,0.8732827952404153,0.8939572992917831,0.0,0.0,0.7986521463065944,0.70164750299724,,
IDRiD_45_0_2048,,,,,0.7754373437780994,0.6650336803022024,,
IDRiD_45_0_2560,,,,,0.8468691877962263,0.7572062083417732,,
IDRiD_45_0_512,,,,,0.0,0.0,,
IDRiD_45_1024_1024,0.0,0.0,0.29684210523191135,0.4063400575197867,0.0,0.0,,
IDRiD_45_1024_2560,,,,,0.582596290996217,0.47202958851262,,
IDRiD_45_1024_512,,,,,0.7297118979386472,0.6065813528114595,,
IDRiD_45_1536_0,,,0.8861646233124055,0.9806201546586742,,,,
IDRiD_45_1536_1024,,,0.8148148145130315,0.7284768207096181,0.5679723502140561,0.4286956521552741,,
IDRiD_45_1536_1536,,,,,0.6709511567950912,0.7749406175311793,,
IDRiD_45_1536_2048,,,0.6764168188891377,0.627118643855214,,,,
IDRiD_45_1536_2560,,,,,0.1853658536133254,0.10215053760694877,,
IDRiD_45_1536_3072,,,,,0.7650602407334155,0.9921874992248536,,
IDRiD_45_1536_512,,,0.49681528646598233,0.35294117631088634,0.6293443917789361,0.5168666882822435,,
IDRiD_45_2048_1024,0.0,0.0,0.5379310344085613,0.8369098708854464,0.0,0.0,,
IDRiD_45_2048_1536,,,0.0,0.0,,,,
IDRiD_45_2048_2560,,,,,0.4249422632303762,0.27019089570188093,,
IDRiD_45_2048_512,,,,,0.7760268023279809,0.6645414939893258,,
IDRiD_45_512_1024,,,0.6029723990227235,0.43425076439319543,0.6683029452898264,0.5461318051419447,,
IDRiD_45_512_1536,,,,,0.21291696236955876,0.13574660632255686,,
IDRiD_45_512_2560,,,,,0.0,0.0,,
IDRiD_45_512_512,,,,,0.6025738076758081,0.4962593515590699,,
IDRiD_46_0_1024,,,0.8147497804376865,0.7030303029237833,,,,
IDRiD_46_0_1536,0.07843137254497258,0.04925469863582276,,,,,,
IDRiD_46_1024_1024,0.696980461805533,0.9554419283916377,0.0011600928073573031,0.0005803830527811734,0.0,0.0,,
IDRiD_46_1024_1536,0.768176677973418,0.722562883240635,0.24146147734380766,0.13730803973466052,0.822849893159646,0.7876637903433195,,
IDRiD_46_1024_2048,0.8413608324479988,0.8408892763679108,0.3504424778450936,0.2535211267281023,0.09803921566224529,0.051546391739292166,,
IDRiD_46_1536_1024,0.8381900553675362,0.8980105464897169,0.7774647887011081,0.8003314000993925,,,,
IDRiD_46_1536_1536,0.8615925646605981,0.8918356733805597,0.861971830864511,0.9415384612487573,0.7339449534550964,0.6060606051423325,,
IDRiD_46_1536_2048,0.7551957996007059,0.7775942333566963,0.0,0.0,,,,
IDRiD_46_1536_512,0.8659177920784807,0.7684438470671412,,,,,,
IDRiD_46_2048_1024,0.8715843213223361,0.8223789210968272,0.5306577480194727,0.6908563133975535,,,0.14999280264754575,0.0810768751938914
IDRiD_46_2048_1536,0.7689658297764074,0.7481481481349533,0.0,0.0,,,,
IDRiD_46_2048_2048,0.4031158714624515,0.36264891379247904,0.0,0.0,0.0,0.0,0.7730718325064789,0.641729924084681
IDRiD_46_2048_2560,,,,,,,0.0,0.0
IDRiD_46_2048_3072,0.8154751601106501,0.7092743149546933,0.8066759386917002,0.8123249297444467,,,0.18140488994743356,0.09975001524236479
IDRiD_46_2048_512,0.8420591584639762,0.7435157015379594,0.0,0.0,0.0,0.0,0.9176755447925056,0.8943153378587976
IDRiD_46_512_1024,0.9018679950130642,0.8442527395564904,0.06584362138562888,0.2077922075223478,,,,
IDRiD_46_512_1536,0.8521892847415485,0.8318566450943028,0.6781249999470215,0.8611111109402557,0.6015572105517678,0.4631222308974949,0.8983905837118696,0.8855214869149381
IDRiD_46_512_2048,0.643085812441297,0.6317888922885581,0.22483940040419279,0.3025936598551603,0.7253086418633783,0.5845771142824435,0.8315636363575886,0.929442367079671
IDRiD_47_0_1024,0.0,0.0,,,0.43186582806206386,0.2763864042686595,,
IDRiD_47_0_1536,,,,,0.6545223853484273,0.5641306045842192,,
IDRiD_47_0_2048,,,0.10526315783933518,0.05555555552469136,0.0,0.0,,
IDRiD_47_0_2560,0.7979780372878164,0.8493506493191336,0.5979945304833186,0.6344294002641336,,,0.9066943854925048,0.9301264772935336
IDRiD_47_0_512,,,,,0.43539823001143396,0.27828054292346593,,
IDRiD_47_1024_0,,,,,0.7850646242033255,0.6515693285398662,,
IDRiD_47_1024_1024,0.02636534839920315,0.9791411041743385,,,,,,
IDRiD_47_1024_2048,,,0.8388106414962738,0.9241379307158144,0.692923470999266,0.7761836441337027,,
IDRiD_47_1024_3072,0.025912545159977107,0.21532091095822492,,,,,,
IDRiD_47_1024_3584,,,0.2598870056007746,0.14935064931832237,,,,
IDRiD_47_1024_512,,,0.6659459458739518,0.9999999996753246,0.7832318939720415,0.726725923940876,,
IDRiD_47_1536_0,,,0.25429553255866133,0.1462450592307332,,,,
IDRiD_47_1536_1024,,,,,0.5643786451239065,0.46512201132696274,,
IDRiD_47_1536_1536,,,,,0.0,0.0,,
IDRiD_47_1536_3072,0.8806531510830169,0.8202323991727594,,,,,,
IDRiD_47_1536_512,,,0.3442622950255308,0.20792079203803548,,,,
IDRiD_47_2048_0,,,,,0.7384615382721893,0.8571428566326531,,
IDRiD_47_2048_1536,0.2516746411362835,0.1439518335991269,,,,,,
IDRiD_47_2048_2048,0.0,0.0,,,,,,
IDRiD_47_2048_2560,0.0,0.0,0.32028469745190663,0.20881670528797755,,,,
IDRiD_47_2048_512,,,,,0.7661691541744016,0.9213675212100227,,
IDRiD_47_512_0,,,,,0.8981818180185125,0.8401360541360081,,
IDRiD_47_512_1024,,,0.8840864439210131,0.9999999997777778,,,,
IDRiD_47_512_1536,,,0.7868525895630625,0.8386411887816048,,,,
IDRiD_47_512_2048,,,,,0.8019576996888313,0.9161341852669276,,
IDRiD_47_512_2560,,,,,0.831435079695086,0.8295454544826102,,
IDRiD_47_512_512,,,0.7814569533836234,0.9915966378221878,0.5322507893429804,0.5057865409127396,,
IDRiD_48_0_1536,,,0.7535641546326753,0.7007575754921372,,,,
IDRiD_48_0_2048,0.694829398830666,0.6565519732623809,0.610687022854146,0.5524861877689936,0.33057851232839286,0.25078369898094555,,
IDRiD_48_0_2560,0.29888475834209033,0.22686230245746475,0.0631578947338202,0.035331905779693154,0.5520965692444716,0.39404474001822787,,
IDRiD_48_0_3072,,,0.5492227978563183,0.3799283153440989,,,,
IDRiD_48_1024_0,0.0,0.0,0.4746906636136456,0.31120943948212254,,,,
IDRiD_48_1024_1024,0.0,0.0,0.0,0.0,0.38600723761242417,0.5724508049065383,0.7463001204595889,0.9553891061246054
IDRiD_48_1024_1536,0.19419315929874909,0.4493620414493875,,,0.387787894997976,0.7510373442425233,,
IDRiD_48_1024_2048,0.04368360926862575,0.1511326097197837,0.0,0.0,0.8800263678254447,0.8665455017413145,,
IDRiD_48_1024_2560,0.2895015906604056,0.2124513618594377,0.48993963781463934,0.41499786960311047,0.8611853859148657,0.8590737285276803,,
IDRiD_48_1024_3072,0.4784750481867746,0.38019060585000913,0.30002595379444524,0.2237708091279996,0.8050709011252364,0.7986516271126844,,
IDRiD_48_1024_512,0.28279386711292465,0.16864205891741815,,,,,,
IDRiD_48_1536_1024,,,,,0.6650412603088424,0.5820748522557112,0.6973749380708921,0.5474339035556985
IDRiD_48_1536_1536,0.7345065034149003,0.6951484431067959,0.4218051831615902,0.4362292050949669,0.8450382669585029,0.8481408186603054,,
IDRiD_48_1536_2048,,,,,0.7559133953495644,0.6792622582045339,,
IDRiD_48_1536_2560,0.8327328872662704,0.8400830736843155,0.0,0.0,0.8202697461955007,0.8021237148120591,,
IDRiD_48_1536_3072,0.6147739684045532,0.49911328344435696,0.0,0.0,0.35641891888881594,0.3053545585665189,0.4841402337188302,0.3193832599083768
IDRiD_48_1536_512,0.2777985773014677,0.22175732216247715,0.7602339176840738,0.6132075465913137,0.6508447304645678,0.4891172913851803,,
IDRiD_48_2048_1024,,,0.5687645686319895,0.4569288387801764,0.7217511946859604,0.6857059167930374,0.7593256467359785,0.637413582752034
IDRiD_48_2048_1536,,,,,0.7506702412365502,0.7766990290184884,,
IDRiD_48_2048_2048,0.0,0.0,0.5881447266675793,0.43458475535442725,0.8201941747254294,0.8971962616060155,,
IDRiD_48_2048_2560,0.7612873703419669,0.740504451027589,0.042666666655288885,0.022535211261257685,0.7534113060061691,0.6539763112813894,,
IDRiD_48_2048_3072,0.13389058884891492,0.9999999998885173,0.0,0.0,,,,
IDRiD_48_2048_512,0.5590577967546553,0.8349334267665209,,,0.5387205386903074,0.36866359444173086,,
IDRiD_48_512_1024,0.0,0.0,0.4264109184645367,0.2922143579225372,0.0,0.0,0.0,0.0
IDRiD_48_512_1536,0.18746372605375905,0.1124260354990454,0.03416370106518408,0.020356234094965543,0.8544073951517198,0.9036312848530983,0.7724879174753931,0.6545843520742385
IDRiD_48_512_2048,0.7177193962706696,0.5597210112851159,0.0,0.0,0.7902921574347559,0.8723049875000248,,
IDRiD_48_512_2560,0.7232168639881489,0.6170619032915488,0.47120088369147545,0.33163038648752485,0.74323744094583,0.698265429580546,,
IDRiD_48_512_3072,0.5890478539665429,0.6441287538096723,0.0,0.0,0.0,0.0,,
IDRiD_48_512_512,,,0.0,0.0,,,,
IDRiD_49_0_1024,0.20991401112266278,0.11726476405432991,0.552474170714928,0.8466666665255556,0.6436388508781867,0.5797905113807829,,
IDRiD_49_0_1536,0.08294930875151309,0.04423812124280513,0.3517060366530955,0.9571428557755103,0.7546927643128934,0.786227644981009,0.0,0.0
IDRiD_49_0_2048,0.0,0.0,0.6771919932146268,0.5643796992215987,0.672340425496152,0.7165532879006176,,
IDRiD_49_0_2560,0.20268620267795337,0.1361399671877452,0.0,0.0,0.38335435054329414,0.2548197820406689,,
IDRiD_49_0_3072,0.5753078623121154,0.5946475195434303,0.0,0.0,0.05769230763683432,0.029702970267620823,,
IDRiD_49_0_512,0.06127450979641244,0.0316455696162474,,,0.8431550316551989,0.8157894735410897,,
IDRiD_49_1024_1024,0.6685393257957486,0.5021097045883851,0.5045351473636884,0.42100283818155126,0.8152834008076536,0.8388003748784817,,
IDRiD_49_1024_1536,0.6281833616032181,0.47193877548010593,0.5146443513567689,0.45724907046198915,0.8285075306255497,0.8479238403854651,,
IDRiD_49_1024_2048,,,0.7001114826421281,0.6826086955037807,0.7969067333166934,0.738954077926424,,
IDRiD_49_1024_2560,,,,,0.6528531491423639,0.8725274724891198,,
IDRiD_49_1024_3072,,,0.0,0.0,0.8037937166091408,0.9237057219449992,,
IDRiD_49_1024_512,0.6245110821246304,0.5183982683795672,,,0.5994631120929421,0.47687776140682064,,
IDRiD_49_1536_1024,0.6415080968050689,0.8229090909016099,0.38790644607028485,0.2910958903860363,0.8338354018455978,0.9117259551801917,,
IDRiD_49_1536_1536,,,,,0.868372374730527,0.8875949536496082,,
IDRiD_49_1536_2048,,,,,0.8606557373521903,0.963302751409814,,
IDRiD_49_1536_512,0.591816029755889,0.5689206761954627,0.4326315789245983,0.365008880962255,0.7414364640747434,0.7472160356070077,,
IDRiD_49_2048_1024,0.707571018463912,0.7801398337038913,0.509090909046832,0.4615384614660065,0.8888623576627981,0.8287877101168073,,
IDRiD_49_2048_1536,0.48992747782071205,0.4355300859286869,0.5746855345686052,0.5455223880189909,0.8661073511497174,0.9082286760798781,,
IDRiD_49_2048_2048,0.2552763819031338,0.27504060637384725,0.47826086930529305,0.3142857140612245,0.10325047799173032,0.05454545453443526,,
IDRiD_49_2048_2560,,,0.7189409367903319,0.5873544092200742,,,,
IDRiD_49_2048_3072,0.45477098529842347,0.6414246918671253,0.0,0.0,0.0,0.0,,
IDRiD_49_2048_512,0.47420606408285376,0.6338839799986983,0.19425173437123372,0.11421911420580197,0.8027853767690951,0.7300807754395471,,
IDRiD_49_512_0,,,,,0.635294116899654,0.48214285628188774,,
IDRiD_49_512_1024,0.6712673124638999,0.6174555951556232,,,0.6081714668316996,0.5012881854802618,0.8878040275457941,0.9647593785479123
IDRiD_49_512_1536,0.7167707703657806,0.8307213284855697,0.5624178711974412,0.41472868214375136,0.6269451671486096,0.843866662258932,0.0,0.0
IDRiD_49_512_2048,,,,,0.7849323581395624,0.8104639684026607,,
IDRiD_49_512_3072,0.38903663034919345,0.9075445266978679,0.6347131444709722,0.8551859098130751,,,,
IDRiD_49_512_512,0.7021042846218025,0.6580072865411373,0.7668393782077785,0.6891117478016395,0.18181818165289257,0.09999999990000001,,
IDRiD_50_0_1024,,,,,0.7133578085085186,0.8201298700766149,,
IDRiD_50_0_1536,,,,,0.3344899375387302,0.2677182848196463,,
IDRiD_50_0_2048,,,,,0.6244283023902042,0.5768609419587815,,
IDRiD_50_0_2560,,,,,,,0.6533516088985487,0.529349550496781
IDRiD_50_0_512,,,,,0.5937234944742638,0.44900577291696586,,
IDRiD_50_1024_1024,0.6884377758042641,0.9065550906133634,,,0.544224765840571,0.5772626930930174,,
IDRiD_50_1024_1536,0.17319556976010408,0.13126760563232373,0.470426409839006,0.3301158300521012,0.530692207222967,0.54065641631371,0.696739347862605,0.5346124328390697
IDRiD_50_1024_2048,,,,,0.5941201058855494,0.6570107858040983,,
IDRiD_50_1024_2560,0.9333886124801909,0.9566572237689333,,,0.4846083937257134,0.43546360666540135,,
IDRiD_50_1024_3072,0.0015775174549338975,0.317647058449827,,,,,,
IDRiD_50_1536_0,,,0.0,0.0,,,,
IDRiD_50_1536_1024,0.7929061784443417,0.6820866141060938,,,0.0,0.0,,
IDRiD_50_1536_1536,,,,,0.5927102803724469,0.5993762404281288,,
IDRiD_50_1536_2048,,,,,0.5016386279112598,0.5863125638107093,,
IDRiD_50_1536_2560,0.0,0.0,0.7323775387854016,0.6160804019481326,0.6751147842015603,0.6932361076100926,,
IDRiD_50_1536_3072,0.3373141100997518,0.6464542651541904,0.7263803680090332,0.7589743587797502,,,0.7929902953264225,0.8469167101569837
IDRiD_50_1536_512,0.0,0.0,,,0.0,0.0,,
IDRiD_50_2048_1024,0.2886989553564831,0.16983240222831164,0.8439999998312,0.8542510117998984,0.0,0.0,,
IDRiD_50_2048_1536,,,,,0.0,0.0,,
IDRiD_50_2048_2048,,,,,0.0,0.0,,
IDRiD_50_2048_2560,,,,,0.32657657653979993,0.32438478739946647,,
IDRiD_50_2048_512,,,,,0.0,0.0,,
IDRiD_50_512_1536,,,0.5397923874809928,0.5545023695368477,0.693106066996616,0.6571199999964953,,
IDRiD_50_512_2048,,,0.7798742135912344,0.9117647052119378,0.4733727810623693,0.44372644049064375,,
IDRiD_50_512_2560,0.7416858397669591,0.7175232699021642,0.48270893368280193,0.5564784052231764,0.3239211507552519,0.21081830789106668,0.7956833731946615,0.9672707600626552
IDRiD_51_0_1024,,,0.7542262678313246,0.99827882943231,0.8192488262430018,0.7537796975427884,,
IDRiD_51_0_1536,0.6655474724740618,0.49874196252449704,0.2791712104384764,0.99999999921875,,,,
IDRiD_51_0_2048,0.0,0.0,0.5995316158899572,0.5300207038788799,,,0.1784464660539382,0.09796388781798064
IDRiD_51_0_3072,,,0.18226002427919077,0.10026737966573966,,,,
IDRiD_51_1024_1024,,,0.5575539568011059,0.5812499999273438,0.7531236535651391,0.6296829970727894,,
IDRiD_51_1024_1536,0.6998610467647092,0.6233498349577826,0.7399103138460456,0.7432432431316452,0.5185672755168748,0.4641594658241932,0.0,0.0
IDRiD_51_1024_2048,,,,,0.0,0.0,,
IDRiD_51_1024_3072,0.524550484089518,0.355602437876751,,,,,,
IDRiD_51_1024_3584,0.8200792997619505,0.7630516497179026,,,,,,
IDRiD_51_1024_512,0.36322869953528125,0.5266579973307337,0.6666666666213151,0.8072487642821666,0.6992469155472001,0.5612139917551129,0.7644084934244842,0.6289517470838258
IDRiD_51_1536_0,,,0.32727272712396693,0.1956521738067108,,,,
IDRiD_51_1536_1024,,,0.49999999998568156,0.5365703748901923,,,,
IDRiD_51_1536_1536,,,0.5707885304403769,0.5723270439737351,0.633004926082389,0.6109350237233807,0.544502617791851,0.3856459330051281
IDRiD_51_1536_512,,,0.5274725274483758,0.3606762679799201,,,,
IDRiD_51_2048_1024,0.5771476230154798,0.42088518760717797,0.4275011017881225,0.33987386122355473,,,,
IDRiD_51_2048_1536,0.0,0.0,0.7246376811302482,0.7036747458402131,0.0,0.0,0.9093559437309362,0.8401418567029981
IDRiD_51_2048_2048,,,,,,,0.8104524180809194,0.6817585301613597
IDRiD_51_2048_2560,,,0.5236270752843388,0.4343220338062877,,,,
IDRiD_51_2048_512,0.0,0.0,0.7734056987263632,0.7599999998986667,0.48979591816743023,0.3243243241490139,0.07870093644073818,0.040962356112817976
IDRiD_51_512_1024,,,0.20588235286548442,0.11475409831362537,,,,
IDRiD_51_512_1536,,,,,0.0,0.0,,
IDRiD_51_512_2048,,,0.3729603728734358,0.2292263609658377,,,,
IDRiD_52_0_2560,,,0.8257839719815708,0.975308641573947,,,,
IDRiD_52_1024_0,,,,,0.5956331877209053,0.4273182956857997,,
IDRiD_52_1024_2560,0.16993464050436444,0.0933014353955381,0.25118934345849764,0.702127659200996,,,,
IDRiD_52_1024_3072,,,0.643617021105421,0.5215517239131243,,,,
IDRiD_52_1536_2048,,,0.7168141591334481,0.947368420498615,0.7469553449598166,0.79083094533214,,
IDRiD_52_1536_2560,,,0.6069469834356587,0.9999999993975904,,,,
IDRiD_52_1536_3072,0.0,0.0,0.0,0.0,,,,
IDRiD_52_2048_2048,0.06710430342326007,0.03487490522859174,0.6480599046750151,0.8880597014096958,,,,
IDRiD_52_2048_2560,,,0.6499535747144869,0.7268951193430016,,,,
IDRiD_52_2048_3072,,,0.5129469789749758,0.35374149653847936,,,0.6500613496852753,0.48154880929864485
IDRiD_52_512_0,0.0,0.0,,,,,,
IDRiD_52_512_2048,,,0.7384403036067329,0.6858974358095004,0.09974293058613147,0.05309250136545744,,
IDRiD_52_512_2560,,,0.8495145629006032,0.925925925436018,,,0.8871722846338111,0.8919745822336556
IDRiD_52_512_512,0.0,0.0,0.288799999988448,0.1845603271889284,,,,
IDRiD_53_0_1024,0.7402237136432205,0.6968828980564711,0.0,0.0,,,,
IDRiD_53_0_1536,,,0.7016229711982993,0.5488281248928071,,,,
IDRiD_53_0_2048,,,0.14325068866577115,0.4406779653547831,,,,
IDRiD_53_0_2560,,,0.7359490985823993,0.7067209775247738,,,,
IDRiD_53_0_3072,,,0.754863813131665,0.6217948716620096,,,,
IDRiD_53_0_512,0.6931901904989665,0.737679211453009,0.33183856500588743,0.24218181816420495,,,,
IDRiD_53_1024_1536,,,,,0.0,0.0,,
IDRiD_53_1024_2048,0.631104703538816,0.7268576172384036,0.38135593212259405,0.2719033231806938,0.5701540095531582,0.4164468580230187,,
IDRiD_53_1024_2560,0.710435508241705,0.7811725027240295,0.44530704137531785,0.3327918310474264,,,,
IDRiD_53_1024_3072,0.7048921620171371,0.6361843546809131,0.5170207320062191,0.3951486697810975,0.7026431717287838,0.6483739836080541,,
IDRiD_53_1536_1536,0.04293381036799038,0.024844720491750575,,,,,,
IDRiD_53_1536_2048,0.7496310870581854,0.7353184449857276,0.2985915492116643,0.9636363618842975,0.6771378708157569,0.513227513182255,,
IDRiD_53_1536_2560,0.5798579857927807,0.8687443811546676,0.6722044728219744,0.7387640448919407,0.5294924553457486,0.373307543448103,,
IDRiD_53_1536_3072,0.7932302143248025,0.920328343780455,0.5230296826753823,0.4534161490280908,0.5735047512256286,0.4239669421137217,0.48694354637746046,0.3255375748135054
IDRiD_53_1536_3584,0.8652329748948884,0.8177506774790735,,,,,,
IDRiD_53_1536_512,,,0.6341176470215225,0.9539823007161093,,,,
IDRiD_53_2048_1024,0.5367286973029649,0.4215384614736095,0.19215686270742022,0.2525773194574344,0.0,0.0,,
IDRiD_53_2048_1536,0.0,0.0,0.8410256409640273,0.8871715609138839,,,,
IDRiD_53_2048_2048,0.0,0.0,0.2258726899229382,0.20345252771843989,0.0,0.0,,
IDRiD_53_2048_2560,0.40793388428403526,0.25848345202101036,0.2746858168514644,0.9999999993464053,0.7464671653577334,0.7253634893820091,,
IDRiD_53_2048_3072,0.29459616501177815,0.3217005075938007,0.4421593829955304,0.46319569111971354,,,,
IDRiD_53_2048_512,,,0.7072847681182405,0.5754310343587433,,,,
IDRiD_53_512_0,,,0.8982630271838383,0.9602122013368137,,,,
IDRiD_53_512_1536,,,0.4434845212223368,0.3344191096452541,,,,
IDRiD_53_512_2560,0.6822069065035102,0.6952268882790672,0.32284825439603015,0.2742219612287597,,,,
IDRiD_53_512_3072,,,,,0.8631578944339796,0.9919354830710199,,
IDRiD_53_512_512,0.0,0.0,0.021582733809067854,0.015957446804266636,,,,
IDRiD_54_0_1536,,,0.7605381165237185,0.8514056223189949,,,,
IDRiD_54_0_2048,,,0.7283236993167163,0.6702127657791986,,,,
IDRiD_54_0_2560,0.555012224927567,0.4099939795180616,0.2839999999716,0.4152046782411682,0.8130112972182897,0.8507949449306648,,
IDRiD_54_0_3072,0.0,0.0,0.43879907617869135,0.3246013667056263,,,,
IDRiD_54_1024_0,0.0,0.0,0.3770250367633248,0.2323049001393276,,,,
IDRiD_54_1024_1024,,,0.0,0.0,,,,
IDRiD_54_1024_1536,,,0.0,0.0,,,,
IDRiD_54_1024_2048,0.5202483801225668,0.36503125591276697,0.4039194338375656,0.2717948717749601,0.7381590705327828,0.9538106233363024,,
IDRiD_54_1024_2560,0.40501263689548217,0.5077898072218698,0.2895622895547899,0.2902388369527394,0.7265569076332657,0.8849171751626053,,
IDRiD_54_1024_3072,0.6827386692217277,0.6504363803100397,0.5704008221847277,0.47354948803440494,0.40196078421520565,0.26366559477052554,,
IDRiD_54_1024_3584,0.19324732362906266,0.11682708263800774,0.0,0.0,,,,
IDRiD_54_1024_512,0.0,0.0,,,,,,
IDRiD_54_1536_0,0.0,0.0,0.5877813504445156,0.5228832951346816,,,,
IDRiD_54_1536_1536,,,0.0,0.0,,,,
IDRiD_54_1536_2048,,,0.5876288659361097,0.615740740645719,,,,
IDRiD_54_1536_2560,0.005489478499040304,0.003931847968029902,0.723771580321256,0.7796852646080339,0.0,0.0,,
IDRiD_54_1536_512,0.5018703241738819,0.3363978269813457,0.0,0.0,,,,
IDRiD_54_2048_0,,,,,,,0.9031991743879629,0.9124270224807162
IDRiD_54_2048_1024,,,,,,,0.41127016586204795,0.2707149267044357
IDRiD_54_2048_1536,,,0.7444141688967622,0.7522026430889645,,,,
IDRiD_54_2048_2048,0.007640878700320833,0.003835091083045533,0.605052372113059,0.9899193546391292,,,,
IDRiD_54_2048_2560,0.6304347825906627,0.6943919344237938,0.5477410339754196,0.4182076813358316,,,,
IDRiD_54_2048_3072,0.22652116401741865,0.7032854208723527,0.3828054298469319,0.2415762421335479,,,,
IDRiD_54_2048_512,,,,,,,0.72294523538858,0.7702400893283989
IDRiD_54_512_0,0.4956369982259664,0.4119922630162483,,,,,,
IDRiD_54_512_1024,,,0.0,0.0,,,,
IDRiD_54_512_1536,,,0.5106658047669468,0.5675287355914131,0.7228915661779649,0.821917807993995,,
IDRiD_54_512_2048,,,0.5889967637159225,0.9999999997802197,,,,
IDRiD_54_512_2560,0.3427163056123659,0.7250274423312278,0.472768878707717,0.3570687867142389,0.7308402585326541,0.734059819134383,,
IDRiD_54_512_3072,0.7609257822552306,0.6415567426071999,0.43653705060761056,0.32336956519981686,,,,
IDRiD_54_512_512,0.7435768261590138,0.5918203688378653,,,,,,
IDRiD_55_0_1024,,,,,0.809106829980892,0.9239999996304,,
IDRiD_55_0_1536,,,,,0.7976712328712487,0.7075334143291915,,
IDRiD_55_0_2048,,,0.42162162139371806,0.31451612877861607,0.8132808220943291,0.724893063042938,,
IDRiD_55_1024_1024,,,0.8264277714640059,0.9946091641523964,0.8282267534941063,0.7481195756955249,,
IDRiD_55_1024_1536,0.0,0.0,0.0,0.0,0.7759533315314582,0.6475932792186131,,
IDRiD_55_1024_2048,,,0.3677221654374135,0.23936170209582958,0.8613829269605467,0.8031049560835174,,
IDRiD_55_1024_2560,,,0.7094972066708801,0.7114845937711032,0.8601511420555075,0.8298808604245257,,
IDRiD_55_1536_1024,,,0.2695252679525995,0.18069815191361432,0.6619633485273856,0.5363167433356153,,
IDRiD_55_1536_1536,,,0.7732864674528434,0.6837606837075555,0.7696301103150375,0.7649290537919042,,
IDRiD_55_1536_2048,0.453407510428288,0.3582775502012361,0.47065727698609827,0.476058567452471,0.7022491826497725,0.7041074249549438,0.0,0.0
IDRiD_55_1536_2560,0.40670849182332974,0.2581120481541897,0.11999999997,0.06539509535002858,0.7415869554433989,0.6160148209126883,0.0,0.0
IDRiD_55_1536_3072,,,,,0.8028731045277235,0.6957123097881184,,
IDRiD_55_1536_512,,,,,0.604395604358706,0.4691943127517351,,
IDRiD_55_2048_1024,,,,,0.9180327868060368,0.9449378328694604,,
IDRiD_55_2048_1536,,,0.35438596488119417,0.9950738911354317,0.5753523671638832,0.4191679831269527,,
IDRiD_55_2048_2048,,,0.0,0.0,0.8306652959257551,0.7585836909769503,,
IDRiD_55_2048_2560,,,,,0.7491160333235151,0.625322296101063,,
IDRiD_55_512_1024,0.46638297871017353,0.38718794157384895,0.5143139190269341,0.34664005320381636,0.7973059425632689,0.6874119016955096,,
IDRiD_55_512_1536,0.42446229592608886,0.27146171693285615,0.4776699028662456,0.9959514166008294,0.8623265606366446,0.8001482823946429,,
IDRiD_55_512_2048,0.7869325699433176,0.9798314629158915,0.5192307691752959,0.43470482997590254,0.8368113522525921,0.7977453580880697,,
IDRiD_55_512_2560,,,,,0.13333333327407407,0.07142857139455783,,
IDRiD_56_0_1024,,,0.0,0.0,,,,
IDRiD_56_0_1536,,,0.3927392738625843,0.2686230247700625,,,,
IDRiD_56_0_2048,0.5761386811643767,0.42523833416425943,0.5572254334938019,0.6836879431654344,,,,
IDRiD_56_0_2560,0.5375489688806683,0.3739266800340019,,,,,,
IDRiD_56_0_3072,0.6649508074197146,0.6642614248928899,,,,,0.871206527705134,0.9498431307754712
IDRiD_56_0_512,,,0.7277353687715685,0.9999999993006994,,,,
IDRiD_56_1024_0,0.0,0.0,,,,,,
IDRiD_56_1024_1024,,,0.0,0.0,,,,
IDRiD_56_1024_1536,,,0.7196110209530615,0.5692307690848126,,,,
IDRiD_56_1024_2048,,,,,0.6682695920003886,0.83921494620043,,
IDRiD_56_1024_2560,0.0,0.0,0.7559808611837335,0.9895615864322418,0.236036911116172,0.9292543019255729,,
IDRiD_56_1024_3072,0.12803878234741542,0.07791081034115989,0.0,0.0,,,,
IDRiD_56_1536_1024,0.0,0.0,,,,,,
IDRiD_56_1536_1536,,,0.4999999999439462,0.694704049627818,,,,
IDRiD_56_1536_2048,0.4985551186673999,0.5113205713680757,,,0.7287449392466686,0.683544303754206,,
IDRiD_56_1536_2560,0.45883605393082266,0.3661852166421358,0.4320785596674176,0.4429530199855862,,,0.0,0.0
IDRiD_56_1536_512,0.0,0.0,,,,,,
IDRiD_56_2048_1024,0.73622939770697,0.6671602013596862,,,0.4771573603253541,0.3286713285947153,,
IDRiD_56_2048_1536,,,0.6582278480318325,0.8210526313628809,,,,
IDRiD_56_2048_2048,0.5347475067236446,0.3826894754686452,0.0,0.0,,,,
IDRiD_56_2048_2560,0.6065723692214163,0.4601331976669127,,,,,0.7449249779292076,0.9999999999802528
IDRiD_56_2048_3072,,,0.8337349396920695,0.7911585364647624,,,,
IDRiD_56_2048_512,0.04596704249683506,0.03035509736453737,,,,,,
IDRiD_56_512_1024,0.7351387796340311,0.8635163674648427,0.6428226195919371,0.7220412594221454,,,,
IDRiD_56_512_1536,,,0.06023271731278352,0.0541871921115533,0.6739427011358878,0.6621983912433784,,
IDRiD_56_512_2048,,,,,0.7399020807758068,0.9469973890092168,,
IDRiD_56_512_2560,0.5113244175986231,0.38289452430638915,0.6695121950811272,0.5435643563818253,,,,
IDRiD_56_512_3072,0.4045538787370628,0.30778527545263584,0.32251197443733304,0.26625659048626915,0.6650641025108122,0.9002169195444214,0.9245915088503295,0.9243387328212402
IDRiD_57_0_1024,,,,,0.6138828632739823,0.5089928056638503,,
IDRiD_57_0_1536,0.6087450311976862,0.4926470587782493,,,0.2873345935184623,0.1822541965989798,,
IDRiD_57_0_2048,,,,,0.22691705788521774,0.12866015970464417,,
IDRiD_57_0_512,,,,,0.5063480208733123,0.6324626864491675,,
IDRiD_57_1024_0,,,,,0.04020100502406239,0.020512820512266862,,
IDRiD_57_1024_1024,,,0.4307116104062338,0.28606965167013193,0.7095115681171038,0.615787044151165,,
IDRiD_57_1024_1536,,,0.0,0.0,0.6841910403427585,0.5965138799032759,,
IDRiD_57_1024_2048,,,,,0.5993883791437933,0.7656249998006185,,
IDRiD_57_1024_512,,,,,0.49564689207338236,0.35737226276328843,,
IDRiD_57_1536_0,0.36116504850862474,0.25271739127001125,,,0.1469194312448058,0.08244680848871096,,
IDRiD_57_1536_1024,,,,,0.7249425490478615,0.6082764758141757,,
IDRiD_57_1536_1536,,,,,0.7100702576001551,0.6145945945779839,,
IDRiD_57_1536_2048,,,,,0.7247191010896668,0.5926493108275154,,
IDRiD_57_1536_512,,,0.7376146787637404,0.7416974167004806,0.4702158273245981,0.31864274569740086,,
IDRiD_57_2048_1024,,,,,0.4736842104764543,0.32608695647448016,,
IDRiD_57_2048_1536,,,,,0.6951871657340946,0.5957230141959549,,
IDRiD_57_2048_512,,,0.035982008990107645,0.01832061068422586,0.0,0.0,,
IDRiD_57_512_0,,,,,0.28043282234984523,0.16368421051770082,,
IDRiD_57_512_1024,,,0.0,0.0,0.4694533761554712,0.31556195960870864,,
IDRiD_57_512_1536,0.0,0.0,,,0.614412136458355,0.5547945204212797,,
IDRiD_57_512_512,,,0.06837606836438016,0.048192771072724634,0.6803113288936203,0.5468025949700277,,
IDRiD_58_0_1536,0.0,0.0,0.7481751824134876,0.5976676383968414,,,,
IDRiD_58_0_2048,,,0.3992322456047539,0.25806451606499636,0.8018185191983501,0.8571711961742279,,
IDRiD_58_0_2560,,,0.6103806227951294,0.5519399248370539,0.8149420351732528,0.7823577905373159,,
IDRiD_58_0_3072,,,0.03496503495280943,0.034965034940583894,,,,
IDRiD_58_0_512,,,0.368217054192206,0.22781774574872474,,,,
IDRiD_58_1024_0,,,,,0.8421250234495565,0.8939816659667604,,
IDRiD_58_1024_1024,,,0.7899891185212199,0.8746987949699521,,,,
IDRiD_58_1024_1536,0.8270893371638748,0.8896466211751505,0.5584795320820937,0.46813725478722124,0.8087561011565041,0.7162693214378761,,
IDRiD_58_1024_2048,,,,,0.768131868123427,0.7548596112147978,,
IDRiD_58_1024_2560,0.0,0.0,0.7233661592906565,0.8938053095367687,0.8542934852887671,0.963763880743315,,
IDRiD_58_1024_3584,,,,,0.8679245281381275,0.8984374996490477,,
IDRiD_58_1536_0,,,,,0.10378854625459216,0.05473469008405599,,
IDRiD_58_1536_1536,0.0,0.0,,,,,,
IDRiD_58_1536_2048,0.5195800226941036,0.35096798925913425,,,0.0,0.0,,
IDRiD_58_1536_2560,0.1807888515604032,0.09974600123498492,0.8543209874433775,0.7587719294917668,,,,
IDRiD_58_1536_3072,0.27909024210889083,0.16778405080861356,,,,,,
IDRiD_58_1536_512,,,0.0,0.0,0.6709290709156658,0.5343730108041257,,
IDRiD_58_2048_1024,,,,,0.740031897867621,0.598709677342102,,
IDRiD_58_2048_1536,0.017894422904327634,0.018404907974330986,,,,,,
IDRiD_58_2048_2048,,,0.7326732672360553,0.7609254496758546,,,,
IDRiD_58_2048_2560,0.8173636844747245,0.692376681593651,,,,,,
IDRiD_58_2048_3072,0.4228297197667081,0.31689145792784984,,,0.5248995282102936,0.3558398483687316,,
IDRiD_58_512_1024,0.16718191186174952,0.09207451425457652,,,,,,
IDRiD_58_512_1536,0.6666666666402431,0.5387572068841283,0.4887573964207836,0.7011884548894417,0.7610059370427887,0.7652923284850439,,
IDRiD_58_512_2048,,,,,0.6660314435410193,0.6012615884488075,,
IDRiD_58_512_2560,0.9031818181766864,0.8584080354157207,0.25102880656714477,0.14781906299290637,0.6891734574285013,0.5257548844536848,,
IDRiD_58_512_3072,,,0.5372168283920361,0.7980769226932323,0.8824561402734687,0.921245421076695,,
IDRiD_58_512_512,0.644691108861479,0.4791666666586806,,,,,,
IDRiD_59_0_1024,,,0.0,0.0,,,,
IDRiD_59_0_1536,0.6249999999932064,0.45454545453826806,0.26915520626039735,0.1563926940460739,0.4837545124607384,0.9710144913463559,0.8931545366040522,0.9352281734744919
IDRiD_59_0_2048,,,,,,,0.9329454440955842,0.8887672357720985
IDRiD_59_1024_1024,0.10528622775442585,0.7102306327196788,0.29595494110107756,0.18325935319066206,0.6859716859275437,0.8839137643641934,0.0,0.0
IDRiD_59_1024_1536,,,0.6339869278973899,0.5271739127569707,0.8331798043583954,0.7981007605328034,,
IDRiD_59_1024_2048,0.7234826999381488,0.9342611243190944,,,0.8108215975802189,0.831540170735402,,
IDRiD_59_1024_512,0.0,0.0,0.0,0.0,,,,
IDRiD_59_1536_0,,,0.06942889136960483,0.03803680981128383,,,,
IDRiD_59_1536_1024,0.0,0.0,,,0.7717378085762892,0.7627403845970495,,
IDRiD_59_1536_1536,,,0.7441860464648531,0.5949748743120629,0.7930499534533583,0.8692399251680116,,
IDRiD_59_1536_2048,0.6385887541298155,0.8294825281491411,0.0,0.0,0.8077581289103286,0.8665850672929442,,
IDRiD_59_1536_2560,,,,,0.0,0.0,,
IDRiD_59_1536_3072,,,,,0.38536221057614917,0.24478178365799033,,
IDRiD_59_1536_512,0.8515266610742083,0.7752728252536252,0.4473007711507326,0.31071428565880105,,,,
IDRiD_59_2048_1024,0.4927406745533533,0.3517219387699024,,,,,,
IDRiD_59_2048_1536,,,0.7248618783729435,0.8159203978069849,,,,
IDRiD_59_2048_2048,0.48300355147219665,0.41463414630534545,0.6972647194855233,0.8165038001285012,,,0.0,0.0
IDRiD_59_2048_2560,,,,,0.6586562040161954,0.8319223621550295,0.8370390586106548,0.7482563646257333
IDRiD_59_2048_3072,,,,,0.5102016747197758,0.34983017951884476,,
IDRiD_59_2048_512,,,0.2630312750390512,0.15648854960338848,,,,
IDRiD_59_512_1024,0.31339569209376644,0.23729694606579213,0.5557501459265689,0.4563758389042965,0.6964938271536149,0.8537530266137107,0.8800520427530616,0.7997003065660361
IDRiD_59_512_1536,0.743800975446765,0.8117731257755253,0.0,0.0,0.8257355490921984,0.856463036737182,0.0,0.0
IDRiD_59_512_512,0.0007736943906857372,0.00038789759501986433,0.2052238805587269,0.37414965960942204,,,0.5525904800687425,0.9889415481712365
IDRiD_60_0_1536,,,0.5479704796542463,0.8735294115077854,,,,
IDRiD_60_0_512,,,,,,,0.7474633596251886,0.5996382272957601
IDRiD_60_1024_0,,,,,0.565749235456705,0.41931097006258794,,
IDRiD_60_1024_1024,,,,,0.7921364556001117,0.788262370495497,,
IDRiD_60_1024_1536,0.0,0.0,0.353801169538918,0.2216117215711334,0.8448602966503757,0.8543646986931684,,
IDRiD_60_1024_2048,0.3646759847290549,0.2625800548707612,0.29459459455478454,0.25586854454087593,0.724590163815641,0.675840978386593,0.8291666666522715,0.7427682736938486
IDRiD_60_1024_2560,0.8683029530673815,0.9530527851988195,0.7473550570991386,0.7273476111427225,0.546057479714589,0.5626423689777796,0.17292983038999238,0.09471766848470975
IDRiD_60_1024_3072,,,,,0.0,0.0,,
IDRiD_60_1536_1024,,,0.0,0.0,0.9264367815559519,0.8906077347082202,,
IDRiD_60_1536_1536,0.33675392669451826,0.22106131426392464,,,0.6696195343478748,0.7958963282722491,,
IDRiD_60_1536_2048,,,0.09718670075483546,0.05107526881033935,0.5679691799357199,0.6843501325352321,,
IDRiD_60_1536_2560,0.7696693272373685,0.7002074688554563,0.5642701524439793,0.4059561127890351,0.7348510437023924,0.7669204737624518,,
IDRiD_60_1536_3072,,,0.769716088085263,0.841379309764566,,,,
IDRiD_60_1536_512,,,,,0.5709459459137981,0.7031900137720958,,
IDRiD_60_2048_0,,,,,0.0,0.0,,
IDRiD_60_2048_1024,0.23678516228016122,0.24709677417760664,,,0.7398119122205516,0.704711347037761,,
IDRiD_60_2048_1536,,,0.0,0.0,,,,
IDRiD_60_2048_2048,,,0.0,0.0,0.5978542796475014,0.6892755199036391,0.0,0.0
IDRiD_60_2048_2560,0.6540829443181987,0.5362174154157725,0.13564078577475955,0.07688229055795957,0.772537313417462,0.8176074136134117,0.8054493897151848,0.7156707016447627
IDRiD_60_2048_512,0.4185803757610344,0.5147625159801332,0.8537549405427362,0.8780487801308745,0.17490494294361156,0.09583333332002315,,
IDRiD_60_512_0,,,,,0.25414364626842895,0.1455696201610319,,
IDRiD_60_512_1024,,,0.33972992179532835,0.2652608212802152,,,,
IDRiD_60_512_1536,,,0.5330578511846015,0.3885542168089527,0.6989414255370651,0.656067832521037,,
IDRiD_60_512_2048,0.1744578313168936,0.1652968036378724,0.169847328228068,0.09280500520408708,,,0.9610810310496527,0.9846854108340776
IDRiD_60_512_2560,0.22394571012002204,0.12609170304988582,,,0.19999999983333333,0.11111111100823046,0.9304937527914608,0.962068549841435
IDRiD_60_512_3072,,,,,,,0.8412385895754318,0.7632348164864691
IDRiD_61_0_1024,0.7930063214375489,0.7345205780933768,,,,,,
IDRiD_61_0_1536,0.005794302269409621,0.0029081295439395984,0.39534883718840647,0.3229706390049248,,,,
IDRiD_61_0_2048,0.744162321464837,0.6141828047468034,0.6168999481276879,0.7687338500298794,,,,
IDRiD_61_0_2560,,,0.6139240504386316,0.8660714277981506,,,,
IDRiD_61_0_512,0.7306703945054156,0.5756348795005972,,,,,,
IDRiD_61_1024_0,0.14710129977254968,0.0802536299850664,0.0,0.0,,,,
IDRiD_61_1024_1024,0.6683648776005956,0.5283527990323633,0.9027576196077275,0.956923076628639,0.414835164778182,0.28171641785788876,,
IDRiD_61_1024_1536,0.6167886146151934,0.6684384803009024,0.12579957354735613,0.09609120519607636,0.7315634218252509,0.6359527120946109,,
IDRiD_61_1024_2048,0.058466629891976464,0.04233226836722585,0.32474226802728773,0.25183211190860544,0.7535517200848094,0.8386253756587139,,
IDRiD_61_1024_2560,0.7180297995478667,0.7077500132035092,0.573315719928226,0.4974212034098899,,,,
IDRiD_61_1024_3072,0.21902529701592963,0.5683724831976354,0.7554479418276474,0.7999999998632479,,,,
IDRiD_61_1536_0,0.0,0.0,,,,,,
IDRiD_61_1536_1024,0.23738317756878843,0.5188656572814501,,,0.0,0.0,,
IDRiD_61_1536_1536,0.009491525423621564,0.005933879626929445,0.0,0.0,0.6139737990998265,0.6708015266535494,,
IDRiD_61_1536_2048,0.5236172080726635,0.41159420289286963,0.7378410438033404,0.9841772148784249,0.7761822102952176,0.8764552150050313,,
IDRiD_61_1536_2560,0.0,0.0,0.13613159386635668,0.0735294117602004,,,,
IDRiD_61_1536_512,0.30722908517796316,0.18957494096336444,0.0,0.0,,,,
IDRiD_61_2048_1024,0.8146370859741635,0.7206073010373604,,,,,,
IDRiD_61_2048_1536,0.7157686757453406,0.6534175685112911,,,,,,
IDRiD_61_2048_2048,0.7739014815747918,0.783485462282981,,,,,,
IDRiD_61_2048_2560,0.6577550816027948,0.6614641022992501,0.1343761109088384,0.07822847681795413,,,,
IDRiD_61_2048_512,0.7200816702879534,0.5936846678053985,,,,,,
IDRiD_61_512_0,0.4263021327737086,0.2900947459062007,,,,,,
IDRiD_61_512_1024,0.5316303872140759,0.4034837376361672,,,0.0,0.0,,
IDRiD_61_512_1536,0.561989079802073,0.5858254550094165,0.4059976931715111,0.3188405796812644,0.8197315922807498,0.8042704625762085,,
IDRiD_61_512_2048,0.6437416352163163,0.5271628586652044,0.1777188328794616,0.09795321636710867,0.7724349157496958,0.6997780243784807,,
IDRiD_61_512_2560,0.7387616276681238,0.6478832746343018,0.0,0.0,,,,
IDRiD_61_512_3072,0.0,0.0,,,,,,
IDRiD_61_512_512,0.8309742412623343,0.8197886526555554,,,,,,
IDRiD_62_0_1024,0.7285961016441082,0.7940306533801014,0.30338733427048786,0.19470699429211588,0.7655786347876621,0.6615384611992111,,
IDRiD_62_0_1536,,,,,0.0,0.0,,
IDRiD_62_0_512,0.22620113398310351,0.12752355315856248,,,0.6543001685972849,0.5459662288418418,,
IDRiD_62_1024_0,,,0.7546296294549468,0.8358974354687706,,,,
IDRiD_62_1024_2048,,,0.6198473281496416,0.8529411761122097,,,,
IDRiD_62_1024_2560,,,,,0.7898734175215509,0.9999999993589744,,
IDRiD_62_1024_3072,0.0,0.0,0.37301587298626854,0.27777777774494355,,,,
IDRiD_62_1536_0,,,0.29801324493443265,0.17509727619646018,,,,
IDRiD_62_1536_1024,,,0.32116788297724974,0.1964285712531888,,,,
IDRiD_62_1536_2560,,,,,0.8293429844040273,0.8447469161938927,,
IDRiD_62_1536_3072,,,0.7963917524746918,0.9872204469689391,,,,
IDRiD_62_2048_2048,,,,,0.7931839402335061,0.8762248581517219,,
IDRiD_62_2048_2560,,,,,0.7702138646224661,0.8380466335759994,,
IDRiD_62_2048_512,,,,,0.07968127486865288,0.041493775916392625,,
IDRiD_62_512_1536,,,0.4710947109181368,0.5965732086298173,0.45794392518014676,0.29878048775933225,,
IDRiD_62_512_512,,,,,0.20150375936819492,0.11413969333660312,,
IDRiD_63_0_1024,,,,,0.6113432835747898,0.45722450436761525,,
IDRiD_63_0_1536,,,,,0.5067238354997715,0.3496503496409454,,
IDRiD_63_0_2560,0.612573884991602,0.6437041219286446,0.7424849699026811,0.8874251495943204,,,,
IDRiD_63_0_3072,,,0.6375838924034953,0.5080213901026623,,,,
IDRiD_63_1024_1024,,,,,0.8061129757851452,0.9519311856813639,,
IDRiD_63_1024_1536,,,,,0.8616038950088891,0.8434315766314952,,
IDRiD_63_1024_3072,0.7717093235743634,0.9354570636859985,,,,,,
IDRiD_63_1024_3584,0.8230203374806137,0.9743852458018049,,,,,,
IDRiD_63_1024_512,0.5491168267698394,0.7136528392929188,,,,,,
IDRiD_63_1536_1536,,,0.5346912794058121,0.36490008684927017,0.5396236416501557,0.9990186456330699,,
IDRiD_63_1536_2048,,,,,0.44333333325944446,0.796407185151852,,
IDRiD_63_1536_2560,,,,,0.055555555478395066,0.028571428530612248,,
IDRiD_63_1536_3072,,,,,0.7212863705788339,0.6744630071277107,,
IDRiD_63_1536_512,0.0,0.0,,,,,,
IDRiD_63_2048_1536,,,,,0.0,0.0,,
IDRiD_63_2048_2048,,,,,0.7231858406951649,0.709867963839129,,
IDRiD_63_512_1024,,,,,0.7714597856602553,0.6833325653164216,,
IDRiD_63_512_1536,,,,,0.8037921861133955,0.7668897902287632,,
IDRiD_64_0_1024,,,0.4569160997602915,0.3283095722880526,0.7595356549320836,0.9999999995633188,0.7732219542303276,0.6304076738578878
IDRiD_64_0_1536,0.6589784335951919,0.5173224978577322,0.45121107263313415,0.4992343031394741,0.5066603234893754,0.9466666665825184,,
IDRiD_64_0_2048,0.0,0.0,,,0.8546683987846685,0.9480490688667746,,
IDRiD_64_0_2560,,,,,0.6560077519062012,0.5171886936197716,,
IDRiD_64_0_3072,,,,,0.6832669322028618,0.6596153844885355,,
IDRiD_64_0_512,,,0.847009735685187,0.9383667178831485,0.09668874171545107,0.05080027835415447,,
IDRiD_64_1024_1536,,,0.7973856207413103,0.9999999994535519,0.44797687854798024,0.5166666664944444,,
IDRiD_64_1024_2048,,,0.8390804596897432,0.7684210524967683,0.20877659573079943,0.17640449436220174,,
IDRiD_64_1024_2560,,,0.0,0.0,0.7646622909127426,0.7598358931121414,,
IDRiD_64_1024_3072,,,0.4862385318870466,0.32515337403364825,0.7032700847705118,0.7317278073163896,,
IDRiD_64_1536_0,,,0.7639612806579329,0.6302211301437075,,,,
IDRiD_64_1536_2048,0.0,0.0,0.0691785052458815,0.055832502486955884,0.44136460549665624,0.31554878043970297,,
IDRiD_64_1536_2560,0.0,0.0,,,0.6811454929717251,0.5775749673866502,,
IDRiD_64_1536_3072,,,0.0,0.0,0.838368579997102,0.7634112791247027,,
IDRiD_64_2048_1536,,,0.801223241467703,0.775147928764749,0.8047197639959741,0.7234794907806408,,
IDRiD_64_2048_2560,0.35209235208670686,0.26093155892916037,0.2427440633031887,0.14743589742014573,0.31055900601828634,0.18382352927660037,0.8541044408676466,0.8666489042771821
IDRiD_64_2048_3072,0.4042643923068544,0.3825665859255394,0.6567164178559937,0.5409836064834722,0.7863436122482,0.6891891890561411,,
IDRiD_64_512_1024,,,0.3555956678379426,0.6588628760338251,,,,
IDRiD_64_512_1536,,,,,0.7320209275484082,0.8931082981619267,,
IDRiD_64_512_2048,,,0.1479198767106441,0.08053691273816495,0.73020051774503,0.7344867155023878,,
IDRiD_64_512_2560,,,0.6366336633348201,0.5119426751184759,0.8245693562947675,0.8603184612823535,,
IDRiD_64_512_3072,,,0.2023939063979985,0.11259079901784616,0.5519650654539768,0.38442822379751485,,
IDRiD_65_0_1024,,,0.6183368868617618,0.9931506842512667,0.0,0.0,,
IDRiD_65_0_1536,,,0.7707006369017675,0.9041095889285045,,,,
IDRiD_65_0_2048,0.8088626292227811,0.9533426183180123,0.0,0.0,0.7251160391829962,0.7955488494607489,,
IDRiD_65_0_2560,0.8543491545965707,0.9858956275982185,0.6049170954485468,0.6808236807360588,0.8094761427824666,0.7207367795174844,,
IDRiD_65_0_3072,0.5911163654688208,0.5739586749565773,0.3388888888653549,0.3019801979824282,0.0,0.0,,
IDRiD_65_0_3584,0.839842035943842,0.9345703124087333,0.0,0.0,,,,
IDRiD_65_0_512,,,0.7876344084962857,0.951298700989838,0.23584905649252402,0.13368983950070062,,
IDRiD_65_1024_1024,,,0.7133757961215464,0.8484848483241506,0.5688938175611619,0.4476439790380609,,
IDRiD_65_1024_1536,0.37661658069539794,0.8250900753087098,0.24983860554390452,0.14703647415854726,0.5225225224863116,0.7987288133900998,,
IDRiD_65_1024_2048,0.6927875670275496,0.7950263752626219,0.48527048738697,0.45619335342837936,0.8803013256349843,0.8886474741944168,,
IDRiD_65_1024_2560,0.6560791460522984,0.600285850399235,0.7185391027900541,0.7251602563521505,0.6124893070738885,0.6167097329356839,,
IDRiD_65_1024_3072,0.7997875730005367,0.7537537537160283,0.5787781350249688,0.7563025209289599,0.7444897958981092,0.6266605588352423,,
IDRiD_65_1024_3584,0.7462577582991397,0.9112795363149514,0.35051546382718674,0.2377622376791041,,,,
IDRiD_65_1536_1024,,,0.5604606525553127,0.9240506327164449,0.7284170972219031,0.7600470495832181,,
IDRiD_65_1536_1536,,,0.756183745544867,0.8027867094530775,0.7618129218778237,0.9397303726828021,,
IDRiD_65_1536_2048,0.8368298367810705,0.9276485786915183,0.8133971289920102,0.9604519768585017,0.7934963512892909,0.8959236773374987,,
IDRiD_65_1536_2560,,,0.3150684930427847,0.23469387743127865,0.0,0.0,,
IDRiD_65_1536_3072,0.4391437308599912,0.3597194388417115,0.05074971164351215,0.12154696125881384,0.604761904725907,0.6623207300309882,,
IDRiD_65_1536_3584,0.47146401983941777,0.9547738692507766,0.230179028074123,0.14285714281179138,,,,
IDRiD_65_1536_512,,,,,0.7736100026397018,0.6826291079491724,,
IDRiD_65_2048_1536,,,0.6554621847821482,0.9999999995726496,,,,
IDRiD_65_2048_2048,,,,,0.5361155697373812,0.9999999994011977,,
IDRiD_65_2048_2560,0.7801264679242987,0.9829273844529268,,,,,,
IDRiD_65_2048_3072,,,0.7082228115771588,0.5505154638040174,0.7872340424485061,0.7081339711224559,,
IDRiD_65_512_1024,,,0.0,0.0,,,,
IDRiD_65_512_1536,,,,,0.7540400447161599,0.9172848664575014,,
IDRiD_65_512_2048,0.0,0.0,,,0.7768553204374969,0.8799311926504594,,
IDRiD_65_512_2560,0.0,0.0,0.4180478821266564,0.39443961770658387,0.7446255610619369,0.7190874524605462,,
IDRiD_65_512_3072,,,0.7540983606193782,0.9923857866760932,0.5085114088913977,0.7112462005358413,,
IDRiD_65_512_3584,0.8801766979407293,0.9900621117602459,0.764285714012755,0.8699186984797409,,,,
IDRiD_66_0_1024,,,0.0,0.0,0.6851514045843643,0.5460889793385842,,
IDRiD_66_0_1536,,,0.6781829814025474,0.9265734264114383,0.6098967413087046,0.44614479104480786,,
IDRiD_66_0_2048,,,0.8764241892308129,0.9578544059467713,0.387134848026346,0.2584712371844574,,
IDRiD_66_0_2560,,,,,0.6937172773961103,0.5353535352453831,,
IDRiD_66_0_512,,,0.7671232875661476,0.9688581311526442,,,,
IDRiD_66_1024_0,,,,,0.544771808187615,0.3820907617349234,,
IDRiD_66_1024_1024,,,0.34374999993286137,0.28478964392078004,0.9130453193655638,0.8871727350984407,,
IDRiD_66_1024_1536,0.4653661294751098,0.9438073393413066,0.6262626262475647,0.6760124610240907,0.7911185048111644,0.8673416213769547,,
IDRiD_66_1024_2048,,,0.4525547444842559,0.7630769228421301,0.8532106298393632,0.7993248851742578,,
IDRiD_66_1024_2560,,,,,0.5833104164739105,0.41956043955859534,,
IDRiD_66_1024_512,0.4986282578704174,0.3321151210446727,0.5223880596040321,0.4281345564439955,0.783253056680407,0.6863636363524941,,
IDRiD_66_1536_1024,0.45386634362095973,0.4901875272354912,0.5091931646007096,0.4857614527244837,0.8295376218537118,0.7322588255736999,,
IDRiD_66_1536_1536,,,0.40282685498133325,0.25333333322074075,0.912257341088719,0.8891460924863659,,
IDRiD_66_1536_2048,,,,,0.8808712138892856,0.8216650404223208,,
IDRiD_66_1536_2560,,,0.7357065802874103,0.9266304345308068,0.8119475769334975,0.7521174477271532,,
IDRiD_66_1536_512,,,,,0.5761102366253552,0.4131537066493462,,
IDRiD_66_2048_1024,,,,,0.8254124705369345,0.7319538657380305,,
IDRiD_66_2048_1536,,,,,0.8372332042864187,0.762068105271535,,
IDRiD_66_2048_512,,,,,0.802306952874005,0.8072211475946344,,
IDRiD_66_512_0,,,,,0.0,0.0,,
IDRiD_66_512_1024,0.38404476283165595,0.24097026437448282,0.0,0.0,0.7875357710643481,0.7463388175721763,,
IDRiD_66_512_1536,,,0.435686918421692,0.44173140949592327,0.8905772378562671,0.8672652198954607,,
IDRiD_66_512_2048,,,0.7211611916943345,0.7433070864971171,0.7205785806553288,0.5738838570382805,,
IDRiD_66_512_2560,,,,,0.7828457586160967,0.7014280345602889,,
IDRiD_66_512_512,,,,,0.8268150146053787,0.7842447500182896,,
IDRiD_67_0_1024,0.8345906992450276,0.7854729519121477,0.0,0.0,0.0,0.0,,
IDRiD_67_0_1536,0.3585995520410397,0.23640037301466585,0.2255017709430046,0.3730468749271393,0.30082520629029164,0.26662234040780436,0.798643036045786,0.8995143550857054
IDRiD_67_0_2048,0.6627143571927544,0.8134445023419435,0.0,0.0,,,,
IDRiD_67_0_512,,,0.0,0.0,,,,
IDRiD_67_1024_1024,0.7171926519042996,0.7223645507095325,0.48851540613509714,0.5948158252940224,,,,
IDRiD_67_1024_1536,0.27265131823118893,0.2835763251879542,,,0.6441351888539933,0.5482233502352547,,
IDRiD_67_1024_2048,0.018416206260379604,0.009293680296821953,0.6902218569687574,0.5622489959086682,,,,
IDRiD_67_1024_2560,,,0.6047619046899093,0.7215909088859116,0.752060875031575,0.7459119495917093,,
IDRiD_67_1024_512,0.8864183270745827,0.8147394497000144,0.492320464902768,0.5808031341252886,,,,
IDRiD_67_1536_1024,0.501586821818788,0.4206590620985975,,,0.6320360244349946,0.7200439721245862,,
IDRiD_67_1536_1536,0.0,0.0,0.7027477102122087,0.8162475821260882,0.7629670129368946,0.7964386271912606,,
IDRiD_67_1536_2048,0.0,0.0,0.8533554266070128,0.8910034600534597,0.8410084033330754,0.851599727647951,,
IDRiD_67_1536_2560,0.46395553892767616,0.7199004975004992,,,0.0,0.0,,
IDRiD_67_1536_512,0.0,0.0,0.49034292469490176,0.40337224381301084,,,,
IDRiD_67_2048_1024,0.7411376519339486,0.6484085862292207,0.5979673835831254,0.4867256636980868,0.6731078903908039,0.6677316291796385,,
IDRiD_67_2048_1536,0.7419949049549598,0.6432017394805789,,,0.6613255644092261,0.537914691879394,,
IDRiD_67_2048_2048,0.1209495754614287,0.2562408223013039,0.5282093212977752,0.9362318837865994,,,,
IDRiD_67_2048_2560,0.46238532107263697,0.36311239189595457,,,,,,
IDRiD_67_2048_512,0.29267857142726483,0.5626501887991306,,,,,,
IDRiD_67_512_1024,0.7993298922358085,0.6867657356205806,0.853761622920223,0.9198542803424674,0.8224637680662763,0.943213296268253,,
IDRiD_67_512_1536,0.44295024309277464,0.5691121743677683,0.5821782177929614,0.8340425530731855,0.8421052630050626,0.9206349202695894,,
IDRiD_67_512_2048,0.5148607292882678,0.4060377975913766,0.48394675015787414,0.5701107010018246,,,,
IDRiD_67_512_2560,,,0.5597269623936602,0.999999999593496,,,,
IDRiD_67_512_512,0.1706653475121115,0.13036085395559494,0.7424242422836318,0.989898989399041,0.763505402069207,0.6570247932526808,,
IDRiD_68_0_1536,,,0.5077490774533027,0.34126984123598514,,,,
IDRiD_68_0_2560,0.7247549856125372,0.8571099065752841,,,,,,
IDRiD_68_1024_0,0.6925364740483301,0.5345967607271087,,,,,,
IDRiD_68_1024_1536,0.0,0.0,0.43428571425469387,0.5049833886204347,,,,
IDRiD_68_1024_2048,0.001333405409299001,0.11526479747188012,0.2379182155691602,0.4776119399420807,0.0,0.0,,
IDRiD_68_1024_2560,0.2363636363329398,0.23821989522559686,,,0.46198118427822926,0.995706106822724,,
IDRiD_68_1024_3072,0.5888236150867173,0.518467852252749,0.0,0.0,,,,
IDRiD_68_1024_512,0.01203369434271556,0.00646830530317357,,,,,,
IDRiD_68_1536_0,0.42087903026131407,0.3488721804487432,,,,,,
IDRiD_68_1536_1536,0.23799555978357756,0.23212076218614128,,,,,,
IDRiD_68_1536_2048,0.6517416086109824,0.5385420482466976,,,,,,
IDRiD_68_1536_2560,0.412972792042733,0.38854147921453,,,0.6962025316313556,0.7163865545917485,,
IDRiD_68_1536_3072,0.3132544700925385,0.9804924242238543,,,,,,
IDRiD_68_1536_512,0.6566414485902994,0.5289739234662355,,,,,,
IDRiD_68_2048_0,0.0,0.0,,,,,,
IDRiD_68_2048_1536,,,0.5994152045907288,0.8686440674285407,0.7318718380495892,0.8051948050454184,,
IDRiD_68_2048_2048,0.6108929309624187,0.8993191586440252,0.741758241656352,0.6053811657835468,0.190476189569161,0.11764705813148789,,
IDRiD_68_2048_2560,,,,,0.010297801280123883,0.08747044915189824,0.6481527398938502,0.5555201360080995
IDRiD_68_2048_512,0.8231511254007262,0.9541881268604154,,,,,,
IDRiD_68_512_1536,,,0.46567586693327406,0.5397867103740945,,,,
IDRiD_68_512_2048,0.5627447641726429,0.45159527225215823,0.1470937129241956,0.09677419354335201,0.6876535830487891,0.8329847143939422,0.7727114997517335,0.6476268031567284
IDRiD_68_512_2560,0.7365168539291361,0.7709497206628348,0.6048932847160389,0.7715803451830571,0.252964426860806,0.25806451609434616,,
IDRiD_68_512_3072,0.05823508395829655,0.19902319901712384,0.4730290455777277,0.3232514177082701,,,,
IDRiD_69_0_1024,0.6163201255377001,0.4513811927904963,,,,,,
IDRiD_69_0_1536,0.8328749157536268,0.7690134212372279,,,,,,
IDRiD_69_0_2048,0.52393041842725,0.3584432293318852,0.652757078889306,0.7398648646149104,0.8751641712605884,0.8979248079713116,,
IDRiD_69_0_2560,0.20353063342660796,0.21491228067818946,0.806300553392665,0.9302554026591106,0.2830409356394104,0.35905044499731437,,
IDRiD_69_0_3072,0.31628078363743606,0.7553534760705383,,,,,,
IDRiD_69_0_512,0.607823470390912,0.4522388059476498,0.0,0.0,,,,
IDRiD_69_1024_1024,,,0.31058823526975776,0.5530726255438344,0.0,0.0,,
IDRiD_69_1024_1536,0.6924963217220911,0.6160558464156188,0.42407277813687383,0.2913461538181398,0.4545573770461996,0.533559113292279,,
IDRiD_69_1024_2048,0.5176499937567962,0.454147515857865,0.0,0.0,0.5097471694879129,0.6802999318259452,,
IDRiD_69_1024_2560,0.5061620640278387,0.45856528339790886,0.4074412930647319,0.4985074626493651,0.4808033077235439,0.5268608413898471,,
IDRiD_69_1024_3072,0.6080912493208325,0.5179113539612049,,,0.07900677200011211,0.17326732664689737,,
IDRiD_69_1536_0,0.2787543947694939,0.4889867840978866,0.0,0.0,,,,
IDRiD_69_1536_1536,,,0.5438813349478442,0.8193668527338237,0.33144198786281664,0.46258874929204863,,
IDRiD_69_1536_2048,0.7415337753057627,0.6261441863936292,0.0,0.0,0.5376315438852054,0.7386530014370918,,
IDRiD_69_1536_2560,0.48503094162092275,0.4252199413365038,,,,,,
IDRiD_69_1536_3072,,,0.0,0.0,,,,
IDRiD_69_2048_1024,0.5514518160446898,0.4084514144500607,,,,,,
IDRiD_69_2048_1536,0.48752224097740543,0.34637825222502727,,,0.0,0.0,,
IDRiD_69_2048_2048,0.6809840631264708,0.5495180542348823,0.5728813558998372,0.48796920110799136,0.21959858322198356,0.20283533258420552,,
IDRiD_69_2048_2560,,,0.16249153688811838,0.1290322580506417,,,,
IDRiD_69_2048_3072,,,0.03864734297649887,0.01970443348783033,,,,
IDRiD_69_512_1024,0.30651508525783744,0.5434108526710534,0.3751937984205276,0.2972972972607743,0.0,0.0,,
IDRiD_69_512_1536,0.6288283908528338,0.6197891710440875,0.5138339920440875,0.7878787876400367,0.427347498279175,0.6647121534826912,,
IDRiD_69_512_2048,0.7691889097467711,0.7909019695568996,0.4125984251318743,0.5527426158005305,0.38586956519991533,0.7123745818206731,,
IDRiD_69_512_2560,0.5077962729997139,0.5882871280377666,0.3192046049021871,0.3446327683226404,0.0,0.0,,
IDRiD_69_512_3072,0.32891475374324325,0.6398322851018903,,,0.0,0.0,,
IDRiD_69_512_512,,,0.0,0.0,,,,
IDRiD_70_0_1536,0.7014158626650618,0.5422316931316886,,,0.0,0.0,,
IDRiD_70_1024_1024,0.0,0.0,0.6642066418213259,0.5027932958084954,0.8078920040697932,0.6788830714347499,0.0,0.0
IDRiD_70_1024_1536,0.8434919716738256,0.8159566786988881,0.8454011741131505,0.8049689439993828,0.0,0.0,,
IDRiD_70_1024_2048,0.728305535403332,0.6146470828107987,0.49652432964284765,0.5446623092495289,0.0,0.0,,
IDRiD_70_1024_512,0.21202531644898656,0.20278450361968617,0.3867069486171174,0.6625258797800153,,,0.7575893142431214,0.6330236035424915
IDRiD_70_1536_0,,,0.5156249999328614,0.5823529410051903,,,,
IDRiD_70_1536_1024,0.0,0.0,,,0.0,0.0,,
IDRiD_70_1536_1536,0.8279689234153608,0.7960446752451017,0.18226299693074843,0.18718592962472538,,,,
IDRiD_70_1536_2048,0.8386114494263517,0.9310344826956704,0.0,0.0,0.0,0.0,,
IDRiD_70_1536_512,,,0.0,0.0,,,,
IDRiD_70_2048_512,,,0.7589641433507008,0.9158653843952246,,,,
IDRiD_70_512_0,0.7533407572173346,0.6539391009833766,,,,,,
IDRiD_70_512_1024,,,0.0,0.0,,,,
IDRiD_70_512_1536,0.6498584477290216,0.515814466204394,0.27516976674711635,0.16896301667262645,0.051423104519834686,0.02640628838090879,,
IDRiD_70_512_2048,,,,,0.0,0.0,,
IDRiD_70_512_512,0.6075165492140986,0.5692276910650415,0.2913315459972,0.4211886303821218,,,0.0,0.0
IDRiD_71_0_1024,0.0,0.0,0.0,0.0,0.46646341456303914,0.3255319148243549,,
IDRiD_71_0_1536,,,0.4635416666063097,0.3224637680575247,,,,
IDRiD_71_0_2048,,,0.3692307691496196,0.27906976734914624,0.7422680404718887,0.6206896541022592,,
IDRiD_71_0_2560,0.6755561843430992,0.569775073082932,,,,,,
IDRiD_71_0_512,,,0.5118601747176205,0.37340619301030853,0.6664460621884035,0.6772024209363011,,
IDRiD_71_1024_0,0.35960591124147634,0.21987951800606037,0.5611175785144217,0.3912337661702543,0.4570815450153346,0.3375594294235247,,
IDRiD_71_1024_1024,0.0,0.0,0.0,0.0,0.8494813718627457,0.8699727765123909,0.0,0.0
IDRiD_71_1024_1536,,,0.35439137128591813,0.24520255858311246,0.8082034575914996,0.8809619885329597,,
IDRiD_71_1024_2048,,,0.4327731091527787,0.40551181086397176,0.0,0.0,,
IDRiD_71_1024_512,,,0.34528076461497725,0.3554735546918237,0.7802986971694302,0.7616152844069126,0.07227916345712258,0.037494621672890194
IDRiD_71_1536_0,0.0,0.0,,,0.0,0.0,,
IDRiD_71_1536_1024,0.46508758943705225,0.3112615587821065,0.497767857124339,0.5698466779753112,0.8707000751356778,0.8516695957807131,,
IDRiD_71_1536_1536,,,0.011012282930495033,0.0055366269162889,0.8402691253403098,0.8764006006649162,,
IDRiD_71_1536_2048,,,0.20596205961262246,0.1427038626532884,0.8407178911887218,0.8563267637695469,,
IDRiD_71_1536_2560,,,,,0.8169014083228636,0.8006134966869283,,
IDRiD_71_1536_3072,,,0.5986394556805035,0.6518518516104251,,,,
IDRiD_71_1536_512,0.24837074582735805,0.14297624009408186,0.39192139735851955,0.988980715980997,0.8740343470064769,0.9116617867578098,,
IDRiD_71_2048_0,,,,,0.0,0.0,,
IDRiD_71_2048_1024,0.0,0.0,0.7083164299915491,0.7299331103068617,0.7376161508097546,0.6494408475535641,,
IDRiD_71_2048_1536,,,,,0.7312414733941484,0.8558394160505853,,
IDRiD_71_2048_2048,,,0.8124765125587194,0.8505114082729731,0.7688395996712531,0.7693806842705783,,
IDRiD_71_2048_3072,0.3383913517785461,0.9373626373368856,,,,,,
IDRiD_71_2048_512,0.2227926876684341,0.6828803051653372,0.0,0.0,0.6094779116367955,0.7107530910187054,,
IDRiD_71_512_0,,,,,0.0,0.0,,
IDRiD_71_512_1024,0.05543149875140639,0.030035587188184547,0.7656702024703149,0.7434456928142841,0.7770470544610177,0.7711186689882239,,
IDRiD_71_512_1536,0.0,0.0,0.2981205443843772,0.2107191937603885,0.7740088105684251,0.8158811237425599,,
IDRiD_71_512_2048,0.0,0.0,0.5592125499674189,0.48248407640751145,0.6620801294754318,0.7518382352250148,,
IDRiD_71_512_512,0.3926454335336818,0.5635996538631786,0.05037957211696413,0.027851964897830907,0.7555272495609541,0.6845836768230077,0.0,0.0
IDRiD_72_0_1024,,,0.6300341296713299,0.4943760042584694,,,,
IDRiD_72_0_1536,,,0.4883323847189338,0.3833780160515301,0.0,0.0,,
IDRiD_72_0_2048,0.10328638495228018,0.05486284287908657,0.0,0.0,0.736764705855266,0.6784021665078942,,
IDRiD_72_0_2560,,,0.5814536339394852,0.5686274507016532,0.0,0.0,0.4111931597337194,0.2632004477874047
IDRiD_72_0_3072,,,0.0,0.0,0.0,0.0,,
IDRiD_72_0_512,,,0.44133099817139565,0.4012738852225242,,,,
IDRiD_72_1024_0,,,,,0.0,0.0,,
IDRiD_72_1024_2048,0.0,0.0,,,0.7516094669040266,0.7462521843028947,,
IDRiD_72_1024_2560,0.6370542036740433,0.59314313112939,,,0.9274543742949578,0.9269195751081826,,
IDRiD_72_1024_3072,0.0,0.0,0.35168195713277034,0.23517382408278653,0.7950085082155982,0.7422156322655747,,
IDRiD_72_1024_512,,,,,0.24190350295823504,0.1375939849520606,,
IDRiD_72_1536_1024,,,0.0,0.0,0.8028329328341617,0.7911266201198622,,
IDRiD_72_1536_1536,,,0.449244060378133,0.2896935932340686,0.8695003728236578,0.8695003727912378,,
IDRiD_72_1536_2048,,,0.5118343194509121,0.3446215138755734,0.9069380511316428,0.8751940058823913,,
IDRiD_72_1536_2560,,,,,0.8613180763509183,0.8014751240423723,,
IDRiD_72_1536_3072,0.0029717682018594524,0.0014880952379845167,0.9389140270431093,0.9453302959122254,0.8662371054167061,0.8039734337690003,,
IDRiD_72_2048_1024,,,,,0.22795698923914134,0.1304347826033456,,
IDRiD_72_2048_1536,0.17468688199819754,0.37535410759555893,,,0.7486423583883381,0.7544956997064507,,
IDRiD_72_2048_2048,0.0,0.0,0.0,0.0,,,,
IDRiD_72_2048_2560,,,0.0,0.0,0.0,0.0,,
IDRiD_72_2048_3072,,,0.3395918367069721,0.22932745311694297,0.1407702523053426,0.07582260370875213,,
IDRiD_72_512_0,,,,,0.8142893336608273,0.7785852712989684,,
IDRiD_72_512_1536,,,,,0.4273653566105571,0.3236331569522208,,
IDRiD_72_512_2048,0.33291614516064355,0.26052889321640266,0.501050861685538,0.7582697200053092,0.7545227416370532,0.7685185185138059,,
IDRiD_72_512_2560,,,0.6820682067831645,0.6753812635429868,0.0,0.0,,
IDRiD_72_512_3072,,,,,0.7696289904758573,0.8710937499149322,,
IDRiD_72_512_512,,,0.7578947360443213,0.679245281737273,0.7422975352030997,0.6612428935373212,,
IDRiD_73_0_1024,,,0.5121951218471148,0.6774193544745057,,,,
IDRiD_73_0_1536,,,0.3281733745622023,0.25728155333561126,0.827380952134708,0.9144736836088989,,
IDRiD_73_1024_1024,,,0.37440435667975464,0.2649325625949005,,,,
IDRiD_73_1024_1536,,,0.6861248315812248,0.5556363635959537,0.8321217244153488,0.9169150521267916,,
IDRiD_73_1024_2048,,,0.5445292620172355,0.6369047617152068,0.8699918233139826,0.7698986974283794,,
IDRiD_73_1024_2560,,,0.5026737967242415,0.9999999994680852,,,,
IDRiD_73_1536_1024,0.8657350763032665,0.783815298498323,0.728987993076416,0.9042553189565414,0.7756117793125006,0.7778702162414417,0.8979488335374226,0.8640602971431295
IDRiD_73_1536_1536,0.7365634100943457,0.7104187946521747,0.725616291493804,0.7390829693516285,0.7650626768796983,0.9283611382798468,,
IDRiD_73_1536_2048,,,0.0,0.0,0.6903460837677491,0.6199563794645607,,
IDRiD_73_1536_2560,,,0.17777777772839506,0.2133333331911111,,,,
IDRiD_73_1536_3072,0.0,0.0,,,,,,
IDRiD_73_1536_512,0.0,0.0,,,,,,
IDRiD_73_2048_1024,,,,,,,0.7877691928195336,0.901768912273174
IDRiD_73_2048_1536,,,0.0,0.0,,,,
IDRiD_73_2048_2048,0.0,0.0,0.0,0.0,,,,
IDRiD_73_2048_2560,0.7620600624981375,0.6206285967104774,0.0,0.0,,,0.787950766564587,0.6521894548587633
IDRiD_73_2048_3072,0.693170635697086,0.7478765571808058,0.546282245744115,0.7438016525852059,,,,
IDRiD_73_512_1024,,,0.7320228912482701,0.7455651292070165,,,,
IDRiD_73_512_1536,0.3408934707786635,0.6966292133853049,0.2615923009509365,0.2243060765023026,0.7197887542603326,0.7697674418348914,,
IDRiD_73_512_2048,0.0,0.0,0.657931034437384,0.9208494206716508,0.7806841044706873,0.8471615716824622,,
IDRiD_73_512_2560,0.7708867247170227,0.6892758936123486,,,,,,
IDRiD_74_0_2048,0.20804597699953759,0.4268867923521493,0.3544520547793471,0.30109090906901154,0.34363852554437346,0.23630417005426785,,
IDRiD_74_0_2560,,,0.6686695278682975,0.7868686867892052,0.7004048581578127,0.8238095234172336,,
IDRiD_74_0_3072,,,0.1988950275876805,0.1343283581755402,,,,
IDRiD_74_0_512,,,0.2439024389252429,0.681818180268595,,,,
IDRiD_74_1024_1024,,,0.6872246695429758,0.8783783781805453,,,,
IDRiD_74_1024_1536,,,0.7176220805270441,0.9999999994082841,,,0.038432954665692395,0.01959298549448373
IDRiD_74_1024_2048,0.4045627376118203,0.556485355532116,0.5402455661295876,0.49376558597334597,0.6474622770030917,0.561904761770975,0.631578947351717,0.4791332263050107
IDRiD_74_1024_2560,0.816509645576399,0.7751277683052051,0.623829149482506,0.551872721227979,0.8033064857905541,0.7867967614534608,,
IDRiD_74_1024_3072,0.5699806505087535,0.8489090160443405,0.3391384051018205,0.31623931618525825,0.8112491373220971,0.8298623367162068,,
IDRiD_74_1536_0,,,0.39224137922581004,0.24396782835282363,,,,
IDRiD_74_1536_1024,,,0.4437499999306641,0.9999999992957747,,,,
IDRiD_74_1536_2048,,,0.0,0.0,0.8254792637224052,0.8731620617083025,,
IDRiD_74_1536_2560,0.3239207569461567,0.19910941475646027,0.43313280886473243,0.47706422013485583,0.0,0.0,,
IDRiD_74_1536_3072,0.638300531080048,0.5094753640483795,0.3277645186692311,0.9321266964108025,0.4348837208796647,0.39872068221775675,,
IDRiD_74_2048_1536,0.32430883827067314,0.9999999999116607,0.6821052630142936,0.9999999993827161,,,,
IDRiD_74_2048_2048,0.714565366908023,0.6617992943878694,0.551101783828938,0.617301363393639,,,,
IDRiD_74_2048_2560,0.8249895754106674,0.8098723814071279,0.3333333332996633,0.8048780483878644,0.7510729612928033,0.6717850286618455,,
IDRiD_74_2048_3072,0.8363713437720142,0.7213893966829474,0.6548672565543784,0.7038043476348357,,,,
IDRiD_74_2048_512,,,0.8912133889348925,0.8801652888924937,,,,
IDRiD_74_512_1024,,,0.4774193547617066,0.783068782654461,,,,
IDRiD_74_512_1536,,,0.3999999999828694,0.28014397118895357,,,,
IDRiD_74_512_2048,0.596107055924811,0.4516129031841831,0.390446521247098,0.2942097026143647,0.6067467652355188,0.543235415782241,,
IDRiD_74_512_2560,0.7333610648842204,0.6116218560171445,0.31957857768570774,0.40088105722457257,0.5857962820133145,0.5234231475731258,,
IDRiD_74_512_3072,,,0.47269890791944624,0.45089285707576,,,,
IDRiD_74_512_512,,,0.06289308174782116,0.048231511238510764,,,,
IDRiD_75_0_1024,0.7122359218349394,0.6964184997081724,0.6838276440771174,0.6241062308159292,,,,
IDRiD_75_0_1536,0.6314207408689266,0.47467765518759353,0.36326696463375596,0.2274809160189577,0.5180591024984291,0.3914002204855898,,
IDRiD_75_0_2048,0.5880694334276673,0.4165002496229624,,,0.0,0.0,,
IDRiD_75_0_2560,0.016005021182865134,0.00806706738361172,0.5179856113244655,0.3529411762975779,,,,
IDRiD_75_0_512,0.7501779359163638,0.8842281878452828,0.4703272323643745,0.4764044943284939,,,,
IDRiD_75_1024_0,,,0.0,0.0,0.0,0.0,,
IDRiD_75_1024_1024,0.778494371477612,0.8866185897317492,0.30471771073841003,0.22656699251141074,0.7589743589419242,0.6671675431504758,,
IDRiD_75_1024_1536,0.0,0.0,0.12661498706374483,0.1040339702539206,0.7374999998463542,0.8045454541797521,,
IDRiD_75_1024_2048,,,0.7697121401270518,0.9432515335976609,0.6907630521625995,0.6150178783533948,,
IDRiD_75_1024_512,0.0,0.0,0.5953488371785349,0.5475285170582197,,,,
IDRiD_75_1536_0,,,0.7503736919655645,0.6553524802466443,,,,
IDRiD_75_1536_1024,0.8291873963378245,0.8286377195615301,0.5413961038741317,0.42430025442593505,0.5725689404726935,0.5389344261926957,,
IDRiD_75_1536_1536,,,0.6222222215308643,0.49122806931363494,0.44549763012061727,0.28658536567891135,,
IDRiD_75_1536_2048,,,0.5617597291773673,0.6171003715178065,0.3674540681450252,0.2364864864065924,,
IDRiD_75_1536_2560,0.32354685646020837,0.5629514963589808,0.32162162157815927,0.8880597008298062,,,,
IDRiD_75_1536_3072,0.468129261777822,0.3371050384214965,,,,,,
IDRiD_75_1536_512,,,0.6732495511367482,0.7723995879740062,,,,
IDRiD_75_2048_1024,0.7835842928768468,0.6709927523905108,0.7527593818707594,0.6651495448202113,0.0,0.0,0.8039470267428203,0.7230829116331406
IDRiD_75_2048_1536,0.5039963806288041,0.5319961795437124,0.4916928603392076,0.4736159169345322,,,,
IDRiD_75_2048_2048,0.5735498839641044,0.8067885116440224,0.5300592717811152,0.45003594533069474,,,,
IDRiD_75_2048_2560,0.0,0.0,0.8449197859456471,0.7452830186335587,,,,
IDRiD_75_2048_3072,0.8356388050722525,0.8089782498714998,0.10699588476265474,0.05652173912429112,,,,
IDRiD_75_2048_512,0.6115793532715718,0.890725288817543,0.4217419777065002,0.27150084314742823,0.0,0.0,0.0,0.0
IDRiD_75_512_0,,,0.0,0.0,,,,
IDRiD_75_512_1024,0.5599999999964159,0.8423180592829742,0.2688766114056687,0.2024965325795772,0.8065476190424007,0.8092703193870519,,
IDRiD_75_512_1536,,,0.31602506712998996,0.24530924251248717,0.7029702969862023,0.6004228329175029,,
IDRiD_75_512_2048,0.6908605413194457,0.7407600208032077,0.2173584905496333,0.3171806166702245,0.8326213592071335,0.8189457600909494,,
IDRiD_75_512_2560,0.8059012968891727,0.7370054923128472,,,,,,
IDRiD_75_512_512,,,0.2898550724037567,0.1790281329465401,,,,
IDRiD_76_0_1024,0.3018286814186366,0.1778180993382214,0.0,0.0,,,,
IDRiD_76_0_1536,0.4190152801334521,0.27226594101439827,0.47026279388172454,0.9970674483879567,,,,
IDRiD_76_0_2560,0.19190238490871042,0.14667231877292616,0.6127366608239696,0.4416873448035515,,,,
IDRiD_76_0_512,0.12300319488326665,0.08835341364954943,,,,,,
IDRiD_76_1024_0,,,0.6236345580314167,0.4604105571172419,,,,
IDRiD_76_1024_1024,0.6612725266581346,0.6702702702577769,0.2631578947306032,0.18858307848492753,0.7943623140162704,0.7981944975124274,,
IDRiD_76_1024_1536,,,0.7450462350402846,0.808022922404578,0.8674801969537752,0.777735124750125,,
IDRiD_76_1024_2048,0.563388130382742,0.7966903072658242,0.6163035839558573,0.6787925696069046,0.7453355155360829,0.7577371048000754,,
IDRiD_76_1024_3072,,,0.0,0.0,,,,
IDRiD_76_1024_3584,,,0.6725146196863991,0.9999999991304348,,,,
IDRiD_76_1024_512,0.3237738985835019,0.30585001962493424,0.21173385774461706,0.21972789114151509,0.7720555306646955,0.8374352331335028,,
IDRiD_76_1536_0,,,0.6686956521448394,0.5984435797199654,,,,
IDRiD_76_1536_1024,,,0.41358024688166817,0.29257641918203314,0.8939325436255813,0.8860804875783267,,
IDRiD_76_1536_1536,,,0.0,0.0,,,,
IDRiD_76_1536_2048,0.7433191106951871,0.6189229618317531,0.4967032965941311,0.9999999991150443,,,,
IDRiD_76_1536_2560,0.9100497512347258,0.8717117803875007,0.5794392521559378,0.9489795908683882,,,,
IDRiD_76_1536_3072,,,,,0.0,0.0,,
IDRiD_76_1536_512,0.4802384162316026,0.3229007633556975,0.7782824112143212,0.7533972821441488,0.13350977797186428,0.07950963222277567,,
IDRiD_76_2048_1024,,,0.794291338543588,0.9351100810040429,,,,
IDRiD_76_2048_1536,,,0.568940493427508,0.46226415088888395,,,,
IDRiD_76_2048_2560,,,0.0,0.0,0.0197542386061615,0.009975649988139379,,
IDRiD_76_2048_3072,,,0.51999999992,0.4828571427191836,,,,
IDRiD_76_2048_512,0.48208578637105054,0.33290742246099536,0.746611053160933,0.730985196491527,,,,
IDRiD_76_512_0,0.6931650893650229,0.6841012868126152,0.8054054052965669,0.9460317457314185,,,,
IDRiD_76_512_1024,0.6359084859583249,0.7117321605800577,0.5180942462765401,0.4104785478378516,0.667874614954378,0.6783216782967125,,
IDRiD_76_512_1536,0.6725852272647658,0.7316507854563057,0.5227272727002723,0.6755674231407788,,,,
IDRiD_76_512_2048,,,0.0,0.0,,,,
IDRiD_76_512_3072,,,0.8235294117077142,0.9643435978988099,,,,
IDRiD_76_512_512,0.5713139096189797,0.7388416026419173,0.37282941775419665,0.23367477591333707,0.7503410640688717,0.715214564276305,,
IDRiD_77_0_1024,,,0.6326194398160939,0.5126835780356898,0.0,0.0,,
IDRiD_77_0_1536,0.0,0.0,0.7632508831225261,0.6352941172733564,0.584192439840237,0.42335362476904514,,
IDRiD_77_0_2048,0.2739893211247294,0.16168527187321416,,,0.1368653421331423,0.0734597156224029,,
IDRiD_77_0_2560,0.7665989029927253,0.7558429770761981,0.0,0.0,0.2274768033454811,0.12938372488493757,,
IDRiD_77_0_3072,,,0.8122503327813249,0.9621451101065788,0.0,0.0,,
IDRiD_77_0_512,,,0.68273092342059,0.6071428567091837,,,,
IDRiD_77_1024_0,,,0.0,0.0,,,,
IDRiD_77_1024_1024,,,0.4210526314903047,0.2915451894193746,0.6563307491844106,0.5404255316849254,,
IDRiD_77_1024_1536,0.0,0.0,0.5885558582838984,0.6639344261614821,0.8497400865447847,0.7776726113341752,,
IDRiD_77_1024_2048,0.441147378789204,0.3194842406419077,,,0.6191381495465916,0.4636924537146727,,
IDRiD_77_1024_2560,,,,,0.0,0.0,,
IDRiD_77_1024_3072,0.3208742256537838,0.9283125251337773,0.5484764542176626,0.9999999994949496,0.5173041893411103,0.34889434880862547,,
IDRiD_77_1024_3584,,,,,0.1306687163619778,0.06990131578372522,,
IDRiD_77_1024_512,,,0.015267175566691916,0.013986013976233558,,,,
IDRiD_77_1536_1024,0.43063773831588964,0.31369731799263906,0.2771633051218501,0.2401352874588348,0.0,0.0,,
IDRiD_77_1536_1536,,,,,0.5811732605465588,0.4305929918847309,,
IDRiD_77_1536_2048,,,0.6987778576061267,0.9084112147834746,0.0,0.0,,
IDRiD_77_1536_512,0.8664800559771415,0.8907913668936577,0.4481310373698419,0.3387301587194054,0.5739101933698146,0.4266569200675766,,
IDRiD_77_2048_0,,,0.6074766352301512,0.43624161044547544,,,,
IDRiD_77_2048_1024,0.16251761389560745,0.1273932253219887,0.5566343041620846,0.624319419124443,0.6654208518207162,0.5195136778052338,,
IDRiD_77_2048_1536,,,0.3723776223450719,0.9508928567183514,0.6082650923517756,0.447840717878636,,
IDRiD_77_2048_2048,,,0.6170886074972961,0.4665071769218882,0.5569536423656638,0.38827331484818683,,
IDRiD_77_2048_512,,,0.09226770629679872,0.048365122612509186,0.12473290598124022,0.06655265783003346,,
IDRiD_77_512_1024,,,0.0,0.0,0.18773946356556717,0.10359408031636488,,
IDRiD_77_512_1536,0.3783413296692177,0.3228070175312746,0.35421888050507777,0.3464052287015678,0.6966851614714159,0.580007106475305,,
IDRiD_77_512_2048,,,,,0.6723611958473994,0.5293912132017696,,
IDRiD_77_512_2560,0.47695852531814753,0.31699846858215935,,,0.5087081819257148,0.3505439474986955,,
IDRiD_77_512_3072,,,0.5884615384049556,0.509999999915,0.14861995752663693,0.08027522935166091,,
IDRiD_77_512_512,0.0,0.0,0.36923076917912856,0.5972850676030385,,,,
IDRiD_78_0_1024,,,0.11428571412244899,0.06060606051423325,,,,
IDRiD_78_0_1536,,,0.6801573917549096,0.7306763284141695,,,,
IDRiD_78_0_2048,0.0,0.0,0.40498960497276554,0.2939046469345863,0.16666666661706347,0.09090909087957497,,
IDRiD_78_0_2560,0.7085346215638378,0.548628428910579,0.0,0.0,0.5997244757339681,0.4473113369054993,,
IDRiD_78_0_3072,,,0.0,0.0,0.3568627450630527,0.38155136260344835,,
IDRiD_78_0_512,0.7737341771845834,0.6712422786086999,,,,,,
IDRiD_78_1024_0,,,0.0,0.0,,,,
IDRiD_78_1024_1024,,,,,0.5374855824062877,0.4109347441956024,,
IDRiD_78_1024_1536,,,,,0.0,0.0,,
IDRiD_78_1024_2048,0.3611963190175393,0.22222877532298596,0.6293393056406116,0.7574123987176785,0.7130177514722581,0.6462281015258093,,
IDRiD_78_1024_2560,0.5093900912134735,0.35195254571982265,0.24882873502088346,0.309987029791182,0.7280635849550078,0.7862328123598408,,
IDRiD_78_1024_3072,,,0.0,0.0,,,,
IDRiD_78_1024_512,,,0.8831350594203544,0.9752704789837295,,,,
IDRiD_78_1536_1536,,,0.40255591047882494,0.5431034480417658,,,,
IDRiD_78_1536_2048,0.2773777946139186,0.16777446710594146,0.6183574878800305,0.5496932514662953,0.6380057803237715,0.5284260921287597,,
IDRiD_78_1536_2560,0.0,0.0,0.19284149012470111,0.10981697170467412,0.30798479085988667,0.18870122305249265,,
IDRiD_78_1536_3072,,,0.0,0.0,0.0,0.0,,
IDRiD_78_2048_1024,,,0.0,0.0,,,,
IDRiD_78_2048_2048,,,0.5767790261632229,0.4509516836821447,,,,
IDRiD_78_2048_2560,0.0,0.0,0.0,0.0,,,,
IDRiD_78_2048_3072,0.06585788560383746,0.034050179205367355,,,0.3103448274078478,0.18367346926280717,,
IDRiD_78_2048_512,,,0.0,0.0,0.0,0.0,,
IDRiD_78_512_0,,,0.8230088494664813,0.7279843442802378,,,,
IDRiD_78_512_1536,,,0.4270235818720826,0.9999999997014924,,,,
IDRiD_78_512_2048,,,0.9102639295653804,0.9172576831067072,0.8532852928932091,0.8643218095738175,,
IDRiD_78_512_2560,0.4831058402300117,0.3517432388371477,0.4773175542092493,0.5253256149746273,0.7917705735649629,0.7897340230057669,,
IDRiD_78_512_3072,,,,,0.597739048502173,0.5783956244039018,,
IDRiD_78_512_512,,,0.4949494948245077,0.32885906029232914,0.8267223380319995,0.7306273060034585,,
IDRiD_79_0_1024,,,0.7290322578293443,0.9999999991150443,0.6316861945679222,0.5395996518242298,,
IDRiD_79_0_1536,0.527116848082775,0.606651884687214,0.0,0.0,0.6504455106014241,0.6416497633102333,,
IDRiD_79_0_2048,0.6368400621056207,0.48875316549249587,0.4166666665331196,0.585585585058031,,,,
IDRiD_79_0_2560,0.652240095443073,0.4969282848514485,0.0,0.0,0.6219879517603925,0.6295731706357358,,
IDRiD_79_0_512,0.8257548718621903,0.9860211387489598,0.3287671232313755,0.22482435591924488,,,,
IDRiD_79_1024_0,0.8652242374708974,0.860057971004521,,,,,,
IDRiD_79_1024_1024,0.48979591803415246,0.43373493923646395,0.0,0.0,0.7374990928170585,0.6912925169973974,,
IDRiD_79_1024_1536,0.0,0.0,,,0.7809733162314161,0.7975804439910504,,
IDRiD_79_1024_2048,,,0.27570093451502314,0.23886639666442658,0.755874606203812,0.9229411022711195,,
IDRiD_79_1024_2560,0.05157593122913605,0.07462686565926586,0.5316973414915461,0.44217687071821926,0.8722347629773676,0.9295822483814695,,
IDRiD_79_1024_3072,,,,,0.8456476218922842,0.8423718712669609,,
IDRiD_79_1536_0,,,,,0.6983505730864313,0.675865800829228,,
IDRiD_79_1536_1024,0.332089552229955,0.24910035984609757,0.5946843853326673,0.46373056988811784,0.7677272727098244,0.7096638655164007,,
IDRiD_79_1536_1536,0.4602307224978609,0.3041733547107405,0.5116279069514286,0.45510563376275476,0.8593963782678885,0.881932686347793,,
IDRiD_79_1536_2048,,,0.49243697474853465,0.3590686274069769,0.7958744691401524,0.8937198067605174,,
IDRiD_79_1536_2560,0.5764397905683712,0.706221937116542,0.5219136834887282,0.48118445401103116,0.9456125329005397,0.9256798708527081,,
IDRiD_79_1536_3072,0.7264564007394194,0.7029297716451032,0.35237586757328476,0.23930384334740362,0.7939394902927011,0.7086822013433183,,
IDRiD_79_1536_512,,,,,0.0,0.0,,
IDRiD_79_2048_1024,0.0,0.0,0.0,0.0,0.8404307390988689,0.8053470919135707,,
IDRiD_79_2048_1536,,,0.5855421686041515,0.8154362413371019,0.781185246578707,0.8285194022301361,,
IDRiD_79_2048_2048,0.0,0.0,0.010695187164345563,0.005376344085298879,0.7486177785110126,0.6951976879991687,,
IDRiD_79_2048_2560,0.7401595511495566,0.6316301339071472,,,0.9111641969309552,0.9459061494924905,,
IDRiD_79_2048_3072,0.21099656356663243,0.5274914088440736,0.0,0.0,0.652436394994327,0.5015746726296902,,
IDRiD_79_2048_512,0.0,0.0,0.0,0.0,0.8573784005888393,0.9523809522065237,,
IDRiD_79_512_0,0.8419956254469118,0.7612052730553446,,,0.7028753991364615,0.7382550330615738,,
IDRiD_79_512_1024,0.0012445550715231937,0.001432664756344365,0.17171717170633097,0.09941520467109538,0.7138372783514563,0.9110004330681897,,
IDRiD_79_512_1536,,,0.0,0.0,0.7151931687939685,0.7543936730941478,,
IDRiD_79_512_2048,0.0,0.0,0.624277456575228,0.5454545453443526,0.689029081386536,0.8638117283617357,,
IDRiD_79_512_2560,0.8472927241783568,0.7754548973760955,0.0,0.0,0.7985302134000958,0.8155387851011772,,
IDRiD_79_512_3072,0.8763594733578604,0.8859953703190975,0.0,0.0,0.7828458106001135,0.6791397849316314,,
IDRiD_79_512_512,,,0.6981132075302827,0.6004993757552851,0.6585612967924457,0.8620689652885758,,
IDRiD_80_0_2048,0.7802806113540358,0.6504905090808005,,,,,,
IDRiD_80_0_2560,,,0.8321167880174756,0.7124999995546876,0.6971428570764625,0.7052023120028512,,
IDRiD_80_0_3072,,,,,0.0,0.0,,
IDRiD_80_1024_2048,,,,,0.3201293451813493,0.20204081631965848,,
IDRiD_80_1024_2560,,,,,0.0,0.0,,
IDRiD_80_1536_1536,,,0.6802030455701856,0.9999999995024876,,,,
IDRiD_80_1536_2048,,,,,0.0,0.0,,
IDRiD_80_1536_2560,,,,,0.16576086954269553,0.09037037035698217,,
IDRiD_80_1536_3072,,,,,0.5653370013366343,0.4126506023682078,,
IDRiD_80_2048_1536,,,,,0.0,0.0,,
IDRiD_80_2048_2048,,,0.5945945944606769,0.5365853656355344,,,,
IDRiD_80_2048_3072,,,0.0,0.0,0.6206896550868014,0.45454545445362715,,
IDRiD_80_512_2560,,,,,0.23175965655289285,0.13106796110142332,,
