image,dice_hemorrhages,recall_hemorrhages,dice_microaneurysms,recall_microaneurysms,dice_hard_exudates,recall_hard_exudates,dice_soft_exudates,recall_soft_exudates
IDRiD_01_0_1024,0.8897290485098747,0.9746893695127775,,,,,,
IDRiD_01_0_2048,0.0,0.0,,,,,,
IDRiD_01_0_2560,0.5475218658732501,0.6185770750580647,0.3684427922193952,0.7299509000441979,,,,
IDRiD_01_1024_1024,,,,,0.8452342487747135,0.8275862068703707,,
IDRiD_01_1024_1536,,,,,0.5379410343030947,0.39412181301720534,,
IDRiD_01_1024_2048,,,0.7644787644519313,0.8474708170546715,0.5247131509151652,0.37999360816938343,,
IDRiD_01_1024_2560,0.5936708860383753,0.4513955726225798,0.33522727267965524,0.5756097558167758,0.5130302190150192,0.36362743171189205,,
IDRiD_01_1024_512,0.4879459980478329,0.3614285714027551,,,0.0,0.0,,
IDRiD_01_1536_1024,0.8669844233655988,0.8695909314847748,0.32716927451442607,0.9999999995652175,0.5350206003374037,0.3662369057064369,,
IDRiD_01_1536_1536,,,,,0.5548387096177593,0.397534668659856,,
IDRiD_01_1536_2048,,,0.7006071928677905,0.7953340402125839,0.7602056429378781,0.6840134368594966,,
IDRiD_01_1536_2560,,,,,0.0,0.0,,
IDRiD_01_1536_512,0.0,0.0,0.16533864540185872,0.17043121146397716,0.0,0.0,,
IDRiD_01_2048_1024,0.9219645716008781,0.8839374133404244,0.7433460075339025,0.7883064514539705,0.7374112875909309,0.8230856280493571,,
IDRiD_01_2048_1536,,,,,0.8626894476901212,0.8253951012826514,,
IDRiD_01_2048_2048,,,0.7836968179912872,0.7481228668431315,0.8240962528553397,0.8862438562181375,,
IDRiD_01_2048_3072,,,0.4115082824401475,0.25905598240844613,,,,
IDRiD_01_512_1024,,,0.0,0.0,0.7764426642816133,0.7756372258217061,,
IDRiD_01_512_1536,0.0,0.0,,,0.7577567029533103,0.7356217321951439,,
IDRiD_01_512_2048,0.0,0.0,0.0,0.0,0.5797292835855647,0.44335970374611416,,
IDRiD_01_512_2560,0.0,0.0,,,,,,
IDRiD_02_0_1536,,,,,0.5578017189134753,0.4067796610097673,,
IDRiD_02_0_2048,0.0,0.0,,,0.6878980890843442,0.5947136562566709,,
IDRiD_02_0_2560,,,,,0.0,0.0,,
IDRiD_02_0_3072,,,,,0.0,0.0,,
IDRiD_02_1024_1024,,,,,0.0,0.0,,
IDRiD_02_1024_1536,,,,,0.4648148147717764,0.3046116504484695,,
IDRiD_02_1024_2048,0.0,0.0,0.7966597076911625,0.7819672130506584,0.44587462993376403,0.29445766745504154,,
IDRiD_02_1024_2560,0.0,0.0,0.5330824709773258,0.522433927441768,0.659228781509544,0.4983233291967098,,
IDRiD_02_1024_3072,0.0,0.0,0.18600682592269566,0.2978142075689032,0.6391085549887477,0.47574027826479237,,
IDRiD_02_1024_512,,,,,0.0,0.0,,
IDRiD_02_1536_1024,,,0.7058823528988065,0.999999999829932,,,,
IDRiD_02_1536_1536,0.0,0.0,0.6295399514976344,0.5664488016195101,0.0,0.0,,
IDRiD_02_1536_2048,0.0,0.0,0.2832369941991881,0.4041237112568817,0.7901234567713646,0.6850555783991332,,
IDRiD_02_1536_2560,0.0,0.0,0.0,0.0,0.7427884615368082,0.6213830856864359,,
IDRiD_02_1536_3072,0.09677419354405134,0.05101558809395298,0.7248908296547548,0.8019323670529067,0.06234007908670993,0.032643118147804066,,
IDRiD_02_2048_1024,,,,,0.6078184110587757,0.4716242660986669,,
IDRiD_02_2048_1536,0.0,0.0,0.4934261407197659,0.9785276070618013,0.0,0.0,,
IDRiD_02_2048_2048,0.0,0.0,0.0,0.0,,,,
IDRiD_02_2048_2560,,,,,0.5601092895409687,0.41497975700101625,,
IDRiD_02_2048_3072,,,0.6772793052565442,0.5391705067882095,0.0,0.0,,
IDRiD_02_2048_512,,,,,0.8771384136176408,0.9707401031031428,,
IDRiD_02_512_1024,,,0.30116779346643097,0.9459459455807158,0.0,0.0,,
IDRiD_02_512_1536,,,0.48252344413970494,0.9999999998233217,0.8045139415980744,0.702767217746417,,
IDRiD_02_512_2048,0.7687197231727513,0.6434198331639616,0.48611111109125366,0.5129310344385404,0.8058272071167071,0.713398614751452,,
IDRiD_02_512_2560,,,0.32829670327415544,0.3060179256970528,0.0,0.0,,
IDRiD_02_512_3072,,,,,0.46191646185971547,0.30031948876991704,,
IDRiD_03_0_1024,0.0,0.0,,,0.5752595155584935,0.4142011834190532,,
IDRiD_03_0_1536,0.022399999999601777,0.011326860841220301,0.0,0.0,0.5761220299038979,0.4573823940168895,,
IDRiD_03_0_2048,0.0,0.0,0.14545454544542605,0.8992248055044769,0.8509316769745894,0.7597042513161086,,
IDRiD_03_0_2560,0.7560068557360022,0.7059001147369653,0.46012526094112216,0.6261363635652119,0.5430711609469905,0.5197132614624683,,
IDRiD_03_0_512,,,,,0.0,0.0,,
IDRiD_03_1024_0,0.0,0.0,,,,,,
IDRiD_03_1024_1024,0.1953449708979491,0.12220488818917291,0.4273664479649782,0.9848812092905224,0.6916897506901257,0.572476643545753,,
IDRiD_03_1024_1536,0.82445014167016,0.7797345584282865,0.0,0.0,0.8775549022990856,0.8579422504719063,,
IDRiD_03_1024_2048,0.19805621223540698,0.11023391812543176,0.45641646487722715,0.6590909090332963,0.767157404244377,0.7462488277557586,,
IDRiD_03_1024_2560,0.0,0.0,0.17623497996545462,0.31181102357294316,0.7859156619255416,0.7292258028567417,,
IDRiD_03_1024_3072,0.5300430651409526,0.3688516791897169,0.3614457831096103,0.7215189871591091,0.412350597568491,0.2749003983698672,,
IDRiD_03_1536_1024,0.0,0.0,0.6390647832129048,0.7001067235111946,0.6110921307298588,0.4673401846286825,,
IDRiD_03_1536_1536,0.018384766906212425,0.013725490194732796,0.5129870129718718,0.7523809523158111,0.8176657947635765,0.8098410348566851,,
IDRiD_03_1536_2048,0.4151986182930847,0.29374389050372707,0.332936979766175,0.5293005670076937,0.8496714079110608,0.7936494365870532,,
IDRiD_03_1536_2560,0.24975845410507364,0.14917190836084498,0.1826484018189021,0.5200945625248004,0.809556671344717,0.7212822796051338,,
IDRiD_03_1536_3072,,,0.0,0.0,0.0,0.0,,
IDRiD_03_2048_0,,,0.596590908921423,0.425101214402793,,,,
IDRiD_03_2048_1024,0.6960026872669374,0.5635725236112775,0.35652173910459983,0.999999999593496,0.008188331626592802,0.004110996916329805,,
IDRiD_03_2048_1536,0.15258467023123454,0.08299252573655692,,,0.7568094246833039,0.6616075576842062,,
IDRiD_03_2048_2048,,,0.0,0.0,0.7222890358753142,0.6218291630662482,,
IDRiD_03_2048_2560,0.0,0.0,0.36340206180883994,0.9999999992907802,0.7954271961372529,0.7827116636831642,,
IDRiD_03_2048_3072,0.57673073446661,0.9102320273695278,,,,,,
IDRiD_03_512_0,0.0,0.0,0.0675105484947213,0.03493449780133865,0.0,0.0,,
IDRiD_03_512_1024,,,0.0,0.0,0.17271727171767232,0.09452137266137739,,
IDRiD_03_512_1536,0.6252570958324711,0.6158833062959529,0.44444444440731457,0.5732758619454147,0.7502603369019892,0.6963047185821909,,
IDRiD_03_512_2048,0.0,0.0,0.0,0.0,0.7261777081039008,0.8113938052947752,,
IDRiD_03_512_2560,0.6841659610403025,0.5510343259706516,0.5135467979979342,0.9266666664607407,0.6957871995632204,0.8097108736516387,,
IDRiD_03_512_3072,0.0,0.0,0.5599173553140582,0.624423962989764,0.43017176996153206,0.30299842186728043,,
IDRiD_03_512_512,0.13541297411785136,0.10302049621882306,0.3310559006108368,0.9870370368542525,0.11402439024042609,0.061031331590697416,,
IDRiD_04_0_1024,,,,,0.5310880828786232,0.5570652173408455,,
IDRiD_04_1024_0,,,,,0.7980997622807363,0.7601809951311398,,
IDRiD_04_1024_1024,0.8767052766939936,0.9136266094175529,0.17142857139089482,0.097256857831108,0.0,0.0,,
IDRiD_04_1024_2560,,,,,0.8363201910589821,0.8177570091547296,,
IDRiD_04_1024_3072,,,,,0.0,0.0,,
IDRiD_04_1024_3584,,,,,0.2847457626153404,0.16600790507272414,,
IDRiD_04_1536_1024,0.8419149551573479,0.8600768321385923,,,,,,
IDRiD_04_1536_2560,,,0.6177285317703978,0.9999999995515695,,,,
IDRiD_04_1536_512,0.8188606527711739,0.7039030955512589,0.7205240173099292,0.9166666661574074,0.8328075707152026,0.8859060396738886,,
IDRiD_04_2048_512,0.8424917171584,0.754403314176789,,,,,,
IDRiD_04_512_1024,,,,,0.4300979518953652,0.34377224196841477,,
IDRiD_04_512_1536,,,,,0.0,0.0,,
IDRiD_04_512_2560,,,,,0.35185185174325556,0.2134831459874595,,
IDRiD_04_512_3072,0.0,0.0,,,0.7345679010078494,0.9519999992384001,,
IDRiD_04_512_3584,,,,,0.5650224212712904,0.9545454530991736,,
IDRiD_04_512_512,,,,,0.0,0.0,,
IDRiD_05_0_512,0.3407596010997161,0.9999999999377335,0.4058272632252001,0.33678756470867227,,,,
IDRiD_05_1024_1024,,,,,0.6407745865900698,0.5451684561172683,,
IDRiD_05_1024_1536,,,0.2931354359381938,0.17324561399709526,0.8372360844369053,0.9388721480439574,,
IDRiD_05_1024_2048,0.0,0.0,0.0,0.0,,,,
IDRiD_05_1024_512,,,0.6315789472734468,0.9999999995238096,,,,
IDRiD_05_1536_1024,0.0,0.0,0.2255144032736202,0.16506024094396865,0.34971098260842326,0.21723518847087342,,
IDRiD_05_1536_1536,,,,,0.0,0.0,,
IDRiD_05_1536_512,0.0,0.0,0.4376859503987542,0.9350282484555046,,,,
IDRiD_05_2048_1024,,,0.6374298826803962,0.7167431191838598,,,,
IDRiD_05_2048_1536,,,0.0,0.0,,,,
IDRiD_05_2048_512,0.7978333041971373,0.830786026170641,,,,,,
IDRiD_05_512_1536,,,0.5852417301309817,0.42750929352137196,,,,
IDRiD_06_0_1536,0.3249943655549922,0.1947595894058682,0.08384146340824379,0.1276102087870974,,,,
IDRiD_06_0_2048,0.7299937642851105,0.6310493531309169,0.5757806549447234,0.6786355474544641,,,,
IDRiD_06_0_2560,0.7857663347049686,0.9912670445688484,,,0.03138622493187566,0.01594331266466401,,
IDRiD_06_0_3072,,,0.13095238091340702,0.07119741098019501,,,,
IDRiD_06_0_512,,,0.7478890228740718,0.6144697719906373,0.08130081299491045,0.04237288134875036,,
IDRiD_06_1024_1024,,,0.7259504131991422,0.8439661797967742,0.8745713161248407,0.80028809547484,,
IDRiD_06_1024_1536,,,,,0.8789808917152302,0.7967964239076476,,
IDRiD_06_1024_512,0.0,0.0,0.6187845303687473,0.6150289016985532,,,,
IDRiD_06_1536_0,,,,,0.43854748597226995,0.2808586761572704,,
IDRiD_06_1536_1024,0.7753593428839689,0.7594529363829885,,,,,,
IDRiD_06_1536_512,,,0.6246851384865924,0.6480836235804732,0.013363028950253222,0.006726457397594965,,
IDRiD_06_2048_512,,,0.0,0.0,,,,
IDRiD_06_512_0,,,0.0,0.0,,,,
IDRiD_06_512_1024,0.3251533742165054,0.19413919412734193,0.14447592066965467,0.17739130431697545,0.7736178775662634,0.6644078588290685,,
IDRiD_06_512_1536,0.1574193548183975,0.0856741572913379,,,0.7386298215271235,0.603196991061559,,
IDRiD_06_512_2048,0.6647843942334501,0.7408466818798143,0.43380281677921045,0.5273972599127417,0.0,0.0,,
IDRiD_06_512_3072,,,0.7120093276054408,0.6632874727977344,,,,
IDRiD_06_512_512,0.0,0.0,0.36131183989097765,0.38782816224488925,0.5793617902905229,0.44879614765814463,,
IDRiD_07_0_1024,,,0.7384615383905325,0.7097966726968953,0.4715025906328581,0.9999999996336996,,
IDRiD_07_0_1536,0.4481998530426422,0.6338320864241965,,,0.0,0.0,,
IDRiD_07_0_2048,0.1073961499439009,0.07501769284677864,0.43850267378299773,0.6949152541680045,0.3181818181627882,0.9962546812748109,,
IDRiD_07_0_512,0.7643020594715821,0.895099540513392,,,,,,
IDRiD_07_1024_0,,,,,0.0,0.0,,
IDRiD_07_1024_1024,,,0.314606741219543,0.1866666664177778,0.657409953249142,0.5841680918498859,,
IDRiD_07_1024_1536,,,,,0.44217482726881685,0.30590191188059224,,
IDRiD_07_1024_2048,0.0,0.0,,,0.10810810808723782,0.06730769229151257,,
IDRiD_07_1024_2560,,,0.7461832060356695,0.7995910018814743,,,,
IDRiD_07_1024_512,,,0.5097285611215535,0.6380036078990977,0.7949197444226669,0.8450960901119103,,
IDRiD_07_1536_0,,,0.0,0.0,0.747881694632328,0.6269096756733608,,
IDRiD_07_1536_1024,,,,,0.6844097995520252,0.7024535202628585,,
IDRiD_07_1536_1536,,,0.8330404216462144,0.7203647414223815,0.9054667120322878,0.9073705745271712,,
IDRiD_07_1536_2048,0.019383259911325015,0.009786476868037176,,,0.8455999381898743,0.9133743928681365,,
IDRiD_07_1536_2560,,,0.0,0.0,0.7952917818875583,0.874746529395767,,
IDRiD_07_1536_512,0.25233160621543754,0.33764733070631736,0.2455521718184717,0.9421894217783285,0.6368350297553902,0.746174617428165,,
IDRiD_07_2048_0,,,,,0.07356321837389351,0.03864734298583397,,
IDRiD_07_2048_1024,,,,,0.7097099621510792,0.6914004913665159,,
IDRiD_07_2048_1536,,,,,0.8034139170173006,0.8094297704203947,,
IDRiD_07_2048_2048,0.4295864456165531,0.7895529884347974,0.279792746105462,0.47962382440129325,0.7985250435235222,0.8223628691809628,,
IDRiD_07_2048_512,0.8143312883395616,0.9498511563893994,0.6149968493820102,0.47843137252556706,0.6919703613988815,0.5942857142702783,,
IDRiD_07_512_0,,,0.5354838707950051,0.3656387663587495,0.7404718691941068,0.9807692302977071,,
IDRiD_07_512_1024,,,0.4550264547857003,0.7962962948216735,,,,
IDRiD_07_512_1536,,,0.6670439539583656,0.7791978844962892,0.8322717621491669,0.8412017166178539,,
IDRiD_07_512_2048,0.0,0.0,0.43410852708370895,0.4414414413420177,,,,
IDRiD_07_512_2560,0.49228735124521183,0.3665900885997181,,,,,,
IDRiD_07_512_512,,,0.5384243595679834,0.8869426750180028,,,,
IDRiD_08_0_1024,0.45741940519508684,0.33265213441947483,,,,,,
IDRiD_08_0_1536,0.6858978936069764,0.6797820394828407,0.0,0.0,,,,
IDRiD_08_1024_1024,0.7014983713263648,0.7563922449913911,0.34993270523721626,0.5143422353596101,0.4771606966652264,0.3230974632700001,,
IDRiD_08_1024_1536,0.7015096816483302,0.8268858800613755,0.0,0.0,0.2886597937549155,0.16990291258012064,0.8336813436185488,0.7216502946898101
IDRiD_08_1024_2048,,,,,0.7949776970053694,0.8176257362843494,,
IDRiD_08_1024_2560,,,,,0.553691275074884,0.3891509433044455,,
IDRiD_08_1024_512,0.47227626457995436,0.3160807291563776,,,0.8450074515018623,0.9249592168148517,,
IDRiD_08_1536_1024,,,,,0.06521739129017012,0.03448275861276258,,
IDRiD_08_1536_1536,0.7616099071026051,0.6492082825558584,,,0.8296029499971734,0.8737355491171652,,
IDRiD_08_1536_2048,,,,,0.5015079706806761,0.3445825932300425,,
IDRiD_08_512_1024,,,0.4456233421455157,0.9999999997023808,,,,
IDRiD_08_512_1536,,,0.42483660123777184,0.46099290763794576,0.6853932582986155,0.9945652168507798,0.8737353669319505,0.8644611104338668
IDRiD_08_512_2048,,,0.5366876310085015,0.5787490579820084,,,0.6189912384524094,0.5757075211917662
IDRiD_08_512_512,,,0.7562189053472275,0.9661016945058891,,,,
IDRiD_09_0_1024,0.542348754445986,0.3936712947988784,,,,,,
IDRiD_09_0_1536,,,0.6459454074388136,0.4904689863694261,,,,
IDRiD_09_0_2560,,,0.5951169887794956,0.4248366012763372,,,,
IDRiD_09_0_3072,,,0.0,0.0,,,,
IDRiD_09_0_512,0.6229610389545666,0.5102978723317396,,,,,,
IDRiD_09_1024_1024,0.08552631576134002,0.05416666664409722,0.5249393367413732,0.4945389890654169,0.808082918876566,0.7864871461080927,,
IDRiD_09_1024_1536,0.8845791752910024,0.8376322358155517,,,0.8600382239202986,0.881790010935323,,
IDRiD_09_1024_2048,0.46209657242354146,0.37434130522143616,0.4664080048914354,0.620315046136865,0.7511720158605195,0.747666905944945,,
IDRiD_09_1024_2560,,,,,0.6585530763584481,0.5191897654030715,,
IDRiD_09_1024_3072,,,0.0,0.0,,,,
IDRiD_09_1024_3584,,,0.0,0.0,,,,
IDRiD_09_1024_512,0.22099447513230744,0.15492438214109464,0.5404807957924774,0.605947955371563,0.7581680797447296,0.6979751796166036,,
IDRiD_09_1536_1024,0.06857483601465192,0.035504785426504946,0.441860465104046,0.3340309752894922,0.7459683732567207,0.7063489121948543,,
IDRiD_09_1536_1536,0.5415410385214275,0.9442172896920498,0.4748427672707105,0.3901808785193642,0.7998763032326089,0.8834780911457549,,
IDRiD_09_1536_2048,0.7614533965135509,0.9224077939832148,0.4980314960139733,0.3315858453038551,0.009259259257115912,0.005420054199073156,,
IDRiD_09_1536_2560,,,0.1512791991017086,0.08182912153538933,,,,
IDRiD_09_1536_512,,,0.0,0.0,0.8704535537348617,0.8698953416764059,,
IDRiD_09_2048_1024,,,,,0.6386565353384926,0.8698904157093427,,
IDRiD_09_2048_1536,0.11111111108171663,0.058823529395287524,0.6106600776346396,0.7906764167467388,0.7734976148793693,0.7493729679482147,,
IDRiD_09_2048_2048,0.59264286683056,0.7880866425708273,0.7092954410474069,0.7208182911286621,,,,
IDRiD_09_2048_2560,,,,,0.7603305784774872,0.9572254334153497,,
IDRiD_09_2048_512,,,0.6115527291835837,0.5397567820140432,0.0,0.0,,
IDRiD_09_512_0,0.3690108191582494,0.22808693574807531,,,,,,
IDRiD_09_512_1024,0.0,0.0,0.6706135629619132,0.714040114592721,0.7524788701446984,0.8183844011076928,,
IDRiD_09_512_1536,0.5487804876375669,0.40358744376520744,0.6309278350081836,0.8468634684784385,0.692084323261711,0.8061852047021069,,
IDRiD_09_512_2048,,,,,0.7313746064961782,0.8976175144591881,,
IDRiD_09_512_3072,,,0.0,0.0,,,,
IDRiD_09_512_512,0.413891423355304,0.2862213108266723,0.43749999998018574,0.7430769229626036,0.7604485218388941,0.881796690098866,,
IDRiD_10_0_1024,,,,,0.7631356047958602,0.7362788000172074,,
IDRiD_10_0_1536,,,0.7254213482891355,0.9101321585101204,0.8166797797001426,0.8615185210431328,,
IDRiD_10_0_2048,0.8525527798769764,0.830615422430299,0.5940774487200876,0.7442922373579576,0.772095132518462,0.7958759673775729,,
IDRiD_10_0_2560,0.3967359050386241,0.5748065347990196,0.5369768774978602,0.934797072459428,0.740272065790252,0.8695652173589906,,
IDRiD_10_0_3072,,,,,0.2733426703983036,0.15979803493231717,,
IDRiD_10_0_512,,,,,0.49999999984375,0.34782608680529303,,
IDRiD_10_1024_0,,,,,0.6282527879873137,0.4579945798216817,,
IDRiD_10_1024_1024,0.09673313533948381,0.060573857596690386,0.36634799233780696,0.27031602707278124,0.769888203044115,0.9173009668698076,,
IDRiD_10_1024_1536,,,,,0.9767269993964695,0.9855826226618063,,
IDRiD_10_1024_2048,,,0.6876907425546601,0.5314465407969424,0.9676426013597007,0.9918560147807053,,
IDRiD_10_1024_2560,0.7635651430284307,0.7624504186824457,0.5349991442660449,0.6338199513124972,0.7960286953466751,0.7612738352633722,,
IDRiD_10_1024_3072,0.4020071684530178,0.9999999999286733,0.6733977172663127,0.7708542712793112,0.8018655877680273,0.7557462133168547,,
IDRiD_10_1024_512,,,,,0.7544406094757368,0.6953755431355108,,
IDRiD_10_1536_0,,,0.0,0.0,0.6671307576207549,0.5401089611020081,,
IDRiD_10_1536_1024,,,0.7028938906526401,0.8230421686127227,0.6699332481157864,0.79104477611277,,
IDRiD_10_1536_1536,,,0.8184281840600465,0.8206521734670369,0.8076805572516075,0.8708699805617457,,
IDRiD_10_1536_2048,0.3678874405116164,0.9999999999775029,0.5359657600367809,0.40378614519650957,0.7968826639039422,0.7779590678509631,,
IDRiD_10_1536_2560,,,0.6125977768376865,0.6876155267386677,0.8339022100844059,0.8121416105675553,,
IDRiD_10_1536_3072,,,0.33605015671874294,0.3379571247997532,0.7105871474639254,0.75380088274871,,
IDRiD_10_1536_512,0.5974748059701439,0.4729506693476444,,,,,,
IDRiD_10_2048_1024,0.0,0.0,0.5610804173995654,0.4381591562379521,0.0,0.0,,
IDRiD_10_2048_1536,0.0,0.0,0.6139066788374242,0.9490806222137086,0.5423920203204818,0.7048178038467885,,
IDRiD_10_2048_2048,0.677238805964406,0.6985654303586675,0.14065281898692425,0.08562138728014373,0.5940246045646747,0.9022082018708516,,
IDRiD_10_2048_2560,0.031077303166042018,0.015817339510153426,,,0.7650085761981118,0.6353276351466303,,
IDRiD_10_2048_3072,0.2884522076626825,0.3975259110532422,0.008483563095600895,0.004259850904764659,0.6688741721577454,0.6056971513788832,,
IDRiD_10_2048_512,,,,,0.7868421052424516,0.7766233765830325,,
IDRiD_10_512_1024,,,0.6595744680311313,0.6257763974183578,0.8300747403216809,0.8412455554340238,,
IDRiD_10_512_1536,,,,,0.8347461794142411,0.8665142203783938,,
IDRiD_10_512_2048,0.790538056124641,0.7279909706381944,0.31103327494532285,0.19525065962202065,0.8408956367302707,0.9418096723854262,,
IDRiD_10_512_2560,0.20808871493124304,0.16070528966444808,0.45397707536550924,0.33164171529226993,0.8235320020237709,0.8033850251264943,,
IDRiD_10_512_3072,0.500068390090274,0.40640284570016894,0.18990862136710734,0.12206332992226437,0.6725458817097193,0.584344121646149,,
IDRiD_10_512_512,0.17085064114079518,0.960991466844332,0.12444444441679012,0.06635071088475102,0.8686573397187585,0.8121827410850379,,
IDRiD_11_0_1024,,,0.0,0.0,,,,
IDRiD_11_0_1536,0.3254119687714586,0.4852560786091435,0.5474077533607002,0.3940820443581653,0.04482758619916766,0.022927689590312578,,
IDRiD_11_0_2048,,,0.5358959864027193,0.40271877651633653,,,,
IDRiD_11_0_2560,0.7557846024321014,0.6357041755018453,0.0,0.0,,,,
IDRiD_11_0_3072,,,,,0.5448717948368672,0.8909853247607997,,
IDRiD_11_0_512,0.0,0.0,0.6733812948671394,0.6206896550077746,0.0,0.0,,
IDRiD_11_1024_1024,,,0.5174371451533887,0.9313868611778998,,,,
IDRiD_11_1024_1536,0.0,0.0,0.39103198152354,0.3159296749964875,0.8218141257984232,0.8134216544372413,,
IDRiD_11_1024_2048,0.0,0.0,0.27441485066388904,0.39080459761130926,0.8415000812603186,0.8463141549508697,,
IDRiD_11_1024_2560,0.0,0.0,0.1751442055492845,0.21944809458351539,0.8360956245801746,0.8084294934460972,,
IDRiD_11_1024_3072,0.3200195431769064,0.2161002969305174,,,0.7734806628765911,0.972222221884645,,
IDRiD_11_1536_1024,,,0.6356589146465558,0.7784810124118731,,,,
IDRiD_11_1536_1536,,,0.34075723826940346,0.23394495409266897,0.8390044487094023,0.8953040800386117,,
IDRiD_11_1536_2048,0.0,0.0,0.0,0.0,0.8734214929047431,0.8733214171095223,,
IDRiD_11_1536_2560,0.0,0.0,0.0398593200445569,0.020334928228448866,0.8542787845973598,0.8108364455494085,,
IDRiD_11_1536_3072,,,,,0.6877502001532451,0.5586991869827854,,
IDRiD_11_2048_1024,,,0.36718266252733184,0.24027552673256583,0.5482233501842356,0.37762237755635975,,
IDRiD_11_2048_1536,,,,,0.04047217537260166,0.0315789473601108,,
IDRiD_11_2048_2048,,,,,0.8209702991209789,0.7725175047709559,,
IDRiD_11_2048_2560,0.33006386860937426,0.198955039183295,0.0,0.0,0.7359591538984268,0.6694786729794362,,
IDRiD_11_2048_3072,0.6722485973183232,0.5962333486357949,0.20782396085478927,0.18008474572455832,0.6769230768883628,0.6932773108515465,,
IDRiD_11_512_1024,,,,,0.5660564076909422,0.4259121369749879,,
IDRiD_11_512_1536,,,0.7561608300417535,0.7493573263818307,0.6578369384337509,0.5563122643071069,,
IDRiD_11_512_2048,,,0.5049884880656187,0.35074626861932345,0.8387959866208268,0.8266920597690398,,
IDRiD_11_512_2560,0.0,0.0,0.5727980826499222,0.47467725913856235,0.6673523361690614,0.556413083418395,,
IDRiD_11_512_3072,0.2301944903882382,0.45738893924620605,0.07007299269732005,0.04017857142632932,0.0,0.0,,
IDRiD_11_512_512,,,0.4668989546712962,0.31337698780978696,,,,
IDRiD_12_0_1024,,,,,0.5387415496339708,0.7742899849365785,,
IDRiD_12_0_2560,0.5751434034196886,0.5244072524041556,0.30234438154386867,0.2749999999595588,,,,
IDRiD_12_0_3072,0.3668730649870841,0.22464454974173984,0.5829959511809734,0.5255474448718632,,,,
IDRiD_12_0_512,0.008857956342649227,0.004448681283620951,,,,,,
IDRiD_12_1024_1024,0.15783223577589423,0.9999999999316005,,,,,,
IDRiD_12_1024_2048,0.4004024144466396,0.4585253455164688,0.47697974212919153,0.9999999996138995,0.05028058361278832,0.8358208948986412,,
IDRiD_12_1024_2560,,,0.768377253707576,0.8219584567293892,,,,
IDRiD_12_1536_2048,0.0,0.0,,,0.6575010685235966,0.8783783783616601,,
IDRiD_12_1536_3072,,,0.0,0.0,,,,
IDRiD_12_2048_1536,,,0.6532258061882155,0.7232142850685587,,,,
IDRiD_12_2048_2048,,,0.046783625717314724,0.04999999996875,,,,
IDRiD_12_2048_2560,,,0.5225505442422161,0.4307692306587771,,,,
IDRiD_12_2048_3072,,,0.192276088727011,0.2641083520848514,,,,
IDRiD_12_2048_512,0.7986778845913859,0.7403899721035994,0.7074829931371187,0.5867418899031394,,,,
IDRiD_12_512_2560,0.8815649585344262,0.8392712550558746,0.0,0.0,,,,
IDRiD_12_512_512,,,,,0.8380062303990645,0.8877887785848881,,
IDRiD_13_0_1024,0.8438938052947984,0.7501573316315243,0.6068759341394805,0.685810810579118,,,,
IDRiD_13_0_1536,,,0.6040100250374265,0.43319352903336167,,,,
IDRiD_13_0_2048,0.5713692083820617,0.42425177413069265,0.4058885383379718,0.4948717947449046,0.5628742513284807,0.3916666665034722,,
IDRiD_13_0_2560,0.8362164151535245,0.9657126664503908,0.6945364238123123,0.5333757151599888,,,,
IDRiD_13_0_3072,0.007307692307551775,0.025503355701274717,0.37626432903733886,0.29903536974286865,,,,
IDRiD_13_0_512,,,0.5791726105288079,0.4706336939358088,0.5233644858182664,0.3544303795972868,0.8129163877440537,0.8145001596881858
IDRiD_13_1024_0,0.0,0.0,0.6438529783721353,0.9844961236494201,,,,
IDRiD_13_1024_1024,0.0745501285323088,0.09148264983505656,0.6214409507149928,0.6449126412823786,0.8983121843038082,0.8922662750842025,,
IDRiD_13_1024_1536,0.023142509133791563,0.034545454539173556,0.48431105046097167,0.38671023963035345,0.7828963327214967,0.7657894736809069,0.018106862824200896,0.00913614487307989
IDRiD_13_1024_2048,,,0.48988095236637264,0.3611232996770021,0.0,0.0,0.0,0.0
IDRiD_13_1024_2560,,,,,0.8604651159455561,0.9736842096722069,,
IDRiD_13_1024_3072,,,,,0.6286898839085514,0.5270401779434584,,
IDRiD_13_1024_3584,,,0.7132243683932802,0.5620608897981122,0.6885245897876915,0.9692307677396451,,
IDRiD_13_1024_512,0.1117363344006537,0.05960548884821589,0.6670802315825666,0.7989103516196676,0.6647235802870936,0.6611183841282754,,
IDRiD_13_1536_0,,,0.5669781929697887,0.5229885054465584,0.5861027188561623,0.45971563959255185,,
IDRiD_13_1536_1024,,,0.5025974025647664,0.34007029873988837,0.7716861238248606,0.7344585091213937,,
IDRiD_13_1536_1536,0.0,0.0,0.7199001871266407,0.7866394000827103,0.7174796747724431,0.6247787610250868,,
IDRiD_13_1536_2048,0.11393765674976934,0.0973072215362725,0.5712793733383144,0.5486459377584106,0.511555440132133,0.38386593919002865,0.722851673647251,0.5745065789426438
IDRiD_13_1536_2560,0.5728689275828039,0.40466170280989544,0.6646153845642603,0.7474048441613487,,,,
IDRiD_13_1536_3072,,,0.4794303797089058,0.9999999996699669,0.4985279685477402,0.3413978494164788,,
IDRiD_13_1536_3584,,,,,0.0,0.0,,
IDRiD_13_1536_512,,,0.6024607551717243,0.5049786628374837,0.0,0.0,,
IDRiD_13_2048_1024,0.0,0.0,0.4439486893227022,0.5844346548334164,0.510399999959168,0.40430925216675423,0.8915446668525314,0.8200054959928551
IDRiD_13_2048_1536,,,0.6538903794306673,0.7562056736918257,,,0.21934725080643586,0.12318361954950259
IDRiD_13_2048_2048,0.15648535564198807,0.09153206069057601,0.0,0.0,0.7820895520053464,0.6822916663113064,,
IDRiD_13_2048_2560,0.0,0.0,0.21387283234933785,0.39084507028491366,,,,
IDRiD_13_2048_512,,,0.5018541408940316,0.5300261096144451,,,0.5914662349642029,0.42050312396892053
IDRiD_13_512_0,0.0,0.0,0.0,0.0,,,,
IDRiD_13_512_1024,0.09176225233662542,0.04808743168873362,0.6513460275628946,0.628909551959894,0.8208315774677848,0.8120859776698659,,
IDRiD_13_512_1536,,,0.7506909894831272,0.7107466852508463,0.8080508747542237,0.8056411950363253,,
IDRiD_13_512_2048,,,0.8625730992890975,0.8333333330979283,0.8086336480861701,0.882253994916642,,
IDRiD_13_512_2560,0.4661902143778895,0.3054755043007582,0.6874221668456861,0.7976878611948277,,,,
IDRiD_13_512_3072,,,,,0.6114377337994955,0.4486274509452057,,
IDRiD_13_512_3584,,,,,0.0,0.0,,
IDRiD_13_512_512,0.0,0.0,0.4009779950773449,0.2767154105425517,0.5205205205031525,0.36757775681585403,0.0,0.0
IDRiD_14_0_1024,,,0.68033311975142,0.8733552630142508,,,,
IDRiD_14_0_1536,0.0,0.0,0.4390243901368233,0.7438016522778499,0.19898819558195815,0.11090225561825147,,
IDRiD_14_0_2048,0.7661740790442891,0.6452304394349739,0.44311377242192257,0.9999999996621621,0.7890017931701734,0.9192200556676314,,
IDRiD_14_0_2560,0.4626583607442944,0.3162074244133543,0.5480868665863892,0.6321564885194583,,,0.624738688301652,0.9321209557947544
IDRiD_14_0_3072,0.0,0.0,,,0.0,0.0,,
IDRiD_14_0_512,,,0.38617283948710257,0.2667121418644807,,,,
IDRiD_14_1024_0,,,0.0,0.0,,,,
IDRiD_14_1024_1024,0.1746106653999712,0.8894230764954697,0.0,0.0,,,,
IDRiD_14_1024_1536,0.6304541406833402,0.49441340780741866,0.31958762885499703,0.2767857142692389,0.8317443790035736,0.8785400054929987,,
IDRiD_14_1024_2048,,,0.2913631633411693,0.18469656989647804,0.7890937622586778,0.8855071613028718,,
IDRiD_14_1024_2560,,,0.0,0.0,0.7887407098687422,0.8297771282395696,,
IDRiD_14_1024_3072,,,0.0,0.0,0.7733862521317822,0.7219306370204597,,
IDRiD_14_1024_3584,,,,,0.0,0.0,,
IDRiD_14_1024_512,,,0.7951807227718102,0.6929133856449046,0.4337777777681383,0.28094415658373795,,
IDRiD_14_1536_0,0.3588941053636178,0.7366167022765935,,,,,,
IDRiD_14_1536_1024,,,0.06763285020887302,0.0349999999825,,,,
IDRiD_14_1536_1536,0.8754957038959208,0.865838712306023,0.23249299716631752,0.1338709677203434,0.7069901053190714,0.6641679160220639,,
IDRiD_14_1536_2048,0.0,0.0,0.5881049131771684,0.52802653397917,0.7898426546067948,0.823586744612619,,
IDRiD_14_1536_2560,,,0.8052805280232754,0.807947019808098,0.765716516970603,0.7926434922880905,,
IDRiD_14_1536_3072,0.0,0.0,0.3530678148166773,0.7288888885649383,0.4977908688515772,0.35208333325998264,,
IDRiD_14_1536_512,,,0.7623172712094035,0.9095607233966976,,,,
IDRiD_14_2048_1024,0.0557491289133857,0.028673835122022245,0.5117691723225688,0.4739803093566835,,,,
IDRiD_14_2048_1536,,,0.5572842997797335,0.7086330932702758,,,,
IDRiD_14_2048_2048,,,0.0,0.0,0.5614754098073015,0.3991260014275946,,
IDRiD_14_2048_2560,0.7856200527574931,0.7939999999735333,0.7035380235582133,0.7131079966436019,0.6667757506285954,0.9045504994249822,,
IDRiD_14_2048_3072,0.5777666374159949,0.7449903037897547,0.6142625607613652,0.471393034806327,0.0,0.0,,
IDRiD_14_2048_512,0.8409825468377188,0.7255995537799442,,,,,,
IDRiD_14_512_1536,0.0,0.0,0.0,0.0,0.7355503512811657,0.6897399859330685,,
IDRiD_14_512_2048,0.0,0.0,0.4354243542114078,0.8404558402163943,0.8083532103373209,0.8772319070212508,,
IDRiD_14_512_2560,0.0,0.0,0.5510653930798172,0.7440476189984095,0.7916034088362753,0.7541849880399822,0.0,0.0
IDRiD_14_512_3072,0.0,0.0,0.1064425770159044,0.16888888881382716,0.8150516478010938,0.8055420515117758,,
IDRiD_14_512_512,,,0.7179487178610564,0.5915492956556239,,,,
IDRiD_15_0_1536,,,0.0,0.0,,,,
IDRiD_15_1024_0,,,0.0,0.0,0.6585365853467324,0.5087483176084008,,
IDRiD_15_1024_1024,,,,,0.7868280195393667,0.935787434239253,,
IDRiD_15_1024_1536,,,,,0.5656184486254587,0.4110298598290363,,
IDRiD_15_1024_512,,,,,0.8344431117894983,0.8099558410244482,,
IDRiD_15_1536_2048,,,0.5462555064876089,0.39999999987096774,0.0,0.0,,
IDRiD_15_1536_512,0.0,0.0,,,0.0,0.0,,
IDRiD_15_2048_2048,,,0.6086956519974794,0.9210526307710065,,,,
IDRiD_15_512_1024,0.0,0.0,,,0.7325998705610837,0.7603810454230535,,
IDRiD_15_512_512,0.3209782193228514,0.1913439635448135,0.0,0.0,,,,
IDRiD_16_0_2560,,,0.0,0.0,0.8906376109586231,0.9363597793408418,,
IDRiD_16_1024_2048,,,0.903939184457226,0.9289772725953158,0.0,0.0,,
IDRiD_16_1024_2560,0.0,0.0,0.0,0.0,0.5073920185500658,0.4384968684723298,,
IDRiD_16_1024_3072,0.8191935250719314,0.7230206650163872,0.43046357613043285,0.2833478639683219,0.810284950061886,0.7516407875750294,,
IDRiD_16_1024_3584,0.4197125256501145,0.26573062921135043,,,,,,
IDRiD_16_1536_2048,,,,,0.12412919568561562,0.06617150573489726,,
IDRiD_16_1536_2560,,,,,0.673347649720247,0.5861257269373287,,
IDRiD_16_1536_3072,,,,,0.7905492565633067,0.7413727237903811,,
IDRiD_16_2048_1024,,,,,0.0,0.0,,
IDRiD_16_2048_1536,,,0.0,0.0,,,,
IDRiD_16_2048_2560,,,,,0.2634538152398832,0.15171137833934215,,
IDRiD_16_2048_3072,,,,,0.0,0.0,,
IDRiD_16_2048_512,,,0.6894197951041946,0.5401069517272441,0.0,0.0,,
IDRiD_16_512_1536,,,0.7952840299680983,0.7295968534189187,,,,
IDRiD_16_512_2048,,,,,0.08187134501328044,0.0426829268205929,,
IDRiD_16_512_2560,,,,,0.8277776548908096,0.8064780294360139,,
IDRiD_16_512_3072,,,,,0.7773559993334102,0.6631000985405731,,
IDRiD_17_0_1024,0.5804683217121116,0.8958182257458106,0.3067846606764647,0.18118466892641646,0.7453173910774089,0.9303100179230039,,
IDRiD_17_0_1536,0.3437550834487954,0.21427702291537506,0.43337702051405086,0.6383526382704823,0.6957636169430553,0.759757424966881,,
IDRiD_17_0_2048,0.419099744450532,0.44622504070423247,,,0.6199756905125111,0.7055232280768337,,
IDRiD_17_0_2560,0.6813077863080385,0.8253680064779605,0.0,0.0,0.7029348603984029,0.8916464890501424,,
IDRiD_17_0_3072,0.5592848180589823,0.9949776785159052,,,,,,
IDRiD_17_0_512,,,,,0.8688293369719564,0.9716088325010697,0.8636834752788802,0.7699662542120362
IDRiD_17_1024_0,0.27610770764869563,0.20680823817941724,0.40236686382596315,0.426778242499256,0.0,0.0,,
IDRiD_17_1024_1024,0.26984564498160246,0.1587095728284128,0.5041851304527728,0.4082934608924806,0.7759557585948834,0.9087632349602704,,
IDRiD_17_1024_1536,0.7372667866261251,0.8354941186535781,0.7005988023252896,0.7405063289576991,0.6195385824558716,0.8438287153546118,,
IDRiD_17_1024_2048,0.7065446868377673,0.7509349289397835,,,0.6028359734248668,0.8470651588431688,,
IDRiD_17_1024_2560,0.684603886295276,0.5682382132585017,,,0.07010270423044034,0.7505043711667448,,
IDRiD_17_1024_3072,0.16793628141074968,0.9545105776503944,0.0,0.0,,,,
IDRiD_17_1024_3584,,,0.46808510630636907,0.3055555554902659,,,,
IDRiD_17_1024_512,0.7979770935570489,0.6887838948197987,0.018090452259488396,0.012693935118096765,0.7569208500014939,0.8298069293801031,,
IDRiD_17_1536_0,0.7460582868548821,0.5963473924030851,,,,,,
IDRiD_17_1536_1024,0.0,0.0,,,0.6573169128252736,0.8843160377254207,,
IDRiD_17_1536_1536,0.5915667933331206,0.6658715143483929,0.3194784025819496,0.4215053762534397,0.5044283646859368,0.9769058295745089,,
IDRiD_17_1536_2048,0.5365885501658761,0.3946484012412466,0.6580226903309526,0.9575471693596476,0.0,0.0,0.8131286819187548,0.9726749760213549
IDRiD_17_1536_2560,0.12856242559954792,0.17174929840651545,,,,,,
IDRiD_17_1536_3072,0.8632958686036959,0.9497531065156143,0.48761408077084567,0.3589251438850432,,,0.1711625938837283,0.09361258967723197
IDRiD_17_1536_512,0.9386589820454532,0.9241844241868135,,,0.4752645124369685,0.980145468822879,,
IDRiD_17_2048_0,0.0,0.0,,,,,,
IDRiD_17_2048_1024,0.8196650398245221,0.9984078439452262,,,0.8024999999749219,0.8594377509464901,,
IDRiD_17_2048_1536,0.7892240429550812,0.9864232843080355,,,0.3781439722135174,0.2595238094929138,,
IDRiD_17_2048_2048,0.7258631089651104,0.6117706869206263,,,0.848874598002502,0.7810650886418543,0.0,0.0
IDRiD_17_2048_2560,0.8810038873791244,0.925328003278452,0.22135416663784452,0.1246334310667693,,,0.10651247717265636,0.06539611359994783
IDRiD_17_2048_3072,0.6316382060415628,0.7121871599543218,,,,,,
IDRiD_17_2048_512,0.9771823943040581,0.9865168743907163,,,,,,
IDRiD_17_512_0,,,0.7025089603216813,0.7101449270216341,0.32944228270694653,0.20684039084579148,,
IDRiD_17_512_1024,0.6794546607428705,0.7417791623270721,0.0,0.0,0.7115655982540517,0.8806532093405277,,
IDRiD_17_512_1536,0.6630730530280657,0.5368246051493198,0.6679013774665135,0.8694996985874172,0.8150046910588141,0.8786576114410857,,
IDRiD_17_512_2048,0.7204091192990311,0.6863540000718327,0.0,0.0,0.5836541634519452,0.6583126550705134,,
IDRiD_17_512_2560,0.0,0.0,0.5227272726942722,0.4099009900584257,0.1290561839397542,0.0729406832933779,,
IDRiD_17_512_3072,0.20931995130977854,0.9999999999780558,0.6952224052145616,0.5480519479807725,,,,
IDRiD_17_512_512,0.10491044230502951,0.2698213726062391,0.1465457082940303,0.09877704608666255,0.6537297489734123,0.566404442383415,0.7680470694683862,0.640619101541708
IDRiD_18_0_1024,0.0,0.0,0.4786505007781062,0.5938521909356539,,,,
IDRiD_18_0_1536,0.6438937262638113,0.6120543293458381,0.0,0.0,0.7162072767207011,0.8661333332871395,,
IDRiD_18_0_2048,,,0.3449744463226161,0.33919597987108907,0.711344065879608,0.7956448910889596,,
IDRiD_18_0_2560,0.7386164623427177,0.6701092353458777,0.34555827219455754,0.3320281910468263,0.5993993993933994,0.7130269111523452,0.8491009268318921,0.8111637016418217
IDRiD_18_0_3072,,,0.0,0.0,,,0.8373911760304161,0.947887088676334
IDRiD_18_0_512,,,0.788612099587999,0.664268585052246,,,,
IDRiD_18_1024_0,0.4363277393448837,0.28813559318277243,0.5770411294918943,0.8514492752080708,0.6846846843762682,0.5671641786812208,,
IDRiD_18_1024_1024,0.0,0.0,0.3660544648395803,0.7325728769667208,0.7484391869654582,0.8244053774475242,,
IDRiD_18_1024_1536,0.4448795905031266,0.5088808550730204,0.24531925107428423,0.42833193625915067,0.7226157526822601,0.7716661657071269,,
IDRiD_18_1024_2048,,,0.4598792061924125,0.5500515995304385,,,,
IDRiD_18_1024_3072,,,,,,,0.7834784092821865,0.9511811023543209
IDRiD_18_1024_512,0.687712764407787,0.6570666073576278,0.24422442243328846,0.241830065341915,0.7895940815711341,0.8574071137843803,,
IDRiD_18_1536_0,0.4915824915273196,0.3258928570943612,0.47976011986810196,0.8080808076726865,0.8384862725491347,0.8530447910994945,,
IDRiD_18_1536_1024,0.1685453569481384,0.09488315874103781,0.5405089207212487,0.6222222221803217,0.7711549970031648,0.8356679636726891,,
IDRiD_18_1536_1536,,,0.0,0.0,0.6880979716537277,0.5852864582952287,,
IDRiD_18_1536_2048,,,0.45632530118763837,0.4532535526960917,0.4808853118228486,0.4215167547757466,,
IDRiD_18_1536_3072,,,0.2316476345462239,0.27099236630878154,,,,
IDRiD_18_1536_3584,0.0,0.0,,,,,,
IDRiD_18_1536_512,0.0902691511349785,0.05477386934398121,0.25699970526799293,0.38721136763879116,0.7746143120569094,0.8782701820547796,,
IDRiD_18_2048_0,0.13318777291122405,0.17086834729107328,0.2382550335170713,0.13867187497291567,,,,
IDRiD_18_2048_1024,0.37558171364972404,0.23960880194762108,0.0,0.0,0.7562766461347923,0.8566063044821381,,
IDRiD_18_2048_1536,,,0.16133004925114963,0.2330960853677765,0.8348214285093138,0.8684210524971485,0.04114621601725619,0.021005251312631232
IDRiD_18_2048_2048,,,0.2743207712412655,0.2922502333994164,0.0,0.0,,
IDRiD_18_2048_2560,,,0.0,0.0,,,,
IDRiD_18_2048_3072,0.27978296767445665,0.45650500381397185,0.121372031646257,0.16027874558875305,,,,
IDRiD_18_2048_512,0.6318187325805602,0.8275249158837839,0.3100358422846465,0.38616071425698206,0.7417974322184937,0.8843537414364385,,
IDRiD_18_512_1024,0.45475835638801876,0.3817012151400393,0.28257456827406724,0.8108108105673241,0.829086389044353,0.8730366491765691,,
IDRiD_18_512_1536,0.509392747913731,0.6156282998618993,,,0.0,0.0,,
IDRiD_18_512_2048,0.5282843894817885,0.3959684893328089,0.0,0.0,,,,
IDRiD_18_512_3072,,,0.06754772392547023,0.07348242809153915,0.6395396629412438,0.518321119219299,,
IDRiD_18_512_512,0.631555751418432,0.7219143576462511,0.5601766654295146,0.8121664887506848,0.8370750753264139,0.8520086393014945,,
IDRiD_19_0_1024,0.7725397760526653,0.6564847270577624,,,,,0.6452304394357424,0.4786134520515406
IDRiD_19_0_1536,,,,,0.8048780484533016,0.8461538454306378,,
IDRiD_19_0_2048,,,,,,,0.5492189666276992,0.3787608363031775
IDRiD_19_0_2560,0.01637107776038594,0.00839160839043474,,,,,,
IDRiD_19_1024_0,,,0.028673835115170666,0.051282051216305066,,,,
IDRiD_19_1024_1024,,,,,0.8215579709772846,0.7647554805426007,,
IDRiD_19_1024_1536,,,,,0.7154758090241032,0.6365450398906344,,
IDRiD_19_1024_2560,,,0.7338582676009673,0.8629629626433469,,,,
IDRiD_19_1024_512,0.27809215843661717,0.9999999997093023,0.1666666666488604,0.25573770483418434,,,,
IDRiD_19_1536_2048,0.0,0.0,0.4486830153997563,0.4949899798607234,,,,
IDRiD_19_1536_2560,,,0.0,0.0,,,,
IDRiD_19_1536_3072,,,0.1536189069197018,0.083199999986688,0.7091412741989395,0.7459207458338089,,
IDRiD_19_1536_512,0.6355382619699292,0.5724299064974743,,,,,,
IDRiD_19_2048_1024,0.6340255591003672,0.47266881028376,0.8743718591500215,0.8446601939014045,,,,
IDRiD_19_2048_1536,0.07117437721786704,0.03696857670637998,0.25549738217219925,0.6130653263250928,,,,
IDRiD_19_2048_2048,0.6733048837992743,0.5338345864260274,0.836795251977212,0.8597560970367342,,,,
IDRiD_19_2048_2560,0.0,0.0,,,,,,
IDRiD_19_2048_3072,,,0.9166666664656432,0.8636363632794891,,,0.9081298092995542,0.8546384222038371
IDRiD_19_2048_512,0.7913200102856907,0.7822621671903974,0.7666480133874287,0.7992998832206185,,,0.626844141363669,0.998120693234535
IDRiD_19_512_1024,0.7384409629276036,0.735770036155801,0.3966333508470998,0.6221122111184634,0.6916742909107194,0.8571428570456755,,
IDRiD_19_512_1536,0.8134513918345155,0.7304362032307877,0.7532258063908689,0.7655737703662995,0.74655963302423,0.777849264698733,0.7551759480645358,0.6826436071564838
IDRiD_19_512_2048,0.09999999999484535,0.05263157894451266,,,,,,
IDRiD_19_512_512,0.6655160510643592,0.5205183585032117,0.5545005696713065,0.5775316455239294,,,,
IDRiD_20_0_1024,0.0007393715341685999,0.0005002501250375062,0.2707167599181797,0.7962382443893044,,,,
IDRiD_20_0_1536,0.8740669395582548,0.8080433330800026,0.33086419744916934,0.1999999999402985,0.6346179851207936,0.8029084687629956,,
IDRiD_20_0_2048,0.7127839945502616,0.6285885167088164,0.5907473309082965,0.6171003716325093,0.6633303002578861,0.7416073244790636,,
IDRiD_20_0_2560,,,0.0,0.0,,,,
IDRiD_20_0_512,0.0,0.0,,,,,,
IDRiD_20_1024_0,,,0.759420289811048,0.6629554655199438,,,,
IDRiD_20_1024_1024,0.17256011314196887,0.10243492862280143,0.35685210309655,0.5367346937680133,0.8190081755571778,0.8218372193392603,,
IDRiD_20_1024_1536,0.0,0.0,0.06298003071712903,0.09715639808124256,0.795407271817413,0.7880852934667614,,
IDRiD_20_1024_2048,,,0.7095777548735949,0.6721951219184296,0.0,0.0,,
IDRiD_20_1024_2560,,,0.6904761903734411,0.6516853930753692,,,,
IDRiD_20_1024_3072,0.09485668001598602,0.9943396225946067,0.7172011661284838,0.9666011785920233,,,,
IDRiD_20_1024_512,0.6582809224252941,0.5797432741237957,0.5814288655428983,0.7350338365052038,0.7821830640831041,0.7848722985476551,,
IDRiD_20_1536_1024,0.6745617556491732,0.6091106814812819,0.6832588810745956,0.7093639575658408,0.7408632513080239,0.6552732981257651,,
IDRiD_20_1536_1536,,,0.7564766838071716,0.6801242233912658,0.8708697007447364,0.8133779751014384,,
IDRiD_20_1536_2048,0.19109195400926063,0.10665597432985918,,,,,,
IDRiD_20_1536_3072,0.2594757984319314,0.6122372372257463,0.5184683158075748,0.44528521534078663,0.008486562940808124,0.0042613636357583294,,
IDRiD_20_1536_512,0.38415366144921353,0.2612955906226839,0.3745019920203953,0.4833860759111245,0.8551341350561742,0.8261685583981931,,
IDRiD_20_2048_1024,,,0.5663542180422705,0.6537585421040001,0.7634686108756582,0.7365243371048392,,
IDRiD_20_2048_1536,0.5532808398853319,0.4922166874068426,0.36535947711224315,0.7384412152260976,0.775574792881173,0.6982903117549734,,
IDRiD_20_2048_2560,0.6509009008764677,0.48247078461421977,,,,,,
IDRiD_20_2048_3072,0.5467677861846599,0.3762425447129104,0.2763419482826698,0.17958656328429115,0.0,0.0,,
IDRiD_20_2048_512,0.24389233953946393,0.1689131058167791,0.5235772357439795,0.39428571425352765,0.9218700475411467,0.9586881283252283,,
IDRiD_20_512_1024,0.0,0.0,0.7833506763624694,0.967112024616284,0.8198236546050169,0.8057614152498035,,
IDRiD_20_512_1536,0.45080862533312993,0.34089171974088034,0.4751968906568968,0.6517957351107802,0.7602743933638573,0.8430900585819379,,
IDRiD_20_512_2048,,,,,0.0,0.0,,
IDRiD_20_512_2560,0.3999999999873418,0.254325955724172,0.09290540539755866,0.09649122805324716,,,,
IDRiD_20_512_3072,,,0.0,0.0,,,,
IDRiD_20_512_512,,,0.4815509693257316,0.624999999898539,0.8256457564194813,0.8714703017651927,,
IDRiD_21_0_1024,0.5979911235622752,0.64974619287691,0.402930402905804,0.3995157384504218,0.5328810020737766,0.36925858949839935,,
IDRiD_21_0_1536,0.0,0.0,0.4569377990293978,0.9490683228634698,0.3778558874887648,0.29944289689422804,,
IDRiD_21_0_2048,,,0.5783348253734705,0.4575070820881718,0.6089301767872661,0.5839080459434536,,
IDRiD_21_0_2560,,,0.4556521738866288,0.3280467445469076,,,,
IDRiD_21_0_3072,,,0.0,0.0,,,,
IDRiD_21_0_512,0.6348512854929016,0.9692149820172085,,,0.0,0.0,,
IDRiD_21_1024_1024,,,0.7514018691237663,0.7015706805670531,0.3240787480906573,0.2393736017718588,,
IDRiD_21_1024_1536,0.7884666631093723,0.7864129279099892,0.5168018539377982,0.45696721302111326,0.8691290796387541,0.8583356920433826,,
IDRiD_21_1024_2048,0.45121250430466364,0.3000611433766423,0.4796888504546375,0.4876977152471267,0.814694797645707,0.8328532334695634,,
IDRiD_21_1024_2560,0.6657540712737042,0.5263865044373637,0.24385348719298275,0.35893648443738013,0.8317203090942177,0.8169491525303324,,
IDRiD_21_1024_3072,0.8630424851451526,0.7786020441678437,0.8770846200817118,0.8040770101014636,,,,
IDRiD_21_1536_0,,,,,0.12327506898589925,0.06568627450336409,,
IDRiD_21_1536_1024,,,0.8267644362211948,0.9001996006187226,0.14297061159271987,0.07698887938189368,,
IDRiD_21_1536_1536,0.5875276986202113,0.41595696994997955,,,0.8364872694665787,0.9855990931782838,,
IDRiD_21_1536_2048,0.3267716535379467,0.23336457356529136,0.25973154361544526,0.43877551015433386,0.7632639125955505,0.7843660093973449,,
IDRiD_21_1536_2560,0.7168130329611946,0.5958107059694209,0.20394516883303426,0.6063618289052959,0.8139776622784165,0.8097333450637607,,
IDRiD_21_1536_3072,,,0.8216560508245772,0.9626865668049677,,,,
IDRiD_21_1536_512,0.6272089761394892,0.4925110131941625,,,0.47271593387986544,0.3095140873699668,,
IDRiD_21_2048_1024,0.0,0.0,0.0,0.0,0.0,0.0,,
IDRiD_21_2048_1536,0.5768290695685705,0.6589724497148559,0.5155350977938038,0.6103542233778061,0.6578538102579913,0.5404024273308783,,
IDRiD_21_2048_2048,0.5266190366383197,0.36408540471057865,0.6598150051251837,0.9353146852601798,0.7810567945713973,0.7389409870193286,,
IDRiD_21_2048_2560,0.8117572156110806,0.7422860469485293,0.7147826086645748,0.6995744680255681,0.7787220648165338,0.7839036754889794,,
IDRiD_21_2048_3072,,,0.6782608694996849,0.7548387095150885,0.5937161429475931,0.43769968044126206,,
IDRiD_21_2048_512,0.14586846542386728,0.16305372288755382,0.0,0.0,0.0,0.0,,
IDRiD_21_512_1024,,,0.7490118576334969,0.6162601625014211,,,,
IDRiD_21_512_1536,,,0.0,0.0,0.7151725133432197,0.7508335859123725,,
IDRiD_21_512_2048,0.8071378586367589,0.8307404206160942,0.4323879983381674,0.38962962960076813,0.7103969754186162,0.7177234530038632,,
IDRiD_21_512_2560,0.4304951754805376,0.2804254731277742,0.2748319641455108,0.5417075563747098,0.6014067995134407,0.9491211840010063,,
IDRiD_21_512_3072,0.04338842975057203,0.022175290389926952,0.6746987951265302,0.9012875534546593,,,,
IDRiD_21_512_512,,,0.8454469506394781,0.8419301163324576,0.0,0.0,,
IDRiD_22_0_1024,0.7482476943326791,0.6990989216569052,0.0,0.0,,,0.5068020640732173,0.9200480913643918
IDRiD_22_0_1536,0.021893110108055818,0.011067708332612778,0.3322517845339226,0.9961089490287512,,,,
IDRiD_22_0_2048,0.4026617146378727,0.9681860464936152,0.3700547778228816,0.33007600430726647,,,0.8223635003701273,0.8278588235216201
IDRiD_22_0_2560,0.8746771261817787,0.9137060910362579,,,0.7663307204037639,0.755057006224529,,
IDRiD_22_0_3072,0.4180879868542314,0.5587998762724479,,,,,,
IDRiD_22_0_512,0.743891402692492,0.684619655708794,,,,,,
IDRiD_22_1024_1024,,,0.6619115549026559,0.8186309103162575,,,,
IDRiD_22_1024_1536,,,0.6596715328166208,0.6885714285058503,0.7918817694078554,0.8005116398014811,,
IDRiD_22_1024_2048,,,0.4441240086197459,0.515912897736028,0.7296670880728865,0.7283626038464319,,
IDRiD_22_1024_3072,0.0,0.0,,,,,,
IDRiD_22_1024_512,,,0.6732673266215731,0.8326530608846314,,,,
IDRiD_22_1536_0,,,,,0.4993742177409653,0.4755661501221018,,
IDRiD_22_1536_1024,,,0.8672032192286516,0.9930875573748645,0.7730398898524017,0.7594594592542001,,
IDRiD_22_1536_1536,0.0,0.0,0.626934097385276,0.6837499999145312,0.834240383720743,0.8049127803345513,,
IDRiD_22_1536_2048,0.3170349747639284,0.9353182750579756,0.1992337164560121,0.23162583513772253,0.8246284179856574,0.8630120720329981,,
IDRiD_22_1536_3072,0.7282763838958431,0.9540007208463056,0.8140394088168694,0.8431122447904194,0.6471800636940758,0.67778649918847,,
IDRiD_22_1536_3584,0.7605433580762891,0.6198107742767599,,,,,,
IDRiD_22_1536_512,,,0.6251097453358112,0.9518716574994995,0.6346341463259846,0.6534404821369442,,
IDRiD_22_2048_1024,0.5830247792568638,0.4752728116908458,0.567164178963392,0.670588234899654,,,0.8525072431449687,0.8948673560057321
IDRiD_22_2048_1536,0.6960546616630365,0.5710669077654419,,,,,,
IDRiD_22_2048_2048,,,0.001023017902760971,0.0010822510821339555,,,,
IDRiD_22_2048_3072,,,0.6656848305352453,0.8560606057363406,,,,
IDRiD_22_2048_512,,,,,0.32792792786884184,0.2031249999546596,0.0,0.0
IDRiD_22_512_1024,0.6523489932875955,0.5653403833428543,,,0.9053666529739711,0.9356477560596402,0.6710137494793977,0.8730299949105679
IDRiD_22_512_1536,,,0.5804066543080464,0.9671457903558222,,,,
IDRiD_22_512_2560,0.0,0.0,,,,,,
IDRiD_22_512_3072,0.856375564516832,0.8211383562605653,,,,,0.834177669630707,0.8007351814958883
IDRiD_22_512_512,0.7340425531870014,0.9170485792710503,,,0.746265199759742,0.6484202052596414,0.396535129913545,0.2855162854964992
IDRiD_23_0_1024,0.43215294895429474,0.3384499482028585,0.0,0.0,,,,
IDRiD_23_0_1536,,,,,,,0.7807923169205219,0.741901140673127
IDRiD_23_0_2048,0.75855716086125,0.6748619737691954,,,,,,
IDRiD_23_0_2560,0.3183381190388942,0.24287337047523733,,,,,,
IDRiD_23_0_3072,0.08701056556597232,0.045484080570322154,,,,,,
IDRiD_23_1024_1024,,,,,0.0,0.0,,
IDRiD_23_1024_1536,,,0.5358851674274856,0.663282571799783,,,,
IDRiD_23_1024_2560,,,,,,,0.0,0.0
IDRiD_23_1024_3072,,,0.8396001903455689,0.953513513410431,,,,
IDRiD_23_1536_1024,,,0.8711656439045503,0.7932960889422928,0.663693131113182,0.5824634655228359,,
IDRiD_23_1536_1536,,,0.818574513950478,0.9895561355118652,0.7072570725272289,0.8792048928319259,,
IDRiD_23_1536_2560,,,,,0.7296329453567757,0.6037037036589848,,
IDRiD_23_1536_3072,,,0.677152317824739,0.7369369368041555,0.518194541628443,0.36343558281316724,,
IDRiD_23_1536_3584,,,,,0.0,0.0,,
IDRiD_23_1536_512,,,0.7306791567375458,0.5954198471009847,0.6063372717345237,0.6162663755122125,,
IDRiD_23_2048_1024,0.0,0.0,,,,,,
IDRiD_23_2048_2048,0.0053515868076995906,0.002682972483924992,,,,,,
IDRiD_23_2048_2560,0.4972125106255578,0.33086016096163406,0.8114285713126531,0.9220779217785461,,,,
IDRiD_23_2048_3072,,,,,0.3883847549674298,0.242997728974792,,
IDRiD_23_2048_512,0.7195316657720113,0.985710119539641,,,0.0,0.0,,
IDRiD_23_512_1024,0.7864495601574687,0.733077459848811,,,,,,
IDRiD_23_512_2048,,,0.545454545308702,0.37777777763786,,,,
IDRiD_23_512_2560,,,,,,,0.42011110064570084,0.2659117997584516
IDRiD_23_512_3072,0.0,0.0,,,,,0.5136557751463535,0.3455833221923616
IDRiD_23_512_512,,,0.47709923655017195,0.9689922473108588,,,,
IDRiD_24_0_2048,,,,,0.03418803415881365,0.017391304332703215,,
IDRiD_24_1024_1536,,,,,0.0,0.0,,
IDRiD_24_1024_2048,,,,,0.49677141626136956,0.36542115261667446,,
IDRiD_24_1024_2560,,,0.042105263149030465,0.046948356785470255,,,,
IDRiD_24_1536_1536,,,,,0.0,0.0,,
IDRiD_24_1536_2048,,,0.9088541665483263,0.8681592037641395,0.41526045484847685,0.2620370370127743,,
IDRiD_24_1536_2560,,,0.6846846846075806,0.6116700199976519,,,,
IDRiD_24_1536_512,0.6503052502973101,0.53830604405623,,,0.16729088637112474,0.09215955982226141,,
IDRiD_24_2048_1024,0.8427265221221286,0.9618848167472119,,,,,,
IDRiD_24_2048_1536,0.4648967551348143,0.35527502251079573,0.31304347823818524,0.8925619831022471,,,,
IDRiD_24_512_1536,,,,,0.0,0.0,,
IDRiD_24_512_2048,,,,,0.7424524785410939,0.6217228464031384,,
IDRiD_24_512_2560,0.752153581088455,0.6669576603957451,,,,,,
IDRiD_24_512_512,0.571618920700479,0.4043355324974394,,,,,,
IDRiD_25_0_1024,,,0.6916494540958499,0.7216748768028525,0.75237861563002,0.7410052625886532,0.0,0.0
IDRiD_25_0_1536,0.0,0.0,0.15414258187834665,0.08528784647581465,0.8727996349239007,0.8383489983029543,,
IDRiD_25_0_2048,0.2792318982370399,0.16228319590444779,0.0,0.0,0.7263446385736102,0.7835760218760308,0.0,0.0
IDRiD_25_0_2560,0.5840788648892582,0.5469583777956567,0.0,0.0,0.8853161009025711,0.8872733893400171,,
IDRiD_25_0_3072,0.20903170705445678,0.15094048720087974,,,0.5247376311450721,0.4492939665662011,,
IDRiD_25_0_512,0.6071142016419601,0.5536585365583582,0.0,0.0,0.773966419924409,0.6648573200889445,0.1201873048876122,0.06438127090121569
IDRiD_25_1024_0,,,0.0,0.0,,,,
IDRiD_25_1024_1024,0.0,0.0,0.0,0.0,0.0,0.0,,
IDRiD_25_1024_1536,0.5670046588028638,0.647777082008523,0.0,0.0,0.8915465474907246,0.8811562947123133,,
IDRiD_25_1024_2048,,,0.0,0.0,0.8812355230789686,0.8922509671169098,,
IDRiD_25_1024_2560,0.800145361412082,0.8523447869014439,0.3661053774923354,0.2584355828022672,0.8647418362103941,0.8700036552046485,,
IDRiD_25_1024_3072,0.0,0.0,,,0.834342902288841,0.7394957983154917,,
IDRiD_25_1024_512,,,0.4919786095880841,0.44536652829248047,,,,
IDRiD_25_1536_0,,,,,0.7822349569079893,0.9999999996336996,,
IDRiD_25_1536_1024,0.7016626280553876,0.972295485270125,,,,,0.9171621085956788,0.9588019415063477
IDRiD_25_1536_1536,0.0,0.0,0.0,0.0,0.9010074098734484,0.8748899628103499,,
IDRiD_25_1536_2048,0.0,0.0,0.5037037036104253,0.3798882680503105,0.9150754371227457,0.929351607065085,0.0,0.0
IDRiD_25_1536_2560,0.5411768864996709,0.41020419100592154,0.0,0.0,0.7747256492347165,0.7990719909898893,0.0,0.0
IDRiD_25_1536_3072,0.562065766805062,0.7680964453833078,0.2704871060016913,0.2364729458680889,,,,
IDRiD_25_1536_512,0.0,0.0,0.49324804545179474,0.9480874314349488,0.0,0.0,,
IDRiD_25_2048_1024,0.0,0.0,,,,,,
IDRiD_25_2048_1536,0.2329974085791362,0.1392291810038594,0.21098039214858902,0.2091757387084622,0.7322444485092265,0.8103168155641627,,
IDRiD_25_2048_2048,0.10347417098097515,0.06655819392857804,0.3395358561501247,0.5508819538296552,,,,
IDRiD_25_2048_2560,0.0,0.0,0.0,0.0,0.0,0.0,,
IDRiD_25_2048_3072,,,0.6020408162753367,0.5267857142073236,0.0,0.0,,
IDRiD_25_512_1024,0.0,0.0,,,0.8282282685261377,0.8444908151717425,,
IDRiD_25_512_1536,0.5637830282404073,0.4434642081268387,0.1548821548790873,0.302163833052383,0.7089290531395156,0.7845556771740018,,
IDRiD_25_512_2048,0.6416212996431012,0.5227765237008515,0.30116959063838256,0.2676869766021459,0.6522421677656662,0.7575709528974541,0.6607379375528785,0.5050621926452841
IDRiD_25_512_2560,0.7114718467679431,0.67550138646627,0.2209302325260276,0.38190954754677914,0.8560660302298567,0.8802069487313547,,
IDRiD_25_512_3072,,,0.5904761902887377,0.592356687520792,0.7105420506779024,0.5610327874171815,,
IDRiD_25_512_512,0.8606127518393427,0.7921747967077146,,,,,,
IDRiD_26_0_1024,0.5722171113096982,0.4411347517660972,0.5716560509098999,0.8271889399015693,,,,
IDRiD_26_0_1536,0.8136240329467133,0.7460843928368144,,,,,,
IDRiD_26_0_2048,,,0.3918228279219837,0.6133333332515556,,,,
IDRiD_26_0_2560,0.0,0.0,0.617999042589325,0.7419540229458647,,,,
IDRiD_26_1024_1024,,,0.7963326784023357,0.9605055290741698,,,,
IDRiD_26_1024_1536,,,0.6557743331845305,0.9255025620447181,,,,
IDRiD_26_1024_2048,0.9377415199253869,0.9732620319988179,0.3396226414815732,0.4035087718511679,,,,
IDRiD_26_1024_2560,0.5671641790920289,0.41133397006012945,0.35289372856719314,0.959429824456203,,,,
IDRiD_26_1024_3072,0.938153587668555,0.973137019224921,0.0,0.0,,,,
IDRiD_26_1536_1024,,,0.5871313672135213,0.999999999543379,,,,
IDRiD_26_1536_1536,,,0.5904825737067533,0.9273684209550139,,,,
IDRiD_26_1536_2048,0.10248733302507498,0.298257372634165,,,,,,
IDRiD_26_1536_2560,,,0.4597517020240388,0.9778534921673163,,,,
IDRiD_26_1536_3072,0.2917152858724704,0.19716088327298262,0.3638031183013206,0.2601661565255721,,,,
IDRiD_26_2048_1024,,,,,0.8519417474694245,0.8666666664526749,,
IDRiD_26_2048_1536,0.14245585874513533,0.46103896097908587,0.15915119361988053,0.4945054942337882,,,,
IDRiD_26_2048_2048,,,0.7265846735358008,0.9896907213944095,,,,
IDRiD_26_2048_3072,0.8184309948824473,0.6955426844535942,,,,,,
IDRiD_26_512_1024,0.875113286202306,0.8978984563799711,0.0,0.0,,,,
IDRiD_26_512_1536,0.0,0.0,0.3805348531179073,0.9999999997695852,,,,
IDRiD_26_512_2048,0.7387828050007582,0.8166787979534503,0.6395406889612286,0.88752886833978,0.5725400457534888,0.5954307472348677,,
IDRiD_26_512_2560,,,0.7147470398085375,0.9209431344715018,,,,
IDRiD_26_512_3072,0.7430350303420084,0.730552307583979,0.8877374782577311,0.8081761003747874,,,,
IDRiD_26_512_3584,0.0,0.0,,,,,,
IDRiD_26_512_512,0.7605105104819628,0.936229205089073,,,,,,
IDRiD_27_0_1024,,,,,0.862183020853122,0.768172887864799,,
IDRiD_27_0_1536,0.0,0.0,0.543024227189388,0.9999999996923076,0.0033094318806779132,0.0016574585634443393,,
IDRiD_27_0_2048,0.0,0.0,,,,,,
IDRiD_27_0_2560,0.18901510715429784,0.30022321428012977,0.6862745097841328,0.6062149770450221,,,,
IDRiD_27_0_3072,,,0.0,0.0,,,,
IDRiD_27_0_512,0.0,0.0,0.7898001377815437,0.7144638403099173,,,,
IDRiD_27_1024_0,0.8156719447745059,0.7352241536919447,0.31763417302106967,0.469255663278558,0.3424408014260072,0.7258687255884676,,
IDRiD_27_1024_1024,0.0,0.0,0.6361556063927654,0.8692933082633337,0.6790719044181238,0.7614631632786469,,
IDRiD_27_1024_1536,0.0,0.0,0.57878602081062,0.8137931033079667,0.7974108680858307,0.8954279015135354,,
IDRiD_27_1024_2048,,,0.7054337463915428,0.840909090813533,0.7075743048800497,0.6357371400286552,,
IDRiD_27_1024_2560,,,0.0,0.0,,,,
IDRiD_27_1024_512,0.5665562913813484,0.9930354033085875,0.5688382879913801,0.8669665809211461,0.7320872274101068,0.7489376770449842,,
IDRiD_27_1536_0,0.8524913276535301,0.8660099311159217,0.0,0.0,,,,
IDRiD_27_1536_1024,0.41789544235574816,0.32110209861824257,0.551485615460596,0.7162106982149363,0.6049168974964523,0.4773224043585431,,
IDRiD_27_1536_1536,0.0,0.0,0.37240605718606806,0.3600867678568236,0.7730595967744401,0.8206334273938439,,
IDRiD_27_1536_2048,,,0.5620608898639273,0.6201550385994431,0.0,0.0,,
IDRiD_27_1536_2560,,,0.3677811549593038,0.5789473681440443,,,,
IDRiD_27_1536_512,0.4324239818617023,0.2759652798535771,0.38890217650349435,0.7684310018177286,0.7153536515187222,0.6850220264222877,,
IDRiD_27_2048_1024,0.38905263156256625,0.27781118458942805,0.5233902036179585,0.9048525213220882,0.6677518538493805,0.6011071312080395,,
IDRiD_27_2048_1536,0.0,0.0,0.5521761048470479,0.678925619806656,0.7165756866760542,0.7913875597934663,,
IDRiD_27_2048_2048,0.7830596369583812,0.7083659108124811,0.22422680409481616,0.9999999988505748,0.5002000800119968,0.4200268816922025,,
IDRiD_27_2048_512,0.20814479637224192,0.16341030194414385,0.4862364098892844,0.6338962605166528,,,,
IDRiD_27_512_1024,0.0,0.0,0.7257617728129772,0.954810495487637,0.7225471084885463,0.7339933992914855,,
IDRiD_27_512_1536,,,0.35396308358556117,0.28496503494012543,0.668516055479124,0.8049784936322414,,
IDRiD_27_512_2048,,,0.7545909848489832,0.9868995628878168,0.6878523833872556,0.9798004380389438,,
IDRiD_27_512_512,0.4116936965285693,0.8799641013937635,0.06186245475281795,0.04955192408805736,,,,
IDRiD_28_0_3072,,,,,0.8289241621113009,0.7230769228544378,,
IDRiD_28_1024_1536,,,0.6018287613797315,0.5709779178910129,0.5158705700999096,0.6181683899328594,,
IDRiD_28_1024_2048,,,0.17735550275713732,0.12829324168060788,0.0,0.0,,
IDRiD_28_1024_2560,0.6728415481087383,0.6712871286685619,0.3381049761187386,0.9612403097049456,,,,
IDRiD_28_1024_3072,0.0,0.0,0.42053789728480817,0.994219652891844,,,,
IDRiD_28_1536_1536,0.8128425998115567,0.7565597667087055,,,0.0,0.0,,
IDRiD_28_1536_2048,0.8451612903120947,0.7568888888720692,0.6036363635266117,0.9880952375070862,0.5467455620654739,0.43177570085387373,,
IDRiD_28_1536_2560,0.8390482855101516,0.8872093023162028,0.3734939758786148,0.9858657240332629,0.37125748500523903,0.3929577464235271,,
IDRiD_28_1536_3072,,,0.5582089551405659,0.50677506761334,,,,
IDRiD_28_2048_1024,0.0,0.0,,,,,,
IDRiD_28_2048_1536,0.7346387575714167,0.8065233505703095,0.0,0.0,,,,
IDRiD_28_2048_2048,0.8463595839272999,0.8095508811364667,0.36005256237055816,0.27510040155118465,,,,
IDRiD_28_2048_2560,0.0,0.0,0.35941204360552814,0.8813953486322336,,,,
IDRiD_28_2048_3072,0.8665447897306565,0.8144329896347469,,,,,,
IDRiD_28_2048_512,0.7769477053599843,0.9122807015257441,,,,,,
IDRiD_28_512_1536,0.8493768231125779,0.8185535394628533,,,,,,
IDRiD_28_512_2048,0.76301904104696,0.6754670998913296,0.39766933718880776,0.9446366778738281,0.44638949662004607,0.2999999999117647,,
IDRiD_28_512_2560,0.0,0.0,0.3741690408001738,0.3511586452136972,,,,
IDRiD_28_512_3072,0.7900536874600155,0.7643521049336056,,,,,,
IDRiD_29_0_1024,,,0.5801217038147314,0.9930555553256816,,,,
IDRiD_29_0_1536,,,0.6629339304968719,0.6883720928631692,,,,
IDRiD_29_0_2560,0.0,0.0,0.6444444443728395,0.6807511735491194,,,,
IDRiD_29_1024_1024,,,,,0.7086298932226729,0.7847290640007523,,
IDRiD_29_1024_2048,,,0.463849765214662,0.4137353433142822,,,,
IDRiD_29_1024_2560,,,0.5865102637576216,0.4608294928751938,,,,
IDRiD_29_1024_3072,0.0,0.0,,,,,,
IDRiD_29_1536_1024,,,0.0,0.0,0.0,0.0,,
IDRiD_29_1536_1536,,,0.7293233081792828,0.8174157301074675,,,,
IDRiD_29_1536_2560,,,0.5045045042772502,0.7887323932553065,,,,
IDRiD_29_1536_3072,0.502099859985903,0.3373040752139621,0.2889610389141297,0.9999999988764046,,,,
IDRiD_29_2048_1024,,,0.7429274291829118,0.98051948020113,0.6666666659498208,0.9687499969726562,,
IDRiD_29_2048_1536,,,0.9050847456093077,0.8266253867409828,,,,
IDRiD_29_2048_2560,,,0.7806603772664316,0.9821958454058766,0.4751958224129507,0.9999999996336996,,
IDRiD_29_2048_3072,,,0.7120418844439571,0.7640449429617473,,,,
IDRiD_29_512_2048,,,0.5956112851731017,0.5263157893278904,,,,
IDRiD_29_512_2560,,,0.529010238817575,0.40364583322821723,,,,
IDRiD_29_512_3072,,,0.5519287832190122,0.9587628856095228,,,,
IDRiD_30_0_1024,,,0.0,0.0,,,,
IDRiD_30_0_2048,0.7905154761528014,0.8040932141946142,0.23076923032544377,0.13333333303703704,,,,
IDRiD_30_0_2560,0.6190592249422603,0.4890257989800144,0.0,0.0,,,0.7734368407696673,0.8989799921449687
IDRiD_30_1024_1024,0.7955299845054462,0.74849052674632,,,0.5128905065133016,0.7532293986301457,,
IDRiD_30_1024_1536,,,,,0.7976721629434357,0.848301471587838,,
IDRiD_30_1024_2048,0.0,0.0,0.5736925514828173,0.7801724137090331,0.5592116839598942,0.5370057451660356,,
IDRiD_30_1024_512,0.3781139595943644,0.2701268444179378,0.25234441601652413,0.24382207576245285,0.0,0.0,,
IDRiD_30_1536_1024,,,,,0.5154419595204379,0.48790322578677814,,
IDRiD_30_1536_1536,,,,,0.3804133858174111,0.6053249803754639,,
IDRiD_30_1536_2048,0.9228295819812055,0.8922279792514968,0.7874396134314687,0.8787061992240683,0.6630211893218724,0.7968236582258037,,
IDRiD_30_1536_2560,,,0.7163323781208694,0.7122507120477918,,,,
IDRiD_30_1536_512,0.0,0.0,0.47764371893265994,0.5396952686014679,0.42975206609955857,0.2784810126446699,,
IDRiD_30_2048_2048,0.8606193634544037,0.8501932685881946,0.5514726507559194,0.6358344113430896,,,,
IDRiD_30_2048_2560,,,,,,,0.6928318342683883,0.5604056437142678
IDRiD_30_512_1024,0.0,0.0,,,,,,
IDRiD_30_512_2560,,,0.6118449083676248,0.9742198099085184,,,,
IDRiD_30_512_512,0.0,0.0,,,,,,
IDRiD_31_0_1024,,,0.726358148856823,0.8185941042155789,,,,
IDRiD_31_0_1536,0.7938922779333546,0.8225296747309137,0.6058091285888099,0.8311195444343227,0.661678723611824,0.7365692222753825,0.8946833888356015,0.8878679917453222
IDRiD_31_0_2048,0.7042460762307166,0.727331934288101,0.3993371996575715,0.3099014144745006,0.7593417231315951,0.7329927734770373,0.745344939948858,0.9445755412632157
IDRiD_31_0_2560,0.845513582728603,0.7692222345458269,0.8838526909677471,0.9122807012208886,0.7026640443285774,0.6121495326912103,0.41117953576017074,0.25879546809393567
IDRiD_31_0_3072,0.8552103710060833,0.9137735581627194,,,,,0.8507482318650139,0.9271772930751666
IDRiD_31_0_512,,,0.4578313252092708,0.999999999122807,,,,
IDRiD_31_1024_0,,,0.8056628055591168,0.9936507933353489,,,0.4994951194827836,0.3328847016549591
IDRiD_31_1024_1536,0.954407294831894,0.9335410970672169,0.4420803781983357,0.43187066964621923,0.8157423971311127,0.8600823045120014,,
IDRiD_31_1024_2048,,,0.6796941375803148,0.9389671359298198,0.815684823819404,0.7763401108988967,,
IDRiD_31_1024_2560,0.0,0.0,,,,,,
IDRiD_31_1024_3072,0.0,0.0,,,,,,
IDRiD_31_1024_512,0.3096491227934365,0.19665738160464302,,,,,0.0,0.0
IDRiD_31_1536_0,0.5012372243114511,0.4826478814826204,,,,,0.32894699445693065,0.20650893908501405
IDRiD_31_1536_1024,0.789563892584369,0.6899650524098858,,,0.7361853832223356,0.7972972972459911,,
IDRiD_31_1536_1536,0.8880503144595295,0.8712652636935404,0.4727722771692114,0.9999999994764398,,,,
IDRiD_31_1536_2048,0.001059602648997266,0.009983361063230722,,,0.67576656774133,0.8741044011835156,,
IDRiD_31_1536_2560,,,,,0.6849568433820914,0.9181818181059354,,
IDRiD_31_1536_512,0.6157864713104879,0.5533372902360474,0.0,0.0,0.7167630055731898,0.5821596241398311,0.0,0.0
IDRiD_31_2048_1024,,,0.4341279798702474,0.5766666664744444,,,,
IDRiD_31_2048_2048,,,,,0.8567293775894748,0.9966329962974299,,
IDRiD_31_512_0,0.757838299853305,0.9587142435765387,,,0.695269526876208,0.7297921476374614,,
IDRiD_31_512_1024,0.7285773098822056,0.8885382297964634,,,,,,
IDRiD_31_512_1536,0.5045886330622349,0.5156301414769454,0.5026531596477254,0.9029462736736662,,,,
IDRiD_31_512_2048,0.0,0.0,0.8580152671319076,0.8855042015876572,0.7437564146170457,0.7151315789003203,,
IDRiD_31_512_2560,0.0,0.0,0.6666666665846659,0.950877192648815,0.7824267782344934,0.9038182696736632,,
IDRiD_31_512_3072,0.7185197052169294,0.7212930202521504,,,,,0.008384392131300085,0.004209844559449163
IDRiD_31_512_512,0.7247499193266896,0.6196639076969166,0.5521885521265781,0.9919354834709938,0.0,0.0,,
IDRiD_32_0_1024,0.7778503756878646,0.747332077828824,,,,,,
IDRiD_32_0_2048,,,0.7625730993706097,0.9093444908076228,,,0.7606544132344849,0.9736297827831628
IDRiD_32_0_2560,,,,,,,0.7269588712071189,0.9479350166280295
IDRiD_32_0_512,0.0,0.0,,,,,,
IDRiD_32_1024_2048,,,0.575163398639107,0.9716088325010697,0.7450110864332034,0.8682170541513932,,
IDRiD_32_1024_2560,0.0,0.0,,,0.8559551028878436,0.8838660678877167,,
IDRiD_32_1024_3072,0.2519531249753952,0.14413407819618615,0.43097151202111234,0.3248898678056289,0.8740053050384078,0.880931920172886,,
IDRiD_32_1536_0,0.15377340646724252,0.08415277921453107,,,,,,
IDRiD_32_1536_1024,,,,,0.022710068129344813,0.011485451760662886,,
IDRiD_32_1536_2048,,,,,0.19036954086635427,0.9883720926401658,,
IDRiD_32_1536_2560,,,,,0.8561200605692397,0.8478320152482184,,
IDRiD_32_1536_3072,,,,,0.7683185090900398,0.7293928427531406,,
IDRiD_32_1536_512,0.474420638380533,0.9026622295422078,,,,,,
IDRiD_32_2048_0,0.0,0.0,,,,,,
IDRiD_32_2048_1024,0.757707502749702,0.8502773391600863,,,,,0.8515283842562356,0.7539874335063322
IDRiD_32_2048_1536,0.0,0.0,0.1688794476853723,0.0971882640557094,,,,
IDRiD_32_2048_2048,0.34004474271409196,0.2048517520105201,,,,,0.8285680482674268,0.7867735170702008
IDRiD_32_2048_2560,0.7347478436017456,0.7299224418222426,,,,,,
IDRiD_32_2048_3072,0.22435897435344285,0.12635379061020957,0.6169665808975622,0.8727272724099173,,,,
IDRiD_32_2048_512,0.8166242578410142,0.947513449666087,,,,,0.7747115828262601,0.9999999999761735
IDRiD_32_512_1024,0.493041749453972,0.36257309936219695,,,,,,
IDRiD_32_512_2048,,,,,0.7037974681762538,0.9788732387472724,,
IDRiD_32_512_2560,,,0.6558641974802574,0.7340241794932602,0.8030234144078028,0.8476304738950493,0.8591803032513197,0.9742934967488204
IDRiD_32_512_3072,,,,,0.8091443748737511,0.8535121072472781,,
IDRiD_32_512_512,0.0,0.0,,,,,,
IDRiD_33_0_1024,0.7078808131242584,0.5478448275625929,,,0.651465797974868,0.48939641101314907,,
IDRiD_33_0_1536,0.7411596618600954,0.7308053533607559,0.3106796116272831,0.881355931829934,,,,
IDRiD_33_0_2048,0.0,0.0,0.6528704939484065,0.890710382351419,,,,
IDRiD_33_0_2560,0.6679682857665099,0.647509956878814,0.8830409355434151,0.8628571426106122,,,,
IDRiD_33_0_3072,0.20522875816725192,0.24662268299570775,0.0,0.0,,,,
IDRiD_33_1024_0,0.8236099017265095,0.9255609142313164,,,0.47619047610949145,0.6763285020887302,,
IDRiD_33_1024_1024,0.8040650406438693,0.9782393669440507,0.8828828826177528,0.8698224846924127,0.5423255813701244,0.610471204124558,,
IDRiD_33_1024_1536,0.6982168069827003,0.8751966439318931,0.4816770683232249,0.7263513513162958,0.5574855252223372,0.8311866264502279,,
IDRiD_33_1024_2048,0.5681726988157597,0.5269425424154965,0.562612925634988,0.6394944707538864,0.6923730475087094,0.818195860351897,,
IDRiD_33_1024_2560,0.7783881018895044,0.7854781199300779,0.43433222344738565,0.37023021127813843,0.6450444517509871,0.721015826252447,,
IDRiD_33_1024_3072,0.8679029065505055,0.7995585200787007,0.6929015251234626,0.7893607893269258,0.6713780916355554,0.871559632227927,,
IDRiD_33_1024_3584,,,0.2929133857806436,0.1830708661056947,,,,
IDRiD_33_1024_512,0.7958261084939441,0.7370383115351168,,,0.0,0.0,,
IDRiD_33_1536_0,,,0.8064516128103166,0.8413461536439071,0.8687782801498741,0.8971962608437418,,
IDRiD_33_1536_1024,0.4075800567449576,0.38231939162771256,0.0,0.0,0.4752186588844312,0.5939271254820273,,
IDRiD_33_1536_1536,0.7054185539279867,0.8245098039054017,0.2010327022306013,0.2775665398975697,0.5954429682618886,0.6372476793776742,,
IDRiD_33_1536_2048,0.6480582523485366,0.5437881872619575,0.8310559005694996,0.9040540539318846,0.7236641221346425,0.7542366138853192,,
IDRiD_33_1536_2560,0.5840220385496168,0.42137809185417946,0.5736759307662906,0.8620961386239483,0.6599131693092151,0.6647230320484379,,
IDRiD_33_1536_3072,0.595153363833276,0.4549615683525782,0.6484930579017228,0.8622242233034169,,,,
IDRiD_33_1536_3584,0.8089591567497164,0.7101002312482575,,,,,,
IDRiD_33_1536_512,0.8369487104404502,0.8789903281688405,,,0.7653213750724482,0.7734138970473069,,
IDRiD_33_2048_1024,,,0.7536231883217812,0.8284313723459726,0.913580246811046,0.9951100242065745,,
IDRiD_33_2048_1536,0.5829005934664048,0.5242702251789113,0.5166798003609577,0.6024502296905835,0.5109707064846528,0.8360902255324778,,
IDRiD_33_2048_2048,0.6125366568802688,0.4914705882208391,0.6160714285255899,0.9810426537959615,0.7067402854427193,0.8736638763570681,,
IDRiD_33_2048_2560,0.6532486829575409,0.9833265554703813,0.46670461010434233,0.9010989009008573,0.5781103834819353,0.5219594593712906,,
IDRiD_33_2048_3072,0.5872093022686812,0.5469314078435142,0.4320474777191663,0.9655172411232049,,,,
IDRiD_33_2048_512,0.7442657324756584,0.7375329414112227,0.216438356149559,0.2560777957445579,0.49999999994680855,0.4359925787688326,0.7557969839406858,0.8366541015825408
IDRiD_33_512_0,0.7306947135277175,0.622054665400219,,,,,,
IDRiD_33_512_1536,0.8177823727018982,0.8219889847155565,0.30864622802932673,0.29906542054078333,0.573395758728356,0.6105571847149233,,
IDRiD_33_512_2048,0.8151623936444369,0.7821747267330761,0.44912038632462503,0.3756491632789585,0.7099226635114704,0.6943589743411703,,
IDRiD_33_512_2560,0.6322090816159083,0.6359043646793402,0.271513519575098,0.5502501136630173,0.44227642272827017,0.5551020407030404,,
IDRiD_33_512_3072,0.5981873111739449,0.5164575829025406,0.4934190388584812,0.5140306122121153,,,,
IDRiD_33_512_512,0.27139208173517626,0.1629851204159918,0.0,0.0,,,,
IDRiD_34_0_1024,0.7625046313392922,0.6292808219101116,0.0419947506524939,0.022900763356593436,0.0,0.0,,
IDRiD_34_0_1536,,,0.0,0.0,,,,
IDRiD_34_0_2048,0.4852502889089152,0.3257656186171844,,,,,,
IDRiD_34_0_2560,0.22585819698065676,0.1277908876360902,,,0.0012472715933700145,0.0006240249609887048,,
IDRiD_34_0_3072,,,0.006756756754474068,0.003389830507325481,0.0,0.0,,
IDRiD_34_0_512,0.0,0.0,,,,,,
IDRiD_34_1024_1024,,,,,0.2209523809102948,0.12526997837467171,,
IDRiD_34_1024_1536,,,0.6611374407321826,0.7533753374659428,0.3858267716029099,0.2969696969097031,,
IDRiD_34_1024_2048,,,0.7168458780505561,0.6928406464912608,,,,
IDRiD_34_1024_3072,0.8246081073643778,0.9375867718966147,0.0,0.0,0.8231323132128008,0.8721983785945543,,
IDRiD_34_1024_3584,0.0,0.0,,,,,,
IDRiD_34_1024_512,,,,,0.0,0.0,,
IDRiD_34_1536_0,0.5958331408481737,0.44962699574391946,,,,,,
IDRiD_34_1536_1024,0.03984819734156318,0.021094927171215725,0.360396039586119,0.5440956650905687,0.6512499999592969,0.6269554752554807,,
IDRiD_34_1536_1536,0.7252779403053646,0.6423944026783521,0.0,0.0,0.32476319346078986,0.20979020975353319,,
IDRiD_34_1536_2048,0.6601079022462698,0.594625500274545,0.0,0.0,,,,
IDRiD_34_1536_3072,0.7660929288424685,0.6659495782053468,,,0.6026581118102049,0.7557471263933478,,
IDRiD_34_1536_3584,0.25698324021242014,0.1801204819168602,,,,,,
IDRiD_34_1536_512,0.766183914326728,0.7278008503887872,0.341479309210118,0.9685767096176384,,,,
IDRiD_34_2048_0,0.0,0.0,,,,,,
IDRiD_34_2048_1024,0.0,0.0,0.6980372420559126,0.6941941941594497,0.6413697362035461,0.9857752487929197,,
IDRiD_34_2048_1536,0.7802848920148485,0.6401079279396868,,,0.40706987019035984,0.6219409282175576,,
IDRiD_34_2048_2048,0.6933749566363737,0.7015265835988502,0.42966545745950563,0.8737704916600376,0.29078694816263023,0.29218900672206466,,
IDRiD_34_2048_2560,0.7831785317750732,0.7302428924873492,,,,,,
IDRiD_34_2048_3072,,,,,0.8100125156242801,0.7908113391597844,,
IDRiD_34_2048_512,0.8331388564740109,0.8383212590515198,0.35613955594217767,0.26340482571961094,0.7251461987597323,0.6549295773494843,,
IDRiD_34_512_1024,0.8174103860016372,0.777057766137509,0.32887700530362607,0.2184724688777136,0.732087227300298,0.9999999995744681,,
IDRiD_34_512_1536,0.05962059620273059,0.030726256981523672,0.4064711829720454,0.9013452910756299,0.7575757574937689,0.9915014161497162,,
IDRiD_34_512_2560,0.41062643488321987,0.27540695115374364,,,0.6003780718109498,0.6051829267831416,,
IDRiD_34_512_3072,0.7323830556083823,0.6178443194863638,0.0,0.0,0.0,0.0,,
IDRiD_34_512_3584,0.0,0.0,,,,,,
IDRiD_34_512_512,0.7345018815588866,0.718771198756087,0.4124999999785156,0.32247557000631305,,,,
IDRiD_35_0_1024,,,0.36265515378506985,0.26147859920144134,0.0,0.0,,
IDRiD_35_0_1536,0.1039342968830329,0.13313120176283413,,,0.7166666660694445,0.5584415577163097,0.0,0.0
IDRiD_35_0_2048,0.6713391365067826,0.5701938353975846,0.6192660549748549,0.6382978721895276,,,0.4358974357856673,0.9999999988235295
IDRiD_35_0_2560,0.4731317252937802,0.8593114989139455,,,,,,
IDRiD_35_1024_0,0.7649011053706007,0.7074535237747668,,,,,,
IDRiD_35_1024_1024,0.35872556794160226,0.9247234247011852,,,,,,
IDRiD_35_1024_1536,0.5254303984233869,0.4704069050513439,,,0.6773455376799377,0.6636771298960364,0.5139640614814609,0.3460977743187278
IDRiD_35_1024_2048,0.8248813168249484,0.9547088425495048,0.39316239312038864,0.7449392709534659,0.8259790616486002,0.8738923531270603,,
IDRiD_35_1024_2560,0.7943800753322051,0.7247236522311006,0.5729984301300433,0.7836822329155296,0.5944197331056527,0.6205149851996407,,
IDRiD_35_1024_3072,0.8974708569081083,0.8803860814496325,,,,,,
IDRiD_35_1024_512,0.42239238410158947,0.3435448577622699,0.49999999994493394,0.39824561396522007,,,,
IDRiD_35_1536_0,0.0,0.0,,,,,,
IDRiD_35_1536_1024,,,0.4234718826198791,0.5173237753264847,,,,
IDRiD_35_1536_1536,,,0.6063432835255277,0.6202290075152235,,,,
IDRiD_35_1536_2048,,,0.45696202530199487,0.36743002542659386,0.7204931589126373,0.7487499999766016,,
IDRiD_35_1536_2560,0.1489196675883776,0.08290155440312236,0.7150595882602893,0.9401709400370127,0.625766871088863,0.543710021206032,,
IDRiD_35_1536_3072,0.5037221131841735,0.9702921569461308,,,,,,
IDRiD_35_1536_512,0.8311847759342673,0.8187315237802618,,,,,,
IDRiD_35_2048_1024,,,,,,,0.7844918976193227,0.8359557814828051
IDRiD_35_2048_2048,0.8825814635623358,0.883211678818102,0.0,0.0,0.7855361595030503,0.9487951804371099,,
IDRiD_35_2048_512,0.2219051520757894,0.9862497645445705,,,,,0.09447392260842193,0.049808951964725644
IDRiD_35_512_0,0.0,0.0,,,,,,
IDRiD_35_512_1024,,,0.0,0.0,,,,
IDRiD_35_512_1536,0.45920090038746203,0.2980277574817745,,,0.0,0.0,0.1874786178519508,0.10343525858424178
IDRiD_35_512_2048,0.7903280835553314,0.75135497101565,0.6382176520884625,0.9043224866000815,0.8682505397692764,0.8516949148933496,0.6751484308163571,0.6689075629127886
IDRiD_35_512_2560,0.6175253854716524,0.5588835942628018,0.7115850702514986,0.7497446373085042,,,,
IDRiD_35_512_512,0.09812995245579632,0.21416712783026656,0.08739495798025564,0.06054960409592224,,,,
IDRiD_36_0_1024,,,0.6694677870835917,0.7905181917540774,,,,
IDRiD_36_0_1536,0.6774811974535101,0.6403679955215955,0.3211111110932716,0.6613272309699479,0.6981765834765313,0.82018038326831,,
IDRiD_36_1024_1024,,,0.5563636362624794,0.632231404697425,0.79906542037405,0.8260869561226634,,
IDRiD_36_1024_1536,0.8310442554865698,0.929302779086821,0.29714285711860056,0.28482003125433175,0.6947218259133578,0.6625850339234578,,
IDRiD_36_1024_2048,,,0.7453183519901386,0.8747252745330274,,,,
IDRiD_36_1024_3584,0.2998447549279254,0.18216114254426943,,,,,,
IDRiD_36_1024_512,0.6682663467106099,0.6213050752581536,0.30904302016601903,0.5605095539616212,,,,
IDRiD_36_1536_1024,,,0.21792114693778342,0.13058419242864397,0.49284099468780396,0.3378099173204742,,
IDRiD_36_1536_1536,0.7008391098107404,0.5522495328406479,,,,,,
IDRiD_36_1536_2048,0.7695445275148528,0.744084136689567,,,,,,
IDRiD_36_1536_3584,0.0,0.0,,,,,,
IDRiD_36_1536_512,0.0,0.0,0.6527958386667366,0.9728682166771828,0.01587301586041824,0.0079999999936,,
IDRiD_36_2048_1024,,,0.0,0.0,0.7611336031875078,0.9559322032278081,,
IDRiD_36_2048_1536,,,0.5013835085500065,0.8515037592384392,,,,
IDRiD_36_2048_3072,0.19591141396864029,0.1101752425048494,,,,,,
IDRiD_36_2048_512,0.6101156069275995,0.4560380211610275,0.6442890442590076,0.9092105261961565,,,,
IDRiD_36_512_1024,,,0.7476635513630496,0.6741573033076631,,,,
IDRiD_36_512_1536,,,0.6832267584681941,0.8757881462247296,0.6203283269081269,0.7155519741566839,,
IDRiD_36_512_2048,,,0.6025896414042535,0.5885214007209609,0.8333333331552706,0.7707509878376478,,
IDRiD_37_0_1024,0.4635333404367347,0.30351244475318206,,,0.5106382977516222,0.3673469386505622,,
IDRiD_37_0_1536,,,0.76441837724688,0.9559902198151613,,,,
IDRiD_37_0_2048,,,0.9012605041070105,0.9127659572526029,0.5486725658861304,0.3780487800267698,,
IDRiD_37_1024_1024,,,0.8527607359347359,0.7433155076238954,,,,
IDRiD_37_1024_1536,0.15361445781975794,0.08571428570708282,0.4968517458215883,0.9214437365347253,0.853787499299528,0.8758707319758379,,
IDRiD_37_1024_2048,,,0.9390018482552678,0.9657794673133917,0.8742439854806046,0.8869999999919363,,
IDRiD_37_1024_2560,,,0.545454545294588,0.48437499974772136,0.0,0.0,,
IDRiD_37_1024_3072,,,0.037940379398653065,0.036842105253462605,,,,
IDRiD_37_1536_1536,,,0.806122448928181,0.7999999998987342,,,,
IDRiD_37_1536_2048,0.0,0.0,,,0.6256077794772111,0.9460784309087851,,
IDRiD_37_1536_2560,,,0.7010003704816229,0.7666126417531107,0.0,0.0,,
IDRiD_37_1536_3072,0.3552519214195025,0.3580034423099825,0.37361354346914105,0.3747072599092849,0.35869565197896974,0.21854304621288542,,
IDRiD_37_1536_512,0.18049576962772013,0.09920052210639256,,,,,,
IDRiD_37_2048_3072,,,0.544046466549463,0.49471830977205666,,,,
IDRiD_37_2048_512,0.8701679552073038,0.9358871430102547,,,,,,
IDRiD_37_512_1536,0.0,0.0,,,0.5938043856389209,0.6546431311853689,,
IDRiD_37_512_2048,0.1475933472833176,0.0796765370426962,0.28344370857172935,0.6114285710791837,0.6481580352260516,0.5246326706849717,,
IDRiD_37_512_2560,,,0.6811279825971708,0.9999999997876857,0.7918367343706789,0.7519379839132264,,
IDRiD_38_0_2048,,,0.5602968459764813,0.4476284584537917,,,,
IDRiD_38_0_2560,,,0.8372093021957816,0.9121621618539992,,,,
IDRiD_38_0_512,,,,,0.6876971606663416,0.52403846128652,,
IDRiD_38_1024_1024,,,0.8137697516470784,0.9743243241926589,0.0,0.0,,
IDRiD_38_1024_1536,0.46533390044809303,0.3636968084864563,0.7742605085223528,0.7627811860160756,,,,
IDRiD_38_1024_2048,,,0.7714581178106041,0.9164619162367414,,,,
IDRiD_38_1024_3072,,,0.743801652804746,0.6057692306527367,,,,
IDRiD_38_1536_1024,,,0.38136596919141863,0.41709844555983605,0.7226415093657885,0.6963636362370248,,
IDRiD_38_1536_1536,,,0.06469002693674122,0.06557377045597063,0.7137054878557314,0.6365627632580192,,
IDRiD_38_1536_2048,,,0.4419376243900506,0.6441005801462089,0.0,0.0,,
IDRiD_38_1536_2560,,,0.0,0.0,,,,
IDRiD_38_1536_3072,,,,,,,0.6495705818235203,0.5099715099618239
IDRiD_38_2048_1024,,,0.746024534268695,0.7208077260122205,0.35748436924025434,0.4222415290684412,,
IDRiD_38_2048_1536,,,0.4516129031529657,0.2916666666059028,0.45302013419018283,0.2957283679851338,,
IDRiD_38_2048_2048,0.6793852676085606,0.5699466508426216,,,,,,
IDRiD_38_512_1024,,,0.6349693250559864,0.9078947364439058,0.6517311608297627,0.7142857141262755,,
IDRiD_38_512_1536,,,0.6527999999477759,0.9488372090816657,0.7149817295545078,0.5563981042126637,,
IDRiD_38_512_2560,0.09840310746230457,0.05215004574326853,0.23861047835311475,0.9835680748864863,0.0,0.0,,
IDRiD_38_512_3072,,,0.0,0.0,,,0.7987460815011251,0.6730058108771186
IDRiD_39_0_1024,0.16881918818409505,0.11380597014217624,0.08050847457200697,0.14152700183584227,,,0.43180349062236795,0.6542605288718818
IDRiD_39_0_1536,0.0,0.0,0.3166441136242701,0.45703124982147214,0.0,0.0,,
IDRiD_39_0_2048,0.0761287710047352,0.04072790294539151,0.6039086154526863,0.7382234185236727,,,,
IDRiD_39_0_2560,0.7031922409902087,0.9485357823545975,,,,,0.8869936033905,0.8768149882493296
IDRiD_39_0_3072,0.8113685030015307,0.9581609194961765,,,,,,
IDRiD_39_0_512,0.7538677918071324,0.7952522254406279,0.0255319148881847,0.02362204723479447,0.20274994173379748,0.620542082650422,0.49640672328504837,0.5202290551410403
IDRiD_39_1024_0,0.9124861209153882,0.90544871793058,0.8231245697988214,0.8555078682610147,,,,
IDRiD_39_1024_1024,0.18431546299582122,0.10161211528570531,0.35458293687426,0.8972712679137607,0.27124773955311976,0.3348214284219547,,
IDRiD_39_1024_1536,0.1184620713529793,0.11422845691128417,0.5305031446457468,0.7788550322816781,0.4435080326456806,0.7491103202180507,,
IDRiD_39_1024_2048,0.736602793102686,0.748761967621368,0.4315222272018069,0.9937952429168775,0.7771010961767904,0.7925465837524788,,
IDRiD_39_1024_3072,0.0,0.0,0.7118535174843607,0.8017366135454604,0.5068368276888406,0.34512725013375994,,
IDRiD_39_1024_3584,0.7024662969443958,0.9457326696498028,,,0.0,0.0,,
IDRiD_39_1024_512,0.641565918242469,0.7035353535175876,0.7017590976137806,0.7600349039918547,0.7098515518610187,0.6045977010104373,,
IDRiD_39_1536_0,,,0.7179487178610564,0.9999999996598639,,,,
IDRiD_39_1536_1024,0.2737913763058749,0.4764566556089393,0.5472078941343977,0.8621908126599158,0.6326530610953769,0.9627329186566876,,
IDRiD_39_1536_1536,0.3310621942668495,0.7972233907952367,0.5752527409856862,0.5792945224955752,0.3973147006384804,0.8519388953671011,,
IDRiD_39_1536_2048,0.5860255446998438,0.8715832903408701,0.7068546426720652,0.6852026389982657,,,,
IDRiD_39_1536_2560,0.6371061843566265,0.831050228285204,0.283006948813455,0.17582417581037485,,,,
IDRiD_39_1536_3072,0.826295392562577,0.767327788436941,0.2309859154712689,0.285382830560236,0.786324786228776,0.9070422532656218,,
IDRiD_39_1536_512,0.4615049072963685,0.3232508401978842,0.2968065122011019,0.871323529251595,,,,
IDRiD_39_2048_0,0.11629392970502914,0.06173677068780618,,,,,,
IDRiD_39_2048_1024,0.5703803350827297,0.7760399334313471,0.3819482663626321,0.7518959912511489,0.42346407496661814,0.7896440128938741,0.22749312016624626,0.13273186023294797
IDRiD_39_2048_1536,0.3581012515463062,0.5381226702630254,0.616942909732185,0.9054054052830534,0.2472222221878858,0.5705128201471071,,
IDRiD_39_2048_2048,0.48454094877879933,0.4474716652038476,0.3811129848068671,0.8158844763870245,,,,
IDRiD_39_2048_2560,0.5855358573054841,0.41685930035316116,0.0,0.0,,,,
IDRiD_39_2048_3072,0.789169737947157,0.8540292695128822,,,,,0.6213632585182136,0.6033902865558766
IDRiD_39_2048_512,0.6819599109112418,0.9852787386293518,0.6658187599152363,0.9748603351047616,0.7982261639913275,0.794701986579536,0.6771062141240196,0.7779225008014015
IDRiD_39_512_0,,,0.64092664080291,0.48396501443616174,,,,
IDRiD_39_512_1024,0.7307817589546792,0.7924761568280424,0.5447897623329225,0.708078750824573,0.6622306717258836,0.765007320616215,,
IDRiD_39_512_1536,0.701707531889929,0.6756949004121487,0.5449553877768822,0.6237234878077056,0.5515624999913818,0.6292335115640202,,
IDRiD_39_512_2048,0.6133988936630465,0.633919119190474,0.3775203775041819,0.9586056642791708,0.5789649415596166,0.9003115264330056,,
IDRiD_39_512_2560,0.478322116129624,0.8223896662635958,0.6716247139203876,0.7997275203270127,,,0.6386078510465962,0.46908442327770006
IDRiD_39_512_512,0.6982034655007004,0.7305895439295819,0.015820149874445456,0.012632978722564296,0.0,0.0,,
IDRiD_40_0_1024,0.8868578631929764,0.8832391713193195,0.6100795754349921,0.8582089545834262,,,,
IDRiD_40_0_1536,0.11162790695943754,0.059113300482904224,0.4760845383494947,0.8770491801481456,,,,
IDRiD_40_0_2048,,,0.6993939393515518,0.9600665555806878,0.7418831168770951,0.7590101311948346,,
IDRiD_40_1024_0,,,0.5774058574989934,0.862499998921875,0.51207729443861,0.49532710234081584,,
IDRiD_40_1024_2048,,,0.6836518045257639,0.9526627213297854,0.0,0.0,,
IDRiD_40_1024_2560,,,0.863896848075652,0.9067669171568772,0.0,0.0,,
IDRiD_40_1024_3072,,,0.3789126852753027,0.4423076921375739,,,,
IDRiD_40_1536_1536,,,,,0.8725212462117503,0.8850574707557142,,
IDRiD_40_1536_2048,,,0.47999999968,0.31578947340720226,0.0,0.0,,
IDRiD_40_1536_2560,,,0.8767999999298559,0.9547038325862885,,,,
IDRiD_40_1536_3072,,,0.8834080715508054,0.9704433492756437,,,,
IDRiD_40_1536_512,,,,,0.0,0.0,,
IDRiD_40_2048_1024,,,0.7088607593939718,0.9692307688579881,,,,
IDRiD_40_2048_1536,0.0,0.0,0.5236447519580572,0.9458333329392361,,,,
IDRiD_40_2048_2048,,,0.41935483861305184,0.8425925918124143,0.0,0.0,,
IDRiD_40_2048_2560,,,0.707880434734519,0.6195005944566587,,,,
IDRiD_40_2048_3072,,,0.41393442614468556,0.2910662823368685,,,,
IDRiD_40_2048_512,,,0.5308411214457157,0.3832658568983447,,,,
IDRiD_40_512_1536,,,0.5206073751582196,0.5714285711564626,,,,
IDRiD_40_512_2048,,,,,0.5687583443833434,0.397388059627353,,
IDRiD_40_512_2560,,,0.33440514464077087,0.2326621923416863,0.0,0.0,,
IDRiD_41_0_3072,,,0.8499999998881579,0.8499999997763157,,,,
IDRiD_41_1024_1024,0.0015698587125926326,0.0007855459543766264,0.5320145757141065,0.9605263156089237,,,,
IDRiD_41_1024_1536,,,0.7393643031604068,0.7907949790381383,0.700854700754864,0.5774647885968393,,
IDRiD_41_1024_2048,,,,,0.800378429498572,0.7659574467738363,,
IDRiD_41_1024_512,,,,,0.4298245613563789,0.27880512087072473,,
IDRiD_41_1536_1024,,,,,0.7611044416853416,0.6876355746881484,,
IDRiD_41_1536_3072,0.3578459756596499,0.21791255287602873,0.5554035566955673,0.9062499995954242,,,,
IDRiD_41_1536_3584,0.0,0.0,,,,,,
IDRiD_41_1536_512,,,,,0.0,0.0,,
IDRiD_41_2048_1024,0.0,0.0,0.6549262255756818,0.8664987404450254,,,,
IDRiD_41_2048_2048,,,0.7216981130373353,0.6270491800708815,,,,
IDRiD_41_2048_2560,,,0.7242877836444092,0.866050808214082,,,,
IDRiD_41_512_1536,,,0.5854304634986185,0.4138576778251203,0.8988095237203563,0.9638297870289724,,
IDRiD_41_512_2048,,,,,0.8158995814192679,0.7116788318570515,,
IDRiD_41_512_3072,,,,,0.7692307689940828,0.6249999996875,,
IDRiD_42_0_1024,,,,,0.7737451736854251,0.7389380529883572,,
IDRiD_42_0_512,0.0,0.0,0.4667258207216747,0.9999999996197718,,,,
IDRiD_42_1024_0,,,0.0,0.0,0.571341648902606,0.43391866911118676,,
IDRiD_42_1024_1536,,,0.8329718002531514,0.9186602866417893,,,,
IDRiD_42_1024_2048,,,,,0.7995478522833545,0.8384037929340813,,
IDRiD_42_1024_2560,,,,,0.8038631459898914,0.9736187157547631,,
IDRiD_42_1024_3072,,,,,0.8270676689656472,0.901639343769596,,
IDRiD_42_1024_512,,,,,0.5239491690592425,0.39010189222851505,,
IDRiD_42_1536_0,0.7839262186571854,0.7372986368355269,,,,,,
IDRiD_42_1536_1536,,,0.0,0.0,,,,
IDRiD_42_1536_2048,,,0.5738705738005042,0.9999999995744681,0.828080229196702,0.9038311179903181,,
IDRiD_42_1536_2560,,,,,0.702290076297585,0.6376237623131066,,
IDRiD_42_2048_1536,,,0.030513176140012043,0.01641791044531076,,,,
IDRiD_42_2048_2048,,,,,0.0,0.0,,
IDRiD_42_2048_2560,,,0.6958377800751507,0.9999999996932515,0.3103448274524376,0.18461538452071005,,
IDRiD_42_512_1536,,,0.0,0.0,,,,
IDRiD_42_512_2048,,,0.6099290779276697,0.9999999995348837,,,,
IDRiD_42_512_2560,,,,,0.8404092560678886,0.8148525866788906,,
IDRiD_42_512_3072,,,,,0.0,0.0,,
IDRiD_42_512_512,0.21686746987344166,0.12411802437061842,,,0.0,0.0,,
IDRiD_43_1024_2048,,,,,0.8264195001052529,0.8665800519644884,,
IDRiD_43_1024_2560,,,0.7303295224794667,0.8214826019937244,0.7883978014270366,0.7846664481200432,,
IDRiD_43_1024_3072,,,,,0.0,0.0,,
IDRiD_43_1024_3584,,,,,0.0,0.0,,
IDRiD_43_1536_2048,,,,,0.8119846069045634,0.7818951825949234,,
IDRiD_43_1536_2560,,,,,0.8345106497663277,0.831149301817066,,
IDRiD_43_512_2048,,,,,0.7930574098621928,0.9064089521410779,,
IDRiD_43_512_2560,,,,,0.0,0.0,,
IDRiD_43_512_3072,,,,,0.0,0.0,,
IDRiD_44_0_1024,,,0.7665198234508723,0.8529411756343714,,,,
IDRiD_44_0_2560,,,,,0.8009174311742909,0.7861323727696474,,
IDRiD_44_0_3072,,,,,0.5641025640623858,0.47883917769300616,,
IDRiD_44_0_512,,,,,0.7864669994017489,0.6745956231517987,,
IDRiD_44_1024_0,,,,,0.0,0.0,,
IDRiD_44_1024_1024,,,0.0,0.0,0.0,0.0,,
IDRiD_44_1024_1536,,,,,0.0,0.0,,
IDRiD_44_1024_3072,,,,,0.7162055335402209,0.9999999997792494,,
IDRiD_44_1024_512,,,,,0.0,0.0,,
IDRiD_44_1536_1024,0.760419882668101,0.9465795541527064,,,0.6401391606731868,0.4874172185269067,,
IDRiD_44_1536_1536,,,,,0.0,0.0,,
IDRiD_44_1536_2560,,,,,0.0,0.0,,
IDRiD_44_1536_3072,,,,,0.40117130301593396,0.2509157508697957,,
IDRiD_44_1536_512,,,0.8267148012948169,0.7923875429784125,0.023140495863943723,0.011705685616771625,,
IDRiD_44_2048_1024,,,,,0.0,0.0,,
IDRiD_44_2048_1536,0.6414264777566824,0.5484544694841916,,,0.8048883269783023,0.6970802919199212,,
IDRiD_44_2048_512,,,0.8689655170915577,0.9545454541838843,0.7143123485133658,0.6478412805698586,,
IDRiD_44_512_1024,,,0.8181818180911107,0.8292134829597273,,,,
IDRiD_44_512_1536,0.0,0.0,0.26653504439619596,0.9999999992592593,,,,
IDRiD_44_512_2048,,,,,0.8346774193211824,0.730932203338211,,
IDRiD_44_512_2560,,,0.7733755941722068,0.9207547166336774,0.0,0.0,,
IDRiD_44_512_512,,,0.2995283018514707,0.3097560974854253,,,,
IDRiD_45_0_1024,,,0.0,0.0,0.3666947014143526,0.23105458398351592,,
IDRiD_45_0_1536,0.862085788265613,0.9049082171204214,0.09063074096199444,0.1892583119720567,0.8242859139796641,0.758966878318526,,
IDRiD_45_0_2048,,,,,0.8439547349361538,0.8677281077239603,,
IDRiD_45_0_2560,,,,,0.8969555034603656,0.8492239466907734,,
IDRiD_45_0_512,,,,,0.0,0.0,,
IDRiD_45_1024_1024,0.0,0.0,0.2683797287460114,0.5417867433597156,0.0,0.0,,
IDRiD_45_1024_2560,,,,,0.6156565656410188,0.5635691169411203,,
IDRiD_45_1024_512,,,,,0.7521404109428053,0.6424131626821787,,
IDRiD_45_1536_0,,,0.7020408162310149,0.999999999612403,,,,
IDRiD_45_1536_1024,,,0.5788336931795175,0.8874172179553529,0.7040079661263627,0.6147826086689225,,
IDRiD_45_1536_1536,,,,,0.6189520624165228,0.8242280284546183,,
IDRiD_45_1536_2048,,,0.6666666665458938,0.6237288133478885,,,,
IDRiD_45_1536_2560,,,,,0.0,0.0,,
IDRiD_45_1536_3072,,,,,0.576576576446717,0.99999999921875,,
IDRiD_45_1536_512,,,0.5612788631329878,0.7149321263733339,0.6493206128876426,0.5463833927903603,,
IDRiD_45_2048_1024,0.0,0.0,0.3694779116169094,0.9871244630956547,0.0,0.0,,
IDRiD_45_2048_1536,,,0.0,0.0,,,,
IDRiD_45_2048_2560,,,,,0.5319148935604346,0.3671071952471208,,
IDRiD_45_2048_512,,,,,0.8151884057923757,0.7471044522288055,,
IDRiD_45_512_1024,,,0.3511450381435708,0.7737003055737919,0.7446536865505162,0.668481375339012,,
IDRiD_45_512_1536,,,,,0.31670281993944127,0.264253393641244,,
IDRiD_45_512_2560,,,,,0.0,0.0,,
IDRiD_45_512_512,,,,,0.5971631205250238,0.5249376557948956,,
IDRiD_46_0_1024,,,0.762117822463675,0.7742424241251148,,,,
IDRiD_46_0_1536,0.039390088942859586,0.020090732338296127,,,,,,
IDRiD_46_1024_1024,0.8318951392590727,0.9271974677154323,0.13528138527406486,0.07254788159764666,0.0,0.0,,
IDRiD_46_1024_1536,0.794289881332079,0.7496767196398044,0.2835249041928333,0.16711833783494864,0.8235332527969456,0.8061361457283085,,
IDRiD_46_1024_2048,0.7619117217160117,0.6492713912028317,0.43594306045943565,0.31370038408275286,0.2600896860403386,0.14948453604394726,,
IDRiD_46_1536_1024,0.8352313167210247,0.8438398849371543,0.728036175687079,0.9337199667826246,,,,
IDRiD_46_1536_1536,0.7569550595916553,0.643785751396579,0.5105348459878011,0.9692307689325443,0.0,0.0,,
IDRiD_46_1536_2048,0.5867926424707328,0.4383541072167239,0.7298747762558364,0.999999999509804,,,,
IDRiD_46_1536_512,0.8772895277171363,0.7975657108662069,,,,,,
IDRiD_46_2048_1024,0.888076802107433,0.8603348713012962,0.517953321341205,0.8374455731730849,,,0.8369594413079607,0.9698101462731885
IDRiD_46_2048_1536,0.776622445313942,0.7640211640076893,0.38450074509918025,0.8322580639791883,,,,
IDRiD_46_2048_2048,0.3786109403733126,0.3237561317335755,0.0,0.0,0.30057803459520865,0.1768707482391596,0.8816382109517039,0.8406911705868888
IDRiD_46_2048_2560,,,,,,,0.0,0.0
IDRiD_46_2048_3072,0.8130464021465161,0.910117434493976,0.7929736510924751,0.8851540613767075,,,0.6051604782856926,0.4397292847970262
IDRiD_46_2048_512,0.8571349496267654,0.7984839890641031,0.0,0.0,0.0,0.0,0.9349872408008129,0.9890239542331462
IDRiD_46_512_1024,0.9016242721366741,0.857425973410382,0.07250755285913783,0.3116883112835217,,,,
IDRiD_46_512_1536,0.8501757772095364,0.8185498589652611,0.5438813349478442,0.8730158728426556,0.6897227667223506,0.6419077404054755,0.9024663890297935,0.9363876721481537
IDRiD_46_512_2048,0.6737674984732671,0.6793494936993043,0.2088669950533136,0.30547550423473324,0.7690014901983605,0.6417910446164699,0.7464359086052017,0.9746382701841223
IDRiD_47_0_1024,0.0,0.0,,,0.5741857659484809,0.42576028618732015,,
IDRiD_47_0_1536,,,,,0.6836357796636933,0.665052335562177,,
IDRiD_47_0_2048,,,0.824561403267672,0.7833333328981482,0.0,0.0,,
IDRiD_47_0_2560,0.7989158055090816,0.874953617778295,0.5629629629166285,0.6615087039339442,,,0.9079272400616046,0.9580284944137969
IDRiD_47_0_512,,,,,0.2967244700777024,0.17420814475696647,,
IDRiD_47_1024_0,,,,,0.8170252139528794,0.7016289232935389,,
IDRiD_47_1024_1024,0.0,0.0,,,,,,
IDRiD_47_1024_2048,,,0.8137715178695194,0.8965517238287752,0.7634628493263987,0.8034433284932967,,
IDRiD_47_1024_3072,0.0,0.0,,,,,,
IDRiD_47_1024_3584,,,0.0,0.0,,,,
IDRiD_47_1024_512,,,0.6324435317625828,0.9999999996753246,0.7938869077914964,0.7811267793839395,,
IDRiD_47_1536_0,,,0.09056603770167318,0.04743083002077833,,,,
IDRiD_47_1536_1024,,,,,0.594428073927211,0.5469558787146425,,
IDRiD_47_1536_1536,,,,,0.0,0.0,,
IDRiD_47_1536_3072,0.9107547421220259,0.8758544087416622,,,,,,
IDRiD_47_1536_512,,,0.8170865278404068,0.7386138612398784,,,,
IDRiD_47_2048_0,,,,,0.537599999913984,0.9999999994047619,,
IDRiD_47_2048_1536,0.0,0.0,,,,,,
IDRiD_47_2048_2048,0.0,0.0,,,,,,
IDRiD_47_2048_2560,0.0,0.0,0.6923901392612658,0.7494199534224083,,,,
IDRiD_47_2048_512,,,,,0.6251366119876974,0.9777777776106363,,
IDRiD_47_512_0,,,,,0.9136212623067075,0.9353741493417094,,
IDRiD_47_512_1024,,,0.5795235028603011,0.9999999997777778,,,,
IDRiD_47_512_1536,,,0.7638009049082533,0.8959660295337651,,,,
IDRiD_47_512_2048,,,,,0.7453725307085803,0.9568690095464509,,
IDRiD_47_512_2560,,,,,0.8045345241908439,0.887121212054006,,
IDRiD_47_512_512,,,0.8013698627392568,0.9831932764847116,0.5157580919822028,0.5190741534282437,,
IDRiD_48_0_1536,,,0.6051401868451939,0.9810606056889921,,,,
IDRiD_48_0_2048,0.6771768721275967,0.7525512507834141,0.6453460620217019,0.9337016573295993,0.3823933974714727,0.43573667697939283,,
IDRiD_48_0_2560,0.0,0.0,0.22453484704432247,0.19057815844804185,0.6971760646445366,0.5802599758074326,,
IDRiD_48_0_3072,,,0.6965285553531323,0.5573476701510129,,,,
IDRiD_48_1024_0,0.196631521289927,0.9999999998607243,0.8978457261363554,0.9528023597414746,,,,
IDRiD_48_1024_1024,0.0,0.0,0.0,0.0,0.3457307490651791,0.5903398925598676,0.7196133155346851,0.9798424849866175
IDRiD_48_1024_1536,0.061416942048348376,0.15191387559202896,,,0.33777038268145715,0.8423236512775262,,
IDRiD_48_1024_2048,0.031647523774188516,0.12092968381169265,0.0,0.0,0.8554955839005428,0.9053615474372925,,
IDRiD_48_1024_2560,0.190249702729184,0.12451361867219791,0.5206795949799095,0.6463570515276371,0.8392579240224826,0.8966078178056155,,
IDRiD_48_1024_3072,0.46524780472938493,0.3546630360749414,0.39513916110554415,0.39024390242391627,0.804464654810497,0.7569039284227032,,
IDRiD_48_1024_512,0.0,0.0,,,,,,
IDRiD_48_1536_1024,,,,,0.7584124244973389,0.7214379513998451,0.8458620689509334,0.9537325038509435
IDRiD_48_1536_1536,0.6762834110871327,0.5771180303709544,0.35090152563447286,0.4676524952924857,0.8368903575223312,0.8770961358146178,,
IDRiD_48_1536_2048,,,,,0.759233815563084,0.7043034937718975,,
IDRiD_48_1536_2560,0.8659737417706244,0.8219106956997969,0.15681063121881655,0.16954022986069825,0.8280168150329129,0.8465784594604475,,
IDRiD_48_1536_3072,0.6425889420805346,0.592196894326778,0.33392226145460047,0.611650485238948,0.34288537547713016,0.5021707669316685,0.8069418668766266,0.8859030836906838
IDRiD_48_1536_512,0.0,0.0,0.6915254234943982,0.9622641500356,0.7949505288026288,0.7043530833915143,,
IDRiD_48_2048_1024,,,0.6560846559689445,0.6966292132222361,0.730295722798194,0.84270650261152,0.6816571153563951,0.6336722244763426
IDRiD_48_2048_1536,,,,,0.7498323272468255,0.7753120664666696,,
IDRiD_48_2048_2048,0.0,0.0,0.6014445173603779,0.5210466438542609,0.8157894736535418,0.921835174093302,,
IDRiD_48_2048_2560,0.601292407103382,0.5522255192796406,0.169650468875974,0.5605633801237849,0.7523191094270725,0.6861252114478743,,
IDRiD_48_2048_3072,0.2139759036118798,0.9899665550735823,0.0,0.0,,,,
IDRiD_48_2048_512,0.5591189803924101,0.8707778556381542,,,0.7198462277405168,0.5752688171601176,,
IDRiD_48_512_1024,0.0,0.0,0.5146045290280734,0.39635995953506775,0.0,0.0,0.0,0.0
IDRiD_48_512_1536,0.12099411379591256,0.06439262095146563,0.02929292929144985,0.024597116198083364,0.803288314715112,0.9553072625031209,0.8095144097880987,0.7520171149098287
IDRiD_48_512_2048,0.6616102683394626,0.49433304267704153,0.020176544764164372,0.014787430681185319,0.7565353848480248,0.9144998611926112,,
IDRiD_48_512_2560,0.7156616871998122,0.6064059131468653,0.5747210984360093,0.5206574855504075,0.7230549607294244,0.8172650261872826,,
IDRiD_48_512_3072,0.5871362322697282,0.785470239151493,0.2961038960782594,0.24393723249016588,0.0,0.0,,
IDRiD_48_512_512,,,0.0,0.0,,,,
IDRiD_49_0_1024,0.19791401678458628,0.109918055944902,0.44051724136032255,0.8516666665247222,0.621509379913769,0.6685150954815615,,
IDRiD_49_0_1536,0.0,0.0,0.15037593983347197,0.9999999985714286,0.67122334029067,0.8863446431407932,0.731857951583538,0.5895522387570852
IDRiD_49_0_2048,0.0,0.0,0.7695862213658983,0.8609022555986419,0.6080321284896373,0.8582766438936195,,
IDRiD_49_0_2560,0.2121942817701621,0.16839803170211054,0.16946308723410544,0.6644736837733726,0.5101832993630253,0.4199497065867603,,
IDRiD_49_0_3072,0.5509012439565651,0.7082245430347112,0.0,0.0,0.37096774163631635,0.22772277205175964,,
IDRiD_49_0_512,0.0,0.0,,,0.8525423728091065,0.8824561401960603,,
IDRiD_49_1024_1024,0.3767123287348705,0.2320675105240435,0.44966442950864505,0.443708609229545,0.8141342756163905,0.8697282099298671,,
IDRiD_49_1024_1536,0.6235679214147477,0.4859693877241091,0.46938775502221297,0.5130111522256464,0.8213765616601107,0.8682600769663024,,
IDRiD_49_1024_2048,,,0.6727089626714291,0.7260869563638941,0.7875305461938608,0.8636824568902842,,
IDRiD_49_1024_2560,,,,,0.591872085268596,0.9762637362208236,,
IDRiD_49_1024_3072,,,0.0,0.0,0.6568401657919466,0.9713896456442249,,
IDRiD_49_1024_512,0.16844675007114904,0.09956709956350769,,,0.4911025327135759,0.384094256253548,,
IDRiD_49_1536_1024,0.628843510040476,0.8524545454467958,0.45744174985937036,0.4118150684578925,0.8467466835016204,0.8830039525459025,,
IDRiD_49_1536_1536,,,,,0.8541271237429531,0.9261118361579289,,
IDRiD_49_1536_2048,,,,,0.7945205475824108,0.7981651368824173,,
IDRiD_49_1536_512,0.6026817219435238,0.5552665799667715,0.3329341317265589,0.49378330368616485,0.7391001046261056,0.7865627319678337,,
IDRiD_49_2048_1024,0.7255463059281757,0.790532879811125,0.570427470177265,0.6389324959750499,0.9055583571455909,0.8995602805273862,,
IDRiD_49_2048_1536,0.43977222950329514,0.3595988538424356,0.568488745962428,0.659701492488082,0.833554261999788,0.9460361067442044,,
IDRiD_49_2048_2048,0.0,0.0,0.6149425285589245,0.7642857137397959,0.3933933933343253,0.26464646459300073,,
IDRiD_49_2048_2560,,,0.7609302324873553,0.6805324458102275,,,,
IDRiD_49_2048_3072,0.47099195022458873,0.7669730520078653,0.03047619047328798,0.015825914934141847,0.0,0.0,,
IDRiD_49_2048_512,0.47718733225339255,0.6830580099622336,0.4605785592478401,0.47319347313832244,0.8223005130081515,0.8597092083950907,,
IDRiD_49_512_0,,,,,0.7999999993043478,0.8214285699617346,,
IDRiD_49_512_1024,0.6884065707782004,0.664732392704749,,,0.6703232125235979,0.6297386823470836,0.8782191369908766,0.9707749147358338
IDRiD_49_512_1536,0.7299980190594282,0.8605604566639307,0.7061224489555741,0.670542635615598,0.7930150682991226,0.9301926062937983,0.9197734780535163,0.9685434577301171
IDRiD_49_512_2048,,,,,0.7259852216720829,0.9310957551734343,,
IDRiD_49_512_3072,0.4151541212129853,0.9177506503718681,0.537599999971328,0.9863013696699997,,,,
IDRiD_49_512_512,0.6495685522479261,0.6439093933051813,0.6156941649722422,0.7671919770224074,0.5915492953580639,0.41999999958,,
IDRiD_50_0_1024,,,,,0.6966230936629461,0.8305194804655507,,
IDRiD_50_0_1536,,,,,0.4947615993105114,0.5141079759939101,,
IDRiD_50_0_2048,,,,,0.5986532842040486,0.5855598359564365,,
IDRiD_50_0_2560,,,,,,,0.7648800710652212,0.8195663669929183
IDRiD_50_0_512,,,,,0.717075613408161,0.6889031430183161,,
IDRiD_50_1024_1024,0.7319301032420189,0.8568107856412455,,,0.48118985124754204,0.6070640175930393,,
IDRiD_50_1024_1536,0.7437570074368374,0.8221971830893273,0.6091676718571069,0.9749034747152696,0.5313801908309946,0.5845653459405002,0.8455209534729294,0.8438986953055426
IDRiD_50_1024_2048,,,,,0.5769087984088985,0.7183359013646122,,
IDRiD_50_1024_2560,0.9319746626145419,0.9586402266017383,,,0.4952765957436271,0.4874361336774963,,
IDRiD_50_1024_3072,0.0,0.0,,,,,,
IDRiD_50_1536_0,,,0.813293051310375,0.7428256069820282,,,,
IDRiD_50_1536_1024,0.68033311975142,0.5226377952241499,,,0.0,0.0,,
IDRiD_50_1536_1536,,,,,0.601560498426455,0.6102447783734513,,
IDRiD_50_1536_2048,,,,,0.459848757643863,0.652196118454944,,
IDRiD_50_1536_2560,0.0,0.0,0.9077001529368842,0.8944723617191486,0.6793135652540315,0.7315815941572595,,
IDRiD_50_1536_3072,0.8092803775036992,0.8135030437124396,0.7441364604750388,0.8948717946423406,,,0.8240767045425281,0.8651852956463709
IDRiD_50_1536_512,0.0,0.0,,,0.0,0.0,,
IDRiD_50_2048_1024,0.20521390373645676,0.11433891992125368,0.5471055617994205,0.9757085016292678,0.0,0.0,,
IDRiD_50_2048_1536,,,,,0.0,0.0,,
IDRiD_50_2048_2048,,,,,0.0,0.0,,
IDRiD_50_2048_2560,,,,,0.2980972515541124,0.31543624154017086,,
IDRiD_50_2048_512,,,,,0.0,0.0,,
IDRiD_50_512_1536,,,0.4708554125305938,0.736966824469913,0.7051441582147543,0.710239999996212,,
IDRiD_50_512_2048,,,0.7443181816067277,0.9632352934093859,0.4654290795883424,0.4509423801782343,,
IDRiD_50_512_2560,0.7457091237410635,0.6681505463104755,0.4626424651556504,0.9102990031710467,0.3105590061951056,0.20804438278723686,0.6858419701403164,0.9755206924401472
IDRiD_51_0_1024,,,0.583626318403635,0.999999999827883,0.808748254964693,0.9384449243047036,,
IDRiD_51_0_1536,0.7329879101773232,0.5932345540790261,0.16537467699190087,0.99999999921875,,,,
IDRiD_51_0_2048,0.0,0.0,0.653328203129922,0.8788819874866582,,,0.0,0.0
IDRiD_51_0_3072,,,0.1800486617785829,0.09893048127019646,,,,
IDRiD_51_1024_1024,,,0.440528634341827,0.624999999921875,0.8072781284512708,0.7831412103182175,,
IDRiD_51_1024_1536,0.6765926287362316,0.5717821781942335,0.4495443806800694,0.9999999998498499,0.6329417906518771,0.5952474469698031,0.703471826964457,0.5436950146468125
IDRiD_51_1024_2048,,,,,0.9056152926038692,0.9427860694172173,,
IDRiD_51_1024_3072,0.4948724690990019,0.33087201124788007,,,,,,
IDRiD_51_1024_3584,0.7386177715050007,0.9113183906318904,,,,,,
IDRiD_51_1024_512,0.20162805258599698,0.20936280881542746,0.49657064469608736,0.8945634265412581,0.7720283460252436,0.7425411522442762,0.8949724390481485,0.8386023294451012
IDRiD_51_1536_0,,,0.7185628741080713,0.9782608690335539,,,,
IDRiD_51_1536_1024,,,0.471950942528459,0.6385986477788199,,,,
IDRiD_51_1536_1536,,,0.6160535116850818,0.8274932613811775,0.5118679050435535,0.7860538826635456,0.7161243673070699,0.5923444975934846
IDRiD_51_1536_512,,,0.5440251572113198,0.4333124608369873,,,,
IDRiD_51_2048_1024,0.497230844133058,0.3822401047966479,0.25205871821961945,0.49334267691006706,,,,
IDRiD_51_2048_1536,0.0,0.0,0.6844993141054698,0.7802971070539251,0.0,0.0,0.8887912823390249,0.953806787569789
IDRiD_51_2048_2048,,,,,,,0.8633805219023813,0.8303805774005781
IDRiD_51_2048_2560,,,0.5225806451050988,0.514830508365502,,,,
IDRiD_51_2048_512,0.0,0.0,0.6137184115246518,0.9066666665457778,0.6338028167526284,0.7297297293352812,0.8014927830481231,0.7572332261665743
IDRiD_51_512_1024,,,0.5476190474560657,0.3770491801733405,,,,
IDRiD_51_512_1536,,,,,0.0,0.0,,
IDRiD_51_512_2048,,,0.7111111110123457,0.7335243550906807,,,,
IDRiD_52_0_2560,,,0.7449768159590453,0.9917695469169673,,,,
IDRiD_52_1024_0,,,,,0.6983372921062282,0.5526315788781163,,
IDRiD_52_1024_2560,0.0,0.0,0.19773674805254693,0.8829787229345858,,,,
IDRiD_52_1024_3072,,,0.4211618256824521,0.8749999996228448,,,,
IDRiD_52_1536_2048,,,0.6954732508857051,0.9883040929892959,0.0,0.0,,
IDRiD_52_1536_2560,,,0.538087520172109,0.9999999993975904,,,,
IDRiD_52_1536_3072,0.0,0.0,0.0,0.0,,,,
IDRiD_52_2048_2048,0.0,0.0,0.5455974842624319,0.9710820894616528,,,,
IDRiD_52_2048_2560,,,0.6443768996715663,0.8805815160040933,,,,
IDRiD_52_2048_3072,,,0.6630076837911079,0.513605442089523,,,0.8616346418970153,0.8518451190537749
IDRiD_52_512_0,0.0,0.0,,,,,,
IDRiD_52_512_2048,,,0.6936090225237966,0.9461538460325444,0.15919395465192976,0.08648056923445645,,
IDRiD_52_512_2560,,,0.7907949789140596,0.9999999994708995,,,0.886134943322888,0.9844669333729239
IDRiD_52_512_512,0.0,0.0,0.4537119195370094,0.39212678934600576,,,,
IDRiD_53_0_1024,0.7124834904553787,0.6589721988150044,0.010489510488593574,0.012499999997395832,,,,
IDRiD_53_0_1536,,,0.6296590007430881,0.7753906248485566,,,,
IDRiD_53_0_2048,,,0.13255360621197787,0.5762711854639472,,,,
IDRiD_53_0_2560,,,0.7674943566244924,0.8655804479770285,,,,
IDRiD_53_0_3072,,,0.8796920114648996,0.9764957262870735,,,,
IDRiD_53_0_512,0.5253294289846234,0.6028225806316572,0.37608891557897,0.4552727272396165,,,,
IDRiD_53_1024_1536,,,,,0.0,0.0,,
IDRiD_53_1024_2048,0.6319859402349387,0.7463677874326955,0.3103802671829003,0.45619335333649746,0.6571071119174563,0.5297129557714552,,
IDRiD_53_1024_2560,0.6891541810199793,0.6399166749298685,0.572221617499879,0.6100023207169876,,,,
IDRiD_53_1024_3072,0.7274270917318528,0.6258125776011554,0.6276318427786719,0.6122848200073442,0.7433035713456134,0.676829268155116,,
IDRiD_53_1536_1536,0.1354838709458897,0.08695652172112701,,,,,,
IDRiD_53_1536_2048,0.5602581606022077,0.6222773642042697,0.06719609040518044,0.9999999981818182,0.7202351787986165,0.6481481480909922,,
IDRiD_53_1536_2560,0.6897280168908143,0.7827389870907181,0.5217768147232551,0.8455056179181526,0.6002587321345073,0.44874274652828966,,
IDRiD_53_1536_3072,0.7953060220589184,0.9108321261723671,0.5724999999761459,0.6095829635661416,0.6060606060289414,0.4793388429355918,0.904756649371456,0.908667701164834
IDRiD_53_1536_3584,0.8868163136122855,0.950203252000332,,,,,,
IDRiD_53_1536_512,,,0.6193474527407357,0.9575221237243324,,,,
IDRiD_53_2048_1024,0.0,0.0,0.22930800541185153,0.8711340201695186,0.0,0.0,,
IDRiD_53_2048_1536,0.0,0.0,0.6036844591117769,0.987635239414585,,,,
IDRiD_53_2048_2048,0.0,0.0,0.4512077294468016,0.5758323057243117,0.0,0.0,,
IDRiD_53_2048_2560,0.05301794453291118,0.02723083368130579,0.14861583292138827,0.9999999993464053,0.7864150942802706,0.8416801291047367,,
IDRiD_53_2048_3072,0.04730368968630389,0.04758883248429004,0.2728714965482352,0.46319569111971354,,,,
IDRiD_53_2048_512,,,0.6588235293600923,0.9051724135980231,,,,
IDRiD_53_512_0,,,0.7870563673499942,0.999999999734748,,,,
IDRiD_53_512_1536,,,0.34666666665723356,0.3458197611104332,,,,
IDRiD_53_512_2560,0.6837154614903682,0.5987350150724517,0.38789868667007743,0.48561362298968797,,,,
IDRiD_53_512_3072,,,,,0.875444839546105,0.9919354830710199,,
IDRiD_53_512_512,0.0,0.0,0.31437435363863764,0.4042553190414214,,,,
IDRiD_54_0_1536,,,0.7589134124992433,0.897590361265544,,,,
IDRiD_54_0_2048,,,0.6493955094430574,0.9999999997340425,,,,
IDRiD_54_0_2560,0.57968837994031,0.4647802528457321,0.2779567418187779,0.8830409354143155,0.8328075709614983,0.8609865470501025,,
IDRiD_54_0_3072,0.0,0.0,0.6856127885917339,0.6594533028861671,,,,
IDRiD_54_1024_0,0.0,0.0,0.3794117646500865,0.23411978217166612,,,,
IDRiD_54_1024_1024,,,0.0,0.0,,,,
IDRiD_54_1024_1536,,,0.26884422107175326,0.27020202013378736,,,,
IDRiD_54_1024_2048,0.42128734948087876,0.2684220496255271,0.4671029968836685,0.49670329666690816,0.8403001070910718,0.9053117780819141,,
IDRiD_54_1024_2560,0.2536909448787686,0.2722471613342422,0.30328221298117697,0.5493250259320184,0.7593070401489382,0.8979947688842201,,
IDRiD_54_1024_3072,0.27939762895612313,0.20027560862653765,0.47989989049773346,0.6544368600403397,0.42105263147821703,0.2829581992659298,,
IDRiD_54_1024_3584,0.5923675716614322,0.517756388963898,0.0,0.0,,,,
IDRiD_54_1024_512,0.0,0.0,,,,,,
IDRiD_54_1536_0,0.0,0.0,0.5114503816515021,0.5366132722498155,,,,
IDRiD_54_1536_1536,,,0.0,0.0,,,,
IDRiD_54_1536_2048,,,0.6327312533862763,0.8919753085043248,,,,
IDRiD_54_1536_2560,0.3092783504864781,0.21625163824164462,0.6414609053332958,0.8919885550148792,0.0,0.0,,
IDRiD_54_1536_512,0.5737006532072224,0.42206435434926604,0.0,0.0,,,,
IDRiD_54_2048_0,,,,,,,0.8763250883220196,0.930775646333162
IDRiD_54_2048_1024,,,,,,,0.45700135073262044,0.3036195034309417
IDRiD_54_2048_1536,,,0.7654093835894477,0.9162995593704516,,,,
IDRiD_54_2048_2048,0.0,0.0,0.4712589073410329,0.999999999798387,,,,
IDRiD_54_2048_2560,0.6325443786795105,0.6735979835744424,0.5503219247526153,0.5775248932732913,,,,
IDRiD_54_2048_3072,0.22333235380218436,0.7802874742525372,0.6781115879604454,0.5865219874022546,,,,
IDRiD_54_2048_512,,,,,,,0.6747435586758955,0.7774055462425329
IDRiD_54_512_0,0.5045242665065938,0.8897485492369681,,,,,,
IDRiD_54_512_1024,,,0.0,0.0,,,,
IDRiD_54_512_1536,,,0.5748141263806967,0.8886494252235165,0.7299270072104712,0.821917807993995,,
IDRiD_54_512_2048,,,0.49215792317511314,0.9999999997802197,,,,
IDRiD_54_512_2560,0.2892047456796757,0.6756311744963979,0.42329227323035706,0.522640857223552,0.6923857867956401,0.8696962670793023,,
IDRiD_54_512_3072,0.7818935055392842,0.6995530360765337,0.427826086944121,0.4010869564999409,,,,
IDRiD_54_512_512,0.9186372745122792,0.9190056133986362,,,,,,
IDRiD_55_0_1024,,,,,0.8465804064978595,0.9159999996336,,
IDRiD_55_0_1536,,,,,0.8223363123482136,0.7882138517522695,,
IDRiD_55_0_2048,,,0.6952789696586785,0.6532258059248179,0.8389614214173973,0.7947275432360297,,
IDRiD_55_1024_1024,,,0.6993402449859245,0.9999999997304582,0.8457652596021641,0.8274349083855957,,
IDRiD_55_1024_1536,0.13212966761870623,0.07200357781431112,0.44509516830964935,0.5428571426632652,0.8377210482966969,0.8240304639729699,,
IDRiD_55_1024_2048,,,0.5650611070765592,0.5226063829092279,0.8778906071120365,0.893859394885273,,
IDRiD_55_1024_2560,,,0.7397798741847571,0.8786181138301943,0.8609998178828299,0.8852842731060897,,
IDRiD_55_1536_1024,,,0.4533073929520129,0.4784394249530925,0.6397631133617617,0.5271155722776089,,
IDRiD_55_1536_1536,,,0.8059259258960768,0.8453768453111595,0.751910805691214,0.8136429167553407,,
IDRiD_55_1536_2048,0.4036995199067798,0.2856429213679124,0.3179579941682448,0.626038781138661,0.6801338136879821,0.8350710900407972,0.0,0.0
IDRiD_55_1536_2560,0.7940881276899762,0.7689437878146254,0.35378662242378184,0.8719346046670478,0.849163691788487,0.8715726636457974,0.0,0.0
IDRiD_55_1536_3072,,,,,0.8781318413797584,0.8321807284079217,,
IDRiD_55_1536_512,,,,,0.6093657379603221,0.48720379142301384,,
IDRiD_55_2048_1024,,,,,0.9063032367200763,0.9449378328694604,,
IDRiD_55_2048_1536,,,0.3021690351307278,0.9950738911354317,0.6722044728219744,0.5539757766954199,,
IDRiD_55_2048_2048,,,0.01098901098599203,0.005730659024145943,0.8357269867266056,0.8194742489160478,,
IDRiD_55_2048_2560,,,,,0.8205091275669877,0.7731035418593221,,
IDRiD_55_512_1024,0.6763763471984744,0.5468676401061296,0.7217054263286161,0.6194278110033647,0.8573280837391374,0.8307286878689994,,
IDRiD_55_512_1536,0.6777133388496508,0.5422605236900521,0.41373534334893336,0.9999999995951417,0.8888707400445165,0.8965906817449112,,
IDRiD_55_512_2048,0.8069524492700365,0.9771556372040074,0.4979508196211116,0.43470482997590254,0.8391195880585969,0.9055702917747863,,
IDRiD_55_512_2560,,,,,0.19742489261913096,0.10952380947165533,,
IDRiD_56_0_1024,,,0.3070175437249923,0.1813471501651051,,,,
IDRiD_56_0_1536,,,0.7438016528242606,0.9142212187552547,,,,
IDRiD_56_0_2048,0.504974207806697,0.3438283993935797,0.4965337954724206,0.8127659573315226,,,,
IDRiD_56_0_2560,0.6152426068469552,0.4540850429316312,,,,,,
IDRiD_56_0_3072,0.3873821888799937,0.2505598407543289,,,,,0.7792975730193,0.9901750330210115
IDRiD_56_0_512,,,0.6574712642166732,0.9999999993006994,,,,
IDRiD_56_1024_0,0.0657668711651062,0.03463725659111979,,,,,,
IDRiD_56_1024_1024,,,0.07746863065589368,0.1092307692139645,,,,
IDRiD_56_1024_1536,,,0.8319783196704637,0.7871794869776463,,,,
IDRiD_56_1024_2048,,,,,0.6420857123158692,0.8807322136085916,,
IDRiD_56_1024_2560,0.0,0.0,0.6887131559533635,0.9999999997912317,0.2181097157916257,0.9464627149241945,,
IDRiD_56_1024_3072,0.11971342731592548,0.06741280582971183,0.3486394557724309,0.5133555926115729,,,,
IDRiD_56_1536_1024,0.0,0.0,,,,,,
IDRiD_56_1536_1536,,,0.39379844958187604,0.7912772583204744,,,,
IDRiD_56_1536_2048,0.3725648043773275,0.33728500631292113,,,0.7387640449230685,0.8322784809599824,,
IDRiD_56_1536_2560,0.4038689301144124,0.2897196261600193,0.48614072489486776,0.7651006708841943,,,0.0,0.0
IDRiD_56_1536_512,0.0,0.0,,,,,,
IDRiD_56_2048_1024,0.7221887247499205,0.7093574178238475,,,0.30785791169990767,0.33333333325563325,,
IDRiD_56_2048_1536,,,0.3256212510571713,0.9999999997368421,,,,
IDRiD_56_2048_2048,0.5259792166224941,0.37272006343749037,0.0,0.0,,,,
IDRiD_56_2048_2560,0.7420405982886163,0.6424475071656532,,,,,0.6333562628939193,0.9999999999802528
IDRiD_56_2048_3072,,,0.7392055267277371,0.9786585364361802,,,,
IDRiD_56_2048_512,0.19599810933990866,0.1781214203843608,,,,,,
IDRiD_56_512_1024,0.6438774264397272,0.6961457233276644,0.6769745089562484,0.8794788272660718,,,,
IDRiD_56_512_1536,,,0.16149679959815377,0.20197044332488048,0.7149059333263523,0.6621983912433784,,
IDRiD_56_512_2048,,,,,0.6943999999934645,0.9631853785649299,,
IDRiD_56_512_2560,0.52847854356032,0.41027297689864095,0.7722878624719501,0.7118811880483287,,,,
IDRiD_56_512_3072,0.3612365404629299,0.26185920031965093,0.4272579772734652,0.694200351432847,0.6677471636411874,0.8937093273549437,0.8860929169813067,0.9939853735151801
IDRiD_57_0_1024,,,,,0.7460317459659583,0.7607913667696419,,
IDRiD_57_0_1536,0.03208556149446652,0.016544117645538224,,,0.31652173907538755,0.21822541961193634,,
IDRiD_57_0_2048,,,,,0.5523924893669053,0.4046140194849499,,
IDRiD_57_0_512,,,,,0.5242868156881814,0.6343283580906104,,
IDRiD_57_1024_0,,,,,0.2590095326607996,0.1503373819122716,,
IDRiD_57_1024_1024,,,0.4785714284859694,0.3333333332504146,0.6738728211055227,0.532389598391562,,
IDRiD_57_1024_1536,,,0.1476923076468639,0.08391608388674263,0.7885597548384651,0.7475790832554042,,
IDRiD_57_1024_2048,,,,,0.7587878786959046,0.8151041664543999,,
IDRiD_57_1024_512,,,,,0.5114474194700922,0.38481751823693966,,
IDRiD_57_1536_0,0.0,0.0,,,0.3541247484196932,0.234042553129244,,
IDRiD_57_1536_1024,,,,,0.7453957996708772,0.6843666567682533,,
IDRiD_57_1536_1536,,,,,0.6689841637611822,0.7021621621431848,,
IDRiD_57_1536_2048,,,,,0.8098765431765483,0.7534456354706397,,
IDRiD_57_1536_512,,,0.6537313431860102,0.8081180808826132,0.5584137191704606,0.40639625583438393,,
IDRiD_57_2048_1024,,,,,0.5154228855208535,0.37536231878617937,,
IDRiD_57_2048_1536,,,,,0.7889310905703238,0.7403258655050585,,
IDRiD_57_2048_512,,,0.4330143540151897,0.27633587782040675,0.0,0.0,,
IDRiD_57_512_0,,,,,0.5309336332759306,0.3726315789277562,,
IDRiD_57_512_1024,,,0.0,0.0,0.43859649117997845,0.2881844379988207,,
IDRiD_57_512_1536,0.0,0.0,,,0.554183813367053,0.46118721450657824,,
IDRiD_57_512_512,,,0.5233881162423024,0.49879518060269995,0.6601212821062628,0.5296570898735099,,
IDRiD_58_0_1536,0.0,0.0,0.8288590603331494,0.7201166179708285,,,,
IDRiD_58_0_2048,,,0.700201207173018,0.8635235729867187,0.7761166310634587,0.8290021820902796,,
IDRiD_58_0_2560,,,0.6335282650763389,0.8135168960183333,0.8252148996796883,0.8309975267245674,,
IDRiD_58_0_3072,,,0.4708029196221163,0.9020979014670645,,,,
IDRiD_58_0_512,,,0.4357541898629881,0.280575539501061,,,,
IDRiD_58_1024_0,,,,,0.7668982943656523,0.9677162215636622,,
IDRiD_58_1024_1024,,,0.48449385602782363,0.9975903612053999,,,,
IDRiD_58_1024_1536,0.9356913183129311,0.9020458772194034,0.7652173912304138,0.9705882350562283,0.819620253154581,0.8821063662331122,,
IDRiD_58_1024_2048,,,,,0.76258992805014,0.8470842332430436,,
IDRiD_58_1024_2560,0.0,0.0,0.6133144475486321,0.9579646015579724,0.8705234159665417,0.9696084161025831,,
IDRiD_58_1024_3584,,,,,0.8163934424891158,0.972656249620056,,
IDRiD_58_1536_0,,,,,0.3617214729477063,0.2218195334985427,,
IDRiD_58_1536_1536,0.0,0.0,,,,,,
IDRiD_58_1536_2048,0.025733207189673923,0.013034310906401489,,,0.0,0.0,,
IDRiD_58_1536_2560,0.10584487354459499,0.055879728152290246,0.8303571426717953,0.8157894733264082,,,,
IDRiD_58_1536_3072,0.1790558871381029,0.11644318983563086,,,,,,
IDRiD_58_1536_512,,,0.0,0.0,0.6710473914641368,0.5362826225163501,,
IDRiD_58_2048_1024,,,,,0.8561549100376102,0.7987096773162956,,
IDRiD_58_2048_1536,0.0004610951008592381,0.0012269938649553992,,,,,,
IDRiD_58_2048_2048,,,0.708371665068227,0.9897172233959596,,,,
IDRiD_58_2048_2560,0.8035587188469118,0.6750373691875924,,,,,,
IDRiD_58_2048_3072,0.4830681997126865,0.39396274887098315,,,0.799946185916858,0.7043354655128089,,
IDRiD_58_512_1024,0.07959451849020965,0.04246511317324921,,,,,,
IDRiD_58_512_1536,0.720819112603385,0.6764894298093216,0.42255892254113814,0.8522920202288129,0.7489276960765193,0.8261236904313048,,
IDRiD_58_512_2048,,,,,0.749529363144545,0.7800821943918562,,
IDRiD_58_512_2560,0.8584091714876586,0.7844259639185178,0.3444639718603126,0.23747980611975122,0.7042577674678645,0.5435168737933362,,
IDRiD_58_512_3072,,,0.3604985618062801,0.9038461534116125,0.8671679197270535,0.9505494503753573,,
IDRiD_58_512_512,0.850554934174907,0.8238333333196028,,,,,,
IDRiD_59_0_1024,,,0.0,0.0,,,,
IDRiD_59_0_1536,0.7200235686858487,0.5796047430738402,0.34990791893647255,0.2168949771441901,0.5469387752869638,0.9710144913463559,0.853701646296198,0.9571396217814678
IDRiD_59_0_2048,,,,,,,0.9405176704811553,0.905087761313494
IDRiD_59_1024_1024,0.23467563873162994,0.6599645179976366,0.5838509316597501,0.6258719086476936,0.6392749244326722,0.8772802651944809,0.24052287578555256,0.1367013372753787
IDRiD_59_1024_1536,,,0.6184210524959602,0.7663043474096173,0.8470216171378078,0.9228118828483431,,
IDRiD_59_1024_2048,0.7318503683518214,0.9368247573532902,,,0.6996242540320252,0.8328850426801959,,
IDRiD_59_1024_512,0.0,0.0,0.0,0.0,,,,
IDRiD_59_1536_0,,,0.6027397259861137,0.5398773005472544,,,,
IDRiD_59_1536_1024,0.0,0.0,,,0.7672915319891478,0.8560096153640383,,
IDRiD_59_1536_1536,,,0.8150322959004678,0.6974874371158304,0.654825340434252,0.9403162727267418,,
IDRiD_59_1536_2048,0.6568051968329278,0.8012220736910212,0.2800658978429398,0.7203389828473619,0.6532514297749072,0.9436964503995198,,
IDRiD_59_1536_2560,,,,,0.0,0.0,,
IDRiD_59_1536_3072,,,,,0.6424134871054831,0.6869070208076937,,
IDRiD_59_1536_512,0.9119214783832814,0.8720528135767186,0.2912470952524208,0.33571428565433675,,,,
IDRiD_59_2048_1024,0.45432098764897916,0.308035714280803,,,,,,
IDRiD_59_2048_1536,,,0.4636678200424644,0.9999999997512438,,,,
IDRiD_59_2048_2048,0.0,0.0,0.4392258064402781,0.9239956567943545,,,0.0,0.0
IDRiD_59_2048_2560,,,,,0.5331308836894435,0.9062564525933047,0.8600995587367345,0.7860279555673315
IDRiD_59_2048_3072,,,,,0.3817416804745411,0.24211547791942237,,
IDRiD_59_2048_512,,,0.5463414633813206,0.42748091598974414,,,,
IDRiD_59_512_1024,0.3036430749454049,0.24587394411636293,0.5167696381174588,0.5613614573077008,0.7082190485131162,0.9065375302443938,0.9118717192774057,0.8716817200741375
IDRiD_59_512_1536,0.7320612523020441,0.8168724279762312,0.0,0.0,0.7945926883724119,0.9350929614822096,0.0,0.0
IDRiD_59_512_512,0.0,0.0,0.2829931972404091,0.707482992715998,,,0.5293736220965848,0.9921011058331254
IDRiD_60_0_1536,,,0.4790236460351622,0.9235294114930795,,,,
IDRiD_60_0_512,,,,,,,0.8238942386025152,0.7609285498715428
IDRiD_60_1024_0,,,,,0.687692672499699,0.6572982773954081,,
IDRiD_60_1024_1024,,,,,0.6706480866916468,0.8722669734826083,,
IDRiD_60_1024_1536,0.0,0.0,0.45526315783483384,0.31684981679178575,0.8340708862781289,0.8957879131342479,,
IDRiD_60_1024_2048,0.5462036491732664,0.42451967059245016,0.5213082259146374,0.6173708918738565,0.743169398805578,0.8318042810911913,0.9463884430024657,0.9169517884629254
IDRiD_60_1024_2560,0.8631751227448817,0.9621746533573075,0.7540983606255859,0.7767710048783549,0.5685963520789613,0.5444191343550175,0.5938827527528479,0.7639344262016782
IDRiD_60_1024_3072,,,,,0.0,0.0,,
IDRiD_60_1536_1024,,,0.0,0.0,0.9215053762945427,0.9469613258622143,,
IDRiD_60_1536_1536,0.2923184683564717,0.17211987901643883,,,0.6152517985552494,0.8658207343178774,,
IDRiD_60_1536_2048,,,0.4118246686634226,0.27150537630759336,0.6511402231610316,0.8899204242851565,,
IDRiD_60_1536_2560,0.7601461819434479,0.6832641770164847,0.5783132529539846,0.45141065823645604,0.7298934881004535,0.806824591077174,,
IDRiD_60_1536_3072,,,0.6987951805545072,0.9999999993103449,,,,
IDRiD_60_1536_512,,,,,0.4297872340242644,0.7004160886684583,,
IDRiD_60_2048_0,,,,,0.0,0.0,,
IDRiD_60_2048_1024,0.0,0.0,,,0.7242346482023976,0.805308560042398,,
IDRiD_60_2048_1536,,,0.7311827956115672,0.6815144764629143,,,,
IDRiD_60_2048_2048,,,0.40718562869375025,0.9770114936913727,0.5314712071908768,0.7551991300699307,0.0,0.0
IDRiD_60_2048_2560,0.6679765598046605,0.5373821408733367,0.7923156801455785,0.8091198302858367,0.726510653148332,0.8761583824399259,0.8315540705706366,0.8383633674708968
IDRiD_60_2048_512,0.4920993227713262,0.5596919126367533,0.6756756755742229,0.914634145969661,0.4265809217120492,0.27638888885050156,,
IDRiD_60_512_0,,,,,0.4433497534761824,0.2848101264020189,,
IDRiD_60_512_1024,,,0.3357189329644945,0.2863485016330357,,,,
IDRiD_60_512_1536,,,0.6157894736301939,0.5286144577517147,0.6271591068582059,0.5916799151936492,,
IDRiD_60_512_2048,0.5404805914772466,0.6675799086148329,0.28143712572743734,0.19603753908279067,,,0.9617778597423537,0.9890474609976339
IDRiD_60_512_2560,0.09365244536453421,0.049126637551903565,,,0.4848484845546373,0.37037037002743484,0.9173791343737887,0.9679350664966933
IDRiD_60_512_3072,,,,,,,0.8409790640329358,0.8871386813756554
IDRiD_61_0_1024,0.7802039813772212,0.7937513755403183,,,,,,
IDRiD_61_0_1536,0.055436552137539896,0.028508482044377576,0.2559694364770465,0.34715025903737906,,,,
IDRiD_61_0_2048,0.8400803616231035,0.7823931144093704,0.5813861385908362,0.9483204133141705,,,,
IDRiD_61_0_2560,,,0.5343137253592368,0.9732142848453444,,,,
IDRiD_61_0_512,0.6975253994336295,0.5359549105968646,,,,,,
IDRiD_61_1024_0,0.5032904728143583,0.3730161707861291,0.0,0.0,,,,
IDRiD_61_1024_1024,0.6806836069251672,0.5485904148196766,0.9043478259558917,0.9599999997046154,0.5981735159134506,0.4888059700580586,,
IDRiD_61_1024_1536,0.6505455389590244,0.7325723248454812,0.4020570359793335,0.7003257327849632,0.7594652706330771,0.706189151593305,,
IDRiD_61_1024_2048,0.0,0.0,0.4915942028843016,0.5649566954986704,0.7636611246622955,0.8792630340927837,,
IDRiD_61_1024_2560,0.7205716237141866,0.724549632834674,0.557075076735778,0.5719197707408642,,,,
IDRiD_61_1024_3072,0.39963888052362867,0.5570469798424058,0.6487455196745074,0.9282051280464607,,,,
IDRiD_61_1536_0,0.0,0.0,,,,,,
IDRiD_61_1536_1024,0.17579173376038928,0.15741408314930513,,,0.0,0.0,,
IDRiD_61_1536_1536,0.007883648226071991,0.004097202599546521,0.43270695782464663,0.7307032588798108,0.6333865814443536,0.7566793892407748,,
IDRiD_61_1536_2048,0.27352413137318066,0.17874396135018988,0.2996680891275644,0.9999999996835442,0.7195454335440498,0.9251603706233646,,
IDRiD_61_1536_2560,0.0012125411397781694,0.0007361447050085587,0.3238532109943187,0.2162990195945895,,,,
IDRiD_61_1536_512,0.5661121118987684,0.46381441866764894,0.0,0.0,,,,
IDRiD_61_2048_1024,0.845423743081127,0.7931240992156727,,,,,,
IDRiD_61_2048_1536,0.6316188035180104,0.5119742383888493,,,,,,
IDRiD_61_2048_2048,0.774637626547608,0.7906261217363332,,,,,,
IDRiD_61_2048_2560,0.6957802179279912,0.8326452522320748,0.3600334914775319,0.2669701986644466,,,,
IDRiD_61_2048_512,0.7423485551762486,0.6839075778537539,,,,,,
IDRiD_61_512_0,0.6197630742530108,0.5542635658866988,,,,,,
IDRiD_61_512_1024,0.6232623262317328,0.5366333710561023,,,0.24999999996675534,0.18540433921392419,,
IDRiD_61_512_1536,0.5655401945706428,0.5682680558198709,0.4412371133919534,0.872282608616641,0.8300312825571766,0.8498220639964539,,
IDRiD_61_512_2048,0.678045909357648,0.5687316100227715,0.6388888888677616,0.7061403508255745,0.7564485473593144,0.7730299666607641,,
IDRiD_61_512_2560,0.724077182601735,0.6262775821165438,0.38846153842418635,0.4488888887891358,,,,
IDRiD_61_512_3072,0.0,0.0,,,,,,
IDRiD_61_512_512,0.8328963625927948,0.8692288338101067,,,,,,
IDRiD_62_0_1024,0.5817636272615142,0.46921215379216963,0.7540983605870584,0.7826086955042328,0.7773109242064472,0.9487179482314267,,
IDRiD_62_0_1536,,,,,0.0,0.0,,
IDRiD_62_0_512,0.695920889973302,0.5683041722554407,,,0.6476658476340214,0.6181988742384429,,
IDRiD_62_1024_0,,,0.6543624159975903,0.9999999994871795,,,,
IDRiD_62_1024_2048,,,0.6438746437829239,0.94957983153379,,,,
IDRiD_62_1024_2560,,,,,0.7959183671438983,0.9999999993589744,,
IDRiD_62_1024_3072,0.0,0.0,0.5638554216527798,0.5531914892963131,,,,
IDRiD_62_1536_0,,,0.6070460702961934,0.4357976652000787,,,,
IDRiD_62_1536_1024,,,0.5698324019162948,0.455357142450574,,,,
IDRiD_62_1536_2560,,,,,0.7958007160580387,0.9296753154554137,,
IDRiD_62_1536_3072,,,0.4559359067402814,0.9999999996805111,,,,
IDRiD_62_2048_2048,,,,,0.7714316679227112,0.917741103638016,,
IDRiD_62_2048_2560,,,,,0.7068052488902529,0.9217623372931839,,
IDRiD_62_2048_512,,,,,0.0,0.0,,
IDRiD_62_512_1536,,,0.49411764703354893,0.7523364484809445,0.6202020201393735,0.4679878048067092,,
IDRiD_62_512_512,,,,,0.24375917764408825,0.14139693353638894,,
IDRiD_63_0_1024,,,,,0.7755458515208583,0.7136988747863244,,
IDRiD_63_0_1536,,,,,0.751516861849139,0.7162452931491059,,
IDRiD_63_0_2560,0.6715726355772261,0.6956521738737632,0.6597938144068282,0.9964071855094123,,,,
IDRiD_63_0_3072,,,0.6507462684624638,0.5828877002230547,,,,
IDRiD_63_1024_1024,,,,,0.8025137243513253,0.936920222618706,,
IDRiD_63_1024_1536,,,,,0.855537119301742,0.8756436945231111,,
IDRiD_63_1024_3072,0.7747121442453322,0.9878116343216673,,,,,,
IDRiD_63_1024_3584,0.493552465221402,0.9999999998975411,,,,,,
IDRiD_63_1024_512,0.5177780589583983,0.4120016109461941,,,,,,
IDRiD_63_1536_1536,,,0.6860730593215711,0.5221546480866938,0.0,0.0,,
IDRiD_63_1536_2048,,,,,0.6481012656587085,0.7664670654093012,,
IDRiD_63_1536_2560,,,,,0.0,0.0,,
IDRiD_63_1536_3072,,,,,0.6044396897404536,0.5393794749145882,,
IDRiD_63_1536_512,0.0,0.0,,,,,,
IDRiD_63_2048_1536,,,,,0.0,0.0,,
IDRiD_63_2048_2048,,,,,0.7486515641720847,0.7234190409755588,,
IDRiD_63_512_1024,,,,,0.737799200304711,0.6207087230974576,,
IDRiD_63_512_1536,,,,,0.804616672936145,0.8248687386447735,,
IDRiD_64_0_1024,,,0.6461538461392273,0.5816700610761031,0.7658862874973434,0.9999999995633188,0.8585469735417628,0.7541007194208437
IDRiD_64_0_1536,0.6672837873549005,0.5395637296796438,0.4778353482741603,0.6355283306836863,0.4520803146252933,0.9706666665803851,,
IDRiD_64_0_2048,0.0751276440526941,0.03902993558018075,,,0.8332118523187032,0.9714750221624927,,
IDRiD_64_0_2560,,,,,0.769911504393809,0.7310924369189387,,
IDRiD_64_0_3072,,,,,0.6769790718219308,0.7153846152470414,,
IDRiD_64_0_512,,,0.702822357459722,0.9784283511589479,0.13255360622920379,0.07098121085101035,,
IDRiD_64_1024_1536,,,0.7319999998536,0.9999999994535519,0.47734138965599077,0.526666666491111,,
IDRiD_64_1024_2048,,,0.7984555983939416,0.9070175437005233,0.2429415626892356,0.2078651685159702,,
IDRiD_64_1024_2560,,,0.0956399437277581,0.11447811443956965,0.7679434540784369,0.7771933515592552,,
IDRiD_64_1024_3072,,,0.5959183671037068,0.44785276046144,0.6742542230660805,0.7880145617253427,,
IDRiD_64_1536_0,,,0.9046114971001509,0.8796068794988199,,,,
IDRiD_64_1536_2048,0.0,0.0,0.04992657855727411,0.03389830508136607,0.12820512818686539,0.06859756096515282,,
IDRiD_64_1536_2560,0.0,0.0,,,0.6679877499429294,0.6043024771641362,,
IDRiD_64_1536_3072,,,0.0,0.0,0.861538461478214,0.8473177440375079,,
IDRiD_64_2048_1536,,,0.811485642845008,0.9615384612539827,0.8248567335095836,0.8143564356147682,,
IDRiD_64_2048_2560,0.36521469539040124,0.2799429657728151,0.18314532181930024,0.14743589742014573,0.7520661153917082,0.6691176465668253,0.8597081930388462,0.9184040498173689
IDRiD_64_2048_3072,0.3060853769161633,0.27199354315803115,0.6708151835301297,0.736338797713615,0.815384615306213,0.8185328183748006,,
IDRiD_64_512_1024,,,0.34722222219543036,0.7525083609523383,,,,
IDRiD_64_512_1536,,,,,0.6263884933045201,0.9517472681926674,,
IDRiD_64_512_2048,,,0.6465364120207339,0.6107382549310842,0.7209553030901361,0.7674110689313495,,
IDRiD_64_512_2560,,,0.7081545064073754,0.6568471337056649,0.7878829509493894,0.9041463029969392,,
IDRiD_64_512_3072,,,0.3529411764353997,0.21428571425977172,0.40847784196450115,0.2579075425476998,,
IDRiD_65_0_1024,,,0.6075949365806761,0.9863013691874648,0.0,0.0,,
IDRiD_65_0_1536,,,0.6981981981667479,0.965130759531117,,,,
IDRiD_65_0_2048,0.8268475544153214,0.8064066851806123,0.0,0.0,0.5368518949019199,0.870992078428103,,
IDRiD_65_0_2560,0.8493938771142512,0.9717912552434513,0.5975103734129922,0.7413127412173343,0.8105417276483005,0.8223410575863136,,
IDRiD_65_0_3072,0.5564315352581654,0.43981633320958297,0.4635117204571645,0.6485148514048868,0.0,0.0,,
IDRiD_65_0_3584,0.8504983388233389,0.7499999999267578,0.0,0.0,,,,
IDRiD_65_0_512,,,0.6703539822267308,0.9837662334468291,0.3228699550121659,0.1925133688810089,,
IDRiD_65_1024_1024,,,0.5180069067332014,0.9943181816298641,0.567105521702356,0.6295811518049922,,
IDRiD_65_1024_1536,0.3163381463044974,0.8647232230309623,0.503346177235787,0.47150455925260243,0.2834806254152454,0.8834745760840096,,
IDRiD_65_1024_2048,0.7116246168272621,0.7581009796343104,0.4296506137663055,0.45820745211901237,0.8549384088565506,0.9493358352627064,,
IDRiD_65_1024_2560,0.6771776459533917,0.6200095283409242,0.6001546790255181,0.9326923076175727,0.5418138986884036,0.7924203272357949,,
IDRiD_65_1024_3072,0.5943185445070438,0.46596596594264433,0.41502946953794134,0.8876050419235709,0.7590412110858066,0.8268437929076115,,
IDRiD_65_1024_3584,0.7003446246894146,0.928666963866949,0.4847161570994069,0.3881118879761846,,,,
IDRiD_65_1536_1024,,,0.37485172003262746,0.9999999997890295,0.6730611941358238,0.8872770044915257,,
IDRiD_65_1536_1536,,,0.7215756490276825,0.8638799570349539,0.7927927927787883,0.8897700237553621,,
IDRiD_65_1536_2048,0.8007312613771644,0.8488372091926567,0.6731141197924344,0.9830508469022312,0.7792494481140637,0.9184735472414434,,
IDRiD_65_1536_2560,,,0.5706371189555022,0.5255102038135152,0.37439999994009604,0.26530612238881945,,
IDRiD_65_1536_3072,0.0,0.0,0.11464968152257697,0.5966850825432679,0.5421073246947863,0.9022164275225273,,
IDRiD_65_1536_3584,0.18222081619452357,0.5788944723036287,0.39175257728287227,0.6634920632814311,,,,
IDRiD_65_1536_512,,,,,0.8093306287827249,0.7492957746127091,,
IDRiD_65_2048_1536,,,0.6341463413774869,0.9999999995726496,,,,
IDRiD_65_2048_2048,,,,,0.40781440776461364,0.9999999994011977,,
IDRiD_65_2048_2560,0.7357999832138954,0.9981789209879769,,,,,,
IDRiD_65_2048_3072,,,0.8383751079655682,0.9999999997938144,0.7431111110450568,0.9999999997607655,,
IDRiD_65_512_1024,,,0.33962264142933424,0.23606557369309325,,,,
IDRiD_65_512_1536,,,,,0.6525390539982919,0.9270524233317625,,
IDRiD_65_512_2048,0.0,0.0,,,0.7445356647790567,0.8008027522843943,,
IDRiD_65_512_2560,0.0,0.0,0.5379708383879409,0.7693310164739648,0.683774326228229,0.8469961977057491,,
IDRiD_65_512_3072,,,0.5931501693416202,0.9999999998730965,0.28534328842257195,0.8905775075085535,,
IDRiD_65_512_3584,0.9014354066813123,0.9751552794627265,0.6996904022601578,0.91869918624496,,,,
IDRiD_66_0_1024,,,0.0,0.0,0.7281538694422512,0.6990404187060472,,
IDRiD_66_0_1536,,,0.5484180249018017,0.9999999998251748,0.784724360940512,0.7498528546056533,,
IDRiD_66_0_2048,,,0.7372881355411519,0.9999999998084291,0.6255242660150684,0.6170212765714334,,
IDRiD_66_0_2560,,,,,0.6914212547130063,0.5454545453443526,,
IDRiD_66_0_512,,,0.6658878503894992,0.9861591692089414,,,,
IDRiD_66_1024_0,,,,,0.6143977191586031,0.523905996737281,,
IDRiD_66_1024_1024,,,0.3783359497348245,0.7799352748284999,0.9199197912512951,0.9060490201037461,,
IDRiD_66_1024_1536,0.6005194804882846,0.6628440366212335,0.5633120457924838,0.6640706126342643,0.7840797934593992,0.9099977666905754,,
IDRiD_66_1024_2048,,,0.44067796606612764,0.8399999997415384,0.867771766845487,0.9133860882066146,,
IDRiD_66_1024_2560,,,,,0.7369259489714077,0.6506813186784586,,
IDRiD_66_1024_512,0.429698708736381,0.27364093191988853,0.25036603219250614,0.5229357796565945,0.8054275028198188,0.751623376611175,,
IDRiD_66_1536_1024,0.45646693813347944,0.5133013519183035,0.49544751760014694,0.5951300041025535,0.8805744132022121,0.8520358114054462,,
IDRiD_66_1536_1536,,,0.48123620298427455,0.4844444442291358,0.9144479415553751,0.93385651074998,,
IDRiD_66_1536_2048,,,,,0.9047041310643841,0.9159987454681559,,
IDRiD_66_1536_2560,,,0.5227272726901472,0.9999999997282608,0.7794715446956435,0.8661773009110006,,
IDRiD_66_1536_512,,,,,0.793827185527561,0.7244161515943431,,
IDRiD_66_2048_1024,,,,,0.8477666718717323,0.82513443158558,,
IDRiD_66_2048_1536,,,,,0.8541666666638948,0.8208182611898415,,
IDRiD_66_2048_512,,,,,0.8187804179553742,0.9219858155433922,,
IDRiD_66_512_0,,,,,0.0,0.0,,
IDRiD_66_512_1024,0.3459047952382486,0.210277142400073,0.11971830985072406,0.35416666651909723,0.7932200275601349,0.8672532594048349,,
IDRiD_66_512_1536,,,0.43674698792988215,0.48279689228825784,0.8801288946291443,0.938937968118937,,
IDRiD_66_512_2048,,,0.7812911725440519,0.9338582675694712,0.8396239505994244,0.8164414984216019,,
IDRiD_66_512_2560,,,,,0.8031141159516173,0.7365652010383961,,
IDRiD_66_512_512,,,,,0.8272251308858062,0.8589702590250615,,
IDRiD_67_0_1024,0.8558376610881565,0.8875811941292279,0.0,0.0,0.0,0.0,,
IDRiD_67_0_1536,0.4479525602977165,0.43441094186455687,0.24126637553268196,0.4316406249156952,0.2610887096642596,0.17220744679706065,0.789727126803431,0.9487216111916246
IDRiD_67_0_2048,0.6512848701378985,0.8820442194562568,0.0,0.0,,,,
IDRiD_67_0_512,,,0.0,0.0,,,,
IDRiD_67_1024_1024,0.6246456561588101,0.7108833855137026,0.31226993864072794,0.6944065483363702,,,,
IDRiD_67_1024_1536,0.19157619157471642,0.12011200154368917,,,0.6851098453916175,0.7123519458303773,,
IDRiD_67_1024_2048,0.5734724291930411,0.5960346963695146,0.6228936664367871,0.7175368138263003,,,,
IDRiD_67_1024_2560,,,0.5214814814428532,0.999999999715909,0.7697121401270518,0.7735849055630711,,
IDRiD_67_1024_512,0.882694708535286,0.8131911881765319,0.4168421052506213,0.6787463270637859,,,,
IDRiD_67_1536_1024,0.5041702617162483,0.4443599492972832,,,0.6296573395087587,0.7709783803308546,,
IDRiD_67_1536_1536,0.0,0.0,0.5948522402098871,0.905222437049785,0.7292015633700226,0.8447606726973231,,
IDRiD_67_1536_2048,0.0,0.0,0.5051043053481978,0.9844290655736282,0.8263868065719224,0.9380530972812762,,
IDRiD_67_1536_2560,0.49999999999739797,0.7966832504013818,,,0.2527075811362066,0.14462809911379004,,
IDRiD_67_1536_512,0.0,0.0,0.532576617468046,0.7607003890557262,,,,
IDRiD_67_2048_1024,0.7187716863268598,0.6133234640976396,0.7133122818561857,0.825702193119442,0.6692015208277311,0.8434504789637538,,
IDRiD_67_2048_1536,0.7523732031432742,0.6597132567733932,,,0.49829642246600103,0.6931279620031839,,
IDRiD_67_2048_2048,0.021332335328942135,0.04185022026124448,0.3437967114925861,0.9999999997101449,,,,
IDRiD_67_2048_2560,0.0,0.0,,,,,,
IDRiD_67_2048_512,0.2881003724748555,0.6306213525466766,,,,,,
IDRiD_67_512_1024,0.8737275811889088,0.8414377966168097,0.5637362637052892,0.9344262293379917,0.8206039075890702,0.9598337948809095,,
IDRiD_67_512_1536,0.43517599028779,0.5241892610243994,0.2959749337118348,0.8709219856920678,0.7534883719762034,0.9642857139030613,,
IDRiD_67_512_2048,0.4923461730840803,0.40260165261881203,0.3714778608182014,0.595940959299642,,,,
IDRiD_67_512_2560,,,0.5005086469480663,0.999999999593496,,,,
IDRiD_67_512_512,0.3805837430653773,0.343661439630764,0.3188405796844734,0.9999999994949496,0.8298755185861125,0.8264462808209821,,
IDRiD_68_0_1536,,,0.7482758620259611,0.6458333332692626,,,,
IDRiD_68_0_2560,0.702304955895413,0.8310460154442273,,,,,,
IDRiD_68_1024_0,0.8211774656814912,0.7781098680902019,,,,,,
IDRiD_68_1024_1536,0.0,0.0,0.3601177955254473,0.7109634550314015,,,,
IDRiD_68_1024_2048,0.0,0.0,0.2481536188702875,0.6268656711739808,0.0,0.0,,
IDRiD_68_1024_2560,0.5432098764593812,0.46073298417258296,,,0.3970727998441639,0.996660305295961,,
IDRiD_68_1024_3072,0.5172735263550667,0.8301983584060345,0.0,0.0,,,,
IDRiD_68_1024_512,0.0,0.0,,,,,,
IDRiD_68_1536_0,0.5450441344904486,0.5529049897433157,,,,,,
IDRiD_68_1536_1536,0.30616290925482564,0.3343850532025836,,,,,,
IDRiD_68_1536_2048,0.6122486456688634,0.5234182845752084,,,,,,
IDRiD_68_1536_2560,0.5123473651193133,0.5695969048034695,,,0.6028436018875716,0.9352941176077608,,
IDRiD_68_1536_3072,0.09308639581103013,0.9999999999810606,,,,,,
IDRiD_68_1536_512,0.6931866952771105,0.6454690778267286,,,,,,
IDRiD_68_2048_0,0.0,0.0,,,,,,
IDRiD_68_2048_1536,,,0.5931758529405281,0.9576271182382936,0.6559139784442461,0.7922077920608149,,
IDRiD_68_2048_2048,0.6312715082088264,0.9454185843028207,0.6505295006580137,0.4820627801609724,0.374999998828125,0.35294117439446365,,
IDRiD_68_2048_2560,,,,,0.0,0.0,0.4799864199610253,0.3755711401531422
IDRiD_68_2048_512,0.6558042957794971,0.9792287882861913,,,,,,
IDRiD_68_512_1536,,,0.4660992075002613,0.651353568445336,,,,
IDRiD_68_512_2048,0.5140249759821612,0.3655803784903629,0.401514089437803,0.7450572320111832,0.7029171680356989,0.8694288012802137,0.8544395924260753,0.8877384830050286
IDRiD_68_512_2560,0.763361236313734,0.9295305302270946,0.48641655884584684,0.9986719786190343,0.22627278439809723,0.24193548383844954,,
IDRiD_68_512_3072,0.06397402504716171,0.5473137972970906,0.4479166666375054,0.6502835537523094,,,,
IDRiD_69_0_1024,0.08718758424120157,0.04646390017630643,,,,,,
IDRiD_69_0_1536,0.8508253976223432,0.8542668774582827,,,,,,
IDRiD_69_0_2048,0.03290098070210123,0.016725635252385167,0.7227722771084535,0.7398648646149104,0.825591484928485,0.9615954723018353,,
IDRiD_69_0_2560,0.009915716410019051,0.010964912279499462,0.5977286311835706,0.9823182710233479,0.26679841894596856,0.4005934716912185,,
IDRiD_69_0_3072,0.28192679068091253,0.7579935464723382,,,,,,
IDRiD_69_0_512,0.6158206647612517,0.594527363154501,0.0,0.0,,,,
IDRiD_69_1024_1024,,,0.2668056279173108,0.7150837986829375,0.0,0.0,,
IDRiD_69_1024_1536,0.7131637800971906,0.7478184991192428,0.40249433104294247,0.34134615381333205,0.4438363304636185,0.5243226600904507,,
IDRiD_69_1024_2048,0.5145376549033063,0.47253228276488224,0.033635187576502565,0.04333333331888888,0.46573035857615197,0.6913201545024844,,
IDRiD_69_1024_2560,0.49649899971243033,0.43958755060450666,0.3688888888820576,0.7432835820340833,0.4952545297527968,0.5572815533619883,,
IDRiD_69_1024_3072,0.09275521404794854,0.05130540376286262,,,0.11943539629539247,0.27227722758798156,,
IDRiD_69_1536_0,0.2631271878569683,0.39735682815882317,0.0,0.0,,,,
IDRiD_69_1536_1536,,,0.41032733976900293,0.828677839696708,0.323445318078566,0.494265428700477,,
IDRiD_69_1536_2048,0.6407203601768848,0.4844541947160568,0.0,0.0,0.5324692158064489,0.7518301610266535,,
IDRiD_69_1536_2560,0.5372980405545326,0.4583577712475555,,,,,,
IDRiD_69_1536_3072,,,0.007547169808472766,0.005376344083130998,,,,
IDRiD_69_2048_1024,0.6065421458988033,0.47733346780052777,,,,,,
IDRiD_69_2048_1536,0.5527840626889344,0.4329241939656994,,,0.0,0.0,,
IDRiD_69_2048_2048,0.5187509014837778,0.3592368775889765,0.6819571865095843,0.643888354124746,0.27966804978092663,0.3675027262412756,,
IDRiD_69_2048_2560,,,0.4262847514563486,0.5440860214468725,,,,
IDRiD_69_2048_3072,,,0.38518518504252397,0.25615763534179425,,,,
IDRiD_69_512_1024,0.26959008579085625,0.5480620154613906,0.46130346229830427,0.5565110564426891,0.0,0.0,,
IDRiD_69_512_1536,0.641633248260522,0.6324868231760306,0.33672922250205206,0.9515151512268135,0.353318782894424,0.7334754797050386,,
IDRiD_69_512_2048,0.7808682934734965,0.8066248880885931,0.2572665429649186,0.8776371304313768,0.36693191863983504,0.6939799329943178,,
IDRiD_69_512_2560,0.5768696311250099,0.6190605300574862,0.4233534656191155,0.8316384179851256,0.0,0.0,,
IDRiD_69_512_3072,0.234720868716989,0.7069182389788906,,,0.0,0.0,,
IDRiD_69_512_512,,,0.0,0.0,,,,
IDRiD_70_0_1536,0.8012671594424364,0.734986439350349,,,0.0,0.0,,
IDRiD_70_1024_1024,0.0,0.0,0.4302884614867442,0.9999999994413408,0.7259056732244766,0.9267015705189003,0.0,0.0
IDRiD_70_1024_1536,0.8460259845984888,0.9003610108286997,0.7262517547624591,0.9639751551597546,0.07272727270082643,0.03773584904236383,,
IDRiD_70_1024_2048,0.7345043407961386,0.7421460628163578,0.6321934945260889,0.8257080608222858,0.3126684635950044,0.1868556700910531,,
IDRiD_70_1024_512,0.12932924155788406,0.17857142856061917,0.42252252250349,0.971014492552585,,,0.8985819809109328,0.8899925237589982
IDRiD_70_1536_0,,,0.5399495373809966,0.9441176467811419,,,,
IDRiD_70_1536_1024,0.0,0.0,,,0.6739130427457467,0.911764703200692,,
IDRiD_70_1536_1536,0.7939637826935145,0.8421427046962926,0.3434504792195108,0.5402010049572612,,,,
IDRiD_70_1536_2048,0.6915351506290881,0.9776876267087432,0.0,0.0,0.17433683460883403,0.09584750532190803,,
IDRiD_70_1536_512,,,0.2910360884636773,0.2488387524718753,,,,
IDRiD_70_2048_512,,,0.6955782312333691,0.9831730766867371,,,,
IDRiD_70_512_0,0.8035143769754123,0.7293378443340098,,,,,,
IDRiD_70_512_1024,,,0.08791208789828696,0.058577405845485896,,,,
IDRiD_70_512_1536,0.7878491806155888,0.7521411006465518,0.6248006379460765,0.5681653371802696,0.38092566619559676,0.2501842299158661,,
IDRiD_70_512_2048,,,,,0.18038891187049258,0.0997027212417173,,
IDRiD_70_512_512,0.6792833146620461,0.6068427370826962,0.1778093883293809,0.6459948318744199,,,0.14719542693293336,0.07944465869342675
IDRiD_71_0_1024,0.0,0.0,0.0,0.0,0.472392637964357,0.3276595743983703,,
IDRiD_71_0_1536,,,0.409142857096098,0.32427536226009507,,,,
IDRiD_71_0_2048,,,0.520990312107536,0.8039867106963499,0.758169934144987,0.9999999982758621,,
IDRiD_71_0_2560,0.6416472182464742,0.5085018793597726,,,,,,
IDRiD_71_0_512,,,0.7016666666081944,0.766848815889463,0.6931024853199357,0.8345662406970702,,
IDRiD_71_1024_0,0.0,0.0,0.8264729619994775,0.8311688310339012,0.70304975917311,0.6941362914906282,,
IDRiD_71_1024_1024,0.0,0.0,0.0,0.0,0.8288108488443309,0.9090960118971988,0.0,0.0
IDRiD_71_1024_1536,,,0.5370902817402478,0.9957356074635958,0.7657305603365818,0.933015898628577,,
IDRiD_71_1024_2048,,,0.3386581469107575,0.417322834481369,0.0,0.0,,
IDRiD_71_1024_512,,,0.40266963290307733,0.4452644525897584,0.7913299272308675,0.7926307300986748,0.5479941095071266,0.377404880445157
IDRiD_71_1536_0,0.0,0.0,,,0.0,0.0,,
IDRiD_71_1536_1024,0.4340436168191336,0.2867404227189007,0.3761562178751047,0.779386712029013,0.8784165736063164,0.9111519412032095,,
IDRiD_71_1536_1536,,,0.2930756843705934,0.1937819420701115,0.8154517587135256,0.9064918562960235,,
IDRiD_71_1536_2048,,,0.30268069221911503,0.23927038625325803,0.8230981930369552,0.9140245643971148,,
IDRiD_71_1536_2560,,,,,0.8255451712109744,0.8128834353334713,,
IDRiD_71_1536_3072,,,0.6132208156662137,0.8074074071083676,,,,
IDRiD_71_1536_512,0.23969252270301564,0.14297624009408186,0.3036102653195472,0.9614325066221948,0.8734362523280172,0.9373705634484578,,
IDRiD_71_2048_0,,,,,0.1781914893498543,0.09925925925190672,,
IDRiD_71_2048_1024,0.0,0.0,0.6876971608615868,0.9113712373819923,0.7780521915054064,0.7695114773350823,,
IDRiD_71_2048_1536,,,,,0.7413350980199299,0.8177007299195465,,
IDRiD_71_2048_2048,,,0.7132585562061186,0.9756097560208017,0.7631709989006913,0.8296881766908868,,
IDRiD_71_2048_3072,0.2117364849045994,0.9942307692034552,,,,,,
IDRiD_71_2048_512,0.17191283292804768,0.40629470670451623,0.0,0.0,0.6150788721821503,0.927688272726576,,
IDRiD_71_512_0,,,,,0.0,0.0,,
IDRiD_71_512_1024,0.0930907172983506,0.05024911031956941,0.6687722068429226,0.7930711609744315,0.7707605258746432,0.8514569353722634,,
IDRiD_71_512_1536,0.0,0.0,0.3747401247303862,0.33027943195921766,0.727505330486958,0.8912235894951099,,
IDRiD_71_512_2048,0.0,0.0,0.6645352820126847,0.772292993589581,0.6394399066262373,0.7555147058129122,,
IDRiD_71_512_512,0.4457430730433678,0.6380155754070373,0.38946107783498296,0.3101869515333771,0.7785115979318741,0.7968672712152207,0.0,0.0
IDRiD_72_0_1024,,,0.7158649536684834,0.6416711301209603,,,,
IDRiD_72_0_1536,,,0.5277246653667436,0.4932975870872835,0.0,0.0,,
IDRiD_72_0_2048,0.0,0.0,0.012718600951873037,0.022857142844081635,0.7443105756109669,0.7528774542482818,,
IDRiD_72_0_2560,,,0.6642984013029666,0.9166666662173203,0.0,0.0,0.7007664753660949,0.565769015482519
IDRiD_72_0_3072,,,0.0,0.0,0.0,0.0,,
IDRiD_72_0_512,,,0.5555555554962014,0.8280254774433039,,,,
IDRiD_72_1024_0,,,,,0.0,0.0,,
IDRiD_72_1024_2048,0.44590163927116366,0.28691983116309705,,,0.7548499267901041,0.7586682608226003,,
IDRiD_72_1024_2560,0.7073995771595412,0.8022057060464588,,,0.9250929697157042,0.9512594840609938,,
IDRiD_72_1024_3072,0.0,0.0,0.36766623202507615,0.2883435582232426,0.7876029475423969,0.7697521711338752,,
IDRiD_72_1024_512,,,,,0.5800730307469967,0.4180451127505229,,
IDRiD_72_1536_1024,,,0.0,0.0,0.8242687385646221,0.8990528414531642,,
IDRiD_72_1536_1536,,,0.7032321252984102,0.9999999997214484,0.8677626876030107,0.9052945562337588,,
IDRiD_72_1536_2048,,,0.7384305834267173,0.7310756970655228,0.8990655689946289,0.9088573722188448,,
IDRiD_72_1536_2560,,,,,0.8739281795634505,0.8651736623283756,,
IDRiD_72_1536_3072,0.0,0.0,0.7256198346507752,0.9999999997722095,0.8808357132107608,0.842442712973053,,
IDRiD_72_2048_1024,,,,,0.2671755725098135,0.15791632484996243,,
IDRiD_72_2048_1536,0.11270600743985365,0.30028328607644716,,,0.7865404836737981,0.8772478498141323,,
IDRiD_72_2048_2048,0.0,0.0,0.0,0.0,,,,
IDRiD_72_2048_2560,,,0.0,0.0,0.0,0.0,,
IDRiD_72_2048_3072,,,0.42093023253366685,0.3991179712900642,0.503054989765473,0.35336194558607126,,
IDRiD_72_512_0,,,,,0.8423931623835624,0.8953488371876127,,
IDRiD_72_512_1536,,,,,0.4223761867995285,0.36287477952544644,,
IDRiD_72_512_2048,0.0,0.0,0.34812880764873433,0.7633587785288348,0.7143695912983066,0.8579838116209346,,
IDRiD_72_512_2560,,,0.6866213151616045,0.8246187362936146,0.040935672502650386,0.09589041082754739,,
IDRiD_72_512_3072,,,,,0.7635163020733176,0.903320312411785,,
IDRiD_72_512_512,,,0.8124999993652344,0.9811320736205055,0.7487917737712206,0.7137816114347426,,
IDRiD_73_0_1024,,,0.5369649804402792,0.7419354834720777,,,,
IDRiD_73_0_1536,,,0.29071332432157293,0.26213592226647187,0.817927170639236,0.9605263151575485,,
IDRiD_73_1024_1024,,,0.615384615362801,0.8362235066631769,,,,
IDRiD_73_1024_1536,,,0.7501927524768623,0.7076363635848991,0.7645928771868687,0.9638599105453108,,
IDRiD_73_1024_2048,,,0.4953271027651614,0.9464285711468962,0.9046493301099566,0.8306801735411462,,
IDRiD_73_1024_2560,,,0.4341801385179931,0.9999999994680852,,,,
IDRiD_73_1536_1024,0.8340469702813413,0.7495335820808122,0.6416482707401289,0.9276595742707107,0.7832167831863552,0.8386023293811479,0.9070103092760129,0.9541264504882652
IDRiD_73_1536_1536,0.49616858235963707,0.3968335035548093,0.5575794998284168,0.9858078601543878,0.7150635208451883,0.9666339547628426,,
IDRiD_73_1536_2048,,,0.7828947365845741,0.725609755655116,0.6290138920375994,0.7529989094464014,,
IDRiD_73_1536_2560,,,0.41754385957586954,0.7933333328044445,,,,
IDRiD_73_1536_3072,0.0,0.0,,,,,,
IDRiD_73_1536_512,0.0,0.0,,,,,,
IDRiD_73_2048_1024,,,,,,,0.6851955307166873,0.9232216785501234
IDRiD_73_2048_1536,,,0.4261363635758329,0.40540540529583635,,,,
IDRiD_73_2048_2048,0.0,0.0,0.0,0.0,,,,
IDRiD_73_2048_2560,0.8595200771631554,0.7888446214964842,0.0,0.0,,,0.8493269648211087,0.8739946380540842
IDRiD_73_2048_3072,0.7209473554993192,0.8316817666926433,0.5362134688009894,0.8719008260859914,,,,
IDRiD_73_512_1024,,,0.5651827030386919,0.897617840806,,,,
IDRiD_73_512_1536,0.23393984403141702,0.44241573027494163,0.30911901080960996,0.37509377341522177,0.730656506437124,0.828239202630291,,
IDRiD_73_512_2048,0.0,0.0,0.5359957960832372,0.9845559843659158,0.7142857141670622,0.9388646284109762,,
IDRiD_73_512_2560,0.7812187811797593,0.7167736021341179,,,,,,
IDRiD_74_0_2048,0.0,0.0,0.425818882452607,0.4821818181467504,0.3869239013726193,0.29517579719581555,,
IDRiD_74_0_2560,,,0.6389105058117156,0.8292929292091623,0.6903353055837602,0.8333333329365079,,
IDRiD_74_0_3072,,,0.16837315128914981,0.1840796019442588,,,,
IDRiD_74_0_512,,,0.1685144123794868,0.8636363616735537,,,,
IDRiD_74_1024_1024,,,0.6437499999497069,0.9279279277189351,,,,
IDRiD_74_1024_1536,,,0.7115789472186149,0.9999999994082841,,,0.572920608487301,0.4097207187658614
IDRiD_74_1024_2048,0.34955448935232664,0.5334728032356751,0.5077026121562155,0.4725685784946922,0.6115288219785052,0.580952380814059,0.6613641841248165,0.5505617977307159
IDRiD_74_1024_2560,0.8001135395923922,0.7503194207756567,0.5939837657075604,0.618495193880726,0.7865647081522934,0.8434710400489212,,
IDRiD_74_1024_3072,0.6139989992738422,0.7577878413509292,0.24238943134736418,0.3606837606221054,0.7977972810050284,0.8182139074896501,,
IDRiD_74_1536_0,,,0.8180404353315646,0.7050938335911276,,,,
IDRiD_74_1536_1024,,,0.24440619619239187,0.9999999992957747,,,,
IDRiD_74_1536_2048,,,0.0,0.0,0.8031099272852702,0.9012764582177852,,
IDRiD_74_1536_2560,0.2519316319343484,0.1466739367489397,0.3430632994311885,0.5331294596806189,0.0495049504827958,0.02538071065345667,,
IDRiD_74_1536_3072,0.6481680391416149,0.5416916018298255,0.15071428570890308,0.9547511307897054,0.4697885196019797,0.6631130062551998,,
IDRiD_74_2048_1536,0.2328738942580449,0.9999999999116607,0.3990147782759834,0.9999999993827161,,,,
IDRiD_74_2048_2048,0.7057032566698977,0.6360250881944725,0.5355322338750295,0.8396803008537997,,,,
IDRiD_74_2048_2560,0.7981782693538109,0.7385022874994533,0.22369878182593028,0.9853658531778704,0.7717601546642398,0.7658349326745039,,
IDRiD_74_2048_3072,0.8954627223486815,0.8190127970450087,0.6272912422986465,0.8369565215116965,,,,
IDRiD_74_2048_512,,,0.5488810364488951,0.9628099169575166,,,,
IDRiD_74_512_1024,,,0.3433789954024311,0.9947089941826937,,,,
IDRiD_74_512_1536,,,0.4251458198177205,0.39352129571724526,,,,
IDRiD_74_512_2048,0.1931723563536076,0.10691244238645968,0.3566229985184408,0.3834115805346774,0.5875260839186756,0.5242035581082249,,
IDRiD_74_512_2560,0.5941569869694455,0.43920208151883433,0.19524940617113423,0.45264317175631685,0.6072869309047365,0.7259644825363447,,
IDRiD_74_512_3072,,,0.4114888628129256,0.5223214284937022,,,,
IDRiD_74_512_512,,,0.6380510440095069,0.8842443727060307,,,,
IDRiD_75_0_1024,0.6998484389166423,0.8138747884826019,0.5868287740509255,0.73953013275079,,,,
IDRiD_75_0_1536,0.6907579954642376,0.5469227701678391,0.5478723404109609,0.5241730279631464,0.456855626907097,0.45093715543269364,,
IDRiD_75_0_2048,0.5295035330800701,0.36008487268871636,,,0.0,0.0,,
IDRiD_75_0_2560,0.19423021993438688,0.10756089844815626,0.7510204080099958,0.9019607838715878,,,,
IDRiD_75_0_512,0.3173021651596608,0.694630872424947,0.3567522086513777,0.4764044943284939,,,,
IDRiD_75_1024_0,,,0.0,0.0,0.5918367340899625,0.4202898544633481,,
IDRiD_75_1024_1024,0.7654598605758631,0.9091880341758922,0.36810631228012936,0.31857389302365874,0.7924273157270985,0.8805409465904928,,
IDRiD_75_1024_1536,0.0,0.0,0.29418221731128624,0.28450106151072163,0.677002583804392,0.5954545451838843,,
IDRiD_75_1024_2048,,,0.618768328415505,0.9708588955566168,0.7486842104770602,0.6781883193470575,,
IDRiD_75_1024_512,0.0,0.0,0.5847418912478419,0.6083650189535774,,,,
IDRiD_75_1536_0,,,0.6693069306268014,0.8825065271847241,,,,
IDRiD_75_1536_1024,0.7627031650853259,0.7388133907610602,0.6132901134323083,0.6017811704451793,0.5851851851671239,0.6475409835623264,,
IDRiD_75_1536_1536,,,0.683333332763889,0.7192982443521083,0.6985294115078935,0.5792682923297144,,
IDRiD_75_1536_2048,,,0.4774011298760733,0.628252787870538,0.371428571340136,0.26351351342448864,,
IDRiD_75_1536_2560,0.26286208386996884,0.47058823526983545,0.17939214231435194,0.9029850739529962,,,,
IDRiD_75_1536_3072,0.4113428943870381,0.2694278394477065,,,,,,
IDRiD_75_1536_512,,,0.6431888544642729,0.8558187434751989,,,,
IDRiD_75_2048_1024,0.8821161587046569,0.9049384796746176,0.730780826025602,0.7880364108720392,0.0,0.0,0.8861420470734461,0.8455430128388824
IDRiD_75_2048_1536,0.4030507480140356,0.43744030562122127,0.4920109399670072,0.739186851179101,,,,
IDRiD_75_2048_2048,0.5274883219357712,0.9582245429558454,0.5465299684327078,0.4982027318117755,,,,
IDRiD_75_2048_2560,0.0,0.0,0.8102288020443837,0.9465408802054902,,,,
IDRiD_75_2048_3072,0.8429486421960685,0.9020232675748557,0.36976170909040573,0.24456521736472117,,,,
IDRiD_75_2048_512,0.5744187194521675,0.9335686777770609,0.49743297201954173,0.36762225966546186,0.5560165972796611,0.7204301067522257,0.0,0.0
IDRiD_75_512_0,,,0.0,0.0,,,,
IDRiD_75_512_1024,0.6278524205542912,0.850211782809969,0.3657423657295282,0.36130374477383465,0.8082029545545832,0.8417294209187,,
IDRiD_75_512_1536,,,0.4609625668325946,0.5990271021126458,0.7313432835401066,0.6733615221275516,,
IDRiD_75_512_2048,0.6777681123315799,0.7097865694765803,0.3635394456096194,0.7511013214204623,0.8373879641332104,0.8743315507687421,,
IDRiD_75_512_2560,0.7890228555158161,0.7735413515818391,,,,,,
IDRiD_75_512_512,,,0.6984126983274221,0.7314578003244353,,,,
IDRiD_76_0_1024,0.28510307272880003,0.16625085052922997,0.22088353409219205,0.2263374484665278,,,,
IDRiD_76_0_1536,0.3637330183085426,0.2264470103682691,0.24620938627270003,0.9999999997067448,,,,
IDRiD_76_0_2560,0.02843938855213511,0.016956337430396085,0.5220657276505102,0.6898263025583558,,,,
IDRiD_76_0_512,0.3931153184029909,0.3275960986616411,,,,,,
IDRiD_76_1024_0,,,0.727987421326416,0.6788856303989904,,,,
IDRiD_76_1024_1024,0.6725711703509031,0.6935694314875384,0.24223874070305557,0.18824328915432406,0.7997738579810045,0.8446217042374635,,
IDRiD_76_1024_1536,,,0.7097435896707955,0.9914040111772481,0.9103420630617962,0.8717850287796317,,
IDRiD_76_1024_2048,0.6357328707443308,0.5776201733193365,0.612920448462015,0.888544891572094,0.75762388817094,0.79367720463249,,
IDRiD_76_1024_3072,,,0.0,0.0,,,,
IDRiD_76_1024_3584,,,0.6647398842009422,0.9999999991304348,,,,
IDRiD_76_1024_512,0.3052752293542973,0.26128778955121146,0.25875190258314307,0.5204081632299041,0.7064492216369354,0.9258419688819353,,
IDRiD_76_1536_0,,,0.7342485040220258,0.8116731516878075,,,,
IDRiD_76_1536_1024,,,0.4812030074909657,0.454148471566141,0.8915878291958936,0.9376176391419053,,
IDRiD_76_1536_1536,,,0.0,0.0,,,,
IDRiD_76_1536_2048,0.7534737785577438,0.628646222863551,0.37983193270927196,0.9999999991150443,,,,
IDRiD_76_1536_2560,0.9010517716644434,0.8410217308265151,0.5185185183813443,0.9999999989795919,,,,
IDRiD_76_1536_3072,,,,,0.0,0.0,,
IDRiD_76_1536_512,0.4318636532016905,0.2780534351118506,0.6862265688559702,0.8413269384156145,0.13491603937268506,0.08161120840487546,,
IDRiD_76_2048_1024,,,0.7664950865340902,0.9490150636212034,,,,
IDRiD_76_2048_1536,,,0.7000618428756918,0.6674528301099703,,,,
IDRiD_76_2048_2560,,,0.4305555555181809,0.47509578534959856,0.055833514610573315,0.030241143664831976,,
IDRiD_76_2048_3072,,,0.4393939393384604,0.4971428570008163,,,,
IDRiD_76_2048_512,0.3330187869920818,0.22546172609797346,0.6665382392474178,0.8831036242530319,,,,
IDRiD_76_512_0,0.5231277532982034,0.9858862598179375,0.7902813298222147,0.9809523806409675,,,,
IDRiD_76_512_1024,0.5240553375970538,0.540076606603205,0.36468590831299347,0.44306930691241464,0.6094207138588441,0.7666543982051287,,
IDRiD_76_512_1536,0.4878545454474494,0.4318825650159186,0.5610389610146737,0.8651535379352265,,,,
IDRiD_76_512_2048,,,0.0,0.0,,,,
IDRiD_76_512_3072,,,0.813008130026219,0.9724473256122452,,,,
IDRiD_76_512_512,0.5432624113432367,0.715590616551472,0.518157661624528,0.3745198463268553,0.7919999999471999,0.7724317294184094,,
IDRiD_77_0_1024,,,0.602288984220151,0.5620827769610036,0.09667673713091336,0.05095541399651101,,
IDRiD_77_0_1536,0.0,0.0,0.75999999981,0.894117646532872,0.7374338624094764,0.6170448256437717,,
IDRiD_77_0_2048,0.6692930619318308,0.5505941663566691,,,0.2880324543026303,0.1682464454577615,,
IDRiD_77_0_2560,0.7300377358463017,0.7316390590671534,0.0,0.0,0.29346003353008776,0.17875383043313745,,
IDRiD_77_0_3072,,,0.6921397379157053,0.9999999996845426,0.0,0.0,,
IDRiD_77_0_512,,,0.7329842930018365,0.9999999992857144,,,,
IDRiD_77_1024_0,,,0.007092198579045319,0.0035587188599435163,,,,
IDRiD_77_1024_1024,,,0.5249537891820788,0.4139941689755119,0.6736842103490305,0.5446808508320508,,
IDRiD_77_1024_1536,0.0,0.0,0.5842596709388946,0.6731557376359472,0.8677421829037206,0.8453721231401545,,
IDRiD_77_1024_2048,0.2390532544095795,0.1446991403804156,,,0.762639482011811,0.6568580920584515,,
IDRiD_77_1024_2560,,,,,0.0,0.0,,
IDRiD_77_1024_3072,0.5123489227468162,0.785340314104497,0.3476733976867714,0.9999999994949496,0.7419847327111474,0.5970515969049013,,
IDRiD_77_1024_3584,,,,,0.05128205127794214,0.026315789471520083,,
IDRiD_77_1024_512,,,0.17177914105160147,0.1958041956672698,,,,
IDRiD_77_1536_1024,0.08978195809791442,0.05028735631943069,0.15889029003282187,0.28410372037383275,0.0,0.0,,
IDRiD_77_1536_1536,,,,,0.6558872304869036,0.5330188678886105,,
IDRiD_77_1536_2048,,,0.6107305935724469,0.9999999998130842,0.0,0.0,,
IDRiD_77_1536_512,0.8929776954074196,0.9706474820004224,0.571830106174706,0.5812698412513883,0.644534170769485,0.5250974658741449,,
IDRiD_77_2048_0,,,0.7602040814387234,0.9999999993288591,,,,
IDRiD_77_2048_1024,0.30190114067293156,0.2923416789180897,0.5276548672274527,0.8656987294254631,0.7232339955799997,0.6373252279557772,,
IDRiD_77_2048_1536,,,0.26812918950224685,0.9821428567044005,0.6692429299021738,0.5342120022284294,,
IDRiD_77_2048_2048,,,0.578245613994509,0.9856459327785535,0.689075630232799,0.5678670359848631,,
IDRiD_77_2048_512,,,0.6882217089842223,0.7104904631668603,0.3203381869384648,0.1943850648397551,,
IDRiD_77_512_1024,,,0.0,0.0,0.27173913038555453,0.15856236783117075,,
IDRiD_77_512_1536,0.32050967899239136,0.25497076022397774,0.35564639752909316,0.5686274508874792,0.7347933498005782,0.6517233210905381,,
IDRiD_77_512_2048,,,,,0.7194229778427644,0.6098349200750298,,
IDRiD_77_512_2560,0.55301455298581,0.40735068909591493,,,0.6755619419000762,0.5682956311419738,,
IDRiD_77_512_3072,,,0.4837278106151089,0.5449999999091667,0.11933860531133439,0.06345565748750338,,
IDRiD_77_512_512,0.0,0.0,0.3222958057039409,0.6606334838639668,,,,
IDRiD_78_0_1024,,,0.34999999956250005,0.21212121179981636,,,,
IDRiD_78_0_1536,,,0.5805409769648551,0.8683574878178313,,,,
IDRiD_78_0_2048,0.0,0.0,0.4130612244729363,0.30537115266714715,0.24501424494444038,0.13961038956506155,,
IDRiD_78_0_2560,0.6515342580779417,0.483167082279203,0.0,0.0,0.679888193792893,0.5831715949242702,,
IDRiD_78_0_3072,,,0.0,0.0,0.2782401902331605,0.490566037633005,,
IDRiD_78_0_512,0.8456040028289634,0.8119423472332229,,,,,,
IDRiD_78_1024_0,,,0.0,0.0,,,,
IDRiD_78_1024_1024,,,,,0.5756880733284762,0.44268077593603516,,
IDRiD_78_1024_1536,,,,,0.0,0.0,,
IDRiD_78_1024_2048,0.30050480055354717,0.17905694317425302,0.3698543381653037,0.7870619943970183,0.7418101054900813,0.7164819449282002,,
IDRiD_78_1024_2560,0.4127345082394093,0.26915472070848795,0.17796852646128847,0.4033722437868519,0.7349978775103809,0.8133060039216559,,
IDRiD_78_1024_3072,,,0.04498269895415524,0.06598984768223866,,,,
IDRiD_78_1024_512,,,0.8967001434076972,0.9659969086605878,,,,
IDRiD_78_1536_1536,,,0.40248226946786503,0.9784482754403241,,,,
IDRiD_78_1536_2048,0.26527805069237026,0.1547100618804788,0.6196150320522633,0.8294478526589635,0.531249999978716,0.3967684021306542,,
IDRiD_78_1536_2560,0.0,0.0,0.6975666280147715,0.7512479200706116,0.3323103901651771,0.22073383807683553,,
IDRiD_78_1536_3072,,,0.5905292478779649,0.5263157894214185,0.04301075266504798,0.021978021965946143,,
IDRiD_78_2048_1024,,,0.0,0.0,,,,
IDRiD_78_2048_2048,,,0.5529715761797612,0.4699853586427547,,,,
IDRiD_78_2048_2560,0.0,0.0,0.31249999996632544,0.19594594591946676,,,,
IDRiD_78_2048_3072,0.0,0.0,,,0.7580645158233611,0.6394557818779213,,
IDRiD_78_2048_512,,,0.5589519648214184,0.38787878764370987,0.0,0.0,,
IDRiD_78_512_0,,,0.8247758760534004,0.990215263994087,,,,
IDRiD_78_512_1536,,,0.27720314438240784,0.9999999997014924,,,,
IDRiD_78_512_2048,,,0.8011958146088094,0.950354609816743,0.847405919945845,0.8800834202258759,,
IDRiD_78_512_2560,0.3926161680433315,0.25122189638114023,0.3639253078917789,0.662807525229695,0.7330563250222379,0.8975946182738416,,
IDRiD_78_512_3072,,,,,0.44698205545885017,0.7493163171946529,,
IDRiD_78_512_512,,,0.7358024690449627,0.9999999996644294,0.7884322677643179,0.9557195568429079,,
IDRiD_79_0_1024,,,0.6366197181305296,0.9999999991150443,0.6501070663533145,0.6605744124751458,,
IDRiD_79_0_1536,0.5451800733173907,0.5605321507636246,0.2090813093870601,0.21475054227605744,0.5013599274591714,0.7478025692530221,,
IDRiD_79_0_2048,0.6987337159451695,0.5712796067246942,0.4603174601956832,0.7837837830776723,,,,
IDRiD_79_0_2560,0.8414941465410651,0.8268555666949169,0.0,0.0,0.6119631901371193,0.6082317072243549,,
IDRiD_79_0_512,0.7913767226034153,0.9887487214287632,0.782320441902506,0.8290398124522155,,,,
IDRiD_79_1024_0,0.8568601199088605,0.8533333333234395,,,,,,
IDRiD_79_1024_1024,0.0,0.0,0.0,0.0,0.7386357072677258,0.8699319727772798,,
IDRiD_79_1024_1536,0.0,0.0,,,0.7727004874871554,0.899476178586936,,
IDRiD_79_1024_2048,,,0.4489208632447596,0.6315789471127211,0.7590287696349773,0.9383276579526002,,
IDRiD_79_1024_2560,0.052905054319654934,0.09286898837597529,0.5449224465746292,0.6333333332902494,0.8722996425403504,0.953130306798635,,
IDRiD_79_1024_3072,,,,,0.852989630774043,0.8742550655455477,,
IDRiD_79_1536_0,,,,,0.6470838654608965,0.8225108224663144,,
IDRiD_79_1536_1024,0.3073518563976555,0.24990003997401442,0.7220708446374611,0.6865284973203979,0.7696443341445484,0.7819327730763894,,
IDRiD_79_1536_1536,0.3135593220149177,0.20786516852264322,0.578631452557878,0.6364436619158059,0.8368518552469014,0.9421020028868796,,
IDRiD_79_1536_2048,,,0.584319526584,0.4840686273916583,0.7774904473339026,0.9357116313609076,,
IDRiD_79_1536_2560,0.6730716442400073,0.7864015394231431,0.5892857142697704,0.6718075261769396,0.9440553051514434,0.9623432261239216,,
IDRiD_79_1536_3072,0.7605709307754454,0.8150222605140383,0.35001940239231594,0.3270485859081183,0.812925069923726,0.7836687196639978,,
IDRiD_79_1536_512,,,,,0.0,0.0,,
IDRiD_79_2048_1024,0.0,0.0,0.0422960725043583,0.02160493826993789,0.850787973612934,0.8925891181779412,,
IDRiD_79_2048_1536,,,0.3081463990372995,0.8758389258805909,0.7233788225900902,0.9119678513065932,,
IDRiD_79_2048_2048,0.0,0.0,0.367265469025223,0.24731182792374842,0.7726207776008404,0.8009592326089838,,
IDRiD_79_2048_2560,0.7778562232618553,0.7006059699206957,,,0.8797918231187414,0.9760142596950905,,
IDRiD_79_2048_3072,0.01115241635635909,0.020618556697488223,0.0,0.0,0.7539959732064182,0.7604011271277937,,
IDRiD_79_2048_512,0.0,0.0,0.30399999975680003,0.18999999981000001,0.7906295753447562,0.9890109888298515,,
IDRiD_79_512_0,0.8725950033418914,0.8583804142964524,,,0.7643678158723081,0.8926174490653574,,
IDRiD_79_512_1024,0.0,0.0,0.14886418558971173,0.11257309940697564,0.6258417508373608,0.9660025985065829,,
IDRiD_79_512_1536,,,0.0,0.0,0.7086599120559294,0.8143673110541659,,
IDRiD_79_512_2048,0.0,0.0,0.5988023951647603,0.8080808079175594,0.6829759677553177,0.9155092592239388,,
IDRiD_79_512_2560,0.8611168777068483,0.8029423151063515,0.31435079719490866,0.21230769224236684,0.8034100596745223,0.8744278114525365,,
IDRiD_79_512_3072,0.8835904628083144,0.9114583332805869,0.0,0.0,0.8230222532818009,0.7595698924567834,,
IDRiD_79_512_512,,,0.652654466377013,0.7494798168643579,0.4721663312895931,0.9336870024048575,,
IDRiD_80_0_2048,0.8334868421025214,0.7354153363862808,,,,,,
IDRiD_80_0_2560,,,0.7574257423867757,0.9562499994023438,0.7247706421464242,0.9132947975118894,,
IDRiD_80_0_3072,,,,,0.0,0.0,,
IDRiD_80_1024_2048,,,,,0.3524296675101681,0.23435374148862745,,
IDRiD_80_1024_2560,,,,,0.0,0.0,,
IDRiD_80_1536_1536,,,0.5591098747483852,0.9999999995024876,,,,
IDRiD_80_1536_2048,,,,,0.0,0.0,,
IDRiD_80_1536_2560,,,,,0.0,0.0,,
IDRiD_80_1536_3072,,,,,0.72829131648581,0.6526104417015451,,
IDRiD_80_2048_1536,,,,,0.0,0.0,,
IDRiD_80_2048_2048,,,0.6753731342023558,0.7357723574244828,,,,
IDRiD_80_2048_3072,,,0.0,0.0,0.7017964071015813,0.5919191917996123,,
IDRiD_80_512_2560,,,,,0.26890756291222373,0.15533980574983505,,
