image,dice_hemorrhages,recall_hemorrhages,dice_microaneurysms,recall_microaneurysms,dice_hard_exudates,recall_hard_exudates,dice_soft_exudates,recall_soft_exudates
IDRiD_01_0_1024,0.8955036159637825,0.9829728485737926,,,,,,
IDRiD_01_0_2048,0.054852320663533266,0.028199566154403565,,,,,,
IDRiD_01_0_2560,0.6459977451903609,0.754940711412718,0.43043725153716994,0.6202945989164821,,,,
IDRiD_01_1024_1024,,,,,0.8384324509996832,0.7715912685614809,,
IDRiD_01_1024_1536,,,,,0.476190476178017,0.3222379603285327,,
IDRiD_01_1024_2048,,,0.7912360479209907,0.7447470816541052,0.4630738522851392,0.3336529242462879,,
IDRiD_01_1024_2560,0.5406162464607411,0.3715110682991808,0.4128256512198746,0.5024390241451517,0.4468575678657727,0.29514639418063326,,
IDRiD_01_1024_512,0.7645051194249335,0.7199999999485713,,,0.0,0.0,,
IDRiD_01_1536_1024,0.9115750986196883,0.9338590438547673,0.8170515096239696,0.9999999995652175,0.49379727683831176,0.3287671232744252,,
IDRiD_01_1536_1536,,,,,0.5308370043468241,0.37134052382567945,,
IDRiD_01_1536_2048,,,0.6795895096533872,0.6320254506222667,0.7616559609037045,0.6823613635074488,,
IDRiD_01_1536_2560,,,,,0.0,0.0,,
IDRiD_01_1536_512,0.0,0.0,0.23764458462275032,0.23203285416180022,0.0,0.0,,
IDRiD_01_2048_1024,0.8969761841000964,0.8298673004473176,0.7298245613181492,0.6290322579376951,0.6224941970814254,0.5563938136447304,,
IDRiD_01_2048_1536,,,,,0.7670024359708769,0.6327051539638695,,
IDRiD_01_2048_2048,,,0.7043054427008812,0.59180887367974,0.7889635063653877,0.7530940960479863,,
IDRiD_01_2048_3072,,,0.764473684160232,0.6377607024546915,,,,
IDRiD_01_512_1024,,,0.0,0.0,0.6879406307850104,0.5494961469902343,,
IDRiD_01_512_1536,0.0,0.0,,,0.7477954144526607,0.6746987951653853,,
IDRiD_01_512_2048,0.0,0.0,0.0,0.0,0.5106382978663044,0.3635751556915742,,
IDRiD_01_512_2560,0.062278839344495476,0.03214024835411685,,,,,,
IDRiD_02_0_1536,,,,,0.5006495193491732,0.3402189265476656,,
IDRiD_02_0_2048,0.0,0.0,,,0.6880222840267379,0.5440528633162879,,
IDRiD_02_0_2560,,,,,0.0,0.0,,
IDRiD_02_0_3072,,,,,0.0,0.0,,
IDRiD_02_1024_1024,,,,,0.0,0.0,,
IDRiD_02_1024_1536,,,,,0.4638218923502948,0.30339805821560706,,
IDRiD_02_1024_2048,0.0,0.0,0.6802523046734473,0.5745901638873286,0.4770595690687318,0.3199591975464135,,
IDRiD_02_1024_2560,0.0,0.0,0.5417653026533052,0.49231714809512495,0.6352039951635066,0.47131216256921077,,
IDRiD_02_1024_3072,0.0,0.0,0.16016859850788528,0.20765027316730866,0.6328408815617238,0.4661077416970013,,
IDRiD_02_1024_512,,,,,0.0,0.0,,
IDRiD_02_1536_1024,,,0.8304347825485192,0.9744897957526378,,,,
IDRiD_02_1536_1536,0.0,0.0,0.6408010011713641,0.5577342046715176,0.0,0.0,,
IDRiD_02_1536_2048,0.0,0.0,0.27921092562373206,0.3793814432207461,0.7649656525818213,0.641827912694861,,
IDRiD_02_1536_2560,0.0,0.0,0.0,0.0,0.7271309652103398,0.5903995829121871,,
IDRiD_02_1536_3072,0.33321492005921083,0.22153991496355505,0.7581018518079802,0.7910628018368282,0.06415359400458549,0.033373934225739976,,
IDRiD_02_2048_1024,,,,,0.5315752948971842,0.37475538156802785,,
IDRiD_02_2048_1536,0.0,0.0,0.5765937202115514,0.9294478524756294,0.0,0.0,,
IDRiD_02_2048_2048,0.0,0.0,0.0,0.0,,,,
IDRiD_02_2048_2560,,,,,0.4841149772338707,0.32388663961054925,,
IDRiD_02_2048_3072,,,0.20289855068262969,0.11290322578043704,0.0,0.0,,
IDRiD_02_2048_512,,,,,0.8888888888146291,0.9156626504448085,,
IDRiD_02_512_1024,,,0.395904436826288,0.8957528954070452,0.0,0.0,,
IDRiD_02_512_1536,,,0.4035308953087307,0.5653710246350935,0.7526185077164851,0.6162143046537334,,
IDRiD_02_512_2048,0.7350649350543281,0.590129749754631,0.5025688930171617,0.46379310340829366,0.7410919327302682,0.5973250537306266,,
IDRiD_02_512_2560,,,0.37597911223881814,0.2765685018852025,0.1731843574935239,0.09480122321259901,,
IDRiD_02_512_3072,,,,,0.2919508867268826,0.17092651754458044,,
IDRiD_03_0_1024,0.0,0.0,,,0.543132422125406,0.3774525069954079,,
IDRiD_03_0_1536,0.09159519725400352,0.048004314993743184,0.0,0.0,0.5598983158385796,0.4103400092962115,,
IDRiD_03_0_2048,0.0,0.0,0.1687587168641033,0.9379844953969113,0.7773415591263408,0.6404805914380332,,
IDRiD_03_0_2560,0.7570581180488248,0.7052358234150297,0.4637837837587144,0.4874999999446023,0.572093023122769,0.440860214895749,,
IDRiD_03_0_512,,,,,0.0,0.0,,
IDRiD_03_1024_0,0.0,0.0,,,,,,
IDRiD_03_1024_1024,0.24042742652535942,0.1404056162173476,0.5223529411457439,0.9589632827302454,0.6261391251495059,0.47257408150127483,,
IDRiD_03_1024_1536,0.8267117497770258,0.7488514548047767,0.0,0.0,0.8723828514448865,0.8283743575858324,,
IDRiD_03_1024_2048,0.033342914629682585,0.0169590643269895,0.4936754607700154,0.5970279719757843,0.750010532079138,0.6956470772089104,,
IDRiD_03_1024_2560,0.020643594413459514,0.010429447852440816,0.18111254850057487,0.22047244091016183,0.7517290878221593,0.6412311459863014,,
IDRiD_03_1024_3072,0.4935202327393975,0.35505660736033623,0.4578313252618045,0.6734177213485018,0.4276126557595769,0.2961487383404849,,
IDRiD_03_1536_1024,0.0,0.0,0.5941939468440893,0.5133404481842753,0.5825014679908103,0.4319804911960986,,
IDRiD_03_1536_1536,0.09911744737955754,0.07156862744396386,0.5590433482601255,0.6476190475629766,0.803848972191747,0.7346586302889053,,
IDRiD_03_1536_2048,0.6305045202499124,0.5283479960641081,0.551102204353597,0.5198487711682706,0.83119666224082,0.7494314587132168,,
IDRiD_03_1536_2560,0.21867072551893113,0.12435801257935046,0.24839124837526438,0.4562647753058475,0.7669047257236314,0.6420302760435821,,
IDRiD_03_1536_3072,,,0.0,0.0,0.0,0.0,,
IDRiD_03_2048_0,,,0.6458333331651476,0.502024291294727,,,,
IDRiD_03_2048_1024,0.6457098685884897,0.4957222689258903,0.7018544934804772,0.999999999593496,0.0,0.0,,
IDRiD_03_2048_1536,0.10894059603937283,0.057608235791645715,,,0.7309138773940818,0.6019823447374788,,
IDRiD_03_2048_2048,,,0.0,0.0,0.7140709560998493,0.6147540983553516,,
IDRiD_03_2048_2560,0.0,0.0,0.6682692306085891,0.9858156021377195,0.7664571617471642,0.6859088217677352,,
IDRiD_03_2048_3072,0.6155961500647181,0.89406618484416,,,,,,
IDRiD_03_512_0,0.0,0.0,0.034334763933761905,0.017467248900669325,0.0,0.0,,
IDRiD_03_512_1024,,,0.0,0.0,0.07754629629180866,0.04033714629498271,,
IDRiD_03_512_1536,0.6014450302557812,0.6239870340103734,0.6529562981165866,0.5474137929854711,0.7156378600773962,0.5931779420057626,,
IDRiD_03_512_2048,0.0,0.0,0.0,0.0,0.7318590186529729,0.7809734513130352,,
IDRiD_03_512_2560,0.724684394295935,0.6133212093518227,0.5223184543289594,0.8711111109175308,0.724800472947644,0.77058453801429,,
IDRiD_03_512_3072,0.0,0.0,0.5226781856886957,0.5576036865074646,0.4342507645093941,0.2987901104524571,,
IDRiD_03_512_512,0.38440616499291613,0.34304207117890817,0.4905482041356074,0.9611111109331276,0.06618342262634153,0.034268929502798015,,
IDRiD_04_0_1024,,,,,0.5226377952498702,0.4809782608259983,,
IDRiD_04_1024_0,,,,,0.8590604024923801,0.8687782801498741,,
IDRiD_04_1024_1024,0.8651399490978285,0.8664163089896348,0.05339805823946649,0.027431421439543285,0.0,0.0,,
IDRiD_04_1024_2560,,,,,0.8177215188838327,0.7546728970199362,,
IDRiD_04_1024_3072,,,,,0.0,0.0,,
IDRiD_04_1024_3584,,,,,0.09774436086550962,0.051383399189176525,,
IDRiD_04_1536_1024,0.8430157128380926,0.864066193840661,,,,,,
IDRiD_04_1536_2560,,,0.7433333332094445,0.9999999995515695,,,,
IDRiD_04_1536_512,0.8275737289618986,0.7103219794936295,0.8148148146136259,0.9166666661574074,0.7773279349079644,0.6442953015810099,,
IDRiD_04_2048_512,0.7739472316077887,0.6366163303470891,,,,,,
IDRiD_04_512_1024,,,,,0.3228995057483306,0.20925266902425246,,
IDRiD_04_512_1536,,,,,0.0,0.0,,
IDRiD_04_512_2560,,,,,0.7634194829496184,0.7191011233261793,,
IDRiD_04_512_3072,0.0,0.0,,,0.7508090612456928,0.9279999992576,,
IDRiD_04_512_3584,,,,,0.492424242237718,0.9848484833562903,,
IDRiD_04_512_512,,,,,0.0,0.0,,
IDRiD_05_0_512,0.3821989528750333,0.9999999999377335,0.2707182320068069,0.1692573402125635,,,,
IDRiD_05_1024_1024,,,,,0.6346637506764935,0.5372084413080858,,
IDRiD_05_1024_1536,,,0.0,0.0,0.8451932606373599,0.9177787343556704,,
IDRiD_05_1024_2048,0.07591933569680673,0.05423728812640046,0.0,0.0,,,,
IDRiD_05_1024_512,,,0.6614173227304855,0.9999999995238096,,,,
IDRiD_05_1536_1024,0.0,0.0,0.11674641147208167,0.07349397589475977,0.29179331302556333,0.1723518850678004,,
IDRiD_05_1536_1536,,,,,0.0,0.0,,
IDRiD_05_1536_512,0.0,0.0,0.27460317458138067,0.24435028245136298,,,,
IDRiD_05_2048_1024,,,0.6093749999603271,0.5366972476448741,,,,
IDRiD_05_2048_1536,,,0.0,0.0,,,,
IDRiD_05_2048_512,0.8191641182299865,0.7310771469894077,,,,,,
IDRiD_05_512_1536,,,0.3446153845093491,0.20817843858432025,,,,
IDRiD_06_0_1536,0.5077200721775071,0.3419773095531611,0.14986376019756625,0.1276102087870974,,,,
IDRiD_06_0_2048,0.7664903234395869,0.68555342596208,0.625435540015206,0.6445242368681285,,,,
IDRiD_06_0_2560,0.8164650150386245,0.977018538364072,,,0.0,0.0,,
IDRiD_06_0_3072,,,0.5414847160389771,0.40129449825200825,,,,
IDRiD_06_0_512,,,0.7702936096275018,0.6630327055834457,0.0,0.0,,
IDRiD_06_1024_1024,,,0.7746675996929788,0.850883935368879,0.837790081276724,0.7317625270014223,,
IDRiD_06_1024_1536,,,,,0.8979001446411397,0.8382380331454811,,
IDRiD_06_1024_512,0.0,0.0,0.4562851782192764,0.35144508668488755,,,,
IDRiD_06_1536_0,,,,,0.0,0.0,,
IDRiD_06_1536_1024,0.7868731563131685,0.8584070795769584,,,,,,
IDRiD_06_1536_512,,,0.6006441223348917,0.6498257838589154,0.45674740476526865,0.29596412549417844,,
IDRiD_06_2048_512,,,0.0,0.0,,,,
IDRiD_06_512_0,,,0.0,0.0,,,,
IDRiD_06_512_1024,0.1605839415968229,0.08730158729625753,0.15511760965320295,0.21217391300657845,0.675209898363013,0.521193378203924,,
IDRiD_06_512_1536,0.39241917498412276,0.24719101120123724,,,0.6562771637858172,0.4969440526516507,,
IDRiD_06_512_2048,0.6223908918237357,0.6567505720448082,0.3295454543582128,0.19863013685025335,0.0,0.0,,
IDRiD_06_512_3072,,,0.34042553189678587,0.23171614770226528,,,,
IDRiD_06_512_512,0.23494860497540757,0.2649006622077979,0.3159441586836191,0.2565632457927729,0.582131410244749,0.466452648460146,,
IDRiD_07_0_1024,,,0.6644664465715658,0.5582255082147458,0.5422045679699896,0.9999999996336996,,
IDRiD_07_0_1536,0.41964285713681393,0.6055694097836422,,,0.0,0.0,,
IDRiD_07_0_2048,0.44367015097004764,0.4055201698226808,0.44920702955639924,0.52243270184223,0.4027671021980963,0.9812734078721822,,
IDRiD_07_0_512,0.8882544860975427,0.8338437977922019,,,,,,
IDRiD_07_1024_0,,,,,0.0,0.0,,
IDRiD_07_1024_1024,,,0.0,0.0,0.6347165400257931,0.5306621060217283,,
IDRiD_07_1024_1536,,,,,0.39304184296516154,0.2605985037352328,,
IDRiD_07_1024_2048,0.07506702410856111,0.04179104476364446,,,0.06122448978342357,0.03605769229902459,,
IDRiD_07_1024_2560,,,0.7599611272342117,0.7995910018814743,,,,
IDRiD_07_1024_512,,,0.6533117931937541,0.6079374623807614,0.8078274760318863,0.8378064943532504,,
IDRiD_07_1536_0,,,0.0,0.0,0.7075171605439894,0.5663361029062896,,
IDRiD_07_1536_1024,,,,,0.6788441854945325,0.6569643401351953,,
IDRiD_07_1536_1536,,,0.6571428570087463,0.4893617019789174,0.8988020129731472,0.8601750298321867,,
IDRiD_07_1536_2048,0.07468643101269423,0.038849347567056665,,,0.8500021923086333,0.8089229382591275,,
IDRiD_07_1536_2560,,,0.0,0.0,0.8066169053830679,0.7795975666761846,,
IDRiD_07_1536_512,0.10511188667516821,0.11832678529886002,0.39643780521699407,0.8487084869804787,0.6235942667999208,0.6363636363349972,,
IDRiD_07_2048_0,,,,,0.618421052529865,0.4541062800835492,,
IDRiD_07_2048_1024,,,,,0.7166795565682733,0.6830466830131181,,
IDRiD_07_2048_1536,,,,,0.7916281415449624,0.7749526865730687,,
IDRiD_07_2048_2048,0.4053421802543263,0.7977565712238782,0.35035842292337105,0.4085684430085091,0.7900998512769268,0.7845991561015908,,
IDRiD_07_2048_512,0.7568638041193768,0.9626746049809631,0.3152594887561867,0.19950980391178874,0.6631427198356056,0.5376623376483725,,
IDRiD_07_512_0,,,0.0,0.0,0.764227642121092,0.9038461534116125,,
IDRiD_07_512_1024,,,0.5785123962161055,0.6481481469478738,,,,
IDRiD_07_512_1536,,,0.6062974028819513,0.5813133538747769,0.8191565403274369,0.8197424891531127,,
IDRiD_07_512_2048,0.0,0.0,0.4554216866921179,0.42567567557980274,,,,
IDRiD_07_512_2560,0.5221295702261679,0.4007220216474985,,,,,,
IDRiD_07_512_512,,,0.549819927938186,0.7292993629411945,,,,
IDRiD_08_0_1024,0.2473715532607878,0.14157584014371508,,,,,,
IDRiD_08_0_1536,0.7052607219966628,0.6470171962306488,0.0,0.0,,,,
IDRiD_08_1024_1024,0.7174064606005414,0.8673784770759377,0.4346153845944897,0.44708209688950723,0.6375496312921852,0.500222518891846,,
IDRiD_08_1024_1536,0.7236189215950742,0.8462282398288931,0.0,0.0,0.10574712641247191,0.055825242704896784,0.8856239856458289,0.8147740667912394
IDRiD_08_1024_2048,,,,,0.7970057762537015,0.7658586316179671,,
IDRiD_08_1024_2560,,,,,0.41198501864944104,0.25943396220296366,,
IDRiD_08_1024_512,0.46222222221141,0.32161458332286413,,,0.8254200145489101,0.921696574074764,,
IDRiD_08_1536_1024,,,,,0.28740157474657446,0.16781609191544455,,
IDRiD_08_1536_1536,0.7805339002886715,0.6707267559613996,,,0.8525600362405749,0.8497109826436108,,
IDRiD_08_1536_2048,,,,,0.42745995421384625,0.27649496741998253,,
IDRiD_08_512_1024,,,0.4658721559625274,0.6398809521905116,,,,
IDRiD_08_512_1536,,,0.15754923410119273,0.12765957442281575,0.738532109922355,0.8749999995244565,0.8809437744376427,0.8106931172081123
IDRiD_08_512_2048,,,0.5922139205429724,0.5674453654432973,,,0.49328730341073207,0.4248430789513837
IDRiD_08_512_512,,,0.7504363000435539,0.9110169487665183,,,,
IDRiD_09_0_1024,0.5391126158208343,0.3907652566975088,,,,,,
IDRiD_09_0_1536,,,0.03624480094960651,0.018456883509275133,,,,
IDRiD_09_0_2560,,,0.4414261459852051,0.28322440085089146,,,,
IDRiD_09_0_3072,,,0.056157635465213906,0.02889001520380689,,,,
IDRiD_09_0_512,0.5207564575585706,0.38434042552537295,,,,,,
IDRiD_09_1024_1024,0.0,0.0,0.5343152616650844,0.43307086613073226,0.7643129994592011,0.6633176049436084,,
IDRiD_09_1024_1536,0.8917830627853794,0.8423867823506194,,,0.8595494464971407,0.8286912139977604,,
IDRiD_09_1024_2048,0.5458641776574845,0.5156059991788488,0.5348950707531749,0.5953286257145395,0.7887461059113244,0.7270279971154517,,
IDRiD_09_1024_2560,,,,,0.5893508387608059,0.43070362468755824,,
IDRiD_09_1024_3072,,,0.0,0.0,,,,
IDRiD_09_1024_3584,,,0.0,0.0,,,,
IDRiD_09_1024_512,0.25925085129944947,0.21062338619658344,0.488498683046734,0.4309169764426606,0.7255247433708996,0.6186152841239803,,
IDRiD_09_1536_1024,0.10750803388526124,0.05680765668240792,0.21541866469142684,0.1222268731635736,0.6645856455774496,0.5326340758291663,,
IDRiD_09_1536_1536,0.6219805500300953,0.8685747663297729,0.4860139859856635,0.35917312658405054,0.8083541927396615,0.840408574864707,,
IDRiD_09_1536_2048,0.7217840630850995,0.9234516353192954,0.2378752886561345,0.13499344690235998,0.2989323842884462,0.22764227636107254,,
IDRiD_09_1536_2560,,,0.2945100051157255,0.1726835138283584,,,,
IDRiD_09_1536_512,,,0.0,0.0,0.8808421164685393,0.8489380258545841,,
IDRiD_09_2048_1024,,,,,0.681617086188546,0.7771786397499186,,
IDRiD_09_2048_1536,0.11609498677675593,0.061624649842682164,0.5867908551826084,0.6334552101797573,0.7115907274161695,0.6202043659980483,,
IDRiD_09_2048_2048,0.649258542865099,0.72707581224812,0.5835294117189388,0.4476534295490189,,,,
IDRiD_09_2048_2560,,,,,0.8497354496904902,0.9283236993146446,,
IDRiD_09_2048_512,,,0.617841409674619,0.5247895228940698,0.0,0.0,,
IDRiD_09_512_0,0.2716202270325775,0.15715309290286236,,,,,,
IDRiD_09_512_1024,0.0,0.0,0.5365775056310574,0.47707736388317834,0.7590779671564449,0.7744528451987707,,
IDRiD_09_512_1536,0.3272727271983471,0.3228699550121659,0.7996272133457942,0.7915129149831157,0.7150305498952544,0.7711298541489093,,
IDRiD_09_512_2048,,,,,0.7465541490752946,0.8544752092448656,,
IDRiD_09_512_3072,,,0.0,0.0,,,,
IDRiD_09_512_512,0.38040806995267523,0.2624812682367499,0.33559531151538585,0.41846153839715977,0.737657308737884,0.9007092196452223,,
IDRiD_10_0_1024,,,,,0.7572720465389169,0.6931512627158056,,
IDRiD_10_0_1536,,,0.7442636628809235,0.7859030836311979,0.8089545383108596,0.7608977419997706,,
IDRiD_10_0_2048,0.8410011512350616,0.8081619273882802,0.6998799519387827,0.665525114079278,0.7815865782912655,0.7839817171309199,,
IDRiD_10_0_2560,0.4211968935522888,0.594582975038926,0.5218432076444691,0.5801729873200151,0.7590280121370397,0.8357487922394743,,
IDRiD_10_0_3072,,,,,0.22558922558651284,0.12800218340436678,,
IDRiD_10_0_512,,,,,0.47096774178355877,0.31739130420982986,,
IDRiD_10_1024_0,,,,,0.7740863786089558,0.6314363141920226,,
IDRiD_10_1024_1024,0.45028864656109224,0.3730074388848829,0.3077601410799048,0.19695259592567987,0.7929091658614222,0.8902489199661566,,
IDRiD_10_1024_1536,,,,,0.9734513837409295,0.9751297054055763,,
IDRiD_10_1024_2048,,,0.8029064486100902,0.6949685533498478,0.9757258500020418,0.9885896223297029,,
IDRiD_10_1024_2560,0.785929592652897,0.7828338475056036,0.6294416243502673,0.527980535258395,0.7998396861206154,0.745390210337152,,
IDRiD_10_1024_3072,0.4722175308145209,0.9971469328818011,0.6595959595626466,0.656281406969218,0.7831267300470386,0.689227836027018,,
IDRiD_10_1024_512,,,,,0.7596899224773666,0.6881595282379875,,
IDRiD_10_1536_0,,,0.0,0.0,0.6411435674252188,0.48450122110681004,,
IDRiD_10_1536_1024,,,0.7004674577238236,0.7334337348845306,0.6976839684596843,0.7123092403093048,,
IDRiD_10_1536_1536,,,0.28037383164468516,0.16304347817225898,0.7955678501933433,0.8621075863858019,,
IDRiD_10_1536_2048,0.40900458566673303,0.9932508436221991,0.4256039390610001,0.28770542957587464,0.77840252336113,0.7046429964859907,,
IDRiD_10_1536_2560,,,0.5360038149482116,0.5194085027246388,0.8276405451430416,0.8074877420393606,,
IDRiD_10_1536_3072,,,0.27958387514437033,0.2711223202684587,0.6988679245107203,0.681216282458008,,
IDRiD_10_1536_512,0.5901166285849451,0.4500275077856221,,,,,,
IDRiD_10_2048_1024,0.0,0.0,0.4247669773352352,0.30584851387288126,0.0,0.0,,
IDRiD_10_2048_1536,0.0,0.0,0.6778625953853504,0.9420084864297018,0.5622152960853246,0.5734898508052461,,
IDRiD_10_2048_2048,0.6948722594609995,0.6709237228713975,0.1463254593127846,0.08056358381211837,0.6484792626668342,0.8536762921413813,,
IDRiD_10_2048_2560,0.12288370374855086,0.0660489741888415,,,0.060773480646195165,0.03133903133010284,,
IDRiD_10_2048_3072,0.2663829787196258,0.3139418254659331,0.16780487803240926,0.09158679445244017,0.5690909090650413,0.46926536728116447,,
IDRiD_10_2048_512,,,,,0.604125083146902,0.47168831166380837,,
IDRiD_10_512_1024,,,0.2066225165289242,0.1211180124035531,0.8220062509971687,0.7764465036078516,,
IDRiD_10_512_1536,,,,,0.832182203388949,0.801955940299308,,
IDRiD_10_512_2048,0.5989624272818902,0.4300225733537241,0.3195050946026381,0.1930518909325835,0.8463908356748042,0.9278939157551827,,
IDRiD_10_512_2560,0.31784279976139296,0.2790931989783832,0.36322686321942615,0.22506977923813576,0.8204827958907843,0.782593754023873,,
IDRiD_10_512_3072,0.46287703015570075,0.3548243663771716,0.188679245274928,0.11235955055605926,0.6475424550294491,0.5335778947959672,,
IDRiD_10_512_512,0.1361800346216498,0.9589597724112573,0.0,0.0,0.8384998915924886,0.7551737602204149,,
IDRiD_11_0_1024,,,0.0,0.0,,,,
IDRiD_11_0_1536,0.38971061092412196,0.4702534919570484,0.3529411764515412,0.21990585069133115,0.007029876975917421,0.003527336860048089,,
IDRiD_11_0_2048,,,0.5266821345402156,0.38572642307682864,,,,
IDRiD_11_0_2560,0.7455999999920468,0.6183651804561506,0.0,0.0,,,,
IDRiD_11_0_3072,,,,,0.608695652126654,0.8218029348381964,,
IDRiD_11_0_512,0.0,0.0,0.6520467835304026,0.5915119361826228,0.0,0.0,,
IDRiD_11_1024_1024,,,0.6221577164672396,0.9386861312498269,,,,
IDRiD_11_1024_1536,0.0,0.0,0.3032329988739044,0.21736814063839274,0.8089226307224732,0.7478116867695938,,
IDRiD_11_1024_2048,0.0,0.0,0.2915057914776539,0.34712643670181,0.80751542603498,0.7139179470400582,,
IDRiD_11_1024_2560,0.0013336296954582435,0.0006672597864620271,0.15989847714721456,0.16557161627259243,0.7673529196266872,0.6401329943266181,,
IDRiD_11_1024_3072,0.31931470879290896,0.2039480919377326,,,0.8341085270024639,0.9340277774534625,,
IDRiD_11_1536_1024,,,0.5611814345399598,0.8417721516323505,,,,
IDRiD_11_1536_1536,,,0.30534351141153393,0.1834862385040541,0.8435445700651651,0.8231973312593484,,
IDRiD_11_1536_2048,0.0,0.0,0.0,0.0,0.8624726041022552,0.7935744076227436,,
IDRiD_11_1536_2560,0.0,0.0,0.0035820895520249497,0.0017942583730984295,0.7868260665719798,0.6632679273605168,,
IDRiD_11_1536_3072,,,,,0.6517970401622432,0.5013008129999789,,
IDRiD_11_2048_1024,,,0.3434075058006175,0.20948136141776819,0.33962264146014187,0.20454545450969486,,
IDRiD_11_2048_1536,,,,,0.0,0.0,,
IDRiD_11_2048_2048,,,,,0.7990104576615338,0.706715467852058,,
IDRiD_11_2048_2560,0.38754675022351615,0.263577615835782,0.0,0.0,0.7441860465076856,0.6657819905150162,,
IDRiD_11_2048_3072,0.5652655982202875,0.42933700810856934,0.05761316871242527,0.029661016942868428,0.6005434782200717,0.4642857142369448,,
IDRiD_11_512_1024,,,,,0.4391657010174295,0.2822040208278329,,
IDRiD_11_512_1536,,,0.7602004294373514,0.6825192801179282,0.613092904741053,0.4841560195841495,,
IDRiD_11_512_2048,,,0.30226244341155994,0.1780383795119362,0.7871771735971208,0.6773806035725831,,
IDRiD_11_512_2560,0.0,0.0,0.5536507936156412,0.43296921544856315,0.6674792412533901,0.5366899424165541,,
IDRiD_11_512_3072,0.23771790808069646,0.3739800543886224,0.058178350021069226,0.034040178569529005,0.0,0.0,,
IDRiD_11_512_512,,,0.32313725487661665,0.19270346116064513,,,,
IDRiD_12_0_1024,,,,,0.5960044394785791,0.8026905828396577,,
IDRiD_12_0_2560,0.4360378297443485,0.3054393305226332,0.22222222220164609,0.17647058820934258,,,,
IDRiD_12_0_3072,0.24166666664652775,0.1374407582808113,0.32173913029489604,0.27007299250359634,,,,
IDRiD_12_0_512,0.007597340930433766,0.003813155385960815,,,,,,
IDRiD_12_1024_1024,0.20215707964462004,0.9999999999316005,,,,,,
IDRiD_12_1024_2048,0.5945098038749403,0.8732718891997069,0.6067146282246145,0.9768339764568208,0.059684361547785246,0.7761194024058811,,
IDRiD_12_1024_2560,,,0.8170212764798552,0.8545994062745995,,,,
IDRiD_12_1536_2048,0.0,0.0,,,0.6646390267275121,0.7902550437611295,,
IDRiD_12_1536_3072,,,0.0,0.0,,,,
IDRiD_12_2048_1536,,,0.5232558136492699,0.40178571392697704,,,,
IDRiD_12_2048_2048,,,0.0,0.0,,,,
IDRiD_12_2048_2560,,,0.48312611003852113,0.34871794862853384,,,,
IDRiD_12_2048_3072,,,0.17607973419002,0.11963882615809507,,,,
IDRiD_12_2048_512,0.7454485269531463,0.6272980501043288,0.6520912546908658,0.4837799717230212,,,,
IDRiD_12_512_2560,0.8718423244166686,0.8174089068778634,0.0,0.0,,,,
IDRiD_12_512_512,,,,,0.8960573475096671,0.8250825079785206,,
IDRiD_13_0_1024,0.8454011741532574,0.7476400251495394,0.4708860758301554,0.31418918908304416,,,,
IDRiD_13_0_1536,,,0.6476953907556035,0.48412222885056183,,,,
IDRiD_13_0_2048,0.5354852973571638,0.37365010797983184,0.46706586820753704,0.49999999987179483,0.4952978054873674,0.3291666665295139,,
IDRiD_13_0_2560,0.8541220893536297,0.9614621705593238,0.6393088552639608,0.47043865222692693,,,,
IDRiD_13_0_3072,0.09507494646477356,0.29798657714120985,0.4330708661076322,0.2947481242985265,,,,
IDRiD_13_0_512,,,0.5607748183747809,0.44744976812616305,0.11904761900037793,0.06329113921380121,0.7992516620425641,0.7641009262167735
IDRiD_13_1024_0,0.0,0.0,0.648818897535619,0.7984496120936241,,,,
IDRiD_13_1024_1024,0.22382997964675944,0.3903785488651121,0.6949585194417691,0.5596094552641516,0.8880719377268437,0.8395170500883675,,
IDRiD_13_1024_1536,0.0335128665449723,0.05090909089983471,0.36489076273036064,0.2592592592451384,0.7544031077939074,0.682786885242956,0.0,0.0
IDRiD_13_1024_2048,,,0.5106382978587597,0.4212373847994192,0.0,0.0,0.15367231637983977,0.08323133414677995
IDRiD_13_1024_2560,,,,,0.0,0.0,,
IDRiD_13_1024_3072,,,,,0.5727313366064127,0.44529403586201455,,
IDRiD_13_1024_3584,,,0.684129429786729,0.5199063230632538,0.8392857135363521,0.7230769219644971,,
IDRiD_13_1024_512,0.42590120158792055,0.2735849056486456,0.7795046138713088,0.7949479940170903,0.6956354916000418,0.6781372732246468,,
IDRiD_13_1536_0,,,0.5655172411843044,0.47126436754525036,0.0,0.0,,
IDRiD_13_1536_1024,,,0.43466299859458984,0.27768014057313883,0.7669746296998537,0.7355836849300821,,
IDRiD_13_1536_1536,0.005012531327064528,0.002570694086742752,0.5801246791133068,0.5391956373183916,0.7238832219231839,0.6070796459818831,,
IDRiD_13_1536_2048,0.18397085609362612,0.1236230110083462,0.6501182032712696,0.5516549648393526,0.4964124368722718,0.36399064690709315,0.0,0.0
IDRiD_13_1536_2560,0.572765666013323,0.406118484940011,0.7205623900948539,0.7093425604309096,,,,
IDRiD_13_1536_3072,,,0.5788461537904955,0.9933993396061388,0.4678243104731538,0.3077956988833608,,
IDRiD_13_1536_3584,,,,,0.0,0.0,,
IDRiD_13_1536_512,,,0.1525320317173562,0.08890469416152882,0.0,0.0,,
IDRiD_13_2048_1024,0.009411764705565992,0.004728132387547176,0.6149068322503954,0.5814977972714395,0.4737310774288752,0.33713561465942515,0.8665741169078116,0.7719153613417995
IDRiD_13_2048_1536,,,0.6968325791539896,0.6826241134146609,,,0.0,0.0
IDRiD_13_2048_2048,0.221531286427457,0.13950073420756237,0.0,0.0,0.786982248287875,0.6927083329725477,,
IDRiD_13_2048_2560,0.0,0.0,0.19887955179287403,0.2499999999119718,,,,
IDRiD_13_2048_512,,,0.4706422018132733,0.44647519578359657,,,0.3028950122057698,0.1784774745134949
IDRiD_13_512_0,0.20588235289792386,0.11922141116320646,0.0,0.0,,,,
IDRiD_13_512_1024,0.26501766782111147,0.16393442621159188,0.6480612496752763,0.5545224006528098,0.7933182982291792,0.721058970675126,,
IDRiD_13_512_1536,,,0.6068817204170563,0.49232379621450373,0.7757593403271577,0.6845408500317761,,
IDRiD_13_512_2048,,,0.8442367599931095,0.7655367229475885,0.8058734614380075,0.7846930193109886,,
IDRiD_13_512_2560,0.7006833712664837,0.5540345820926488,0.7736450584073514,0.7013487475239548,,,,
IDRiD_13_512_3072,,,,,0.6205428419041754,0.45725490192492113,,
IDRiD_13_512_3584,,,,,0.0,0.0,,
IDRiD_13_512_512,0.0,0.0,0.3456345634252354,0.21597300335028427,0.5360617242356236,0.37653157396906073,0.0,0.0
IDRiD_14_0_1024,,,0.717948717897582,0.8289473682847126,,,,
IDRiD_14_0_1536,0.0623229461736757,0.03216374268901352,0.5882352938704893,0.5785123962161055,0.033271719032666965,0.016917293229902767,,
IDRiD_14_0_2048,0.7301306176612048,0.5891389781994862,0.5600756858505131,0.9999999996621621,0.7787401574649855,0.9182915505608965,,
IDRiD_14_0_2560,0.38040915658696167,0.23928434749101332,0.5717344753624897,0.6369274808856428,,,0.7694543408926989,0.8677310213484063
IDRiD_14_0_3072,0.0,0.0,,,0.0,0.0,,
IDRiD_14_0_512,,,0.24215246635413942,0.14733969985352388,,,,
IDRiD_14_1024_0,,,0.0,0.0,,,,
IDRiD_14_1024_1024,0.16329113923017144,0.6201923073941383,0.0,0.0,,,,
IDRiD_14_1024_1536,0.6712874718303364,0.5410614524988531,0.3309545048915721,0.22083333332018848,0.8128003494946381,0.7673219686502109,,
IDRiD_14_1024_2048,,,0.26666666663752275,0.16094986805264513,0.820383815863555,0.7992193003028902,,
IDRiD_14_1024_2560,,,0.0,0.0,0.7890503683042225,0.7240409207134672,,
IDRiD_14_1024_3072,,,0.0,0.0,0.7624719896169213,0.665328805179939,,
IDRiD_14_1024_3584,,,,,0.0,0.0,,
IDRiD_14_1024_512,,,0.697278911446041,0.5380577426409296,0.44337560121461794,0.2918825561228589,,
IDRiD_14_1536_0,0.3611723920466066,0.6134903639600118,,,,,,
IDRiD_14_1536_1024,,,0.0,0.0,,,,
IDRiD_14_1536_1536,0.875891228648334,0.8632241196105627,0.0,0.0,0.6361332367734227,0.5268365816933482,,
IDRiD_14_1536_2048,0.0,0.0,0.6018882769354468,0.5074626865503329,0.7817258883111898,0.7254710850966384,,
IDRiD_14_1536_2560,,,0.7546699875153728,0.6688741721362124,0.7569866342495548,0.7554567501715661,,
IDRiD_14_1536_3072,0.0,0.0,0.43726235733131896,0.5111111108839507,0.46031746024439407,0.30208333327039927,,
IDRiD_14_1536_512,,,0.7688734029750944,0.8552971575122356,,,,
IDRiD_14_2048_1024,0.0,0.0,0.34385382056944735,0.29113924046538125,,,,
IDRiD_14_2048_1536,,,0.5993377482451427,0.6510791364564463,,,,
IDRiD_14_2048_2048,,,0.0,0.0,0.5455486542160689,0.3838310269203328,,
IDRiD_14_2048_2560,0.7975330396335236,0.754333333308189,0.7003710574814299,0.622423742735167,0.6934048052005991,0.8039955604704996,,
IDRiD_14_2048_3072,0.5567298725434142,0.5788623141377226,0.5463414633989572,0.3946932006469862,0.0,0.0,,
IDRiD_14_2048_512,0.8676981370108084,0.7663134411173277,,,,,,
IDRiD_14_512_1536,0.0,0.0,0.0,0.0,0.7219581268259132,0.6270203794689561,,
IDRiD_14_512_2048,0.0,0.0,0.41512231279354167,0.7977207974935268,0.8139222856520114,0.8171685155794127,,
IDRiD_14_512_2560,0.0,0.0,0.5705202311973838,0.6527777777346047,0.7788659577134655,0.7147265293500165,0.0,0.0
IDRiD_14_512_3072,0.0,0.0,0.0,0.0,0.805098378903538,0.7907146329414022,,
IDRiD_14_512_512,,,0.6728232189085985,0.5130784707217145,,,,
IDRiD_15_0_1536,,,0.0,0.0,,,,
IDRiD_15_1024_0,,,0.0,0.0,0.5929802955482457,0.4320323014611022,,
IDRiD_15_1024_1024,,,,,0.7828405234999655,0.8939939108526435,,
IDRiD_15_1024_1536,,,,,0.5017841213090593,0.342778793408203,,
IDRiD_15_1024_512,,,,,0.8033306021197083,0.7281413087084377,,
IDRiD_15_1536_2048,,,0.0,0.0,0.22391857500663648,0.12607449853121075,,
IDRiD_15_1536_512,0.0,0.0,,,0.0,0.0,,
IDRiD_15_2048_2048,,,0.712643677887876,0.8157894729686058,,,,
IDRiD_15_512_1024,0.0,0.0,,,0.7112834625924989,0.6944308744419342,,
IDRiD_15_512_512,0.0,0.0,0.0,0.0,,,,
IDRiD_16_0_2560,,,0.0,0.0,0.8932391523533151,0.9389053881655111,,
IDRiD_16_1024_2048,,,0.8860759493011112,0.845170454425402,0.0,0.0,,
IDRiD_16_1024_2560,0.0,0.0,0.0,0.0,0.477825907588295,0.38688935281514075,,
IDRiD_16_1024_3072,0.8084585638023962,0.7022706012356299,0.3737796373518982,0.23365300782618542,0.796340388005299,0.7227869377272179,,
IDRiD_16_1024_3584,0.1393323657407193,0.07488299531591872,,,,,,
IDRiD_16_1536_2048,,,,,0.6758982035675188,0.609723159985839,,
IDRiD_16_1536_2560,,,,,0.6567724047895558,0.5576017723545057,,
IDRiD_16_1536_3072,,,,,0.7829664677996093,0.7269833184677578,,
IDRiD_16_2048_1024,,,,,0.0,0.0,,
IDRiD_16_2048_1536,,,0.0,0.0,,,,
IDRiD_16_2048_2560,,,,,0.44683908042766957,0.2876965772166793,,
IDRiD_16_2048_3072,,,,,0.0,0.0,,
IDRiD_16_2048_512,,,0.5587668592372319,0.38770053465569504,0.0,0.0,,
IDRiD_16_512_1536,,,0.772575250793056,0.6814159291365373,,,,
IDRiD_16_512_2048,,,,,0.3947797715506069,0.2459349592996067,,
IDRiD_16_512_2560,,,,,0.8125828501598646,0.7595845096205858,,
IDRiD_16_512_3072,,,,,0.7969312666291143,0.7165986202911925,,
IDRiD_17_0_1024,0.5447969751722439,0.8010635726178134,0.0,0.0,0.788923594421018,0.8412759415726201,,
IDRiD_17_0_1536,0.3630852573185764,0.22835124721059277,0.41145440840908404,0.3513513513061324,0.6953875581415668,0.6218317524442402,,
IDRiD_17_0_2048,0.3310017852429658,0.2423086811198804,,,0.6189546130923598,0.6348373557127269,,
IDRiD_17_0_2560,0.6526137631256778,0.7108460657503677,0.0,0.0,0.7142139628148113,0.8607748183498319,,
IDRiD_17_0_3072,0.5269214960736983,0.35770089283718187,,,,,,
IDRiD_17_0_512,,,,,0.8603351954105678,0.9716088325010697,0.7321992462018325,0.577534950983629
IDRiD_17_1024_0,0.08109118086620803,0.04631309358610273,0.40225035156086497,0.5983263595822902,0.0,0.0,,
IDRiD_17_1024_1024,0.26447782046619295,0.15344086892961464,0.4284859365392887,0.28548644335841417,0.7946364313571866,0.8861230006733326,,
IDRiD_17_1024_1536,0.7526183622205496,0.7912767236164193,0.7883720929315847,0.7151898732668376,0.686509334268601,0.7363979848773754,,
IDRiD_17_1024_2048,0.6963177943018454,0.7178010471150501,,,0.6836954718802148,0.7399030694536007,,
IDRiD_17_1024_2560,0.06313993173522696,0.09181141436927756,,,0.07091363836960823,0.6482851378178691,,
IDRiD_17_1024_3072,0.19330274542497589,0.990573276323681,0.0,0.0,,,,
IDRiD_17_1024_3584,,,0.6898470096397987,0.5299145298013003,,,,
IDRiD_17_1024_512,0.7596587748013858,0.6311113393558385,0.0,0.0,0.7527477437209527,0.7426606717766787,,
IDRiD_17_1536_0,0.87346509826978,0.8499129904363935,,,,,,
IDRiD_17_1536_1024,0.0,0.0,,,0.6607680215555322,0.8674528301784498,,
IDRiD_17_1536_1536,0.6877283294557965,0.6813358558798935,0.3653989559757346,0.5268817203167996,0.5667909932271944,0.9199551569300459,,
IDRiD_17_1536_2048,0.45258021169705487,0.30723682104742306,0.5596816975385038,0.9952830183984515,0.21149203282416748,0.3400621117484376,0.7875318066116013,0.7121764141830088
IDRiD_17_1536_2560,0.039140681034054645,0.10720299344981847,,,,,,
IDRiD_17_1536_3072,0.8789948274330165,0.9428482283344961,0.5739348370208102,0.43953934732446465,,,0.29641308631950714,0.17403378847287623
IDRiD_17_1536_512,0.9372542570524489,0.9187794940933149,,,0.5472984393456122,0.9547867112059213,,
IDRiD_17_2048_0,0.01468582817565629,0.007397231321912741,,,,,,
IDRiD_17_2048_1024,0.8426286345034798,0.9924458495120486,,,0.7850627137746562,0.9216867469262592,,
IDRiD_17_2048_1536,0.8066949628914262,0.9568540672158969,,,0.5243902438669112,0.4607142856594388,,
IDRiD_17_2048_2048,0.527879921724345,0.36705643111227293,,,0.769506726388385,0.6346153845215067,0.0,0.0
IDRiD_17_2048_2560,0.889145797657494,0.8737358206900476,0.40508806258267244,0.3035190615390735,,,0.2587783673901007,0.4282511210602298
IDRiD_17_2048_3072,0.6933460377946746,0.6598355700620848,,,,,,
IDRiD_17_2048_512,0.9868144241308604,0.985406178020509,,,,,,
IDRiD_17_512_0,,,0.7661290319491415,0.6884057966026045,0.38095238090464256,0.24755700321701027,,
IDRiD_17_512_1024,0.7590920597353886,0.7784700588304176,0.0,0.0,0.756926317715902,0.7497845316364264,,
IDRiD_17_512_1536,0.5995132204856759,0.45045719035369525,0.6964746345557972,0.7323688969037864,0.8173119225677935,0.8053247597687836,,
IDRiD_17_512_2048,0.6346265698700273,0.5478484025716969,0.0,0.0,0.6069356709990081,0.5841191066852576,,
IDRiD_17_512_2560,0.0,0.0,0.49879807689310107,0.41089108906822863,0.43313226422784856,0.30853070634440305,,
IDRiD_17_512_3072,0.27057356608398475,0.9999999999780558,0.7268722466426671,0.6428571427736549,,,,
IDRiD_17_512_512,0.07979483183976173,0.19257286116902894,0.0879940342961973,0.05550329256298181,0.6431945040759353,0.5198981952759533,0.5847898599027032,0.41364665911274395
IDRiD_18_0_1024,0.0,0.0,0.5086982603326725,0.5546108567328574,,,,
IDRiD_18_0_1536,0.6976647205859536,0.7101018675420161,0.0,0.0,0.6689189188983747,0.580799999969024,,
IDRiD_18_0_2048,,,0.3419501133631769,0.3157453936083965,0.7362965915739228,0.7734505862322676,,
IDRiD_18_0_2560,0.7361119008316591,0.6428003972130804,0.34369114875971324,0.2858261550285179,0.6140392342163313,0.618718742543017,0.8129738459431476,0.7394320221907994
IDRiD_18_0_3072,,,0.0,0.0,,,0.8441648123928169,0.9188241189089891
IDRiD_18_0_512,,,0.6813532650919469,0.5191846522159251,,,,
IDRiD_18_1024_0,0.4802527645750195,0.3963494132468906,0.5696282293276856,0.8188405795618043,0.6602870810237861,0.5149253727500557,,
IDRiD_18_1024_1024,0.2081114297333834,0.12060778726872709,0.4389067523939346,0.6920152090377675,0.7513812154660345,0.8157187176751217,,
IDRiD_18_1024_1536,0.45853857113593105,0.44262810436621636,0.18754277891213064,0.22967309302349764,0.7296439901267453,0.7258791704165326,,
IDRiD_18_1024_2048,,,0.4152583292894612,0.44375644990260515,,,,
IDRiD_18_1024_3072,,,,,,,0.8453506536181643,0.8522171570588295
IDRiD_18_1024_512,0.6976204294813281,0.634882686530441,0.2566897918604217,0.18809005082148947,0.7843623311881004,0.8027059880513572,,
IDRiD_18_1536_0,0.0029717682016386676,0.0014880952378737954,0.5125448027755296,0.7222222218574635,0.8431222984784358,0.8344237543616294,,
IDRiD_18_1536_1024,0.31341131228467534,0.19701853343680462,0.6207928197224835,0.558922558884921,0.7796315822069116,0.8151750972656916,,
IDRiD_18_1536_1536,,,0.0,0.0,0.43971631203446215,0.282552083314938,,
IDRiD_18_1536_2048,,,0.4337843378255931,0.39566192966375,0.5327783558238525,0.4514991180861554,,
IDRiD_18_1536_3072,,,0.2285714285351474,0.2748091602004545,,,,
IDRiD_18_1536_3584,0.0,0.0,,,,,,
IDRiD_18_1536_512,0.23821495913770538,0.1904522612969622,0.10364842453964974,0.11101243338268095,0.7907644336638107,0.8147789280390902,,
IDRiD_18_2048_0,0.18320610683526603,0.1344537814749429,0.5243619488950857,0.44140624991378785,,,,
IDRiD_18_2048_1024,0.33794694347353094,0.20468040516225358,0.0,0.0,0.763978663314942,0.8164989939528303,,
IDRiD_18_2048_1536,,,0.14256339957898811,0.1850533807499905,0.8222768222094777,0.7770897831614413,0.0,0.0
IDRiD_18_2048_2048,,,0.2682926829142452,0.26704014936815684,0.0,0.0,,
IDRiD_18_2048_2560,,,0.0,0.0,,,,
IDRiD_18_2048_3072,0.4742337487209756,0.541955350227717,0.1329479768594006,0.16027874558875305,,,,
IDRiD_18_2048_512,0.6764705882334312,0.7796610169442032,0.27472937662281716,0.2738095237891511,0.7655376520629551,0.791836734640011,,
IDRiD_18_512_1024,0.5120754716884515,0.48498927803842073,0.382165605068495,0.8108108105673241,0.8410810810628956,0.8486038394045112,,
IDRiD_18_512_1536,0.5264270612996528,0.6573389651184087,,,0.0,0.0,,
IDRiD_18_512_2048,0.6191942176332593,0.5359128822860076,0.0,0.0,,,,
IDRiD_18_512_3072,,,0.07949125594920649,0.07987220444732517,0.4580078124776364,0.31245836107178826,,
IDRiD_18_512_512,0.5882591092998328,0.7319899243963732,0.6835008580366879,0.743863393770338,0.8313356164347974,0.8388768898415647,,
IDRiD_19_0_1024,0.7690476190247307,0.6469704556511281,,,,,0.43809760337218306,0.28048974399299587
IDRiD_19_0_1536,,,,,0.801980197622782,0.6923076917159764,,
IDRiD_19_0_2048,,,,,,,0.39410681399228453,0.24553799081787944
IDRiD_19_0_2560,0.4303554274322425,0.313286713242897,,,,,,
IDRiD_19_1024_0,,,0.0,0.0,,,,
IDRiD_19_1024_1024,,,,,0.8131455398679275,0.7301854974089219,,
IDRiD_19_1024_1536,,,,,0.706469316469209,0.6054732040876433,,
IDRiD_19_1024_2560,,,0.7355623099186076,0.8962962959643346,,,,
IDRiD_19_1024_512,0.26110056925005315,0.9999999997093023,0.0,0.0,,,,
IDRiD_19_1536_2048,0.0,0.0,0.5071770334321559,0.42484969931365735,,,,
IDRiD_19_1536_2560,,,0.0,0.0,,,,
IDRiD_19_1536_3072,,,0.0,0.0,0.6930342384478728,0.6841491840694465,,
IDRiD_19_1536_512,0.6200635496768016,0.5319314641330272,,,,,,
IDRiD_19_2048_1024,0.7482203331208223,0.6446349886787586,0.851351351207542,0.8155339803185974,,,,
IDRiD_19_2048_1536,0.030909090906280988,0.01571164510021149,0.2110091742877283,0.4623115575566274,,,,
IDRiD_19_2048_2048,0.6958614051638181,0.5436090225155181,0.7312499997714843,0.7134146337113325,,,,
IDRiD_19_2048_2560,0.0,0.0,,,,,,
IDRiD_19_2048_3072,,,0.5764705880657439,0.40495867751861214,,,0.8908379919024993,0.814815747712111
IDRiD_19_2048_512,0.8027603074702763,0.779209767665267,0.7806864455624964,0.7829638272131898,,,0.6902847207078875,0.9947797034663859
IDRiD_19_512_1024,0.7571796759871393,0.7829811536115937,0.408968609828792,0.37623762370029085,0.6644736841740968,0.6870748298540732,,
IDRiD_19_512_1536,0.8018175677725529,0.7111038501295479,0.7292069631789935,0.618032786783929,0.7609803921531324,0.7134191176405016,0.7249982230384178,0.6300185299489807
IDRiD_19_512_2048,0.001084598698422744,0.0005425935973661099,,,,,,
IDRiD_19_512_512,0.4304864036602648,0.3034557235257313,0.52285012282443,0.42088607591606914,,,,
IDRiD_20_0_1024,0.059555555552908646,0.03351675837751292,0.26674500586760447,0.7115987459699689,,,,
IDRiD_20_0_1536,0.8918097493550747,0.838242932397134,0.11797752805674788,0.06268656714546669,0.6237217167193516,0.6626176218877226,,
IDRiD_20_0_2048,0.7136866183486967,0.55980861240671,0.6687179486493623,0.6059479552777048,0.6564289432416338,0.6414038656845674,,
IDRiD_20_0_2560,,,0.0,0.0,,,,
IDRiD_20_0_512,0.0,0.0,,,,,,
IDRiD_20_1024_0,,,0.7172941926791772,0.5688259108736007,,,,
IDRiD_20_1024_1024,0.29463679563512307,0.18219983205858942,0.351807228887405,0.4469387754189921,0.8214938264746651,0.8007879965414465,,
IDRiD_20_1024_1536,0.0,0.0,0.0,0.0,0.7815737140459423,0.7235656188133459,,
IDRiD_20_1024_2048,,,0.6413382477844815,0.5517073170462582,0.0,0.0,,
IDRiD_20_1024_2560,,,0.6697819313598471,0.6039325841000189,,,,
IDRiD_20_1024_3072,0.385834517429382,0.8325471697720497,0.7634584012427847,0.9194499015875344,,,,
IDRiD_20_1024_512,0.628030381847591,0.5306840161679148,0.5847477886544407,0.6366475793525951,0.765495867729055,0.7278978388283008,,
IDRiD_20_1536_1024,0.561052888126078,0.41723054615252253,0.684085510672587,0.6360424027987615,0.7515558069960738,0.6635507349745715,,
IDRiD_20_1536_1536,,,0.7567567566106648,0.6086956519848771,0.8513491808510627,0.7715990974541699,,
IDRiD_20_1536_2048,0.6442880346159021,0.47714514831779103,,,,,,
IDRiD_20_1536_3072,0.4459367690300616,0.5546171171067077,0.5500566679051736,0.4237485447948924,0.0,0.0,,
IDRiD_20_1536_512,0.6861848124218913,0.6124115405219155,0.4529201430094192,0.4509493670529312,0.8591119333910309,0.8300116185465187,,
IDRiD_20_2048_1024,,,0.5738176116913034,0.6252847380053937,0.7533506564525665,0.685733847873237,,
IDRiD_20_2048_1536,0.5334630350090767,0.42683686175507984,0.43413873731745367,0.7357992073004228,0.7599605522607499,0.6458263493019473,,
IDRiD_20_2048_2560,0.7034632034378261,0.5425709515557835,,,,,,
IDRiD_20_2048_3072,0.5822518414387144,0.412524850874129,0.33366633363300036,0.21576227387393254,0.0,0.0,,
IDRiD_20_2048_512,0.14249471458472526,0.09664468023812318,0.35264162951288086,0.22612244896113284,0.9242070832973425,0.9468768884197831,,
IDRiD_20_512_1024,0.0,0.0,0.6874279123215852,0.6125385405646178,0.8048227403372648,0.7530181687761385,,
IDRiD_20_512_1536,0.4599329676991169,0.3845859872562473,0.4947605783194753,0.5232884399404241,0.7658192354407752,0.7442209001283245,,
IDRiD_20_512_2048,,,,,0.0,0.0,,
IDRiD_20_512_2560,0.45352709656513696,0.30140845069209626,0.0018885741263561307,0.0017543859646044937,,,,
IDRiD_20_512_3072,,,0.0,0.0,,,,
IDRiD_20_512_512,,,0.49630238286801126,0.49025974018015267,0.7880143112348831,0.8578383640839494,,
IDRiD_21_0_1024,0.4156073446254307,0.2987309644594231,0.35561160149081894,0.3414043583121787,0.3434041280184444,0.20759493670135282,,
IDRiD_21_0_1536,0.0,0.0,0.5286693111962254,0.9105590060980673,0.3802521008003937,0.2520891364551408,,
IDRiD_21_0_2048,,,0.5906163752906516,0.45467422089877135,0.497206703893254,0.4091954022753336,,
IDRiD_21_0_2560,,,0.45502645499970445,0.32303839730191664,,,,
IDRiD_21_0_3072,,,0.0,0.0,,,,
IDRiD_21_0_512,0.8133917219831418,0.7385838891549876,,,0.0,0.0,,
IDRiD_21_1024_1024,,,0.7172630750799347,0.7958115182551647,0.18112384069336815,0.2475764354774365,,
IDRiD_21_1024_1536,0.8020096979564059,0.7297469700113783,0.2857142856742697,0.20901639339979172,0.8673355629861518,0.8395485423123423,,
IDRiD_21_1024_2048,0.45565819860905704,0.3015897279073435,0.4609241300364561,0.35500878731502555,0.8065019505836774,0.7816145758289585,,
IDRiD_21_1024_2560,0.6799000424316096,0.5381801895906682,0.31910426869705355,0.3367799113239616,0.8101673101607934,0.7422254974098419,,
IDRiD_21_1024_3072,0.814203939062635,0.6917243653034665,0.7627711685960271,0.617214042965208,,,,
IDRiD_21_1536_0,,,,,0.0,0.0,,
IDRiD_21_1536_1024,,,0.8062730626562478,0.8722554888478532,0.18054474707702867,0.09923011120332963,,
IDRiD_21_1536_1536,0.4946018893220445,0.32855221872126616,,,0.873672613046633,0.960146327637478,,
IDRiD_21_1536_2048,0.3279040629975317,0.2146204311102479,0.24783599087709177,0.30839002264077214,0.7363776914637189,0.6851449021073247,,
IDRiD_21_1536_2560,0.7140885169497279,0.5837506171056932,0.2615614122197135,0.5228628229576813,0.8107173725132315,0.7635747601832105,,
IDRiD_21_1536_3072,,,0.8370497425665439,0.9104477608543105,,,,
IDRiD_21_1536_512,0.752229127242577,0.6132158590038231,,,0.6227947353508039,0.45406288279076923,,
IDRiD_21_2048_1024,0.06833189778730027,0.03660412180754832,0.0,0.0,0.0,0.0,,
IDRiD_21_2048_1536,0.5610200364225733,0.8026805658673611,0.48152295630002667,0.39055404174472713,0.5983477988016486,0.4568827850454027,,
IDRiD_21_2048_2048,0.5482872928116211,0.3953154875654029,0.7473657157350972,0.8473193472699697,0.7754236205158191,0.7184806289631596,,
IDRiD_21_2048_2560,0.8051720359324438,0.7129827284938292,0.7302452315744666,0.6842553190907016,0.7657068062576667,0.7414448668731657,,
IDRiD_21_2048_3072,,,0.7490996397660145,0.6709677417911897,0.5346985209858136,0.3753993609623963,,
IDRiD_21_2048_512,0.008206330597408773,0.006597549480999288,0.0,0.0,0.0,0.0,,
IDRiD_21_512_1024,,,0.5144927535610516,0.3463414633583185,,,,
IDRiD_21_512_1536,,,0.0,0.0,0.685669781920784,0.6671718702434929,,
IDRiD_21_512_2048,0.8128457504072645,0.814894842972992,0.43451050512138983,0.3599999999733333,0.7118367346866139,0.6661573720270023,,
IDRiD_21_512_2560,0.4851433895798204,0.3236634894277709,0.2984693877455845,0.45927379779594957,0.646816598015622,0.9444958371004166,,
IDRiD_21_512_3072,0.10852197070211313,0.05737416402473164,0.7935548841094104,0.8454935620503232,,,,
IDRiD_21_512_512,,,0.7392670156293961,0.5873544092200742,0.0,0.0,,
IDRiD_22_0_1024,0.7187075432668241,0.5990939977320444,0.0,0.0,,,0.5861491478652804,0.8941989780493517
IDRiD_22_0_1536,0.11649294910383243,0.0618489583293067,0.47303689683320366,0.97276264553589,,,,
IDRiD_22_0_2048,0.37758575543194706,0.9389767441685772,0.40844111637791414,0.325732898987434,,,0.8030906872679825,0.9293176470500769
IDRiD_22_0_2560,0.8545332179577576,0.8882226552696336,,,0.718785406736488,0.5833026847891393,,
IDRiD_22_0_3072,0.23500880369344868,0.21880606247931453,,,,,,
IDRiD_22_0_512,0.7539585870659574,0.6873958911334038,,,,,,
IDRiD_22_1024_1024,,,0.6654217242245434,0.7544107268345511,,,,
IDRiD_22_1024_1536,,,0.47731510251850123,0.36571428567945574,0.7942038423944583,0.7487336914773663,,
IDRiD_22_1024_2048,,,0.46444780631887683,0.5142378558602617,0.7300003538181898,0.7232446454210985,,
IDRiD_22_1024_3072,0.0,0.0,,,,,,
IDRiD_22_1024_512,,,0.7562380036936204,0.8040816323248646,,,,
IDRiD_22_1536_0,,,,,0.5029325512827761,0.4088200237891752,,
IDRiD_22_1536_1024,,,0.9064143006407557,0.9930875573748645,0.7480680060667593,0.6540540538772827,,
IDRiD_22_1536_1536,0.0,0.0,0.5478547854423857,0.5187499999351562,0.846668499671463,0.8221787112705201,,
IDRiD_22_1536_2048,0.31352632469420133,0.9507186857340125,0.15617128461509178,0.13808463248594996,0.8187561420733264,0.807916089448613,,
IDRiD_22_1536_3072,0.7764193602397208,0.9398990809112457,0.5334538878360349,0.37627551015608734,0.6922315685133046,0.549058084750822,,
IDRiD_22_1536_3584,0.1358209850612765,0.0728583381600511,,,,,,
IDRiD_22_1536_512,,,0.7381215468797656,0.893048128103463,0.6445312499820165,0.5801104972084324,,
IDRiD_22_2048_1024,0.6437508988833057,0.5196192245061616,0.5217391302079395,0.3529411762629758,,,0.8763360814184655,0.9225658541106884
IDRiD_22_2048_1536,0.6291111869736075,0.49981916816456023,,,,,,
IDRiD_22_2048_2048,,,0.0,0.0,,,,
IDRiD_22_2048_3072,,,0.573975044460967,0.6098484846174815,,,,
IDRiD_22_2048_512,,,,,0.2943396225859737,0.17410714281827966,0.0,0.0
IDRiD_22_512_1024,0.613319133141932,0.5024190350284139,,,0.9220665498720637,0.8916172734215395,0.6516325937393381,0.8547915607469827
IDRiD_22_512_1536,,,0.619505494462946,0.9260780285572735,,,,
IDRiD_22_512_2560,0.0,0.0,,,,,,
IDRiD_22_512_3072,0.8505944246444165,0.848510228810235,,,,,0.838264919026714,0.8179149435829429
IDRiD_22_512_512,0.7981780427302687,0.9101741521400829,,,0.7014265875432215,0.5590662104938807,0.40239043822697257,0.2799722799528779
IDRiD_23_0_1024,0.5230305862775976,0.4742442791178619,0.0,0.0,,,,
IDRiD_23_0_1536,,,,,,,0.762737514706888,0.6898859315484428
IDRiD_23_0_2048,0.7324244582321069,0.6210317460263886,,,,,,
IDRiD_23_0_2560,0.33460651959060056,0.27484178070928306,,,,,,
IDRiD_23_0_3072,0.012911555842062248,0.0064977257957603085,,,,,,
IDRiD_23_1024_1024,,,,,0.0,0.0,,
IDRiD_23_1024_1536,,,0.6016884113122265,0.663282571799783,,,,
IDRiD_23_1024_2560,,,,,,,0.0,0.0
IDRiD_23_1024_3072,,,0.8147321428116778,0.7891891891038715,,,,
IDRiD_23_1536_1024,,,0.8333333330761317,0.7541899437127431,0.6518231687430841,0.5271398747115271,,
IDRiD_23_1536_1536,,,0.8427095291799416,0.9582245428307508,0.735483870915019,0.7844036696048313,,
IDRiD_23_1536_2560,,,,,0.6271777003172136,0.4666666666320987,,
IDRiD_23_1536_3072,,,0.7627627626864102,0.6864864863627953,0.44452703957545947,0.2934969325081351,,
IDRiD_23_1536_3584,,,,,0.0,0.0,,
IDRiD_23_1536_512,,,0.6962962961243713,0.5381679387258901,0.611484422705819,0.5463973798828385,,
IDRiD_23_2048_1024,0.0,0.0,,,,,,
IDRiD_23_2048_2048,0.04552756812450205,0.023429213202647316,,,,,,
IDRiD_23_2048_2560,0.585053380777713,0.41348088530667154,0.8633540371330196,0.9025974023043515,,,,
IDRiD_23_2048_3072,,,,,0.2987765614746441,0.1756245268602858,,
IDRiD_23_2048_512,0.7079515534417277,0.9801691454948915,,,0.0,0.0,,
IDRiD_23_512_1024,0.759999999985098,0.6762037682946196,,,,,,
IDRiD_23_512_2048,,,0.5164835163416254,0.34814814801920435,,,,
IDRiD_23_512_2560,,,,,,,0.36260733801363576,0.2214541120355011
IDRiD_23_512_3072,0.0,0.0,,,,,0.3049042926684233,0.1798743819299763
IDRiD_23_512_512,,,0.40566037726281595,0.6666666661498708,,,,
IDRiD_24_0_2048,,,,,0.0,0.0,,
IDRiD_24_1024_1536,,,,,0.0,0.0,,
IDRiD_24_1024_2048,,,,,0.4389097744257775,0.29575680809703114,,
IDRiD_24_1024_2560,,,0.03465346533795706,0.03286384974982918,,,,
IDRiD_24_1536_1536,,,,,0.0,0.0,,
IDRiD_24_1536_2048,,,0.8749999998784722,0.7835820893573179,0.37593984959579396,0.231481481460048,,
IDRiD_24_1536_2560,,,0.6376089662966863,0.5150905431559174,,,,
IDRiD_24_1536_512,0.535986982093679,0.4327875480001458,,,0.0,0.0,,
IDRiD_24_2048_1024,0.8211711443354346,0.9623036649147483,,,,,,
IDRiD_24_2048_1536,0.7381165918951518,0.7421100089502155,0.4133738601195481,0.5619834708421556,,,,
IDRiD_24_512_1536,,,,,0.0,0.0,,
IDRiD_24_512_2048,,,,,0.7051840126353311,0.556179775246181,,
IDRiD_24_512_2560,0.7123010861238659,0.6154517677735607,,,,,,
IDRiD_24_512_512,0.5963302752098188,0.42884071628516307,,,,,,
IDRiD_25_0_1024,,,0.7306836247780387,0.7075123152273699,0.729675103319166,0.6494468907708654,0.0,0.0
IDRiD_25_0_1536,0.0,0.0,0.06331727459990934,0.032693674482395615,0.8548173148613831,0.7825874507763753,,
IDRiD_25_0_2048,0.305774673328682,0.18048052317187602,0.01847575057523375,0.00932400932292261,0.7152394198277067,0.6652006800182378,0.0,0.0
IDRiD_25_0_2560,0.5826160119048436,0.4803628601869758,0.0,0.0,0.8716943261038597,0.8528363721475631,,
IDRiD_25_0_3072,0.25133788521635597,0.20999074930296036,,,0.5210355986633466,0.41335044924090497,,
IDRiD_25_0_512,0.6437154920219644,0.4834146341227603,0.0,0.0,0.5956535702751776,0.43145161289653455,0.02503128911076267,0.013935340021908157
IDRiD_25_1024_0,,,0.0,0.0,,,,
IDRiD_25_1024_1024,0.0,0.0,0.0,0.0,0.0,0.0,,
IDRiD_25_1024_1536,0.588328575950074,0.5807764558365442,0.0,0.0,0.8759611135650951,0.8221388134275716,,
IDRiD_25_1024_2048,,,0.0,0.0,0.8589787167279853,0.7943060928423666,,
IDRiD_25_1024_2560,0.7693963836048966,0.9090842058659891,0.39999999997707736,0.26763803678929154,0.8504302471182629,0.795802962865691,,
IDRiD_25_1024_3072,0.0,0.0,,,0.8018520210764816,0.6827471729397098,,
IDRiD_25_1024_512,,,0.524400330808569,0.4384508989711686,,,,
IDRiD_25_1536_0,,,,,0.7700987304978705,0.9999999996336996,,
IDRiD_25_1536_1024,0.7146029204184052,0.9593740996011451,,,,,0.9241775640595544,0.9328755771169305
IDRiD_25_1536_1536,0.0,0.0,0.0,0.0,0.8747310100381944,0.8069453676574979,,
IDRiD_25_1536_2048,0.0,0.0,0.35467980289742534,0.3016759775693642,0.9114317901383842,0.8864964519240068,0.0,0.0
IDRiD_25_1536_2560,0.4909101469468337,0.33972881719186526,0.0,0.0,0.7584508618703197,0.7145669291238109,0.0,0.0
IDRiD_25_1536_3072,0.6606316282865746,0.5833807626606127,0.3351268254930725,0.21843687372560752,,,,
IDRiD_25_1536_512,0.0,0.0,0.6352201257195786,0.8278688522328227,0.0,0.0,,
IDRiD_25_2048_1024,0.0,0.0,,,,,,
IDRiD_25_2048_1536,0.27470083659708405,0.1785271851329764,0.17801608578133962,0.12908242611748968,0.6997223323938968,0.7164906579725228,,
IDRiD_25_2048_2048,0.20955605718506562,0.14160776935912134,0.4129032257886924,0.32564450472688977,,,,
IDRiD_25_2048_2560,0.0,0.0,0.0,0.0,0.0,0.0,,
IDRiD_25_2048_3072,,,0.5683646112092614,0.47321428564386697,0.0,0.0,,
IDRiD_25_512_1024,0.0,0.0,,,0.8277656957452534,0.7942393869914335,,
IDRiD_25_512_1536,0.7176205404555825,0.7337996079035294,0.19062339000024156,0.28593508498563097,0.712143850787201,0.687730122393395,,
IDRiD_25_512_2048,0.6150769790099492,0.4964559819401886,0.30873049345616344,0.21137741841722849,0.7049044056460246,0.6050420167971295,0.6975435964682397,0.5380387619245294
IDRiD_25_512_2560,0.7153820033931566,0.6793061198124762,0.014084507037294186,0.01005025125123103,0.8520267859008207,0.830003476409828,,
IDRiD_25_512_3072,,,0.44117647037197233,0.28662420363909286,0.6313620349634811,0.4638752319849449,,
IDRiD_25_512_512,0.8463434675199577,0.7850609755698648,,,,,,
IDRiD_26_0_1024,0.5127623369198778,0.35618597320163614,0.5770816157809495,0.8064516127174074,,,,
IDRiD_26_0_1536,0.7985492227896522,0.7099686751297224,,,,,,
IDRiD_26_0_2048,,,0.23006695068593627,0.2519999999664,,,,
IDRiD_26_0_2560,0.0,0.0,0.6262737537695876,0.6534482758245145,,,,
IDRiD_26_1024_1024,,,0.6632361348963273,0.9162717218141752,,,,
IDRiD_26_1024_1536,,,0.6873032528736044,0.7745368545220916,,,,
IDRiD_26_1024_2048,0.2913173227186114,0.9135472369952274,0.28713858421863026,0.2807017543312472,,,,
IDRiD_26_1024_2560,0.49361702126492635,0.3323782234851201,0.3998786407645668,0.7225877192190145,,,,
IDRiD_26_1024_3072,0.9535756084357543,0.9548076923019543,0.0,0.0,,,,
IDRiD_26_1536_1024,,,0.6498516319510607,0.999999999543379,,,,
IDRiD_26_1536_1536,,,0.688008130046341,0.7126315788723546,,,,
IDRiD_26_1536_2048,0.3635365183865037,0.4436997318737466,,,,,,
IDRiD_26_1536_2560,,,0.5739400206528469,0.9454855194300706,,,,
IDRiD_26_1536_3072,0.09982788295697667,0.057176656149164964,0.34225686206905265,0.2208132925133007,,,,
IDRiD_26_2048_1024,,,,,0.8567931455499641,0.8641975306508154,,
IDRiD_26_2048_1536,0.24096385541741738,0.8831168830021926,0.0,0.0,,,,
IDRiD_26_2048_2048,,,0.7708119218118384,0.9664948451117281,,,,
IDRiD_26_2048_3072,0.7371601208400607,0.583732057408918,,,,,,
IDRiD_26_512_1024,0.8565494733676677,0.8053747442737086,0.0,0.0,,,,
IDRiD_26_512_1536,0.0,0.0,0.44150559509453174,0.9999999997695852,,,,
IDRiD_26_512_2048,0.7358340729633492,0.8189664136339921,0.6497193093883092,0.7083140877434569,0.6629783310128405,0.6844359828327256,,
IDRiD_26_512_2560,,,0.76496815284188,0.8328710124249049,,,,
IDRiD_26_512_3072,0.6768741462605213,0.5708783272557574,0.6173913042136105,0.44654088036272294,,,,
IDRiD_26_512_3584,0.0,0.0,,,,,,
IDRiD_26_512_512,0.8076580587351889,0.838262476817166,,,,,,
IDRiD_27_0_1024,,,,,0.8009422849468855,0.66797642423026,,
IDRiD_27_0_1536,0.0,0.0,0.7309048177754519,0.956923076628639,0.1272633212557029,0.0679558011012179,,
IDRiD_27_0_2048,0.0,0.0,,,,,,
IDRiD_27_0_2560,0.1949390815358778,0.30952380951805203,0.4225146198675982,0.294447274564725,,,,
IDRiD_27_0_3072,,,0.0,0.0,,,,
IDRiD_27_0_512,0.0,0.0,0.6336965632327161,0.47132169570183025,,,,
IDRiD_27_1024_0,0.7891810989866455,0.6753888380480259,0.3783132529664683,0.5080906147223008,0.21352711010544845,0.737451737167007,,
IDRiD_27_1024_1024,0.026974951825245674,0.03181818180371901,0.6737489516166132,0.7535959974513072,0.7402464065518417,0.7429160226304525,,
IDRiD_27_1024_1536,0.0,0.0,0.6012439529646687,0.7499999998706897,0.8281294594393052,0.8504103165199248,,
IDRiD_27_1024_2048,,,0.7496111974728039,0.8215909089975465,0.6817625458892019,0.5483632783522431,,
IDRiD_27_1024_2560,,,0.0,0.0,,,,
IDRiD_27_1024_512,0.644708633782017,0.9599535693000607,0.6252446183800087,0.8213367608726647,0.7366122869747309,0.7168319168942772,,
IDRiD_27_1536_0,0.8485378655300819,0.8157135992246058,0.0,0.0,,,,
IDRiD_27_1536_1024,0.40823648701030935,0.3369383288227509,0.3190184048998206,0.2547978766739568,0.5054730257915271,0.35327868851493777,,
IDRiD_27_1536_1536,0.0,0.0,0.05535841021608528,0.04229934923619313,0.7975399753932141,0.7624647224715826,,
IDRiD_27_1536_2048,,,0.570247933805751,0.5348837207920197,0.0,0.0,,
IDRiD_27_1536_2560,,,0.5728395060313977,0.5550239231794144,,,,
IDRiD_27_1536_512,0.5370409982136396,0.37573580763867365,0.4806094182659069,0.6559546313179626,0.6324231774296438,0.48306718061008996,,
IDRiD_27_2048_1024,0.4804845221911008,0.42934455800184335,0.5429362880671573,0.6527117030777628,0.6511442785940071,0.5327254965635714,,
IDRiD_27_2048_1536,0.0,0.0,0.6039644012822822,0.6169421487348371,0.7146693187397845,0.6876555023791836,,
IDRiD_27_2048_2048,0.8036303630031506,0.7615324471648528,0.4065420559797799,0.9999999988505748,0.4354545454347521,0.321908602128904,,
IDRiD_27_2048_512,0.5087390761389282,0.4825340437843378,0.48554913292926594,0.37997587452473003,,,,
IDRiD_27_512_1024,0.0,0.0,0.7158836688637649,0.9329446062779965,0.6737226277126379,0.6092409240521953,,
IDRiD_27_512_1536,,,0.3309431880677913,0.26223776221483935,0.7132082413506566,0.7096183764920873,,
IDRiD_27_512_2048,,,0.7664884134106081,0.9388646284109762,0.6898423817802991,0.9586274032378042,,
IDRiD_27_512_512,0.40236084257452753,0.8871438186922337,0.05791019722795174,0.03637322087314848,,,,
IDRiD_28_0_3072,,,,,0.8411867363278906,0.7415384613102958,,
IDRiD_28_1024_1536,,,0.5937794532899359,0.49684542578914115,0.5461950696560302,0.4704579024937054,,
IDRiD_28_1024_2048,,,0.18601076093881547,0.13860252002994244,0.0,0.0,,
IDRiD_28_1024_2560,0.7352941176240522,0.7755775577045823,0.45082872923195266,0.7906976741121327,,,,
IDRiD_28_1024_3072,0.0,0.0,0.4618501012517319,0.9884393060727054,,,,
IDRiD_28_1536_1536,0.8289920724488867,0.8002915451311741,,,0.0,0.0,,
IDRiD_28_1536_2048,0.7745058491223006,0.6399999999857778,0.6586826345990653,0.9821428565582483,0.48918918912308257,0.3383177569461088,,
IDRiD_28_1536_2560,0.8573054047020569,0.8761099365657916,0.5535524919879584,0.9222614837730524,0.4054462934640358,0.37746478867923033,,
IDRiD_28_1536_3072,,,0.6050955413049212,0.5149051489119498,,,,
IDRiD_28_2048_1024,0.0,0.0,,,,,,
IDRiD_28_2048_1536,0.6725880551095685,0.8139362490130514,0.0,0.0,,,,
IDRiD_28_2048_2048,0.8109756097313727,0.7561114269041437,0.10646387830675592,0.05622489958710343,,,,
IDRiD_28_2048_2560,0.0,0.0,0.42660275611584164,0.8279069765516495,,,,
IDRiD_28_2048_3072,0.845949030017271,0.7642611683323531,,,,,,
IDRiD_28_2048_512,0.7094918503634235,0.9273182955069377,,,,,,
IDRiD_28_512_1536,0.85271317828337,0.8292869920564967,,,,,,
IDRiD_28_512_2048,0.7509174311754377,0.6649065799892402,0.5365853657991275,0.913494809372493,0.4326710815821918,0.28823529403287196,,
IDRiD_28_512_2560,0.0,0.0,0.3878787878396082,0.34224598924380645,,,,
IDRiD_28_512_3072,0.7154893065225052,0.6036085292179547,,,,,,
IDRiD_29_0_1024,,,0.6835871403820992,0.9351851849687071,,,,
IDRiD_29_0_1536,,,0.6738868831920714,0.6511627905462412,,,,
IDRiD_29_0_2560,0.0,0.0,0.6512820511985536,0.5962441313154356,,,,
IDRiD_29_1024_1024,,,,,0.7306002928079405,0.7374384236089931,,
IDRiD_29_1024_2048,,,0.47524752470542103,0.40201005018391794,,,,
IDRiD_29_1024_2560,,,0.5249999998359375,0.3870967740151628,,,,
IDRiD_29_1024_3072,0.0,0.0,,,,,,
IDRiD_29_1536_1024,,,0.0,0.0,0.0,0.0,,
IDRiD_29_1536_1536,,,0.5341426402831346,0.49438202233303874,,,,
IDRiD_29_1536_2560,,,0.5454545451628585,0.7183098581432256,,,,
IDRiD_29_1536_3072,0.21588366889172908,0.12100313478865184,0.33458646610252135,0.9999999988764046,,,,
IDRiD_29_2048_1024,,,0.7842105262126039,0.9675324672183335,0.8059701480507909,0.8437499973632813,,
IDRiD_29_2048_1536,,,0.8081180810317126,0.6780185756414803,,,,
IDRiD_29_2048_2560,,,0.8365019010346639,0.979228486356312,0.5427435387134449,0.9999999996336996,,
IDRiD_29_2048_3072,,,0.3818181814710744,0.23595505591465726,,,,
IDRiD_29_512_2048,,,0.047368421040166205,0.024930747915531647,,,,
IDRiD_29_512_2560,,,0.5392491466656572,0.4114583332261827,,,,
IDRiD_29_512_3072,,,0.6546762587573106,0.9381443289297482,,,,
IDRiD_30_0_1024,,,0.0,0.0,,,,
IDRiD_30_0_2048,0.7473449008282603,0.8177976334169416,0.0,0.0,,,,
IDRiD_30_0_2560,0.6189069423776734,0.4840200230849434,0.16523235798922267,0.28656716409356203,,,0.7777826219611205,0.8748528834751387
IDRiD_30_1024_1024,0.8498496857018318,0.8092858629938654,,,0.5550027639477612,0.6708240534222351,,
IDRiD_30_1024_1536,,,,,0.7982432432378497,0.8124054462823215,,
IDRiD_30_1024_2048,0.0,0.0,0.597987541897557,0.6724137930309899,0.5957770591478833,0.5292328489175656,,
IDRiD_30_1024_512,0.3684356252850167,0.25834843385635065,0.1839999999894857,0.1326194398572801,0.31730769215514054,0.18857142846367347,,
IDRiD_30_1536_1024,,,,,0.4772234273203851,0.3991935483710003,,
IDRiD_30_1536_1536,,,,,0.2859818919673437,0.3586530931590718,,
IDRiD_30_1536_2048,0.9044178938468406,0.843264248682817,0.7960927959955931,0.8787061992240683,0.6968869470044542,0.6987951806846223,,
IDRiD_30_1536_2560,,,0.7079136689628902,0.7008547006550271,,,,
IDRiD_30_1536_512,0.0,0.0,0.4632388274645248,0.38652766636836183,0.5291666666482928,0.37098344691475255,,
IDRiD_30_2048_2048,0.8402086754862321,0.8199302347429063,0.5097588977990908,0.43078913321922446,,,,
IDRiD_30_2048_2560,,,,,,,0.6042168674516802,0.4422398588870265
IDRiD_30_512_1024,0.0,0.0,,,,,,
IDRiD_30_512_2560,,,0.65332712886676,0.9525101762615319,,,,
IDRiD_30_512_512,0.0,0.0,,,,,,
IDRiD_31_0_1024,,,0.7390648566747579,0.8333333332388512,,,,
IDRiD_31_0_1536,0.8017606579719333,0.7476106058241575,0.6263399693241699,0.7760910814466621,0.6732087815268717,0.5902923331429641,0.9024378765039005,0.8988843052648655
IDRiD_31_0_2048,0.7181045424796411,0.6755192126733083,0.386276249618862,0.2798971281491686,0.7090561711829647,0.5779965113309494,0.7824478731210478,0.9109787033186508
IDRiD_31_0_2560,0.8330461480596728,0.7375457672210277,0.8013468010769875,0.6959064323415752,0.6309926397328229,0.4940809968693433,0.47678088367361604,0.3152951699416325
IDRiD_31_0_3072,0.8403755868517202,0.9131358934326687,,,,,0.8360806380241687,0.8126722978170552
IDRiD_31_0_512,,,0.6122448977806866,0.9210526307710065,,,,
IDRiD_31_1024_0,,,0.8418230561874233,0.9968253965089442,,,0.4129583481617069,0.260206370565871
IDRiD_31_1024_1536,0.9457747041883736,0.9047090989027308,0.48578811363232716,0.43418013846785675,0.8221420399470021,0.8009259259121927,,
IDRiD_31_1024_2048,,,0.7434656340035367,0.9014084504926271,0.8066686165506158,0.728280961176584,,
IDRiD_31_1024_2560,0.0,0.0,,,,,,
IDRiD_31_1024_3072,0.0,0.0,,,,,,
IDRiD_31_1024_512,0.0035118525020407442,0.0022284122561432636,,,,,0.0,0.0
IDRiD_31_1536_0,0.2829252420053451,0.18015124831471924,,,,,0.17124796475378715,0.09570709774079968
IDRiD_31_1536_1024,0.7861067503847516,0.6666666666555722,,,0.7539099904004498,0.7599742599253555,,
IDRiD_31_1536_1536,0.8768197088404478,0.8137178487813235,0.7047970478404434,0.9999999994764398,,,,
IDRiD_31_1536_2048,0.0,0.0,,,0.768249106667477,0.7702149436658027,,
IDRiD_31_1536_2560,,,,,0.7379603399172111,0.8611570247222183,,
IDRiD_31_1536_512,0.6363883600739856,0.5050450547644469,0.0,0.0,0.7048192768961388,0.549295774390002,0.0,0.0
IDRiD_31_2048_1024,,,0.5286783041734815,0.7066666664311111,,,,
IDRiD_31_2048_2048,,,,,0.9104938270199856,0.9932659929315601,,
IDRiD_31_512_0,0.8704845814935365,0.8740784429285945,,,0.646808510546552,0.5265588913333582,,
IDRiD_31_512_1024,0.7816928877858426,0.8624300674098059,,,,,,
IDRiD_31_512_1536,0.5471574104412232,0.5478775912949037,0.5698261356943451,0.8804159443881429,,,,
IDRiD_31_512_2048,0.0,0.0,0.6950986632275558,0.5735294117044613,0.6661514682895614,0.5671052631205852,,
IDRiD_31_512_2560,0.0,0.0,0.6883963493235468,0.9263157891486611,0.7983861929754748,0.8608023199405316,,
IDRiD_31_512_3072,0.773834377168686,0.8047603730973825,,,,,0.0,0.0
IDRiD_31_512_512,0.7351518330689073,0.6327062954570719,0.5378531072838584,0.9596774189678721,0.0,0.0,,
IDRiD_32_0_1024,0.7838635095209768,0.7715003138610876,,,,,,
IDRiD_32_0_2048,,,0.8066368857175088,0.8814504880221129,,,0.762405382658486,0.9374353670663167
IDRiD_32_0_2560,,,,,,,0.7328605200917683,0.9404971618620033
IDRiD_32_0_512,0.0,0.0,,,,,,
IDRiD_32_1024_2048,,,0.5913621261803585,0.8422712931096935,0.76791808869352,0.8720930231431405,,
IDRiD_32_1024_2560,0.0,0.0,,,0.8534258162732982,0.8328820499246041,,
IDRiD_32_1024_3072,0.6666666666172839,0.5027932960332074,0.2586206896304003,0.14867841408054203,0.8690295836301646,0.8307075336553337,,
IDRiD_32_1536_0,0.10027365128909035,0.053100093157508535,,,,,,
IDRiD_32_1536_1024,,,,,0.0,0.0,,
IDRiD_32_1536_2048,,,,,0.2712795167341417,0.9573643407141997,,
IDRiD_32_1536_2560,,,,,0.8400116993150042,0.7832015271125389,,
IDRiD_32_1536_3072,,,,,0.8049826424177051,0.7925211097389417,,
IDRiD_32_1536_512,0.2884955752084737,0.27121464224033154,,,,,,
IDRiD_32_2048_0,0.0,0.0,,,,,,
IDRiD_32_2048_1024,0.7703726258882305,0.8194663751535711,,,,,0.6621403168230798,0.4949250845580027
IDRiD_32_2048_1536,0.0,0.0,0.003569303985616618,0.0018337408312398002,,,,
IDRiD_32_2048_2048,0.1224696356213325,0.06522911050861298,,,,,0.8103740057505061,0.7172708208454368
IDRiD_32_2048_2560,0.7260986771943696,0.7244183137262394,,,,,,
IDRiD_32_2048_3072,0.04718004338266866,0.024159955567226884,0.6702997274291145,0.8945454542201652,,,,
IDRiD_32_2048_512,0.8677363139182276,0.947382233290285,,,,,0.8229411764625201,0.9999999999761735
IDRiD_32_512_1024,0.4181459565662578,0.3099415204225232,,,,,,
IDRiD_32_512_2048,,,,,0.5702811243834777,0.9999999992957747,,
IDRiD_32_512_2560,,,0.6992417859562559,0.7167530223287129,0.8057228915615979,0.8344331133673133,0.8553394495350066,0.9919986380491659
IDRiD_32_512_3072,,,,,0.8127229488623392,0.8206924154328459,,
IDRiD_32_512_512,0.0,0.0,,,,,,
IDRiD_33_0_1024,0.8637015781715998,0.7784482758285152,,,0.6377777777069136,0.46818923320257927,,
IDRiD_33_0_1536,0.7295573414929866,0.6714017374891829,0.379310344793166,0.8855932199637317,,,,
IDRiD_33_0_2048,0.0,0.0,0.7023026315211922,0.7777777776361061,,,,
IDRiD_33_0_2560,0.6470568208888314,0.6255883611447102,0.9088471848647658,0.9685714282946938,,,,
IDRiD_33_0_3072,0.19679945522307118,0.18158969525034277,0.0,0.0,,,,
IDRiD_33_1024_0,0.868348934046808,0.852659537283479,,,0.6421267892347389,0.7584541059137903,,
IDRiD_33_1024_1024,0.7573333333275631,0.9831849653613614,0.8650306745812789,0.8343195261335388,0.607278652873043,0.5853403140748334,,
IDRiD_33_1024_1536,0.7352161383242927,0.8361300471835851,0.5978728218918788,0.6375482625174929,0.6070404770025565,0.7254042203144586,,
IDRiD_33_1024_2048,0.4877389457377125,0.3760047633168204,0.5898664840706973,0.5443917851328787,0.7171353040077134,0.6913809082376988,,
IDRiD_33_1024_2560,0.7767143561888613,0.7655105348410663,0.41640378548020185,0.31220435192960566,0.6528973034872271,0.62826647034861,,
IDRiD_33_1024_3072,0.8723676313225845,0.8021018282988526,0.7135254988755316,0.6902616902320781,0.5905511808698618,0.6880733938641529,,
IDRiD_33_1024_3584,,,0.27027027022730205,0.16732283461273173,,,,
IDRiD_33_1024_512,0.7933560111526053,0.74237210368925,,,0.0,0.0,,
IDRiD_33_1536_0,,,0.8058252426206524,0.7980769228850776,0.8241758237229804,0.7009345787841733,,
IDRiD_33_1536_1024,0.4502589985330023,0.32224334600147825,0.0,0.0,0.5588162761884385,0.45870445342272453,,
IDRiD_33_1536_1536,0.7421309543785378,0.8645098039046175,0.18648648647388605,0.13117870721186514,0.5529319781035736,0.5209960217987182,,
IDRiD_33_1536_2048,0.24199288251921836,0.1384928716622214,0.8123167154829679,0.7486486485474799,0.696622941665752,0.5957514519803027,,
IDRiD_33_1536_2560,0.7565403096434453,0.6258833921985034,0.6728971962383906,0.7659574467481515,0.6497721057310889,0.5772594751999592,,
IDRiD_33_1536_3072,0.5612763719212128,0.41471629674052407,0.6840849439193022,0.6454299864780407,,,,
IDRiD_33_1536_3584,0.7436994769023444,0.6029298380414087,,,,,,
IDRiD_33_1536_512,0.801090000299899,0.7436965393840674,,,0.6953528398114711,0.6102719031388906,,
IDRiD_33_2048_1024,,,0.8220689654038525,0.7303921566837274,0.9357142856028912,0.9608801953640879,,
IDRiD_33_2048_1536,0.6210093588680048,0.5921601334346596,0.45337678796933956,0.38346094945226766,0.6300743281755274,0.6214285714052095,,
IDRiD_33_2048_2048,0.642354215550779,0.5232352941022578,0.7537154988584166,0.8412322272888075,0.7393700787353059,0.7255634256184731,,
IDRiD_33_2048_2560,0.6775099807677435,0.9316795444924084,0.6193327629923582,0.7956043954295374,0.5016501649613146,0.38513513507007857,,
IDRiD_33_2048_3072,0.49158878500078607,0.47472924179156517,0.5398579320805164,0.9071618034729013,,,,
IDRiD_33_2048_512,0.7194479753019809,0.6023717818741011,0.14598540144919814,0.16207455426870754,0.1477663229986656,0.07977736547685021,0.7437167492135046,0.7276970023204506
IDRiD_33_512_0,0.7134826107602336,0.5881244109238435,,,,,,
IDRiD_33_512_1536,0.8420640360283851,0.8936921957716544,0.35711373826509935,0.292389853117998,0.5598086124210592,0.48035190613018464,,
IDRiD_33_512_2048,0.8062808802603746,0.7458027068790968,0.42999999998346156,0.3225620311412255,0.6925003683410564,0.6025641025486522,,
IDRiD_33_512_2560,0.6518933120091042,0.6705046114041561,0.3310637010087598,0.497498863096976,0.4293085654871715,0.42448979583173674,,
IDRiD_33_512_3072,0.5509248941345299,0.46056390509923534,0.3717892903625691,0.2723214285540611,,,,
IDRiD_33_512_512,0.1982764563929798,0.11029298972150411,0.0,0.0,,,,
IDRiD_34_0_1024,0.8094340939166182,0.7093933463709712,0.0,0.0,0.0,0.0,,
IDRiD_34_0_1536,,,0.0,0.0,,,,
IDRiD_34_0_2048,0.5288000934657741,0.3696202531615384,,,,,,
IDRiD_34_0_2560,0.12951347685828932,0.06934107823435576,,,0.027085257001737684,0.013728549141751504,,
IDRiD_34_0_3072,,,0.7074235806315669,0.5491525421867279,0.06077433286964717,0.03182552503987358,,
IDRiD_34_0_512,0.0,0.0,,,,,,
IDRiD_34_1024_1024,,,,,0.2372881355485333,0.13606911444145375,,
IDRiD_34_1024_1536,,,0.5610317825628268,0.5481548154322092,0.3925729442450169,0.29898989892949696,,
IDRiD_34_1024_2048,,,0.7199999999127273,0.6859122400263482,,,,
IDRiD_34_1024_3072,0.8243421371191098,0.958199397129544,0.027586206877526755,0.013986013976233558,0.8307767226483863,0.8135431568520008,,
IDRiD_34_1024_3584,0.0,0.0,,,,,,
IDRiD_34_1024_512,,,,,0.0,0.0,,
IDRiD_34_1536_0,0.34877475662779023,0.21731855260254257,,,,,,
IDRiD_34_1536_1024,0.4287260916481875,0.29834254142147953,0.3570800351488935,0.30343796706974024,0.666222518276734,0.6016847171357781,,
IDRiD_34_1536_1536,0.7244342595141158,0.6553511272180526,0.0,0.0,0.18412698409775763,0.10139860138087438,,
IDRiD_34_1536_2048,0.6609195402233361,0.6356012959665409,0.0,0.0,,,,
IDRiD_34_1536_3072,0.8348346824318876,0.7952430446428772,,,0.6870229007439349,0.6982758620288347,,
IDRiD_34_1536_3584,0.24364592461684287,0.16746987950798373,,,,,,
IDRiD_34_1536_512,0.7637250275277073,0.7201127261922275,0.5311622683587219,0.874306839025082,,,,
IDRiD_34_2048_0,0.0,0.0,,,,,,
IDRiD_34_2048_1024,0.0,0.0,0.6850548831780171,0.6091091090786231,0.718820861637255,0.9018492175104056,,
IDRiD_34_2048_1536,0.7707091594677759,0.6285215459065608,,,0.4068117313022135,0.5443037974224216,,
IDRiD_34_2048_2048,0.7723437074605539,0.7467976837910721,0.5616966580615876,0.7163934425055093,0.11378780112471072,0.21407907423200778,,
IDRiD_34_2048_2560,0.767114294238236,0.649043074278397,,,,,,
IDRiD_34_2048_3072,,,,,0.8177083333120388,0.7673509286037462,,
IDRiD_34_2048_512,0.8049686858428706,0.7738196352696786,0.37131630646506303,0.2533512064173357,0.6386740330785996,0.5088028168118305,,
IDRiD_34_512_1024,0.8093664247810118,0.7363795743531294,0.15923566876445291,0.08880994669825756,0.6921944034326666,0.9999999995744681,,
IDRiD_34_512_1536,0.0,0.0,0.5359661494307524,0.8520179368376601,0.569795918320833,0.988668554960717,,
IDRiD_34_512_2560,0.31810254620446105,0.2006159260800433,,,0.0,0.0,,
IDRiD_34_512_3072,0.7785875281713802,0.702052706451446,0.0,0.0,0.0,0.0,,
IDRiD_34_512_3584,0.0,0.0,,,,,,
IDRiD_34_512_512,0.7034810264438124,0.7823917046187499,0.19245773730868285,0.12052117262862205,,,,
IDRiD_35_0_1024,,,0.39439775908154634,0.27392996106817663,0.0,0.0,,
IDRiD_35_0_1536,0.23588456712537992,0.19000367511769564,,,0.0,0.0,0.0,0.0
IDRiD_35_0_2048,0.6829687480245631,0.5724393602360504,0.4782608694909533,0.3640661937673602,,,0.8901734098900732,0.9058823518754326
IDRiD_35_0_2560,0.4793556247445534,0.8465216351799363,,,,,,
IDRiD_35_1024_0,0.7287270840529103,0.6258137980527618,,,,,,
IDRiD_35_1024_1024,0.2984445030279667,0.27224627223972475,,,,,,
IDRiD_35_1024_1536,0.21903566244219264,0.4917209793861923,,,0.7388235293248443,0.7040358742816063,0.5226505851064495,0.35377587714691633
IDRiD_35_1024_2048,0.8477991024498815,0.9118825100039859,0.47747747740578417,0.6437246960956581,0.8326701398825422,0.8327042993039653,,
IDRiD_35_1024_2560,0.7339785825711002,0.6331565056036973,0.6372627639498193,0.6398282339967886,0.5994759121024092,0.6276910088380038,,
IDRiD_35_1024_3072,0.885506736964399,0.8423575042891546,,,,,,
IDRiD_35_1024_512,0.25459279617742525,0.14812321157804875,0.4202334629805145,0.284210526265928,,,,
IDRiD_35_1536_0,0.0,0.0,,,,,,
IDRiD_35_1536_1024,,,0.49005847950350534,0.500597371505305,,,,
IDRiD_35_1536_1536,,,0.5516431924235161,0.4484732823571616,,,,
IDRiD_35_1536_2048,,,0.3194444444321202,0.21068702289004138,0.7286717965752982,0.6806249999787305,,
IDRiD_35_1536_2560,0.157400067940693,0.08573895879489589,0.7410236821435429,0.6908831907847746,0.6342072408696371,0.5415778250444396,,
IDRiD_35_1536_3072,0.483676814987724,0.9240302447276452,,,,,,
IDRiD_35_1536_512,0.8441752691051562,0.771029293197299,,,,,,
IDRiD_35_2048_1024,,,,,,,0.7612774451059816,0.6155087549373395
IDRiD_35_2048_2048,0.8659992584288765,0.9265312599027844,0.0,0.0,0.8241912797715625,0.8825301202161053,,
IDRiD_35_2048_512,0.22519891085241683,0.9996232812142926,,,,,0.6144249872909743,0.4536708515252888
IDRiD_35_512_0,0.0,0.0,,,,,,
IDRiD_35_512_1024,,,0.0,0.0,,,,
IDRiD_35_512_1536,0.39871382636073205,0.24908692475805175,,,0.0,0.0,0.4180352343858455,0.26425066061667607
IDRiD_35_512_2048,0.7882486189113235,0.7136250444666674,0.6661420420880161,0.8222438076336939,0.8629213481206918,0.8135593216891698,0.0,0.0
IDRiD_35_512_2560,0.5373087730169012,0.5857726344252631,0.30924369745300473,0.18794688455690023,,,,
IDRiD_35_512_512,0.11443375277487465,0.21389042611472356,0.0509291121799405,0.03446669771614035,,,,
IDRiD_36_0_1024,,,0.7183846970925406,0.7453142226300646,,,,
IDRiD_36_0_1536,0.6178736517640232,0.6707555059751672,0.21640903683514756,0.20823798622237116,0.7257683214915553,0.6922209695212953,,
IDRiD_36_1024_1024,,,0.5797665368521855,0.6157024790844204,0.790361445592684,0.7922705310182269,,
IDRiD_36_1024_1536,0.8355173971794958,0.9015114577814963,0.38805970145116636,0.28482003125433175,0.7455138661708389,0.6217687073983988,,
IDRiD_36_1024_2048,,,0.8090128754496767,0.828571428389325,,,,
IDRiD_36_1024_3584,0.0,0.0,,,,,,
IDRiD_36_1024_512,0.7348742351891614,0.60290016728372,0.3556012332625281,0.5509554138372753,,,,
IDRiD_36_1536_1024,,,0.27178729687800685,0.15807560136099005,0.5516245486966336,0.39462809913278635,,
IDRiD_36_1536_1536,0.6651926424205429,0.5081213166558277,,,,,,
IDRiD_36_1536_2048,0.6162242619544475,0.544259421536185,,,,,,
IDRiD_36_1536_3584,0.0,0.0,,,,,,
IDRiD_36_1536_512,0.0,0.0,0.689759036040699,0.8875968988807763,0.0,0.0,,
IDRiD_36_2048_1024,,,0.0,0.0,0.8219383921245725,0.9271186439106579,,
IDRiD_36_2048_1536,,,0.6646795826628406,0.8383458645040703,,,,
IDRiD_36_2048_3072,0.3826098002464905,0.2404694423366713,,,,,,
IDRiD_36_2048_512,0.5143125293209087,0.35515230070522463,0.6945500633273415,0.7210526314840721,,,,
IDRiD_36_512_1024,,,0.6335784313337268,0.4840823969584192,,,,
IDRiD_36_512_1536,,,0.797542242679031,0.8184110970480194,0.658206429752191,0.6269137791597974,,
IDRiD_36_512_2048,,,0.6546681664423696,0.5661478598671061,0.7772511846499405,0.6482213436173039,,
IDRiD_37_0_1024,0.3639274676979412,0.22735519888240355,,,0.6590909089411157,0.4931972787438104,,
IDRiD_37_0_1536,,,0.8152295631785857,0.8899755499046514,,,,
IDRiD_37_0_2048,,,0.8871681414947823,0.853191489180172,0.0,0.0,,
IDRiD_37_1024_1024,,,0.8571428568823274,0.7540106947839516,,,,
IDRiD_37_1024_1536,0.23291492327524999,0.14033613444198856,0.5654303708491651,0.857749469032325,0.8528256989836238,0.8185451638595574,,
IDRiD_37_1024_2048,,,0.9111969110210045,0.8973384027006317,0.8790337451554534,0.8667272727193933,,
IDRiD_37_1024_2560,,,0.5597014923284696,0.39062499979654947,0.0,0.0,,
IDRiD_37_1024_3072,,,0.03834808259021415,0.0342105263067867,,,,
IDRiD_37_1536_1536,,,0.7375087965701964,0.6632911391565455,,,,
IDRiD_37_1536_2048,0.09140288443357553,0.13465783663716016,,,0.667814113482304,0.9509803916906959,,
IDRiD_37_1536_2560,,,0.6963162623227171,0.6280388978421362,0.0,0.0,,
IDRiD_37_1536_3072,0.35063520869870657,0.4156626505666383,0.317629179307171,0.2447306791282517,0.21301775135324394,0.11920529793430114,,
IDRiD_37_1536_512,0.26864406779281574,0.15516397454470282,,,,,,
IDRiD_37_2048_3072,,,0.0031746031740992695,0.001760563379971732,,,,
IDRiD_37_2048_512,0.8601929788500298,0.9611193944149429,,,,,,
IDRiD_37_512_1536,0.0,0.0,,,0.5687128712646055,0.5510360705640034,,
IDRiD_37_512_2048,0.08363719234179993,0.0436437150666709,0.33463035012944936,0.4914285711477551,0.6508364813698356,0.5211754537447083,,
IDRiD_37_512_2560,,,0.8082545141179488,0.9978768575376057,0.0,0.0,,
IDRiD_38_0_2048,,,0.4801613987572184,0.35276679838411396,,,,
IDRiD_38_0_2560,,,0.7994186045349683,0.9290540537401843,,,,
IDRiD_38_0_512,,,,,0.49275362300987186,0.3269230767659024,,
IDRiD_38_1024_1024,,,0.8332307691794935,0.9148648647412345,0.0,0.0,,
IDRiD_38_1024_1536,0.6366130928797878,0.5398936169853794,0.7039897039444022,0.5593047034192941,,,,
IDRiD_38_1024_2048,,,0.762419006397147,0.8673218671087661,,,,
IDRiD_38_1024_3072,,,0.7795454544568698,0.6596153844885355,,,,
IDRiD_38_1536_1024,,,0.2852422907331915,0.22366148530020194,0.6742976065895633,0.5890909089838017,,
IDRiD_38_1536_1536,,,0.06837606835658801,0.06557377045597063,0.6919365954446004,0.5920808761484064,,
IDRiD_38_1536_2048,,,0.4640738298968969,0.6808510636980947,0.0,0.0,,
IDRiD_38_1536_2560,,,0.0,0.0,,,,
IDRiD_38_1536_3072,,,,,,,0.6641995941188468,0.528395061718359
IDRiD_38_2048_1024,,,0.39585870886748725,0.2853380157782846,0.35502958578714566,0.46915725452049023,,
IDRiD_38_2048_1536,,,0.6956521738185255,0.5333333332222222,0.5326909841340198,0.42387732744535844,,
IDRiD_38_2048_2048,0.7464811007315123,0.6994665085744083,,,,,,
IDRiD_38_512_1024,,,0.6868686867530525,0.8947368417128347,0.6095238094512472,0.5714285713010204,,
IDRiD_38_512_1536,,,0.7368421051939058,0.9116279067647376,0.0,0.0,,
IDRiD_38_512_2560,0.7691111686766232,0.6788655077457061,0.5204560697169378,0.9107981218519253,0.0,0.0,,
IDRiD_38_512_3072,,,0.0,0.0,,,0.8069610343094575,0.6806278771362113
IDRiD_39_0_1024,0.21024546423637963,0.12251243780332634,0.023255813951897686,0.03165735567380683,,,0.5154582004642249,0.6069213189485171
IDRiD_39_0_1536,0.0,0.0,0.4028268550525041,0.44531249982604976,0.0,0.0,,
IDRiD_39_0_2048,0.09047717413570591,0.04744367417574862,0.6153011394298616,0.7631224763954829,,,,
IDRiD_39_0_2560,0.655821817968523,0.9745278114655199,,,,,0.8571428571232966,0.8796252926988467
IDRiD_39_0_3072,0.8235529741473352,0.9452873562783777,,,,,,
IDRiD_39_0_512,0.9080919080465488,0.8991097921959338,0.12377850158834576,0.07480314957684915,0.10056242969515677,0.6376604849304336,0.0,0.0
IDRiD_39_1024_0,0.8974086660907241,0.8463541666497125,0.8216735253208728,0.8569384834253307,,,,
IDRiD_39_1024_1024,0.5705350937953254,0.40107474350751954,0.43513882565156403,0.7672552165702641,0.3042505592160513,0.3035714284359056,,
IDRiD_39_1024_1536,0.13612698412525553,0.11934981072991874,0.5066383430606012,0.6606648199140968,0.5363391655270411,0.7090747330330004,,
IDRiD_39_1024_2048,0.6298889837637935,0.608781776143652,0.6386898669178203,0.9679420888347526,0.6503442998737303,0.5279503104934223,,
IDRiD_39_1024_3072,0.0,0.0,0.7400945110599748,0.7366136034199267,0.28647214852591657,0.16759776535272514,,
IDRiD_39_1024_3584,0.6542711081767222,0.9633361660681882,,,0.0,0.0,,
IDRiD_39_1024_512,0.58536062586448,0.6896464646290493,0.5748870238771,0.5180337405317617,0.5957446807605251,0.45057471254009773,,
IDRiD_39_1536_0,,,0.8338762213625609,0.8707482990235549,,,,
IDRiD_39_1536_1024,0.3701265535430165,0.6179062055839137,0.5899280575376334,0.7533568904061232,0.6932668327448211,0.863354036730836,,
IDRiD_39_1536_1536,0.4080225634554682,0.8216238956322414,0.36349300216117697,0.2644106681885744,0.48988005996083434,0.7679200939619318,,
IDRiD_39_1536_2048,0.4948257761311062,0.8507821901177449,0.3184744923150452,0.20201068174043324,,,,
IDRiD_39_1536_2560,0.6004521051059558,0.6468797564491057,0.2511041009305297,0.15620094190296696,,,,
IDRiD_39_1536_3072,0.7406470855192224,0.6090317764949401,0.19095477384535745,0.17633410668762547,0.8478873238242413,0.8478873237048205,,
IDRiD_39_1536_512,0.6109749198451636,0.4949587534220911,0.3906735751092915,0.6930147057549606,,,,
IDRiD_39_2048_0,0.1449999999909375,0.07869742197566502,,,,,,
IDRiD_39_2048_1024,0.6857801274184235,0.8417637271074582,0.47597864766565934,0.5796316359068655,0.6099597896501714,0.6381877022240655,0.48755605380892625,0.3325177765858818
IDRiD_39_2048_1536,0.3294541091742117,0.46526601150575175,0.6293159608710543,0.6527027026144997,0.15486725660290546,0.22435897421515452,,
IDRiD_39_2048_2048,0.5355191256755567,0.4165213600606687,0.4698162729350514,0.6462093861649442,,,,
IDRiD_39_2048_2560,0.6118673130239592,0.44543072892450164,0.0,0.0,,,,
IDRiD_39_2048_3072,0.8340640361338048,0.788643929396466,,,,,0.6485874954225914,0.655589936764055
IDRiD_39_2048_512,0.6994432007327379,0.9802107634061603,0.7592592592311386,0.9543761637845086,0.7345360823795701,0.6291390727087993,0.6267126314803614,0.5771735590918728
IDRiD_39_512_0,,,0.5140388767788253,0.3469387754090557,,,,
IDRiD_39_512_1024,0.7585041383162521,0.7728717767505044,0.5880636217629058,0.683978275604753,0.6634164635165307,0.647510980942624,,
IDRiD_39_512_1536,0.7201343072551833,0.6689100459582572,0.512928931525241,0.41293532337227196,0.4726886291079131,0.39643493759727505,,
IDRiD_39_512_2048,0.7066857583356461,0.679229303394469,0.6643717727483328,0.8409586054812725,0.704860295827545,0.7793354101360677,,
IDRiD_39_512_2560,0.4381202568529171,0.8078579116895663,0.6818505337592988,0.6525885557694021,,,0.8681501162116191,0.7770511295614119
IDRiD_39_512_512,0.7304038664478062,0.7312569521609426,0.0,0.0,0.0,0.0,,
IDRiD_40_0_1024,0.8766233765949148,0.8474576270654451,0.4825581393946052,0.6194029846123859,,,,
IDRiD_40_0_1536,0.0,0.0,0.46898995862557646,0.8135245899972285,,,,
IDRiD_40_0_2048,,,0.789398280745745,0.916805324306688,0.7557808608968714,0.7056967281065322,,
IDRiD_40_1024_0,,,0.6066350708025426,0.7999999990000001,0.536312848862395,0.4485981304218709,,
IDRiD_40_1024_2048,,,0.741293532153907,0.8816568042120374,0.0,0.0,,
IDRiD_40_1024_2560,,,0.8373919873654837,0.8015037592779694,0.0,0.0,,
IDRiD_40_1024_3072,,,0.3832528179737113,0.45769230751627216,,,,
IDRiD_40_1536_1536,,,,,0.8656716415326353,0.8333333328544061,,
IDRiD_40_1536_2048,,,0.5032258061269511,0.3421052628578024,0.0,0.0,,
IDRiD_40_1536_2560,,,0.8799328294811138,0.9128919859036774,,,,
IDRiD_40_1536_3072,,,0.9189189186931402,0.9211822655560679,,,,
IDRiD_40_1536_512,,,,,0.0,0.0,,
IDRiD_40_2048_1024,,,0.8509874325222644,0.9115384611878697,,,,
IDRiD_40_2048_1536,0.0,0.0,0.6333333332453704,0.9499999996041667,,,,
IDRiD_40_2048_2048,,,0.5042492916418557,0.8240740733110425,0.0,0.0,,
IDRiD_40_2048_2560,,,0.6608569353187468,0.541022592087869,,,,
IDRiD_40_2048_3072,,,0.3747368420263712,0.256484149781993,,,,
IDRiD_40_2048_512,,,0.49445005040419276,0.33063427795807904,,,,
IDRiD_40_512_1536,,,0.40643863170896605,0.480952380723356,,,,
IDRiD_40_512_2048,,,,,0.27929373992306683,0.16231343280553856,,
IDRiD_40_512_2560,,,0.3681415928551962,0.2326621923416863,0.0,0.0,,
IDRiD_41_0_3072,,,0.8425196849288032,0.8447368418829639,,,,
IDRiD_41_1024_1024,0.1604046242658667,0.08719560093580553,0.6278924327312136,0.9436090223790209,,,,
IDRiD_41_1024_1536,,,0.5046664362079272,0.3817991631599477,0.6377708977340912,0.48356807500385723,,
IDRiD_41_1024_2048,,,,,0.7576458493765704,0.6672702580051032,,
IDRiD_41_1024_512,,,,,0.43777777772913584,0.28022759597720803,,
IDRiD_41_1536_1024,,,,,0.7611044416853416,0.6876355746881484,,
IDRiD_41_1536_3072,0.025069637881262558,0.012693935118991964,0.6542056073543542,0.7812499996512277,,,,
IDRiD_41_1536_3584,0.0,0.0,,,,,,
IDRiD_41_1536_512,,,,,0.0,0.0,,
IDRiD_41_2048_1024,0.0,0.0,0.696035242252421,0.7959697731995,,,,
IDRiD_41_2048_2048,,,0.49846153830816564,0.33196721297870196,,,,
IDRiD_41_2048_2560,,,0.7301745635546047,0.8452655888169439,,,,
IDRiD_41_512_1536,,,0.47210300422430573,0.30898876398708075,0.8891213388191296,0.9042553189565414,,
IDRiD_41_512_2048,,,,,0.7913978492921725,0.6715328464702435,,
IDRiD_41_512_3072,,,,,0.3805668014653576,0.2349999998825,,
IDRiD_42_0_1024,,,,,0.7566693612969547,0.6902654866238547,,
IDRiD_42_0_512,0.0,0.0,0.5502092049633672,0.9999999996197718,,,,
IDRiD_42_1024_0,,,0.0,0.0,0.5323510569976826,0.38401109055526755,,
IDRiD_42_1024_1536,,,0.8611764703856055,0.8755980857054555,,,,
IDRiD_42_1024_2048,,,,,0.7945205479294318,0.7905966021023075,,
IDRiD_42_1024_2560,,,,,0.8273629693479999,0.9542060726492234,,
IDRiD_42_1024_3072,,,,,0.8320802002927117,0.9071038246409269,,
IDRiD_42_1024_512,,,,,0.43737166319944853,0.3100436680771407,,
IDRiD_42_1536_0,0.8084544253098774,0.7583643121736847,,,,,,
IDRiD_42_1536_1536,,,0.0,0.0,,,,
IDRiD_42_1536_2048,,,0.596446700431923,0.9999999995744681,0.8488063660155815,0.8756841281567096,,
IDRiD_42_1536_2560,,,,,0.6254545454166391,0.5108910890583276,,
IDRiD_42_2048_1536,,,0.0,0.0,,,,
IDRiD_42_2048_2048,,,,,0.0,0.0,,
IDRiD_42_2048_2560,,,0.7110141765854947,0.9999999996932515,0.0,0.0,,
IDRiD_42_512_1536,,,0.0,0.0,,,,
IDRiD_42_512_2048,,,0.6666666665608466,0.976744185592212,,,,
IDRiD_42_512_2560,,,,,0.812844598729769,0.7380864083002217,,
IDRiD_42_512_3072,,,,,0.0,0.0,,
IDRiD_42_512_512,0.4160496775635049,0.27934573443619803,,,0.0,0.0,,
IDRiD_43_1024_2048,,,,,0.8445603805410348,0.8251049370336543,,
IDRiD_43_1024_2560,,,0.7180585295704455,0.7609682298394905,0.7911506707929327,0.7539337813442307,,
IDRiD_43_1024_3072,,,,,0.023006134968443018,0.01163692785059593,,
IDRiD_43_1024_3584,,,,,0.20557156578236582,0.11655773419209611,,
IDRiD_43_1536_2048,,,,,0.808328579554811,0.7501323451164567,,
IDRiD_43_1536_2560,,,,,0.8238617105365277,0.7832438238369146,,
IDRiD_43_512_2048,,,,,0.8162887551870364,0.8972533061598549,,
IDRiD_43_512_2560,,,,,0.0,0.0,,
IDRiD_43_512_3072,,,,,0.0,0.0,,
IDRiD_44_0_1024,,,0.759776535888393,0.6666666660130719,,,,
IDRiD_44_0_2560,,,,,0.8016740292768735,0.7762269247736954,,
IDRiD_44_0_3072,,,,,0.6335227272277327,0.5392986698259615,,
IDRiD_44_0_512,,,,,0.6879215204973683,0.5337773548493076,,
IDRiD_44_1024_0,,,,,0.0,0.0,,
IDRiD_44_1024_1024,,,0.0,0.0,0.0,0.0,,
IDRiD_44_1024_1536,,,,,0.0,0.0,,
IDRiD_44_1024_3072,,,,,0.638477801223504,0.9999999997792494,,
IDRiD_44_1024_512,,,,,0.059196617323637075,0.030501089317973618,,
IDRiD_44_1536_1024,0.8190675017254859,0.9046887009644624,,,0.5284474445388513,0.3629139072727512,,
IDRiD_44_1536_1536,,,,,0.0,0.0,,
IDRiD_44_1536_2560,,,,,0.0,0.0,,
IDRiD_44_1536_3072,,,,,0.424242424181206,0.2692307691814596,,
IDRiD_44_1536_512,,,0.715517241225104,0.5743944634690676,0.0,0.0,,
IDRiD_44_2048_1024,,,,,0.0,0.0,,
IDRiD_44_2048_1536,0.6086486486321987,0.4703425229544552,,,0.7379341452080319,0.5970802919272203,,
IDRiD_44_2048_512,,,0.8943396224727662,0.8977272723872245,0.6829898660090934,0.566001578169699,,
IDRiD_44_512_1024,,,0.8262910797152241,0.7910112357773008,,,,
IDRiD_44_512_1536,0.0,0.0,0.28759604826700375,0.9703703696515775,,,,
IDRiD_44_512_2048,,,,,0.7636047017516934,0.6193502824421362,,
IDRiD_44_512_2560,,,0.7499999998733109,0.837735848740477,0.0,0.0,,
IDRiD_44_512_512,,,0.3103913629810538,0.2804878048096371,,,,
IDRiD_45_0_1024,,,0.0,0.0,0.29566770878536547,0.17541070481317378,,
IDRiD_45_0_1536,0.8673717820759633,0.8560623965898049,0.005319148935698657,0.007672634269137433,0.7987777832497226,0.6953835592869797,,
IDRiD_45_0_2048,,,,,0.8442752933446155,0.8150642987865852,,
IDRiD_45_0_2560,,,,,0.8601226993337348,0.7771618624415564,,
IDRiD_45_0_512,,,,,0.0,0.0,,
IDRiD_45_1024_1024,0.0,0.0,0.29991126882875674,0.4870317001478294,0.0,0.0,,
IDRiD_45_1024_2560,,,,,0.4373035277528012,0.28941285250626847,,
IDRiD_45_1024_512,,,,,0.7257029001389042,0.5992687385521291,,
IDRiD_45_1536_0,,,0.8834782607159168,0.9844961236494201,,,,
IDRiD_45_1536_1024,,,0.7165109032035791,0.7615894034691462,0.590947907754314,0.45130434780646506,,
IDRiD_45_1536_1536,,,,,0.6405607928295731,0.786817102091044,,
IDRiD_45_1536_2048,,,0.6824324323171568,0.6847457624797472,,,,
IDRiD_45_1536_2560,,,,,0.0,0.0,,
IDRiD_45_1536_3072,,,,,0.605200945483404,0.99999999921875,,
IDRiD_45_1536_512,,,0.5113924049338247,0.45701357445384,0.642011544852343,0.5321115796216005,,
IDRiD_45_2048_1024,0.0,0.0,0.47872340420439113,0.9656652356370535,0.0,0.0,,
IDRiD_45_2048_1536,,,0.0,0.0,,,,
IDRiD_45_2048_2560,,,,,0.4316877152202425,0.2760646108258349,,
IDRiD_45_2048_512,,,,,0.7597447722486591,0.6389331633127304,,
IDRiD_45_512_1024,,,0.7193277309715416,0.6544342505643932,0.6769340974090807,0.5415472779214456,,
IDRiD_45_512_1536,,,,,0.2893081760824334,0.20814479636125385,,
IDRiD_45_512_2560,,,,,0.0,0.0,,
IDRiD_45_512_512,,,,,0.5971014492320941,0.5137157106591377,,
IDRiD_46_0_1024,,,0.8309260831919348,0.740909090796832,,,,
IDRiD_46_0_1536,0.030478192326301723,0.018794556058406055,,,,,,
IDRiD_46_1024_1024,0.8072049429175074,0.9383978572939276,0.005787037036702139,0.0029019152639058665,0.0,0.0,,
IDRiD_46_1024_1536,0.7879853936569559,0.7381220539743122,0.2692307692100592,0.15808491416819467,0.8195806197637602,0.7319910514494599,,
IDRiD_46_1024_2048,0.7739263913155537,0.6750529331132453,0.33879781417679433,0.23815620995670217,0.3933747411193841,0.2448453607616378,,
IDRiD_46_1536_1024,0.8290744522278874,0.900167785224111,0.7396784006632039,0.7050538524685125,,,,
IDRiD_46_1536_1536,0.8535564853333275,0.8486739469137454,0.8353741495462076,0.9446153843247337,0.724999999546875,0.8787878774563821,,
IDRiD_46_1536_2048,0.7101624611068945,0.617059618552079,0.43023255801446725,0.36274509786139947,,,,
IDRiD_46_1536_512,0.8696925329392609,0.7762096774135587,,,,,,
IDRiD_46_2048_1024,0.8941751278709914,0.8497141696385777,0.4748398901887082,0.7532656022128787,,,0.8863130780904409,0.8835200746896706
IDRiD_46_2048_1536,0.7729486023374846,0.7559082892282909,0.0,0.0,,,,
IDRiD_46_2048_2048,0.2998611753748297,0.22704975472224775,0.0,0.0,0.0,0.0,0.8499664354394161,0.7587894526492329
IDRiD_46_2048_2560,,,,,,,0.0,0.0
IDRiD_46_2048_3072,0.8675066206494862,0.8137609153746799,0.8293963253504729,0.8851540613767075,,,0.5394223954618204,0.3712578501288259
IDRiD_46_2048_512,0.8242757691420832,0.7570772959276177,0.0,0.0,0.0,0.0,0.9312343222888483,0.9622810153701742
IDRiD_46_512_1024,0.9243829967805204,0.8885521100386039,0.0,0.0,,,,
IDRiD_46_512_1536,0.8505405171653541,0.8158951385405147,0.6580937972270731,0.863095237923989,0.6121773659726641,0.482147511063796,0.8995380842836513,0.9337042737029568
IDRiD_46_512_2048,0.6741444244254614,0.6316354709936847,0.20682926827250445,0.30547550423473324,0.7342549922067197,0.5945273630361871,0.7867240319552911,0.9364331002936688
IDRiD_47_0_1024,0.0,0.0,,,0.46898432171308896,0.307692307664786,,
IDRiD_47_0_1536,,,,,0.6542404473377983,0.548351820019554,,
IDRiD_47_0_2048,,,0.8248587568291359,0.8111111106604939,0.0,0.0,,
IDRiD_47_0_2560,0.8314390290727907,0.8007421149981172,0.5831157527777967,0.6479690520990389,,,0.903115264796229,0.9445514054650498
IDRiD_47_0_512,,,,,0.3193916349202678,0.1900452488257816,,
IDRiD_47_1024_0,,,,,0.8135593220150091,0.6960667460986864,,
IDRiD_47_1024_1024,0.0,0.0,,,,,,
IDRiD_47_1024_2048,,,0.7879656159329562,0.9482758617419738,0.7264878198974256,0.8450502151474139,,
IDRiD_47_1024_3072,0.0,0.0,,,,,,
IDRiD_47_1024_3584,,,0.0,0.0,,,,
IDRiD_47_1024_512,,,0.7642679899796194,0.9999999996753246,0.783306813247565,0.7237853371601698,,
IDRiD_47_1536_0,,,0.031128404657148476,0.015810276673592777,,,,
IDRiD_47_1536_1024,,,,,0.5637902866394803,0.46783337440306055,,
IDRiD_47_1536_1536,,,,,0.0,0.0,,
IDRiD_47_1536_3072,0.9045542417798653,0.8595352016331208,,,,,,
IDRiD_47_1536_512,,,0.4970238094498477,0.3306930692414469,,,,
IDRiD_47_2048_0,,,,,0.5876106193650247,0.9880952375070862,,
IDRiD_47_2048_1536,0.060477453577693505,0.031198686369392516,,,,,,
IDRiD_47_2048_2048,0.011677282377299507,0.00925925925847986,,,,,,
IDRiD_47_2048_2560,0.0,0.0,0.47524752467405157,0.33410672846076406,,,,
IDRiD_47_2048_512,,,,,0.7859699355199735,0.9384615383011178,,
IDRiD_47_512_0,,,,,0.8784029036518326,0.8231292514207043,,
IDRiD_47_512_1024,,,0.6971340045935605,0.9999999997777778,,,,
IDRiD_47_512_1536,,,0.7988394583366693,0.876857749283045,,,,
IDRiD_47_512_2048,,,,,0.7582558512222146,0.9444888178536547,,
IDRiD_47_512_2560,,,,,0.8176408820154834,0.8848484847814508,,
IDRiD_47_512_512,,,0.8303249094475361,0.9663865538097592,0.4534678436203413,0.3853407629496211,,
IDRiD_48_0_1536,,,0.7492625367626456,0.9621212117567722,,,,
IDRiD_48_0_2048,0.680517241376377,0.7129052650527146,0.6203208555735079,0.6408839778120327,0.3785850859696778,0.3103448274889201,,
IDRiD_48_0_2560,0.0,0.0,0.1883942766220829,0.12687366166344358,0.6017967093913212,0.4505743651685222,,
IDRiD_48_0_3072,,,0.7156970361453681,0.584229390576303,,,,
IDRiD_48_1024_0,0.0,0.0,0.8594917787100529,0.8480825957451206,,,,
IDRiD_48_1024_1024,0.0,0.0,0.08540925263864439,0.0641711229603363,0.39176543977593475,0.5617173523145408,0.8185789510949052,0.9546180536379654
IDRiD_48_1024_1536,0.18727012031552104,0.5988835725439042,,,0.4070213932854075,0.769709543408774,,
IDRiD_48_1024_2048,0.053573193634400974,0.22380840018612777,0.0,0.0,0.8830904346663075,0.9006880436076764,,
IDRiD_48_1024_2560,0.3328275164306316,0.256031128394707,0.46207935709537723,0.39198977416310227,0.847679582479444,0.8470408114424022,,
IDRiD_48_1024_3072,0.38760934114125983,0.2739959155857273,0.3168137587617829,0.27100271001660853,0.8016653016598303,0.7614417217585707,,
IDRiD_48_1024_512,0.0,0.0,,,,,,
IDRiD_48_1536_1024,,,,,0.6982809721329946,0.5801050558013772,0.8663312971457721,0.9374027993414696
IDRiD_48_1536_1536,0.7463070006182946,0.8414192613438508,0.3801220575082718,0.4029574860622999,0.8376658789289281,0.8399125091092599,,
IDRiD_48_1536_2048,,,,,0.7491661389033178,0.6651671914779939,,
IDRiD_48_1536_2560,0.8833693304297147,0.8494288680763536,0.0,0.0,0.8151910982081735,0.7810129782539145,,
IDRiD_48_1536_3072,0.6408712111884735,0.563821964615408,0.41694915247170355,0.398058252298363,0.3530303030035583,0.3371924746255872,0.7858445822644664,0.7116740088027348
IDRiD_48_1536_512,0.0,0.0,0.7873303163858234,0.8207547162068353,0.5071895424615604,0.3518742442350741,,
IDRiD_48_2048_1024,,,0.6428571427295918,0.6067415728064638,0.7329718291134377,0.8116578792966709,0.6887752793707245,0.6191134607513695
IDRiD_48_2048_1536,,,,,0.764419735874606,0.762829403500301,,
IDRiD_48_2048_2048,0.0,0.0,0.6288448393281719,0.5233219567095198,0.8238524911406885,0.8920985555741632,,
IDRiD_48_2048_2560,0.639153953682373,0.7801186943504433,0.4242424241567187,0.29577464780400714,0.7340637449833634,0.623519458492088,,
IDRiD_48_2048_3072,0.2698713096088215,0.7948717947831805,0.0,0.0,,,,
IDRiD_48_2048_512,0.5718888108703043,0.7277154870331894,,,0.6200317964695267,0.4493087557258595,,
IDRiD_48_512_1024,0.0,0.0,0.4411228581683878,0.30586450959019895,0.0,0.0,0.0,0.0
IDRiD_48_512_1536,0.2507049474429453,0.17020536024468483,0.038258575195365525,0.024597116198083364,0.8352564102296393,0.9099162010537768,0.8322916666639574,0.781418092904759
IDRiD_48_512_2048,0.7126823793090525,0.5536181342150289,0.015723270437779362,0.009242144175740824,0.7654770863834693,0.8941426852882932,,
IDRiD_48_512_2560,0.6988547046908494,0.5750538959003693,0.5489344373483245,0.4491337183374249,0.7198850810441231,0.7075433642312408,,
IDRiD_48_512_3072,0.592614388696538,0.7243301564336571,0.0,0.0,0.0,0.0,,
IDRiD_48_512_512,,,0.0,0.0,,,,
IDRiD_49_0_1024,0.06082191780655283,0.0313647923133268,0.4103671706086235,0.7916666665347223,0.6085961758357804,0.5736290819293398,,
IDRiD_49_0_1536,0.0,0.0,0.3389830507653794,0.9999999985714286,0.748057713645568,0.7885676082101192,0.8100641341484921,0.6807628523481954
IDRiD_49_0_2048,0.0,0.0,0.7415730336897516,0.7133458646281323,0.7117212248832249,0.7641723355142662,,
IDRiD_49_0_2560,0.11937716262459443,0.07545106615224434,0.2499999999519231,0.42763157866603185,0.4320843091081918,0.30930427491120666,,
IDRiD_49_0_3072,0.5636203349819683,0.6259791122306801,0.0,0.0,0.21238938034301827,0.1188118810704833,,
IDRiD_49_0_512,0.0,0.0,,,0.8356890458625715,0.8298245612579256,,
IDRiD_49_1024_1024,0.28880866423386203,0.16877637129021347,0.4718384696880001,0.42005676438788486,0.81700535315,0.8184942205518145,,
IDRiD_49_1024_1536,0.7048145224662662,0.5695153060861278,0.5490196077085736,0.4163568771686405,0.8094769340891997,0.732874215107422,,
IDRiD_49_1024_2048,,,0.705069124342734,0.6652173911597353,0.7883245230920989,0.745328118198677,,
IDRiD_49_1024_2560,,,,,0.6956663408162974,0.9384615384202875,,
IDRiD_49_1024_3072,,,0.0,0.0,0.7697332607093231,0.9632152587243576,,
IDRiD_49_1024_512,0.18527004909377184,0.10209235208866911,,,0.6573239310840192,0.5422680412291271,,
IDRiD_49_1536_1024,0.6395764773192174,0.8127272727198842,0.40916713245337244,0.3133561643567332,0.8303677342724748,0.9222661396331419,,
IDRiD_49_1536_1536,,,,,0.8663733209805029,0.8763176387883534,,
IDRiD_49_1536_2048,,,,,0.8059701489529961,0.9908256871643801,,
IDRiD_49_1536_512,0.5816170584340178,0.5196358907604729,0.42353916285024706,0.4538188276683997,0.7373945641848662,0.7301410541674038,,
IDRiD_49_2048_1024,0.7159006590689367,0.774848828412936,0.5232903864694459,0.41444270009192424,0.899203467258845,0.8545586107067389,,
IDRiD_49_2048_1536,0.4500216356360874,0.37249283664953486,0.6057872979855022,0.6014925372685453,0.8487299982129298,0.9332810047034714,,
IDRiD_49_2048_2048,0.08240081383100707,0.04385489983520006,0.33333333313492064,0.19999999985714287,0.21582733809067856,0.12121212118763391,,
IDRiD_49_2048_2560,,,0.7474949899050607,0.6206322794308432,,,,
IDRiD_49_2048_3072,0.4808792532351668,0.6672237309309877,0.20647419070809497,0.11671612263929614,0.0,0.0,,
IDRiD_49_2048_512,0.4761499148143647,0.6442566269441315,0.33768494339967925,0.2261072260808733,0.8217850380281081,0.8273344103339105,,
IDRiD_49_512_0,,,,,0.7927927920785651,0.7857142843112245,,
IDRiD_49_512_1024,0.6871355656326547,0.6404312350860395,,,0.6315789473551247,0.552079499427601,0.867843631776234,0.9779272451639923
IDRiD_49_512_1536,0.725230903213794,0.8210690191965694,0.660450660425002,0.5490956071996708,0.8256454062249657,0.8621692160267529,0.9297559526733088,0.9333598369977967
IDRiD_49_512_2048,,,,,0.7793452460890351,0.8589338598138307,,
IDRiD_49_512_3072,0.37661784740984067,0.885131078629475,0.6061827956581866,0.8825831700816862,,,,
IDRiD_49_512_512,0.6826111884619329,0.6600665293733555,0.6906765398623131,0.7349570200046592,0.3870967738813736,0.23999999976000003,,
IDRiD_50_0_1024,,,,,0.7103231340946433,0.8064935064411367,,
IDRiD_50_0_1536,,,,,0.23965005467521247,0.17040657631258818,,
IDRiD_50_0_2048,,,,,0.5979720079934449,0.5203181309740237,,
IDRiD_50_0_2560,,,,,,,0.7349621374447065,0.8160761501764561
IDRiD_50_0_512,,,,,0.6762156049627551,0.5753688261521691,,
IDRiD_50_1024_1024,0.7382388419634451,0.8535564853159667,,,0.5520455722137728,0.588300220685618,,
IDRiD_50_1024_1536,0.679641612739275,0.7692394366110508,0.6167460857306504,0.8745173743485488,0.5148139369478169,0.48166765226963826,0.8524803117573071,0.8058326937712075
IDRiD_50_1024_2048,,,,,0.6022988505660589,0.6459167950494324,,
IDRiD_50_1024_2560,0.9410935738311571,0.9458923512479918,,,0.48630952380841047,0.4448027472969059,,
IDRiD_50_1024_3072,0.03019744482808392,0.15294117629065745,,,,,,
IDRiD_50_1536_0,,,0.06203208555486288,0.03200883001854207,,,,
IDRiD_50_1536_1024,0.8015695066815264,0.7037401574110492,,,0.0,0.0,,
IDRiD_50_1536_1536,,,,,0.5947185512645814,0.5943672620707193,,
IDRiD_50_1536_2048,,,,,0.4869527711777668,0.5766087844445041,,
IDRiD_50_1536_2560,0.0,0.0,0.864397622859838,0.8040201004217066,0.6840288672690051,0.6851898415805231,,
IDRiD_50_1536_3072,0.7332726663119246,0.6051861807209645,0.7420147419235854,0.7743589741604208,,,0.8701476413364416,0.9009022444194996
IDRiD_50_1536_512,0.0,0.0,,,0.0,0.0,,
IDRiD_50_2048_1024,0.29968454257729704,0.17690875232115796,0.6322580644345474,0.9919028336065171,0.0,0.0,,
IDRiD_50_2048_1536,,,,,0.0,0.0,,
IDRiD_50_2048_2048,,,,,0.0,0.0,,
IDRiD_50_2048_2560,,,,,0.2992623814226278,0.31767337800499473,,
IDRiD_50_2048_512,,,,,0.0,0.0,,
IDRiD_50_512_1536,,,0.5122807017094491,0.6919431277981177,0.6848893278316247,0.6287466666633134,,
IDRiD_50_512_2048,,,0.7845659161464418,0.8970588228698098,0.4605856532952884,0.4124932687085353,,
IDRiD_50_512_2560,0.7041230506151651,0.6669364629434668,0.43059490082546203,0.6312292357755434,0.3004201680514485,0.19833564492383246,0.7084375153174073,0.9771436299570309
IDRiD_51_0_1024,,,0.6791350087271107,0.999999999827883,0.8303677342330742,0.755939524756378,,
IDRiD_51_0_1536,0.7127545551855529,0.5577299412759931,0.24591738710413857,0.99999999921875,,,,
IDRiD_51_0_2048,0.0,0.0,0.628699551541314,0.7256728777716696,,,0.5218625780658188,0.35305416825382047
IDRiD_51_0_3072,,,0.15080346104440007,0.08155080212813492,,,,
IDRiD_51_1024_1024,,,0.45563549158486166,0.5937499999257813,0.77195746353793,0.7060518731479789,,
IDRiD_51_1024_1536,0.7205090552931839,0.6072607260475553,0.7255255254819504,0.9069069067707347,0.5491833476571952,0.4391201885267172,0.5987261146373798,0.4272727272601973
IDRiD_51_1024_2048,,,,,0.820960698570457,0.7014925371389321,,
IDRiD_51_1024_3072,0.6118824668985156,0.44421003281242133,,,,,,
IDRiD_51_1024_3584,0.6948173170886761,0.5440623694759285,,,,,,
IDRiD_51_1024_512,0.17239144522537966,0.17295188554317922,0.5769230768904455,0.8401976934365408,0.7784758262663415,0.7330246913391713,0.90630832399811,0.8416528008815748
IDRiD_51_1536_0,,,0.7374999998463542,0.961956521216328,,,,
IDRiD_51_1536_1024,,,0.48455450598711886,0.5832821142849857,,,,
IDRiD_51_1536_1536,,,0.5750101091558831,0.638814016115111,0.6328467153053706,0.6870047543037239,0.697261072250914,0.5724880382638161
IDRiD_51_1536_512,,,0.511202560561902,0.3500313086819016,,,,
IDRiD_51_2048_1024,0.6711761312953113,0.5988584261195952,0.4287464270956004,0.36790469513889945,,,,
IDRiD_51_2048_1536,0.0,0.0,0.7188068388243432,0.7724784987668116,0.0,0.0,0.9023034865983187,0.9038427006603347
IDRiD_51_2048_2048,,,,,,,0.78791492743415,0.650262467170267
IDRiD_51_2048_2560,,,0.5256241786431506,0.42372881346954894,,,,
IDRiD_51_2048_512,0.0,0.0,0.6087976539232376,0.6919999999077333,0.6299212596771859,0.6486486482980278,0.5706592926752244,0.40661619827432727
IDRiD_51_512_1024,,,0.4052287580375069,0.254098360551599,,,,
IDRiD_51_512_1536,,,,,0.0,0.0,,
IDRiD_51_512_2048,,,0.5714285713135958,0.40687679071436195,,,,
IDRiD_52_0_2560,,,0.7785016285377033,0.9835390942454572,,,,
IDRiD_52_1024_0,,,,,0.5604297224207314,0.3922305763919511,,
IDRiD_52_1024_2560,0.19094488187097,0.11602870812009226,0.22270426607211102,0.8191489357344953,,,,
IDRiD_52_1024_3072,,,0.5135869564519583,0.8146551720626487,,,,
IDRiD_52_1536_2048,,,0.6404494380823129,0.9999999994152047,0.7172413791866825,0.5959885385111781,,
IDRiD_52_1536_2560,,,0.5579831931835323,0.9999999993975904,,,,
IDRiD_52_1536_3072,0.0,0.0,0.0,0.0,,,,
IDRiD_52_2048_2048,0.0,0.0,0.5883366848437709,0.9552238805079082,,,,
IDRiD_52_2048_2560,,,0.6491295937853335,0.8712357216125405,,,,
IDRiD_52_2048_3072,,,0.6622807016817674,0.513605442089523,,,0.8435415403189453,0.7585893473775934
IDRiD_52_512_0,0.0,0.0,,,,,,
IDRiD_52_512_2048,,,0.6232558139051739,0.5153846153185404,0.16865079364242802,0.09304871373327593,,
IDRiD_52_512_2560,,,0.8411633107737889,0.9947089941826937,,,0.8915716026039253,0.9472817133220222
IDRiD_52_512_512,0.0,0.0,0.3503594400170125,0.23670756645006608,,,,
IDRiD_53_0_1024,0.7263960323258339,0.6663016006683546,0.0,0.0,,,,
IDRiD_53_0_1536,,,0.6779999999322001,0.6621093748706818,,,,
IDRiD_53_0_2048,,,0.14285714281789638,0.4406779653547831,,,,
IDRiD_53_0_2560,,,0.7144278606609737,0.73116089605589,,,,
IDRiD_53_0_3072,,,0.8773307163025191,0.9551282049241179,,,,
IDRiD_53_0_512,0.6444845477030849,0.6400089605591396,0.43740219090620497,0.4065454545158876,,,,
IDRiD_53_1024_1536,,,,,0.0,0.0,,
IDRiD_53_1024_2048,0.5974458633981594,0.6699875466720636,0.3596638654857708,0.32326283978149156,0.5947067981256386,0.4445306439031105,,
IDRiD_53_1024_2560,0.703759325645035,0.7205138379093318,0.4796982471675194,0.376305407282707,,,,
IDRiD_53_1024_3072,0.7083421509260238,0.6112044408691023,0.5135699373561177,0.3849765258065346,0.7314285713449796,0.6504065039328442,,
IDRiD_53_1536_1536,0.18524871351882527,0.11180124221287759,,,,,,
IDRiD_53_1536_2048,0.6660264764341448,0.6692859112121686,0.32826747710387005,0.9818181800330579,0.6287744226981187,0.468253968212676,,
IDRiD_53_1536_2560,0.6653666146559365,0.7668564578733337,0.6334193178379645,0.7759831460129225,0.5223463686421305,0.3617021275896128,,
IDRiD_53_1536_3072,0.8110282287493709,0.8924835023194514,0.5669211195640244,0.4942324755550814,0.5870044052540195,0.4404958677321904,0.8505015904034101,0.7705608512439529
IDRiD_53_1536_3584,0.8949324324173153,0.8973577235468375,,,,,,
IDRiD_53_1536_512,,,0.6979865771343633,0.9203539821379905,,,,
IDRiD_53_2048_1024,0.3558718860787815,0.23076923073372782,0.3381088824730503,0.6082474223668828,0.0,0.0,,
IDRiD_53_2048_1536,0.0,0.0,0.7807692307191815,0.9412673877988768,,,,
IDRiD_53_2048_2048,0.0,0.0,0.44897959181128233,0.48828606652425577,0.0,0.0,,
IDRiD_53_2048_2560,0.08041817450420514,0.04189359027893198,0.2061994609025472,0.9999999993464053,0.764565043833634,0.7738287559331456,,
IDRiD_53_2048_3072,0.3667671114779696,0.27030456851076745,0.39540229882027567,0.46319569111971354,,,,
IDRiD_53_2048_512,,,0.7206896551102854,0.9008620687713659,,,,
IDRiD_53_512_0,,,0.8663594469047974,0.9973474798415524,,,,
IDRiD_53_512_1536,,,0.39619435948364956,0.31650380019997265,,,,
IDRiD_53_512_2560,0.6839427286684655,0.6376406560223752,0.36447931525091015,0.3000587198884287,,,,
IDRiD_53_512_3072,,,,,0.8474576267595518,0.8064516122528617,,
IDRiD_53_512_512,0.0,0.0,0.2852564102106961,0.23670212759662176,,,,
IDRiD_54_0_1536,,,0.7594470045382997,0.8273092367816648,,,,
IDRiD_54_0_2048,,,0.6834910619680872,0.8643617018977761,,,,
IDRiD_54_0_2560,0.6283018867805981,0.5012040939042383,0.33184996819250795,0.7631578945136964,0.788685524111875,0.8695474928304302,,
IDRiD_54_0_3072,0.0,0.0,0.6842723004293267,0.6640091115416846,,,,
IDRiD_54_1024_0,0.0,0.0,0.6931155191723319,0.5390199636045336,,,,
IDRiD_54_1024_1024,,,0.0,0.0,,,,
IDRiD_54_1024_1536,,,0.0,0.0,,,,
IDRiD_54_1024_2048,0.4867049009321337,0.3536654669377976,0.3568904593429393,0.22197802196175984,0.8210961736482838,0.9168591221901018,,
IDRiD_54_1024_2560,0.3552500277153204,0.4230261420537886,0.3645934880022501,0.4854620975864246,0.7592732777910949,0.8744551001853134,,
IDRiD_54_1024_3072,0.6029732408205556,0.6986678915618435,0.6031815210154025,0.5904436859816364,0.3870967740974946,0.250803858440256,,
IDRiD_54_1024_3584,0.31728880156391726,0.21440424825043466,0.0,0.0,,,,
IDRiD_54_1024_512,0.0,0.0,,,,,,
IDRiD_54_1536_0,0.0,0.0,0.5128767123006642,0.5354691074902209,,,,
IDRiD_54_1536_1536,,,0.0,0.0,,,,
IDRiD_54_1536_2048,,,0.6117788461170806,0.7854938270392757,,,,
IDRiD_54_1536_2560,0.13715277776587215,0.10353866315812076,0.690996111256626,0.8261802574516323,0.0,0.0,,
IDRiD_54_1536_512,0.5411124546390232,0.3740075219233595,0.0,0.0,,,,
IDRiD_54_2048_0,,,,,,,0.8539275264268754,0.7910758965474948
IDRiD_54_2048_1024,,,,,,,0.4906490648956953,0.3335327550004926
IDRiD_54_2048_1536,,,0.7931897846372964,0.8722466959391799,,,,
IDRiD_54_2048_2048,0.02274881516372049,0.011505273249136598,0.5993920972280005,0.9939516127028323,,,,
IDRiD_54_2048_2560,0.6251348435645865,0.7303087586181279,0.5161290322358655,0.42674253197533835,,,,
IDRiD_54_2048_3072,0.2961354754603531,0.7002053387371453,0.7283098168499457,0.6927470016737437,,,,
IDRiD_54_2048_512,,,,,,,0.6738876175912846,0.6166015261435268
IDRiD_54_512_0,0.5403677058137344,0.6537717600915114,,,,,,
IDRiD_54_512_1024,,,0.0,0.0,,,,
IDRiD_54_512_1536,,,0.4688057040858941,0.5668103447868671,0.697466467854327,0.6410958902353161,,
IDRiD_54_512_2048,,,0.5531914893280735,0.9999999997802197,,,,
IDRiD_54_512_2560,0.2463029066781718,0.795279912140764,0.37242241198974335,0.3090217766917034,0.7260447446103203,0.7975886853513195,,
IDRiD_54_512_3072,0.7853841887929917,0.6947563501504986,0.4129336476789177,0.33315217389493734,,,,
IDRiD_54_512_512,0.886552781389113,0.8115477144497556,,,,,,
IDRiD_55_0_1024,,,,,0.8598848366871623,0.8959999996416,,
IDRiD_55_0_1536,,,,,0.8133839706599437,0.754678007281231,,
IDRiD_55_0_2048,,,0.63999999968,0.5161290318418315,0.8124545926289246,0.7279151943429053,,
IDRiD_55_1024_1024,,,0.7689119170187656,0.9999999997304582,0.8240032219067687,0.7398746383763747,,
IDRiD_55_1024_1536,0.012444444443891358,0.006261180679505315,0.2243902438477097,0.1642857142270408,0.8037745951002889,0.7020576544064167,,
IDRiD_55_1024_2048,,,0.3120260021330416,0.19148936167666367,0.8602615660161128,0.8019456380649446,,
IDRiD_55_1024_2560,,,0.6790476190152835,0.6657329597884469,0.8567095555037051,0.8330173442856704,,
IDRiD_55_1536_1024,,,0.3016759776114978,0.22176591371216306,0.6173849790814931,0.47330266275654115,,
IDRiD_55_1536_1536,,,0.6474890297100201,0.5159285158884283,0.7672203596435263,0.7640185142972606,,
IDRiD_55_1536_2048,0.4869119999968837,0.38005794784314056,0.41988619346481154,0.5548080727916578,0.7045915683448388,0.7406003159499163,0.0,0.0
IDRiD_55_1536_2560,0.8023822953634786,0.7581590745187379,0.5244536940141047,0.6866485011753001,0.8256066722851408,0.7661589131313994,0.0,0.0
IDRiD_55_1536_3072,,,,,0.8602849287463064,0.7934532042050045,,
IDRiD_55_1536_512,,,,,0.6051344742906397,0.4691943127517351,,
IDRiD_55_2048_1024,,,,,0.9173333332517926,0.9165186499260181,,
IDRiD_55_2048_1536,,,0.3503902861794978,0.9950738911354317,0.6580226904162716,0.5344918377812273,,
IDRiD_55_2048_2048,,,0.017045454540612084,0.008595988536218914,0.8325372914921556,0.7597907725219986,,
IDRiD_55_2048_2560,,,,,0.781645939726398,0.6802144117201776,,
IDRiD_55_512_1024,0.5587020648802743,0.4460668864603831,0.6236654803993031,0.4664005322377644,0.7943231987402465,0.6808849665971659,,
IDRiD_55_512_1536,0.6679715669035956,0.5372886973726004,0.4442446042765967,0.9999999995951417,0.8706653351636059,0.8208372071118816,,
IDRiD_55_512_2048,0.8245956450155084,0.9702064778925472,0.5214592274118606,0.43470482997590254,0.8487614762877654,0.8607161803690697,,
IDRiD_55_512_2560,,,,,0.07339449537917683,0.038095238077097505,,
IDRiD_56_0_1024,,,0.010309278345201404,0.005181347147574432,,,,
IDRiD_56_0_1536,,,0.6189917935968356,0.5959367944478697,,,,
IDRiD_56_0_2048,0.5907165847823926,0.4374059207170421,0.555247084921974,0.7092198580554299,,,,
IDRiD_56_0_2560,0.5783197249667341,0.4151627333014161,,,,,,
IDRiD_56_0_3072,0.29436819687448873,0.18055901136119631,,,,,0.8448582875781925,0.9401420079221428
IDRiD_56_0_512,,,0.628571428433281,0.9999999993006994,,,,
IDRiD_56_1024_0,0.0,0.0,,,,,,
IDRiD_56_1024_1024,,,0.09314359637172422,0.11076923075218935,,,,
IDRiD_56_1024_1536,,,0.8112676055195398,0.7384615382721893,,,,
IDRiD_56_1024_2048,,,,,0.6740841659046769,0.8403472353115616,,
IDRiD_56_1024_2560,0.0,0.0,0.78216989059864,0.97077244238606,0.2654761904682894,0.852772466376143,,
IDRiD_56_1024_3072,0.141619748807986,0.08511192087380606,0.19445666519162091,0.18447412352383352,,,,
IDRiD_56_1536_1024,0.0,0.0,,,,,,
IDRiD_56_1536_1536,,,0.46339017046505615,0.7196261680001164,,,,
IDRiD_56_1536_2048,0.5533923796768324,0.6435720532441592,,,0.7343901649713882,0.7183544303342814,,
IDRiD_56_1536_2560,0.441577321452997,0.3440951571695244,0.49931034475871583,0.6073825501317508,,,0.0,0.0
IDRiD_56_1536_512,0.0,0.0,,,,,,
IDRiD_56_2048_1024,0.6835976583274431,0.5943144803057657,,,0.4652665588909101,0.3356643355860922,,
IDRiD_56_2048_1536,,,0.6387154325924428,0.9421052629099722,,,,
IDRiD_56_2048_2048,0.5565338276138667,0.40817944941193857,0.0,0.0,,,,
IDRiD_56_2048_2560,0.6920887235402269,0.567847562665027,,,,,0.6855286313748102,0.9999999999802528
IDRiD_56_2048_3072,,,0.8310762650868798,0.8887195120596465,,,,
IDRiD_56_2048_512,0.05905420991789956,0.036655211911894185,,,,,,
IDRiD_56_512_1024,0.7023348586137373,0.7901267159346604,0.6791778373244336,0.8251900107681661,,,,
IDRiD_56_512_1536,,,0.04810996563298339,0.051724137924664515,0.6995768687306662,0.6648793563901128,,
IDRiD_56_512_2048,,,,,0.7321847283032705,0.9375979112026738,,
IDRiD_56_512_2560,0.5240253853099887,0.3967856565950833,0.7588846363718488,0.6871287128032546,,,,
IDRiD_56_512_3072,0.43413994516370163,0.3668043106016033,0.37897967010437367,0.4340949033010461,0.7025547444614457,0.835140997649644,0.89575551782406,0.9916615405577769
IDRiD_57_0_1024,,,,,0.6094117646341869,0.4658273380457145,,
IDRiD_57_0_1536,0.13884297519513694,0.07720588234584504,,,0.21928665783100573,0.19904076733835951,,
IDRiD_57_0_2048,,,,,0.587070471718866,0.44720496890441835,,
IDRiD_57_0_512,,,,,0.536344389517548,0.7089552237483293,,
IDRiD_57_1024_0,,,,,0.21182147164748322,0.11848852901164673,,
IDRiD_57_1024_1024,,,0.3441295545862086,0.21144278601705402,0.6792562463618123,0.5396214802194242,,
IDRiD_57_1024_1536,,,0.0,0.0,0.8277685950276402,0.8082633957130968,,
IDRiD_57_1024_2048,,,,,0.6084788029166486,0.6354166665011935,,
IDRiD_57_1024_512,,,,,0.46157085701281175,0.3199999999906569,,
IDRiD_57_1536_0,0.0678851174846103,0.035326086951722,,,0.22271714917088703,0.13297872336888863,,
IDRiD_57_1536_1024,,,,,0.6968942954502175,0.5608128151800532,,
IDRiD_57_1536_1536,,,,,0.7019748653395874,0.6340540540369175,,
IDRiD_57_1536_2048,,,,,0.7290594290721077,0.5964777947475898,,
IDRiD_57_1536_512,,,0.6788079469074821,0.75645756429651,0.5047995482635573,0.3486739469442795,,
IDRiD_57_2048_1024,,,,,0.5025432349437902,0.35797101444087376,,
IDRiD_57_2048_1536,,,,,0.7041564791745625,0.5865580447467864,,
IDRiD_57_2048_512,,,0.34549878341295637,0.2167938930966727,0.0782747603771346,0.04073150456851774,,
IDRiD_57_512_0,,,,,0.4899201217006497,0.33894736840321327,,
IDRiD_57_512_1024,,,0.0,0.0,0.39404352801900994,0.2478386166789858,,
IDRiD_57_512_1536,0.0,0.0,,,0.6760563379601553,0.7671232874960905,,
IDRiD_57_512_512,,,0.14925373131853173,0.10843373491363043,0.6463834672604368,0.5217794253697045,,
IDRiD_58_0_1536,0.0,0.0,0.7606142727406852,0.6137026238172445,,,,
IDRiD_58_0_2048,,,0.7023809523112717,0.878411910452007,0.7973122238512765,0.8591549295604215,,
IDRiD_58_0_2560,,,0.6294173829689867,0.8247809761170487,0.8220039292407858,0.8623248144383903,,
IDRiD_58_0_3072,,,0.48818897628185254,0.8671328665264806,,,,
IDRiD_58_0_512,,,0.5034246574480438,0.3525179855269741,,,,
IDRiD_58_1024_0,,,,,0.7946105816497764,0.9637305699097757,,
IDRiD_58_1024_1024,,,0.6332819722162341,0.9903614455444911,,,,
IDRiD_58_1024_1536,0.7292730844698196,0.8629882206800066,0.5893854747780188,0.5171568626183439,0.8076033906908862,0.8236835210682818,,
IDRiD_58_1024_2048,,,,,0.7504138669709766,0.8321814254679875,,
IDRiD_58_1024_2560,0.0,0.0,0.715017064785408,0.9269911502373913,0.8761436569592225,0.9374634716266084,,
IDRiD_58_1024_3584,,,,,0.8566371679899758,0.9453124996307373,,
IDRiD_58_1536_0,,,,,0.014758786089707971,0.007434253322112868,,
IDRiD_58_1536_1536,0.0,0.0,,,,,,
IDRiD_58_1536_2048,0.10532050117840348,0.05558750239494753,,,0.0,0.0,,
IDRiD_58_1536_2560,0.2200898821801282,0.12439074620632669,0.8383838381721253,0.7280701751192675,,,,
IDRiD_58_1536_3072,0.09554531489868594,0.05486944248315333,,,,,,
IDRiD_58_1536_512,,,0.0,0.0,0.7109905020214966,0.5837046467032557,,
IDRiD_58_2048_1024,,,,,0.7393744987378208,0.594838709600666,,
IDRiD_58_2048_1536,0.12083818393340118,0.3184049079559261,,,,,,
IDRiD_58_2048_2048,,,0.7785087718444618,0.912596400793677,,,,
IDRiD_58_2048_2560,0.8169957686738893,0.6926756352558244,,,,,,
IDRiD_58_2048_3072,0.4217443249665323,0.31740526653413736,,,0.667928695367283,0.5015399194384852,,
IDRiD_58_512_1024,0.02378542510106411,0.012552580623539075,,,,,,
IDRiD_58_512_1536,0.6935779816259238,0.6053811658805008,0.4621848739253054,0.7470288623519477,0.7673193572396315,0.8122676579879899,,
IDRiD_58_512_2048,,,,,0.7039906446391658,0.6904329542130322,,
IDRiD_58_512_2560,0.9034766439347299,0.8658602440774829,0.258823529393853,0.1510500807632431,0.690697674338291,0.52753108338765,,
IDRiD_58_512_3072,,,0.4084656084223846,0.927884614938517,0.858091286235843,0.9468864467130245,,
IDRiD_58_512_512,0.766542825577201,0.6361666666560639,,,,,,
IDRiD_59_0_1024,,,0.0,0.0,,,,
IDRiD_59_0_1536,0.673780171960284,0.5141501976203297,0.2391959798754577,0.1358447488429401,0.632183907682653,0.7971014481201429,0.8546611143733115,0.9470614879348485
IDRiD_59_0_2048,,,,,,,0.9286128424392509,0.8767920073874267
IDRiD_59_1024_1024,0.21465968586186743,0.6788882317753466,0.3255813953342763,0.23081800886297918,0.697642163613201,0.8341625205913495,0.0,0.0
IDRiD_59_1024_1536,,,0.657142856955102,0.6249999996603262,0.851645051496337,0.804319509219697,,
IDRiD_59_1024_2048,0.7158199091235314,0.9520234389131657,,,0.7390560985814412,0.669804701200621,,
IDRiD_59_1024_512,0.0,0.0,0.0,0.0,,,,
IDRiD_59_1536_0,,,0.1291666666532118,0.07607361962256766,,,,
IDRiD_59_1536_1024,0.0,0.0,,,0.7234042553121207,0.8949519230554098,,
IDRiD_59_1536_1536,,,0.40288924555354017,0.25226130650731043,0.7901608024137067,0.8439040979281771,,
IDRiD_59_1536_2048,0.6367896009625393,0.8044682069733727,0.0,0.0,0.7611398963631977,0.8990208078060276,,
IDRiD_59_1536_2560,,,,,0.0,0.0,,
IDRiD_59_1536_3072,,,,,0.5003309066512024,0.3586337760570556,,
IDRiD_59_1536_512,0.8496164715360072,0.7560964656183765,0.30226244341155994,0.2982142856610332,,,,
IDRiD_59_2048_1024,0.408604794094547,0.26498724489373426,,,,,,
IDRiD_59_2048_1536,,,0.6568712186121978,0.9452736316056533,,,,
IDRiD_59_2048_2048,0.21749049428003872,0.12456445991946302,0.5531048523734949,0.8849077089158623,,,0.0,0.0
IDRiD_59_2048_2560,,,,,0.6979223125501542,0.7976460871196026,0.7909136970093044,0.6720530409555637
IDRiD_59_2048_3072,,,,,0.4879847727755414,0.33171599546608904,,
IDRiD_59_2048_512,,,0.45698166428371073,0.3091603053140114,,,,
IDRiD_59_512_1024,0.34185583432622973,0.2788823911594687,0.5694059710504954,0.4434324064983973,0.7284243863733918,0.7796610169302746,0.891310843516829,0.8201564454697898
IDRiD_59_512_1536,0.7366506860607677,0.7972803721524666,0.0,0.0,0.8189192213000142,0.8100376272642207,0.0,0.0
IDRiD_59_512_512,0.0,0.0,0.3188908145027919,0.6258503397103059,,,0.58568125993142,0.9851743832666766
IDRiD_60_0_1536,,,0.5135593219903763,0.8911764703261245,,,,
IDRiD_60_0_512,,,,,,,0.802698145011759,0.7175158275333882
IDRiD_60_1024_0,,,,,0.6279712548195696,0.5149592021525404,,
IDRiD_60_1024_1024,,,,,0.5861922913895343,0.7963176063983707,,
IDRiD_60_1024_1536,0.0,0.0,0.34615384610264,0.21428571424646783,0.837335503998384,0.8073602511484489,,
IDRiD_60_1024_2048,0.45317919072524976,0.3586459286039665,0.3269841269322248,0.24178403750192862,0.6539130433645369,0.574923547224794,0.550495942277942,0.3797822705947191
IDRiD_60_1024_2560,0.8636640629280169,0.9480661639388461,0.6883811375455333,0.5831960460804616,0.5857811834573955,0.52239939251918,0.49871585336215934,0.38907103823719236
IDRiD_60_1024_3072,,,,,0.0,0.0,,
IDRiD_60_1536_1024,,,0.0,0.0,0.0795142402771938,0.9116022098440218,,
IDRiD_60_1536_1536,0.21088270858014796,0.11987902116799894,,,0.6930566231015494,0.7302915766541498,,
IDRiD_60_1536_2048,,,0.3003412968941591,0.177419354814863,0.6446759258886182,0.7387267903529541,,
IDRiD_60_1536_2560,0.7716970701903133,0.7240663900164569,0.5889447235589,0.45924764883083896,0.7154876489148853,0.7494359841969905,,
IDRiD_60_1536_3072,,,0.7371428569322449,0.8896551718002379,,,,
IDRiD_60_1536_512,,,,,0.4893813480845161,0.7350901524639265,,
IDRiD_60_2048_0,,,,,0.0,0.0,,
IDRiD_60_2048_1024,0.0,0.0,,,0.7334616150173614,0.7335102853253681,,
IDRiD_60_2048_1536,,,0.5620094190640488,0.3986636970158878,,,,
IDRiD_60_2048_2048,,,0.5530864196165218,0.6436781605496102,0.5869774147009431,0.6641294005618578,0.0,0.0
IDRiD_60_2048_2560,0.6584764970579164,0.555906821960311,0.34053586861103996,0.20890774124024877,0.749414519890368,0.7413647851414759,0.8328190338836833,0.7908747329747994
IDRiD_60_2048_512,0.25238600209412665,0.15275994863250836,0.6626686655678158,0.8983739833746447,0.32167832164083004,0.1916666666400463,,
IDRiD_60_512_0,,,,,0.5437788015927286,0.37341772128264705,,
IDRiD_60_512_1024,,,0.3357142856903061,0.26082130962698985,,,,
IDRiD_60_512_1536,,,0.5905905905314724,0.44427710836682577,0.49386230207269416,0.3677795442403874,,
IDRiD_60_512_2048,0.4228360957486985,0.5242009131941369,0.24159854675371492,0.1386861313723998,,,0.9683676792088004,0.9870086766820586
IDRiD_60_512_2560,0.16248746237901265,0.08842794759342641,,,0.19999999983333333,0.11111111100823046,0.933175198800511,0.9642785389923885
IDRiD_60_512_3072,,,,,,,0.8560235063586855,0.7806105878405227
IDRiD_61_0_1024,0.777926696330895,0.7984007042762835,,,,,,
IDRiD_61_0_1536,0.023169722572957754,0.011720643313453533,0.36650717701595664,0.33074265972964223,,,,
IDRiD_61_0_2048,0.796206989971302,0.6873421274142825,0.6035054476265512,0.8229974159143415,,,,
IDRiD_61_0_2560,,,0.6227544908315106,0.928571427742347,,,,
IDRiD_61_0_512,0.666551485831318,0.49987043275298043,,,,,,
IDRiD_61_1024_0,0.32021628116455325,0.1999774884620869,0.0,0.0,,,,
IDRiD_61_1024_1024,0.6309805275872925,0.47829238823906906,0.8962536021763324,0.956923076628639,0.30575342464078065,0.5205223879625891,,
IDRiD_61_1024_1536,0.6139423633323794,0.6933600557625186,0.0,0.0,0.7292441139987131,0.6138734353215066,,
IDRiD_61_1024_2048,0.023994354267890306,0.01357827475929886,0.4087468460719619,0.3237841438824927,0.7563796804152374,0.8288252972582147,,
IDRiD_61_1024_2560,0.7170019898277774,0.6852976913694051,0.6084967320062583,0.5335243552702851,,,,
IDRiD_61_1024_3072,0.36886260486358324,0.5624999999764052,0.6779900919548485,0.8188034186634524,,,,
IDRiD_61_1536_0,0.0,0.0,,,,,,
IDRiD_61_1536_1024,0.37514124293361417,0.39894256187457483,,,0.0,0.0,,
IDRiD_61_1536_1536,0.0,0.0,0.13476263397629976,0.07547169810026215,0.6649404453306608,0.6125954197888744,,
IDRiD_61_1536_2048,0.35160414361508996,0.24126984126651113,0.43949930455914465,0.9999999996835442,0.7667383211829982,0.8686148728811045,,
IDRiD_61_1536_2560,0.0,0.0,0.19926969221704383,0.11703431371831897,,,,
IDRiD_61_1536_512,0.55511925537969,0.3976593971371105,0.0,0.0,,,,
IDRiD_61_2048_1024,0.8311218676797546,0.7729136366323532,,,,,,
IDRiD_61_2048_1536,0.6067894727642981,0.4919542183688481,,,,,,
IDRiD_61_2048_2048,0.7950801286040456,0.8179324137213246,,,,,,
IDRiD_61_2048_2560,0.7143776429457879,0.782499244781165,0.16744496330328737,0.10389072847252108,,,,
IDRiD_61_2048_512,0.7548118199828994,0.6564307241164876,,,,,,
IDRiD_61_512_0,0.3615581685583554,0.23703703703499535,,,,,,
IDRiD_61_512_1024,0.6012901290119993,0.4930620479247821,,,0.24263431538255906,0.13806706111675204,,
IDRiD_61_512_1536,0.5793010320529232,0.5793941732550042,0.3562231759503767,0.3759057970673998,0.8072992700435293,0.7871886120436165,,
IDRiD_61_512_2048,0.6702940030914935,0.5607535693821742,0.5812194036234438,0.4773391812516565,0.7808258734975216,0.7502774694367216,,
IDRiD_61_512_2560,0.7169265014763999,0.6157694242785657,0.186138613824527,0.10444444442123456,,,,
IDRiD_61_512_3072,0.0,0.0,,,,,,
IDRiD_61_512_512,0.8443048437730392,0.8031198892891991,,,,,,
IDRiD_62_0_1024,0.07455345586138873,0.03872008604359451,0.7689320387602978,0.7485822304823097,0.8169761271042503,0.789743589338593,,
IDRiD_62_0_1536,,,,,0.0,0.0,,
IDRiD_62_0_512,0.02459288800184138,0.01244952893632404,,,0.6309403437496997,0.5853658536036241,,
IDRiD_62_1024_0,,,0.7201492535969871,0.989743589236029,,,,
IDRiD_62_1024_2048,,,0.6701940034091369,0.7983193273956641,,,,
IDRiD_62_1024_2560,,,,,0.8370786514502587,0.9551282045159435,,
IDRiD_62_1024_3072,0.0,0.0,0.5437026840644389,0.46690307323086255,,,,
IDRiD_62_1536_0,,,0.8817204299179096,0.7976653693394298,,,,
IDRiD_62_1536_1024,,,0.0,0.0,,,,
IDRiD_62_1536_2560,,,,,0.8256615667422308,0.8913937331505545,,
IDRiD_62_1536_3072,,,0.5505716798108555,0.9999999996805111,,,,
IDRiD_62_2048_2048,,,,,0.7934893184040522,0.90510572457697,,
IDRiD_62_2048_2560,,,,,0.7557166989395663,0.8587882760517895,,
IDRiD_62_2048_512,,,,,0.0,0.0,,
IDRiD_62_512_1536,,,0.4509688784233136,0.5981308410283286,0.6653696497407228,0.5213414633351614,,
IDRiD_62_512_512,,,,,0.23893805306210356,0.13798977851141572,,
IDRiD_63_0_1024,,,,,0.6843584841933614,0.5434899089025989,,
IDRiD_63_0_1536,,,,,0.6492550394277081,0.4981172673346391,,
IDRiD_63_0_2560,0.637104994886924,0.7058159231673734,0.6948160534826582,0.9952095807191366,,,,
IDRiD_63_0_3072,,,0.6237942120180725,0.5187165772627185,,,,
IDRiD_63_1024_1024,,,,,0.8218198417466386,0.9109461966451181,,
IDRiD_63_1024_1536,,,,,0.8521534055766626,0.8313794236788498,,
IDRiD_63_1024_3072,0.7881114903187129,0.7675900276795682,,,,,,
IDRiD_63_1024_3584,0.8646125116309705,0.9487704917060686,,,,,,
IDRiD_63_1024_512,0.385487528339815,0.3080950463087375,,,,,,
IDRiD_63_1536_1536,,,0.6426886792073886,0.47350130317345773,0.14853195163220886,0.12659470067452458,,
IDRiD_63_1536_2048,,,,,0.2561576354427431,0.7784431133063215,,
IDRiD_63_1536_2560,,,,,0.33333333293650796,0.19999999971428573,,
IDRiD_63_1536_3072,,,,,0.6748884806960145,0.6138424820709384,,
IDRiD_63_1536_512,0.0,0.0,,,,,,
IDRiD_63_2048_1536,,,,,0.0,0.0,,
IDRiD_63_2048_2048,,,,,0.7120827639915659,0.633773453765331,,
IDRiD_63_512_1024,,,,,0.582867198791456,0.4273535781741516,,
IDRiD_63_512_1536,,,,,0.7999376671937253,0.7664170005206499,,
IDRiD_64_0_1024,,,0.5664830841708239,0.4399185335869687,0.7972027970634261,0.9956331873381514,0.7501873220418097,0.6002398081505983
IDRiD_64_0_1536,0.6569943502795164,0.5181066438514534,0.43990665108285254,0.5773353751030115,0.4942049142212748,0.9475555554713283,,
IDRiD_64_0_2048,0.06595822645416057,0.034103827205983185,,,0.8394075981943354,0.9633461424699723,,
IDRiD_64_0_2560,,,,,0.7143512150062196,0.5951107715358968,,
IDRiD_64_0_3072,,,,,0.700285442369145,0.707692307556213,,
IDRiD_64_0_512,,,0.7444831590740718,0.9876733434533632,0.039563437923631414,0.020180932496855885,,
IDRiD_64_1024_1536,,,0.8026315787713527,0.9999999994535519,0.3185840707400736,0.2999999999,,
IDRiD_64_1024_2048,,,0.8636779505156744,0.828070175293321,0.12754766600081868,0.1089887640326979,,
IDRiD_64_1024_2560,,,0.0038095238087981864,0.0033670033658696956,0.7688229056162841,0.7626762044943963,,
IDRiD_64_1024_3072,,,0.3451776647994022,0.20858895692724605,0.6942305093812426,0.7194063287393053,,
IDRiD_64_1536_0,,,0.8292682926234384,0.7100737099864775,,,,
IDRiD_64_1536_2048,0.0,0.0,0.021423106348781706,0.013958125621738971,0.4099099098637489,0.27743902434795137,,
IDRiD_64_1536_2560,0.0,0.0,,,0.6287218958754563,0.5058670143251022,,
IDRiD_64_1536_3072,,,0.0,0.0,0.8363363362735483,0.7661623107611881,,
IDRiD_64_2048_1536,,,0.839609483843848,0.890532544115227,0.8221783599350049,0.810113154143914,,
IDRiD_64_2048_2560,0.3567839195923872,0.26996197717989634,0.24062772447771336,0.14743589742014573,0.5263157891966759,0.36764705855320073,0.8512058640634471,0.8663158595825863
IDRiD_64_2048_3072,0.37993138934905957,0.35754640836500834,0.6366279069304775,0.5983606556559616,0.7987355109801122,0.7316602315189845,,
IDRiD_64_512_1024,,,0.36305732480222325,0.5719063543237771,,,,
IDRiD_64_512_1536,,,,,0.680316831680474,0.9292437520185086,,
IDRiD_64_512_2048,,,0.6150537633747254,0.4798657717315662,0.7364449903459535,0.7409303557177074,,
IDRiD_64_512_2560,,,0.6785212914984314,0.5772292993170995,0.8257531009980378,0.8816017657120984,,
IDRiD_64_512_3072,,,0.1866081229213383,0.10290556899480563,0.3034055727241068,0.17883211676656544,,
IDRiD_65_0_1024,,,0.6184210524959602,0.9657534239960593,0.0,0.0,,
IDRiD_65_0_1536,,,0.7578084997051813,0.9215442091006795,,,,
IDRiD_65_0_2048,0.8531172947920705,0.8433147631724711,0.0,0.0,0.6603203384608595,0.8242172764683434,,
IDRiD_65_0_2560,0.8548320198910239,0.968970380772498,0.6025569760643381,0.6975546974649222,0.8005082591867692,0.7486631015597942,,
IDRiD_65_0_3072,0.5094163714244002,0.4480157428518198,0.2821387940681377,0.3069306930313205,0.0,0.0,,
IDRiD_65_0_3584,0.7103274558746645,0.5507812499462127,0.0,0.0,,,,
IDRiD_65_0_512,,,0.7036144577465525,0.9480519477441389,0.13930348251775945,0.07486631012039235,,
IDRiD_65_1024_1024,,,0.6887686061780265,0.964015151332573,0.5323238206070214,0.5981675392409177,,
IDRiD_65_1024_1536,0.2987442167861933,0.8883065836590794,0.3609806989994528,0.2629179331207098,0.4004537719568659,0.7478813557737539,,
IDRiD_65_1024_2048,0.7252990695533307,0.822406430524431,0.4858882124800283,0.4420946625939482,0.8731684110350305,0.9063256135454727,,
IDRiD_65_1024_2560,0.6931104303998074,0.6360171510182371,0.670399999973184,0.6714743589205548,0.5710316081774564,0.7080103358563298,,
IDRiD_65_1024_3072,0.7193862496099326,0.610110110079574,0.6112376613283509,0.8455882352052954,0.7433053827226588,0.6294090700582039,,
IDRiD_65_1024_3584,0.7609892673750723,0.908827463198644,0.7499999998660715,0.734265734008998,,,,
IDRiD_65_1536_1024,,,0.4769703172734406,0.9831223626617884,0.7040680226683556,0.8278768868686949,,
IDRiD_65_1536_1536,,,0.7433981065897659,0.7995712753698209,0.7963480529011301,0.8473433782376153,,
IDRiD_65_1536_2048,0.8595469255107089,0.8578811368400671,0.8173076921112241,0.9604519768585017,0.7661993179137779,0.8768430181880069,,
IDRiD_65_1536_2560,,,0.276527331100795,0.2193877549901083,0.22439024386595283,0.15646258499853455,,
IDRiD_65_1536_3072,0.3215573179292316,0.2234468937651857,0.07049345417215575,0.193370165639022,0.6324483775438083,0.6988265970405703,,
IDRiD_65_1536_3584,0.6130895091139034,0.6402010049607838,0.38095238090464256,0.4825396823864953,,,,
IDRiD_65_1536_512,,,,,0.7352370390702735,0.6225352112383786,,
IDRiD_65_2048_1536,,,0.658227848008688,0.9999999995726496,,,,
IDRiD_65_2048_2048,,,,,0.5251572326218307,0.9999999994011977,,
IDRiD_65_2048_2560,0.7606830198425875,0.9988618256089492,,,,,,
IDRiD_65_2048_3072,,,0.899902818182711,0.9546391750608991,0.8452982810065421,0.9999999997607655,,
IDRiD_65_512_1024,,,0.0,0.0,,,,
IDRiD_65_512_1536,,,,,0.7470444020662106,0.8476755687333374,,
IDRiD_65_512_2048,0.0,0.0,,,0.7833918128609157,0.7681192660462371,,
IDRiD_65_512_2560,0.004012036107922564,0.0035398230082230404,0.49970582466170416,0.5534317984121012,0.7491124260299622,0.7701901140567272,,
IDRiD_65_512_3072,,,0.7108705457505246,0.9999999998730965,0.3640361592874655,0.7548125632467262,,
IDRiD_65_512_3584,0.9377274565115704,0.9602484471652072,0.7426470585504974,0.8211382107145219,,,,
IDRiD_66_0_1024,,,0.0,0.0,0.674830926692107,0.5367839488067234,,
IDRiD_66_0_1536,,,0.6040772531864765,0.9842657340936599,0.7462788319424352,0.6443005689494938,,
IDRiD_66_0_2048,,,0.8922528939543852,0.9597701147586648,0.36954559132201187,0.24192277382813546,,
IDRiD_66_0_2560,,,,,0.645074223934538,0.48282828273074174,,
IDRiD_66_0_512,,,0.7367055770769513,0.982698961597682,,,,
IDRiD_66_1024_0,,,,,0.5172024816549012,0.37155591570617685,,
IDRiD_66_1024_1024,,,0.5420289854286915,0.6051779933316576,0.9160253219483746,0.9086380209646348,,
IDRiD_66_1024_1536,0.7439516128657282,0.8463302751323016,0.6206896551575506,0.6728971962267447,0.8057065948841531,0.83559145387912,,
IDRiD_66_1024_2048,,,0.4821222606133654,0.6430769228790532,0.8573433287783061,0.8992972165337841,,
IDRiD_66_1024_2560,,,,,0.7484760269693501,0.661142857139951,,
IDRiD_66_1024_512,0.20647275705831739,0.11512105983941887,0.3480825958188669,0.3608562690027962,0.7556621880925559,0.6391233766130012,,
IDRiD_66_1536_1024,0.464638323585238,0.5028347143260866,0.5016260162499669,0.5092860090586345,0.8516605568344815,0.7760048675688525,,
IDRiD_66_1536_1536,,,0.5270935959292873,0.4755555553441975,0.9142389327776467,0.9195956253455783,,
IDRiD_66_1536_2048,,,,,0.9026109313348086,0.886970309449249,,
IDRiD_66_1536_2560,,,0.6394439617168163,0.9999999997282608,0.7217790669392851,0.8430265386311109,,
IDRiD_66_1536_512,,,,,0.8114595118781084,0.7432547466570071,,
IDRiD_66_2048_1024,,,,,0.839656804245875,0.7754089950392836,,
IDRiD_66_2048_1536,,,,,0.8375525263884475,0.7645004365675159,,
IDRiD_66_2048_512,,,,,0.844417327613044,0.8923275305678705,,
IDRiD_66_512_0,,,,,0.0,0.0,,
IDRiD_66_512_1024,0.1966289452313583,0.10952710250486979,0.0,0.0,0.7966098233423908,0.7835834387979196,,
IDRiD_66_512_1536,,,0.4353448275627508,0.4483906769757613,0.8874543093604523,0.9220568465518321,,
IDRiD_66_512_2048,,,0.8288288287666044,0.869291338445781,0.8312660007925294,0.7776653342090815,,
IDRiD_66_512_2560,,,,,0.7789404839679644,0.6713641488036196,,
IDRiD_66_512_512,,,,,0.8238151786633714,0.8134527235815643,,
IDRiD_67_0_1024,0.856614325135622,0.8746524704199345,0.0,0.0,0.0,0.0,,
IDRiD_67_0_1536,0.4265075376839771,0.3165993161281225,0.29172785118493744,0.582031249886322,0.4518793886636977,0.3636968084864563,0.8263672814728905,0.9199400085636341
IDRiD_67_0_2048,0.7776970641895471,0.8169061266998552,0.0,0.0,,,,
IDRiD_67_0_512,,,0.0,0.0,,,,
IDRiD_67_1024_1024,0.6482546367512422,0.7594648448547351,0.3948928408392662,0.5907230558539259,,,,
IDRiD_67_1024_1536,0.26994528948313623,0.21676161050287956,,,0.6546391752456805,0.6016920473569648,,
IDRiD_67_1024_2048,0.4395393473877381,0.28376703839629697,0.6887791107488511,0.6532797857224525,,,,
IDRiD_67_1024_2560,,,0.5803722503739109,0.9744318179049909,0.8007202880671836,0.8389937105862901,,
IDRiD_67_1024_512,0.8433131232127992,0.7444926125774374,0.44636429084066365,0.6072477962186829,,,,
IDRiD_67_1536_1024,0.46151716500234274,0.42256020278298406,,,0.6631950277059769,0.7233418834472942,,
IDRiD_67_1536_1536,0.0,0.0,0.664661654110351,0.8549323016581303,0.733486209310359,0.8762651244130867,,
IDRiD_67_1536_2048,0.0,0.0,0.7494880545563489,0.9498269894550473,0.8189705031573462,0.9639210346518774,,
IDRiD_67_1536_2560,0.4587054520691558,0.8943615256899774,,,0.02448979590837151,0.012396694209753433,,
IDRiD_67_1536_512,0.0,0.0,0.5317313616595277,0.5596627755797884,,,,
IDRiD_67_2048_1024,0.7738668977073323,0.705206020228447,0.6922613065187485,0.6625625240222177,0.6632258063660355,0.8210862617185027,,
IDRiD_67_2048_1536,0.736094491833342,0.6478901950081681,,,0.6041666666296466,0.5841232226796063,,
IDRiD_67_2048_2048,0.037630402383799735,0.07415565344536301,0.4438642297360402,0.9855072460911573,,,,
IDRiD_67_2048_2560,0.46173969911957224,0.33909702206156606,,,,,,
IDRiD_67_2048_512,0.30238116313931845,0.5863371094990331,,,,,,
IDRiD_67_512_1024,0.834885896754526,0.79841282190307,0.8795282223353388,0.9508196719579564,0.8359853120663411,0.9459833793703625,,
IDRiD_67_512_1536,0.43252142753168116,0.5935672514540993,0.3803945745875341,0.8751773048404005,0.8460111315684581,0.9047619044028723,,
IDRiD_67_512_2048,0.4415547835863226,0.3847664239516913,0.5547703179721934,0.5793357932510451,,,,
IDRiD_67_512_2560,,,0.5781433606841195,0.999999999593496,,,,
IDRiD_67_512_512,0.42292780047759687,0.381258265626653,0.6746987950645957,0.989898989399041,0.7558859974280191,0.6301652891259989,,
IDRiD_68_0_1536,,,0.6566186107040224,0.49702380947450164,,,,
IDRiD_68_0_2560,0.7613863585827516,0.7904509283728468,,,,,,
IDRiD_68_1024_0,0.7790921540988239,0.6554182668214136,,,,,,
IDRiD_68_1024_1536,0.0,0.0,0.4764740916928842,0.6644518271321509,,,,
IDRiD_68_1024_2048,0.0,0.0,0.2503863987248244,0.6044776114891959,0.0,0.0,,
IDRiD_68_1024_2560,0.02836879432121121,0.020942408371481043,,,0.35619714700302213,0.9947519083494871,,
IDRiD_68_1024_3072,0.669459114912268,0.6285909712668554,0.0,0.0,,,,
IDRiD_68_1024_512,0.0,0.0,,,,,,
IDRiD_68_1536_0,0.49283091787249145,0.43581681476120426,,,,,,
IDRiD_68_1536_1536,0.3137699899711992,0.3677926255854504,,,,,,
IDRiD_68_1536_2048,0.6475570832290463,0.5520958710526344,,,,,,
IDRiD_68_1536_2560,0.44466514730126844,0.4783831203876229,,,0.5443528841427004,0.9436974789519456,,
IDRiD_68_1536_3072,0.1988779114793077,0.9969696969508149,,,,,,
IDRiD_68_1536_512,0.689542857140887,0.602807473271042,,,,,,
IDRiD_68_2048_0,0.0,0.0,,,,,,
IDRiD_68_2048_1536,,,0.5940902020849005,0.809322033555372,0.6672897195638047,0.6623376622147797,,
IDRiD_68_2048_2048,0.7613812123795513,0.7770339659930127,0.7955112218459462,0.7152466366109312,0.42553191398823,0.5882352906574394,,
IDRiD_68_2048_2560,,,,,0.0031786395422506463,0.047281323865890935,0.45977686435532966,0.3328020401639953
IDRiD_68_2048_512,0.7455962811580303,0.9674030902650874,,,,,,
IDRiD_68_512_1536,,,0.45165945164315807,0.5135356849455672,,,,
IDRiD_68_512_2048,0.5444065799968681,0.44203047072185536,0.16760145166058724,0.1321540062366205,0.737884851603844,0.749074818980297,0.8461239305104606,0.759306654248961
IDRiD_68_512_2560,0.7638432917453979,0.855140644899979,0.5863694813293455,0.9083665337439089,0.2263493905846576,0.26209677415832033,,
IDRiD_68_512_3072,0.07457276022770673,0.5494505494337775,0.361671469714577,0.4744801511390397,,,,
IDRiD_69_0_1024,0.5401901469301637,0.3848048269901703,,,,,,
IDRiD_69_0_1536,0.8505843345800911,0.8715563927463561,,,,,,
IDRiD_69_0_2048,0.01759867372302749,0.008877452557035204,0.6824925815011139,0.7770270267645178,0.8064325344275596,0.9646274086985269,,
IDRiD_69_0_2560,0.0,0.0,0.6102756892039387,0.9567779959767408,0.2696629213180154,0.3560830859477498,,
IDRiD_69_0_3072,0.3337796224371818,0.7312995012985832,,,,,,
IDRiD_69_0_512,0.6341463414433277,0.4980099502239796,0.0,0.0,,,,
IDRiD_69_1024_1024,,,0.30158730156554203,0.5837988825184919,0.0,0.0,,
IDRiD_69_1024_1536,0.6977828311500979,0.6693935427501156,0.37347070184330516,0.2788461538193417,0.46995176638984515,0.5549568965431811,,
IDRiD_69_1024_2048,0.5370260311358964,0.49441891003514077,0.0,0.0,0.5033146353879682,0.6728016359841762,,
IDRiD_69_1024_2560,0.5085889777580622,0.4766573886609523,0.4361389052255404,0.5529850745855981,0.4943952802214043,0.542394821971366,,
IDRiD_69_1024_3072,0.3955257270605028,0.2683667273749737,,,0.09893992931696821,0.20792079197627683,,
IDRiD_69_1536_0,0.3248587570529701,0.5066079294707834,0.0,0.0,,,,
IDRiD_69_1536_1536,,,0.544108574920166,0.8212290501264006,0.31567409571947985,0.471873293256588,,
IDRiD_69_1536_2048,0.7847722876701918,0.6752401845776893,0.0,0.0,0.5532327287753949,0.7313323572206687,,
IDRiD_69_1536_2560,0.4886135297975785,0.4278592375241097,,,,,,
IDRiD_69_1536_3072,,,0.0,0.0,,,,
IDRiD_69_2048_1024,0.5719163179897174,0.43079017699344063,,,,,,
IDRiD_69_2048_1536,0.57070803561121,0.4841386463815279,,,0.0,0.0,,
IDRiD_69_2048_2048,0.7815883484452278,0.7102332317799019,0.6450892856782874,0.5563041385412604,0.2587677724995845,0.2977099236316565,,
IDRiD_69_2048_2560,,,0.05850340135656439,0.046236559134813275,,,,
IDRiD_69_2048_3072,,,0.21929824551785165,0.12315270929893955,,,,
IDRiD_69_512_1024,0.33061920090265823,0.6767441859940508,0.26789838335120103,0.21375921373295342,0.0,0.0,,
IDRiD_69_512_1536,0.6382510991617214,0.626018207939003,0.44428259282998667,0.9242424239623507,0.39331163065413866,0.7084221748023228,,
IDRiD_69_512_2048,0.7764981248483217,0.8167524619470862,0.38908659544613444,0.6919831220708932,0.38023152269010546,0.7140468226230692,,
IDRiD_69_512_2560,0.5456924621875606,0.6077407984775453,0.36201515825403413,0.45875706209505573,0.0,0.0,,
IDRiD_69_512_3072,0.2783265543277234,0.7029350104674438,,,0.0,0.0,,
IDRiD_69_512_512,,,0.0,0.0,,,,
IDRiD_70_0_1536,0.8129952456326353,0.6956605966544817,,,0.0,0.0,,
IDRiD_70_1024_1024,0.0,0.0,0.5681444990856905,0.9664804463874411,0.8451882844481013,0.881326352376732,0.0,0.0
IDRiD_70_1024_1536,0.8496869225103166,0.854855595666327,0.791068580500209,0.9242236023696617,0.0,0.0,,
IDRiD_70_1024_2048,0.7498344005216401,0.6927784577582052,0.550311665133543,0.6732026142324177,0.18648018646931933,0.10309278349851206,,
IDRiD_70_1024_512,0.18469991546524303,0.264527845020307,0.4993757802434846,0.8281573497250192,,,0.869073585119765,0.8085549503321128
IDRiD_70_1536_0,,,0.4239290989347172,0.8441176468105536,,,,
IDRiD_70_1536_1024,0.0,0.0,,,0.4897959173677634,0.35294117543252596,,
IDRiD_70_1536_1536,0.8024749772491265,0.784235612144951,0.31812473837094496,0.4773869346133936,,,,
IDRiD_70_1536_2048,0.744658676374553,0.9661933738359572,0.0,0.0,0.0794851317703775,0.041402598673645236,,
IDRiD_70_1536_512,,,0.13903743314832098,0.09489051094260846,,,,
IDRiD_70_2048_512,,,0.6894824707270882,0.9927884612998105,,,,
IDRiD_70_512_0,0.7735438214269585,0.6868052198798065,,,,,,
IDRiD_70_512_1024,,,0.0,0.0,,,,
IDRiD_70_512_1536,0.7694883720894442,0.7014330535003693,0.5294808550498126,0.40862944160954934,0.23879952498932525,0.13583886022923314,,
IDRiD_70_512_2048,,,,,0.17724152277559307,0.09741596158021001,,
IDRiD_70_512_512,0.6398521578362881,0.588835534201904,0.2315145333895199,0.5865633073419733,,,0.1892458100492582,0.10451214808698372
IDRiD_71_0_1024,0.0,0.0,0.0,0.0,0.42071197404195604,0.27659574462200087,,
IDRiD_71_0_1536,,,0.4497487436620919,0.32427536226009507,,,,
IDRiD_71_0_2048,,,0.5867052022273548,0.6744186044271034,0.7943262405713999,0.9655172397146254,,
IDRiD_71_0_2560,0.6188207493211159,0.48433864327615095,,,,,,
IDRiD_71_0_512,,,0.7260663506420789,0.6976320581607228,0.6452504317566408,0.6281102891305911,,
IDRiD_71_1024_0,0.0,0.0,0.794800371328245,0.6948051946924018,0.4979674796241903,0.38827258313973495,,
IDRiD_71_1024_1024,0.0,0.0,0.0,0.0,0.8440708594572679,0.865201650245951,0.0,0.0
IDRiD_71_1024_1536,,,0.5994729907378475,0.9701492535244883,0.7958695108414768,0.8987975143176595,,
IDRiD_71_1024_2048,,,0.4840182647296762,0.417322834481369,0.0,0.0,,
IDRiD_71_1024_512,,,0.36618004863952675,0.37023370229148417,0.7734989100971877,0.7263817381010708,0.3973007585439991,0.2478947691914199
IDRiD_71_1536_0,0.0,0.0,,,0.0,0.0,,
IDRiD_71_1536_1024,0.5675064777519846,0.42495046234787853,0.5242718446426424,0.6669505961953194,0.8704230198844168,0.848665921072298,,
IDRiD_71_1536_1536,,,0.26182853076265283,0.1567291311687935,0.8397567092305216,0.8412845096405147,,
IDRiD_71_1536_2048,,,0.20160981218085053,0.14109442059328892,0.8407801908919574,0.8680377035008849,,
IDRiD_71_1536_2560,,,,,0.7873462213027511,0.6871165642064059,,
IDRiD_71_1536_3072,,,0.5976627711856991,0.6629629627174211,,,,
IDRiD_71_1536_512,0.13448534935633039,0.07461442267300482,0.4007490636453964,0.8842975204175488,0.8815816905639676,0.9059249208481375,,
IDRiD_71_2048_0,,,,,0.25207933459679593,0.14592592591511658,,
IDRiD_71_2048_1024,0.0,0.0,0.7080181542848708,0.7826086955867384,0.7529589193772238,0.675868157735869,,
IDRiD_71_2048_1536,,,,,0.7456697591483676,0.7443430656866391,,
IDRiD_71_2048_2048,,,0.765771392855535,0.9645948071625023,0.7801387447381868,0.7731702035429496,,
IDRiD_71_2048_3072,0.2637776731031422,0.9999999999725275,,,,,,
IDRiD_71_2048_512,0.17001926782142565,0.525989508797044,0.0,0.0,0.680358245820254,0.8254027725430723,,
IDRiD_71_512_0,,,,,0.0,0.0,,
IDRiD_71_512_1024,0.024926293218642103,0.01323843416351262,0.7456877487507436,0.7893258426227222,0.7742684833559336,0.7965805680595957,,
IDRiD_71_512_1536,0.0,0.0,0.3902583902467996,0.300961978914294,0.7636305323884774,0.8292314836216712,,
IDRiD_71_512_2048,0.0,0.0,0.635593220319746,0.5573248407347492,0.6946264744126419,0.7306985293446049,,
IDRiD_71_512_512,0.41104474688719234,0.605422555506045,0.11556383969818068,0.07096528042461026,0.7685346327813388,0.7281121187019273,0.0,0.0
IDRiD_72_0_1024,,,0.6885145482178097,0.6020353507979628,,,,
IDRiD_72_0_1536,,,0.5213969502940778,0.4736371760077178,0.0,0.0,,
IDRiD_72_0_2048,0.0,0.0,0.0,0.0,0.7687797727823826,0.7102234258151507,,
IDRiD_72_0_2560,,,0.7379912662144124,0.8284313721429258,0.0,0.0,0.6097216878260454,0.44349772995557246
IDRiD_72_0_3072,,,0.0,0.0,0.0,0.0,,
IDRiD_72_0_512,,,0.4570596797005736,0.4999999998407643,,,,
IDRiD_72_1024_0,,,,,0.0,0.0,,
IDRiD_72_1024_2048,0.0,0.0,,,0.7518562654654328,0.7543456267749991,,
IDRiD_72_1024_2560,0.7130214917743589,0.7437065451751689,,,0.9272005294479057,0.9354172989321067,,
IDRiD_72_1024_3072,0.0,0.0,0.33101529898038734,0.24335378318131823,0.7957706010711898,0.7333192120158162,,
IDRiD_72_1024_512,,,,,0.5134986225612397,0.35037593982327997,,
IDRiD_72_1536_1024,,,0.0,0.0,0.8083695403520652,0.8811066799381579,,
IDRiD_72_1536_1536,,,0.6003898634307233,0.4289693592119862,0.8503162332800311,0.9023117076135486,,
IDRiD_72_1536_2048,,,0.696103896013493,0.5338645417263218,0.898022921834589,0.8617607706670497,,
IDRiD_72_1536_2560,,,,,0.8596782818562245,0.7976666219637987,,
IDRiD_72_1536_3072,0.23274161734170007,0.13169642856162972,0.9561200922683465,0.9430523915847261,0.8435020960966728,0.752048532242454,,
IDRiD_72_2048_1024,,,,,0.2043010752614946,0.11689909761620595,,
IDRiD_72_2048_1536,0.3095684802929276,0.9348441925021468,,,0.7548022598585762,0.7834245503687705,,
IDRiD_72_2048_2048,0.0,0.0,0.0,0.0,,,,
IDRiD_72_2048_2560,,,0.0,0.0,0.0,0.0,,
IDRiD_72_2048_3072,,,0.3759512937309017,0.2723263505763698,0.1979695431220851,0.11158798281665408,,
IDRiD_72_512_0,,,,,0.8092963201961356,0.7592054263381975,,
IDRiD_72_512_1536,,,,,0.4307445956650455,0.35582010580441714,,
IDRiD_72_512_2048,0.0,0.0,0.39113428942662537,0.7633587785288348,0.7626295147200063,0.798871719396622,,
IDRiD_72_512_2560,,,0.6772655007590214,0.6960784312967235,0.0,0.0,,
IDRiD_72_512_3072,,,,,0.736089030177421,0.9042968749116896,,
IDRiD_72_512_512,,,0.7412587407403786,0.9999999981132075,0.7556788981318153,0.7206430111601521,,
IDRiD_73_0_1024,,,0.5478260868374291,0.6774193544745057,,,,
IDRiD_73_0_1536,,,0.3327305605184936,0.22330097081958714,0.8532423205279036,0.8223684205115998,,
IDRiD_73_1024_1024,,,0.5310957551564118,0.5183044315492963,,,,
IDRiD_73_1024_1536,,,0.7417763157589731,0.6559999999522909,0.8106194690135058,0.938524590128967,,
IDRiD_73_1024_2048,,,0.6052009455549409,0.7619047616780045,0.9261538460826035,0.871201157616324,,
IDRiD_73_1024_2560,,,0.48767833975516495,0.9999999994680852,,,,
IDRiD_73_1536_1024,0.8337794432492386,0.7264458955139174,0.7095681625140078,0.8914893615124491,0.7551766138548447,0.7737104824647495,0.911931896194118,0.9003361891286176
IDRiD_73_1536_1536,0.6652730598206096,0.650153217535743,0.6683893195233253,0.8471615719599169,0.7433217189026976,0.9421000980429736,,
IDRiD_73_1536_2048,,,0.0,0.0,0.6138749429344164,0.7333696837113757,,
IDRiD_73_1536_2560,,,0.28638497645859506,0.4066666663955556,,,,
IDRiD_73_1536_3072,0.0,0.0,,,,,,
IDRiD_73_1536_512,0.0,0.0,,,,,,
IDRiD_73_2048_1024,,,,,,,0.7237503697023995,0.920963492626234
IDRiD_73_2048_1536,,,0.0,0.0,,,,
IDRiD_73_2048_2048,0.0,0.0,0.0,0.0,,,,
IDRiD_73_2048_2560,0.8381201044286954,0.7815405046307761,0.0,0.0,,,0.79630958482013,0.694191242168111
IDRiD_73_2048_3072,0.7165309329853083,0.7099377123342308,0.5799701045470897,0.801652892230722,,,,
IDRiD_73_512_1024,,,0.6273364485859164,0.8165230612865422,,,,
IDRiD_73_512_1536,0.41889632105272173,0.703651685294431,0.2927018633426746,0.2828207051550772,0.7302104950973879,0.8182724252219843,,
IDRiD_73_512_2048,0.0,0.0,0.5819916517243893,0.9420849419030725,0.799999999847619,0.9170305672851395,,
IDRiD_73_512_2560,0.7644946125826324,0.6828597616239358,,,,,,
IDRiD_74_0_2048,0.0,0.0,0.4220309810525979,0.44581818178575866,0.32289416844908775,0.24448078493503836,,
IDRiD_74_0_2560,,,0.6429447852497774,0.7939393938591981,0.7083333331857639,0.809523809138322,,
IDRiD_74_0_3072,,,0.1839684625251027,0.17412935319051506,,,,
IDRiD_74_0_512,,,0.16260162597219466,0.681818180268595,,,,
IDRiD_74_1024_1024,,,0.6822742474345924,0.9189189187119552,,,,
IDRiD_74_1024_1536,,,0.761261261089806,0.9999999994082841,,,0.607236891592513,0.4368911019653941
IDRiD_74_1024_2048,0.36505190308260793,0.4414225940499116,0.5369422091779852,0.4576059849803484,0.6136363635588843,0.5785714284336735,0.6708507670694828,0.5790529694791713
IDRiD_74_1024_2560,0.7913478686027076,0.732325383297143,0.5842086200546142,0.5346370566610992,0.8073196985919556,0.7784928378497303,,
IDRiD_74_1024_3072,0.6587816355038867,0.7108549471564313,0.18524096384147282,0.210256410220469,0.8139534883573046,0.790681256590516,,
IDRiD_74_1536_0,,,0.6958041956825518,0.5335120642001308,,,,
IDRiD_74_1536_1024,,,0.4529505581414752,0.9999999992957747,,,,
IDRiD_74_1536_2048,,,0.0,0.0,0.8346355215397935,0.8371303926185631,,
IDRiD_74_1536_2560,0.24302262302539823,0.1420392584501814,0.3899204243859452,0.44954128435784496,0.0,0.0,,
IDRiD_74_1536_3072,0.6571324245334887,0.5384999002539547,0.24719101122133702,0.9457013570381442,0.45283018863427704,0.48614072484304033,,
IDRiD_74_2048_1536,0.3279733449177463,0.9999999999116607,0.6328124998764039,0.9999999993827161,,,,
IDRiD_74_2048_2048,0.7213364531712394,0.6495491963872054,0.569868995622819,0.7362482369188412,,,,
IDRiD_74_2048_2560,0.8114061557010375,0.7769804960232266,0.3734439833637506,0.8780487800594884,0.7467811157997016,0.6679462570694922,,
IDRiD_74_2048_3072,0.8249194414430737,0.7020109688957218,0.646934460819563,0.8315217389044778,,,,
IDRiD_74_2048_512,,,0.8158844763870245,0.9338842971347586,,,,
IDRiD_74_512_1024,,,0.4867872043829225,0.925925925436018,,,,
IDRiD_74_512_1536,,,0.41649137566611316,0.2969406118598116,,,,
IDRiD_74_512_2048,0.0,0.0,0.3934426229128792,0.3192488262411191,0.5978066819536393,0.4848986346510179,,
IDRiD_74_512_2560,0.6281992687313962,0.4768430182050851,0.25856587777256923,0.40308370039613617,0.5567010309241083,0.6365584813129737,,
IDRiD_74_512_3072,,,0.4465116278723634,0.42857142850765306,,,,
IDRiD_74_512_512,,,0.5509838997225431,0.4951768487153772,,,,
IDRiD_75_0_1024,0.6779520075987292,0.8047095318555456,0.6499013806545882,0.673135852876755,,,,
IDRiD_75_0_1536,0.6472277446403921,0.48684035623762567,0.5140127388371334,0.41068702287986325,0.4682713347774845,0.4128996692164884,,
IDRiD_75_0_2048,0.6400305382337022,0.4708562156735468,,,0.0,0.0,,
IDRiD_75_0_2560,0.06961832060962415,0.036064536538499455,0.7956521737400756,0.8970588230896771,,,,
IDRiD_75_0_512,0.6419821826101898,0.967281879113483,0.45659526491225505,0.455056179724151,,,,
IDRiD_75_1024_0,,,0.0,0.0,0.27499999965625,0.15942028962402857,,
IDRiD_75_1024_1024,0.7659354542278285,0.890624999988106,0.3490636703989115,0.2679700977419224,0.8027156549200194,0.7550713748493559,,
IDRiD_75_1024_1536,0.0,0.0,0.3256880733571459,0.30148619951136174,0.7976653694946176,0.9318181813946281,,
IDRiD_75_1024_2048,,,0.7577413478592749,0.9570552145771388,0.6928916493655699,0.5983313467701632,,
IDRiD_75_1024_512,0.0,0.0,0.5877672799309912,0.5617870721899442,,,,
IDRiD_75_1536_0,,,0.7242152465555812,0.843342036333331,,,,
IDRiD_75_1536_1024,0.7473389355637627,0.884322174316065,0.5931353644198559,0.4891857506050136,0.5747645950819298,0.5211748633523787,,
IDRiD_75_1536_1536,,,0.6851851845507545,0.649122805878732,0.567685589271753,0.39634146317296254,,
IDRiD_75_1536_2048,,,0.5075528700139649,0.6245353157529608,0.29059829051549907,0.17229729723908874,,
IDRiD_75_1536_2560,0.5008551184827545,0.5288957688065585,0.25490196075307575,0.7761194024058811,,,,
IDRiD_75_1536_3072,0.6263561788750152,0.5053373185203813,,,,,,
IDRiD_75_1536_512,,,0.6638549135105924,0.8105046343140572,,,,
IDRiD_75_2048_1024,0.8504388321614683,0.8002696780583134,0.7387741723782768,0.7327698309016404,0.0,0.0,0.8235494589723799,0.7525107045484428
IDRiD_75_2048_1536,0.462175888793609,0.5504616364039968,0.5249872079050829,0.6656574394175754,,,,
IDRiD_75_2048_2048,0.5549493374686302,0.9295039163277411,0.5853061224250896,0.5154565060736551,,,,
IDRiD_75_2048_2560,0.026498840674842702,0.013427324605121608,0.791666666539797,0.776729559504173,,,,
IDRiD_75_2048_3072,0.8421265173280256,0.8965857359613136,0.2704225351858758,0.15652173911342154,,,,
IDRiD_75_2048_512,0.619626926192919,0.9194480102548227,0.4803804993769096,0.34064080941478575,0.4237288132002298,0.2688172040120245,0.0,0.0
IDRiD_75_512_0,,,0.0,0.0,,,,
IDRiD_75_512_1024,0.6507077743967189,0.8452060069148016,0.2806409701047795,0.2246879334102158,0.8083481466797791,0.7970656972111521,,
IDRiD_75_512_1536,,,0.35627240142092215,0.34537873520879925,0.6679946878706511,0.5317124735167323,,
IDRiD_75_512_2048,0.6189075092667403,0.6296199895723681,0.3194346289526901,0.4977973567185468,0.836666006714776,0.8071046600150075,,
IDRiD_75_512_2560,0.8050988511313883,0.7893019183253259,,,,,,
IDRiD_75_512_512,,,0.5533333332411111,0.42455242955893796,,,,
IDRiD_76_0_1024,0.29406074675383903,0.17237468813399015,0.14652014646647613,0.08230452671510102,,,,
IDRiD_76_0_1536,0.3279217040856193,0.20945796866801897,0.2935540069558557,0.9882697944315924,,,,
IDRiD_76_0_2560,0.15751789975596597,0.0979228486605374,0.7120822621192696,0.6873449129808077,,,,
IDRiD_76_0_512,0.0,0.0,,,,,,
IDRiD_76_1024_0,,,0.7049441785721735,0.6480938415472004,,,,
IDRiD_76_1024_1024,0.6742901443873021,0.6484622553467202,0.25169409486322136,0.17669045191380597,0.7977661034578121,0.805120366828405,,
IDRiD_76_1024_1536,,,0.754966887333889,0.9799426931289562,0.8624641833749107,0.7703134996702455,,
IDRiD_76_1024_2048,0.6523297490779638,0.6453900708711277,0.6515690714768176,0.7794117646455563,0.7504148688889742,0.7524126455656436,,
IDRiD_76_1024_3072,,,0.0,0.0,,,,
IDRiD_76_1024_3584,,,0.6784660764960276,0.9999999991304348,,,,
IDRiD_76_1024_512,0.3514699429535819,0.31448763250266026,0.2609608821144405,0.3380952380722384,0.7484071924005605,0.855893782355703,,
IDRiD_76_1536_0,,,0.7245308310749152,0.8412451361213038,,,,
IDRiD_76_1536_1024,,,0.46684709063147173,0.3766375545440352,0.8995088278202596,0.9109975799864569,,
IDRiD_76_1536_1536,,,0.0,0.0,,,,
IDRiD_76_1536_2048,0.758202247173973,0.6308900523324275,0.5736040607681208,0.9999999991150443,,,,
IDRiD_76_1536_2560,0.9015723912507496,0.841593595104049,0.5090909089586777,0.9999999989795919,,,,
IDRiD_76_1536_3072,,,,,0.0,0.0,,
IDRiD_76_1536_512,0.37110525499634855,0.22843511450163706,0.7276177332977813,0.842925659438732,0.13445135174014095,0.08143607705636714,,
IDRiD_76_2048_1024,,,0.7737017627073034,0.9409038237611931,,,,
IDRiD_76_2048_1536,,,0.5679574790760852,0.44103773579704747,,,,
IDRiD_76_2048_2560,,,0.09756097559842498,0.08045977009952879,0.07206258462410062,0.03762469562455718,,
IDRiD_76_2048_3072,,,0.5082706766152977,0.4828571427191836,,,,
IDRiD_76_2048_512,0.3592334494742227,0.23951678475735255,0.7280909521381315,0.7845839713739364,,,,
IDRiD_76_512_0,0.594284256180221,0.9667911996277796,0.7754077790746038,0.9809523806409675,,,,
IDRiD_76_512_1024,0.5875137985981386,0.6795290111976234,0.4603825136507199,0.4170792079035859,0.688796680484934,0.6720647773031997,,
IDRiD_76_512_1536,0.48424068767214556,0.4352304918765071,0.5891805034499635,0.7343124164573682,,,,
IDRiD_76_512_2048,,,0.0,0.0,,,,
IDRiD_76_512_3072,,,0.849785407664536,0.9627228523561228,,,,
IDRiD_76_512_512,0.5165511932215816,0.696491592262892,0.3998010939632123,0.2573623559374288,0.7703081231953566,0.715214564276305,,
IDRiD_77_0_1024,,,0.6375478926714522,0.555407209538664,0.2841530053868434,0.1656050954886608,,
IDRiD_77_0_1536,0.0,0.0,0.7456445990433294,0.6294117643356402,0.6887091100707454,0.5417819590181637,,
IDRiD_77_0_2048,0.6331131860551911,0.5005401512333356,,,0.2080679405078412,0.11611374404831427,,
IDRiD_77_0_2560,0.7354672256682436,0.6899629377453297,0.0,0.0,0.19260165086540504,0.10725229825988246,,
IDRiD_77_0_3072,,,0.7583732056509124,0.9999999996845426,0.0,0.0,,
IDRiD_77_0_512,,,0.7688022281981052,0.9857142850102041,,,,
IDRiD_77_1024_0,,,0.0,0.0,,,,
IDRiD_77_1024_1024,,,0.4839999999032,0.35276967919744323,0.729411764534256,0.6595744678044364,,
IDRiD_77_1024_1536,0.0,0.0,0.5618843682842877,0.6721311474721178,0.8399776972376917,0.75047324897504,,
IDRiD_77_1024_2048,0.4990059641651088,0.3595988538166764,,,0.6368749999900488,0.4836260085314754,,
IDRiD_77_1024_2560,,,,,0.4886363635808368,0.32330827062807393,,
IDRiD_77_1024_3072,0.589448865302248,0.8054772452353816,0.5308310991245535,0.9999999994949496,0.5516014233893948,0.38083538074180945,,
IDRiD_77_1024_3584,,,,,0.13210445467495358,0.07072368420471022,,
IDRiD_77_1024_512,,,0.10650887567662197,0.06293706289305101,,,,
IDRiD_77_1536_1024,0.4280269715500432,0.3496168582208038,0.271800679486308,0.2705749717846026,0.0,0.0,,
IDRiD_77_1536_1536,,,,,0.5665924275916886,0.4285714285425491,,
IDRiD_77_1536_2048,,,0.6898113207026557,0.8542056073169709,0.0,0.0,,
IDRiD_77_1536_512,0.8626474442931674,0.9470503596986036,0.48735900426901285,0.39777777776514994,0.5467963770455083,0.39717348926907475,,
IDRiD_77_2048_0,,,0.8021680214628271,0.9932885899373902,,,,
IDRiD_77_2048_1024,0.1790645879652978,0.14801178202150134,0.594805194766571,0.8312159708110316,0.6518787496001588,0.5020060790212522,,
IDRiD_77_2048_1536,,,0.33513513510925597,0.9687499995675224,0.6355277675499168,0.4845765563520871,,
IDRiD_77_2048_2048,,,0.6102719032310768,0.48325358840113547,0.4530859792917201,0.29316712833364883,,
IDRiD_77_2048_512,,,0.34211941902409254,0.21662125339123833,0.10913500404056677,0.05771697306459004,,
IDRiD_77_512_1024,,,0.0,0.0,0.17726396913732873,0.09725158560311806,,
IDRiD_77_512_1536,0.3827037773264736,0.30019493176217565,0.3515901059760079,0.3251633986396792,0.6821113499863514,0.5448892573697448,,
IDRiD_77_512_2048,,,,,0.6436346969139244,0.49061053366677776,,
IDRiD_77_512_2560,0.5087912087632532,0.35451761099888834,,,0.5512452107213691,0.39751338282856996,,
IDRiD_77_512_3072,,,0.5571955719043177,0.5033333332494445,0.09190371990576923,0.04816513761099655,,
IDRiD_77_512_512,0.0,0.0,0.2733077905142647,0.4841628957085236,,,,
IDRiD_78_0_1024,,,0.5494505488467577,0.3787878782139578,,,,
IDRiD_78_0_1536,,,0.6698113207231221,0.8574879226017527,,,,
IDRiD_78_0_2048,0.0,0.0,0.4302325581216681,0.3126131562877119,0.19883040929858758,0.1103896103537696,,
IDRiD_78_0_2560,0.6033957335523858,0.4320448877670809,0.0,0.0,0.638388590747347,0.4957186893424395,,
IDRiD_78_0_3072,,,0.0,0.0,0.4473067915167088,0.4004192871277947,,
IDRiD_78_0_512,0.849982835535531,0.8496911461324851,,,,,,
IDRiD_78_1024_0,,,0.0,0.0,,,,
IDRiD_78_1024_1024,,,,,0.6141078837537233,0.5220458552871171,,
IDRiD_78_1024_1536,,,,,0.0,0.0,,
IDRiD_78_1024_2048,0.31614850440380793,0.18996785703697924,0.4638844301393351,0.7789757410299256,0.6984815618149108,0.6043975688129354,,
IDRiD_78_1024_2560,0.35309227425061157,0.22083539297799265,0.18785714285043367,0.3411154344564053,0.7413390184873874,0.7721410880453314,,
IDRiD_78_1024_3072,,,0.007042253518647093,0.005076142129402974,,,,
IDRiD_78_1024_512,,,0.9051094889850284,0.9582689333913031,,,,
IDRiD_78_1536_1536,,,0.46689895464960524,0.8663793099713882,,,,
IDRiD_78_1536_2048,0.07840644204114418,0.042402016959834934,0.6131767775203407,0.576687116493658,0.37840290379408337,0.24955116695095445,,
IDRiD_78_1536_2560,0.0,0.0,0.3610639501776421,0.26539101495296247,0.3423743886019398,0.2242283051704002,,
IDRiD_78_1536_3072,,,0.44207317069801266,0.2879841111928516,0.0,0.0,,
IDRiD_78_2048_1024,,,0.0,0.0,,,,
IDRiD_78_2048_2048,,,0.5722120657612237,0.45827232789776395,,,,
IDRiD_78_2048_2560,0.0,0.0,0.15155279501222949,0.08243243242129292,,,,
IDRiD_78_2048_3072,0.0,0.0,,,0.4639175255340631,0.3061224487713453,,
IDRiD_78_2048_512,,,0.33333333316498315,0.1999999998787879,0.06518010290477186,0.03368794325643831,,
IDRiD_78_512_0,,,0.8476702508201012,0.9256360076466466,,,,
IDRiD_78_512_1536,,,0.38133181557306023,0.9999999997014924,,,,
IDRiD_78_512_2048,,,0.86910994759342,0.8829787232998844,0.8441573785970538,0.8596294216697696,,
IDRiD_78_512_2560,0.4169405815397159,0.26865428478112857,0.3930497303539215,0.47467438488065494,0.7745625567547545,0.8076542581734711,,
IDRiD_78_512_3072,,,,,0.5193432723057305,0.6271649954135294,,
IDRiD_78_512_512,,,0.8554913293561429,0.9932885902707085,0.7701492536163956,0.9520295199439005,,
IDRiD_79_0_1024,,,0.7516778520967523,0.9911504416007518,0.638151425730671,0.5648389903772986,,
IDRiD_79_0_1536,0.5379476508538172,0.5445676274823821,0.0,0.0,0.5702576112245241,0.6585530763584481,,
IDRiD_79_0_2048,0.6656666041565191,0.5288246685456752,0.3897058822096669,0.47747747704731763,,,,
IDRiD_79_0_2560,0.7289959016366767,0.6244358074183523,0.0,0.0,0.6045751633492994,0.5640243901579232,,
IDRiD_79_0_512,0.8654468789935588,0.9797136038019142,0.7720144751782854,0.7494145197308162,,,,
IDRiD_79_1024_0,0.8127997980256703,0.7465507246290254,,,,,,
IDRiD_79_1024_1024,0.0,0.0,0.0,0.0,0.7470394098185009,0.7853061224382951,,
IDRiD_79_1024_1536,0.0,0.0,,,0.7783190479078848,0.7871040159542642,,
IDRiD_79_1024_2048,,,0.2721088434757123,0.24291497965873887,0.7686825280328651,0.924959011212953,,
IDRiD_79_1024_2560,0.021726700970741756,0.03150912105613447,0.4731109598205204,0.472789115614096,0.8657225553006365,0.9481489867488501,,
IDRiD_79_1024_3072,,,,,0.8334308043977169,0.7785061581170192,,
IDRiD_79_1536_0,,,,,0.6683634512428516,0.7104978354593886,,
IDRiD_79_1536_1024,0.26913580246082913,0.17433026788587244,0.6656955571255866,0.5919689118404186,0.7728978150348069,0.7357142856833734,,
IDRiD_79_1536_1536,0.5160183066066351,0.36195826642359885,0.48328767120639515,0.38820422531793974,0.8596833385742693,0.8464588065213856,,
IDRiD_79_1536_2048,,,0.5132317561737585,0.39215686269703964,0.7997644448694179,0.904217762910615,,
IDRiD_79_1536_2560,0.6767513584861691,0.7389352148576352,0.5219236209150664,0.45527452187197565,0.9467579416953361,0.955296162917685,,
IDRiD_79_1536_3072,0.7530432941648034,0.7662645411405553,0.3795121951034385,0.28208846988527275,0.7752825576995533,0.6707064399833375,,
IDRiD_79_1536_512,,,,,0.0,0.0,,
IDRiD_79_2048_1024,0.0,0.0,0.11078717200358694,0.058641975304117126,0.8464662875612571,0.8553001875972022,,
IDRiD_79_2048_1536,,,0.41225165559501226,0.8355704695182649,0.7697733579996249,0.8359914604995856,,
IDRiD_79_2048_2048,0.0,0.0,0.21666666664087303,0.1223118279405495,0.7503994261281737,0.7075570312936877,,
IDRiD_79_2048_2560,0.7281687014396085,0.6135258472311399,,,0.8948164691465592,0.9625682954218573,,
IDRiD_79_2048_3072,0.20946256315069076,0.3917525772522762,0.0,0.0,0.7217901617409141,0.6268854632800689,,
IDRiD_79_2048_512,0.0,0.0,0.0892857142059949,0.049999999950000006,0.8153256704356072,0.9743589741805204,,
IDRiD_79_512_0,0.8461844197054234,0.8018832391562734,,,0.7665706049664062,0.8926174490653574,,
IDRiD_79_512_1024,0.0,0.0,0.16225749558128996,0.10087719297508208,0.7234948479883888,0.9198787353633634,,
IDRiD_79_512_1536,,,0.0,0.0,0.715755968162167,0.7409929701067445,,
IDRiD_79_512_2048,0.0,0.0,0.628027681606572,0.7333333331851851,0.7202129325079034,0.8873456789781117,,
IDRiD_79_512_2560,0.8332977587869094,0.7557104142177425,0.12138728320191118,0.06461538459550295,0.7912145748971837,0.8059301414458083,,
IDRiD_79_512_3072,0.8843023255556889,0.8802083332823953,0.0,0.0,0.7874419740925063,0.6931182795549867,,
IDRiD_79_512_512,,,0.6558120362601852,0.6620890553199298,0.5231884057591892,0.957559681443618,,
IDRiD_80_0_2048,0.8023420010304724,0.6761479073508089,,,,,,
IDRiD_80_0_2560,,,0.8827586203852555,0.7999999995,0.7181328545136325,0.7707129092927336,,
IDRiD_80_0_3072,,,,,0.0,0.0,,
IDRiD_80_1024_2048,,,,,0.2692202462306643,0.16734693876981813,,
IDRiD_80_1024_2560,,,,,0.0,0.0,,
IDRiD_80_1536_1536,,,0.726943942002361,0.9999999995024876,,,,
IDRiD_80_1536_2048,,,,,0.0,0.0,,
IDRiD_80_1536_2560,,,,,0.0,0.0,,
IDRiD_80_1536_3072,,,,,0.6596141878867695,0.5321285140027984,,
IDRiD_80_2048_1536,,,,,0.0,0.0,,
IDRiD_80_2048_2048,,,0.6820512818763971,0.5406504062842885,,,,
IDRiD_80_2048_3072,,,0.0,0.0,0.6261808366226477,0.46868686859218445,,
IDRiD_80_512_2560,,,,,0.4092664091083913,0.2572815532731643,,
