image,dice_hemorrhages,recall_hemorrhages,dice_microaneurysms,recall_microaneurysms,dice_hard_exudates,recall_hard_exudates,dice_soft_exudates,recall_soft_exudates
IDRiD_01_0_1024,0.8801729462540644,0.9836631384955439,,,,,,
IDRiD_01_0_2048,0.008639308853425634,0.004338394792985163,,,,,,
IDRiD_01_0_2560,0.5866071428440489,0.8656126481643206,0.48563611487786346,0.5810147298558078,,,,
IDRiD_01_1024_1024,,,,,0.8503713066700842,0.8513128756453239,,
IDRiD_01_1024_1536,,,,,0.4763636363512633,0.3247167138695214,,
IDRiD_01_1024_2048,,,0.7682880122264156,0.7805447470209692,0.6565349543955563,0.5867689357434718,,
IDRiD_01_1024_2560,0.29738562089073645,0.17516843116697126,0.23796033990963736,0.4097560973610946,0.4631366325172187,0.31538612693736107,,
IDRiD_01_1024_512,0.5020463846974967,0.394285714257551,,,0.28198433413003016,0.16413373855193503,,
IDRiD_01_1536_1024,0.8895994153341725,0.9598817151211445,0.9142857140991253,0.9739130430548204,0.4583850931534663,0.29734085413789924,,
IDRiD_01_1536_1536,,,,,0.6299357207869664,0.5285053928307388,,
IDRiD_01_1536_2048,,,0.6557878633015917,0.681866383808922,0.7607901418020906,0.6765791067752818,,
IDRiD_01_1536_2560,,,,,0.0,0.0,,
IDRiD_01_1536_512,0.0,0.0,0.02208201892396183,0.014373716629492049,0.0,0.0,,
IDRiD_01_2048_1024,0.9343102577011909,0.9155278272834667,0.6884848484013958,0.5725806450458506,0.7586933614250927,0.678989060718993,,
IDRiD_01_2048_1536,,,,,0.8363581549567791,0.7533264541315737,,
IDRiD_01_2048_2048,,,0.6689275116291257,0.5385665528642617,0.8309495088735267,0.8566352815750085,,
IDRiD_01_2048_3072,,,0.2276264591218262,0.1284302963635093,,,,
IDRiD_01_512_1024,,,0.0,0.0,0.873685862217579,0.8251333728267596,,
IDRiD_01_512_1536,0.0,0.0,,,0.7615553925071955,0.7078881563830897,,
IDRiD_01_512_2048,0.0,0.0,0.0,0.0,0.6604668817549775,0.5857599730586474,,
IDRiD_01_512_2560,0.0,0.0,,,,,,
IDRiD_02_0_1536,,,,,0.5867257669358832,0.44403248586786664,,
IDRiD_02_0_2048,0.0,0.0,,,0.821888411928982,0.8436123346159444,,
IDRiD_02_0_2560,,,,,0.0,0.0,,
IDRiD_02_0_3072,,,,,0.0,0.0,,
IDRiD_02_1024_1024,,,,,0.0,0.0,,
IDRiD_02_1024_1536,,,,,0.6057692307276257,0.5351941746923309,,
IDRiD_02_1024_2048,0.0,0.0,0.7502996404015062,0.7696721310844531,0.5689217270772463,0.4189051343009367,,
IDRiD_02_1024_2560,0.001538461538402367,0.0007806401248719501,0.5408845052325523,0.522433927441768,0.7630774150984798,0.6400858455440125,,
IDRiD_02_1024_3072,0.0,0.0,0.2509652509410265,0.3551912567335543,0.7087239439648315,0.5731359257835688,,
IDRiD_02_1024_512,,,,,0.0,0.0,,
IDRiD_02_1536_1024,,,0.827285921565509,0.969387754937179,,,,
IDRiD_02_1536_1536,0.0,0.0,0.6144721232960294,0.5642701523825119,0.0,0.0,,
IDRiD_02_1536_2048,0.0,0.0,0.27517730494502285,0.3999999999175258,0.8194105916060401,0.7612186084495176,,
IDRiD_02_1536_2560,0.0,0.0,0.0,0.0,0.7584213062316386,0.6447696719150755,,
IDRiD_02_1536_3072,0.2121454254851749,0.25082664146193545,0.7755644089790461,0.7053140095766529,0.18150537634018268,0.10280146162965162,,
IDRiD_02_2048_1024,,,,,0.7455741021373002,0.7211350292836463,,
IDRiD_02_2048_1536,0.01697792869212299,0.09505703418438895,0.6004016063654215,0.9171779138290864,0.36734693852561434,0.22881355912812412,,
IDRiD_02_2048_2048,0.0,0.0,0.0,0.0,,,,
IDRiD_02_2048_2560,,,,,0.5529573589335685,0.40688259101075247,,
IDRiD_02_2048_3072,,,0.0494382022360813,0.02534562211397566,0.0,0.0,,
IDRiD_02_2048_512,,,,,0.8878357029314505,0.967297762311997,,
IDRiD_02_512_1024,,,0.36262866188736115,0.8841698838285058,0.49411764647750867,0.3281249994873047,,
IDRiD_02_512_1536,,,0.22628951745205578,0.24028268546991474,0.8156912804359009,0.7344178233513003,,
IDRiD_02_512_2048,0.7840566408708004,0.6927710843212982,0.5452408930456232,0.5999999999482758,0.828741574498863,0.7561499880492458,,
IDRiD_02_512_2560,,,0.40108401080387673,0.2842509602709026,0.5225225224048372,0.3547400610535963,,
IDRiD_02_512_3072,,,,,0.5322391558578853,0.3626198082487828,,
IDRiD_03_0_1024,0.0,0.0,,,0.5135937856862327,0.3500467144082826,,
IDRiD_03_0_1536,0.06131336004073657,0.03164329377864719,0.0,0.0,0.5725658297436447,0.43549138330528686,,
IDRiD_03_0_2048,0.0013404825736366968,0.0006715916722181604,0.1640464798247405,0.9302325574184244,0.7855153202905005,0.6515711644499471,,
IDRiD_03_0_2560,0.7550091356701403,0.7361555649451286,0.46898002100583697,0.5068181817605889,0.5674044264451902,0.505376343904883,,
IDRiD_03_0_512,,,,,0.0,0.0,,
IDRiD_03_1024_0,0.0,0.0,,,,,,
IDRiD_03_1024_1024,0.24845201237428594,0.16692667705840214,0.4315196997921426,0.993520518143948,0.7081493650932397,0.5929386140849834,,
IDRiD_03_1024_1536,0.8136689635661135,0.7383869320893724,0.0,0.0,0.8776315563707447,0.864738301323937,,
IDRiD_03_1024_2048,0.3659249269416515,0.23801169589947335,0.46984126982635427,0.6468531467966037,0.7644922502912054,0.7526180056238175,,
IDRiD_03_1024_2560,0.0,0.0,0.08797327393719524,0.1244094487993056,0.7784442021059662,0.715144431453692,,
IDRiD_03_1024_3072,0.5149536371913611,0.3751308153327454,0.331828442419197,0.744303797279923,0.5749588137911895,0.4634794156090997,,
IDRiD_03_1536_1024,0.0,0.0,0.583653846125786,0.6478121664196572,0.6298453954668402,0.48963595191622306,,
IDRiD_03_1536_1536,0.2986167615826438,0.35980392153335256,0.526719999983145,0.7125541124924195,0.8139947859583367,0.7593669592162442,,
IDRiD_03_1536_2048,0.6160267111681684,0.5410557184486288,0.4980299447992096,0.5973534970515401,0.8435282001792087,0.7773028059422784,,
IDRiD_03_1536_2560,0.33699535548259646,0.21772750879902056,0.22604951559601455,0.49645390059185485,0.8091793225678887,0.716193868461535,,
IDRiD_03_1536_3072,,,0.0,0.0,0.0,0.0,,
IDRiD_03_2048_0,,,0.7368421050945441,0.6518218620842826,,,,
IDRiD_03_2048_1024,0.7357040586718414,0.622570594922988,0.40897755607572917,0.999999999593496,0.004102564102143327,0.0020554984581649025,,
IDRiD_03_2048_1536,0.07205002718844464,0.03737131575223039,,,0.7775916931804656,0.7190645810692344,,
IDRiD_03_2048_2048,,,0.0,0.0,0.716472975462477,0.6702329594420169,,
IDRiD_03_2048_2560,0.0,0.0,0.6453089243374579,0.9999999992907802,0.7962057210494116,0.7951450562227607,,
IDRiD_03_2048_3072,0.47370733850654895,0.9225941422418678,,,,,,
IDRiD_03_512_0,0.0,0.0,0.0,0.0,0.0,0.0,,
IDRiD_03_512_1024,,,0.0,0.0,0.18072289155636787,0.09933774833839026,,
IDRiD_03_512_1536,0.6075379711118032,0.656401944868055,0.585635359051311,0.5711206895320861,0.7601170160850798,0.7090392268253661,,
IDRiD_03_512_2048,0.0,0.0,0.0,0.0,0.7433975123467081,0.8043879055898896,,
IDRiD_03_512_2560,0.7343550446904936,0.6535576267184916,0.5196647323971847,0.8955555553565432,0.717654171699534,0.7460716530366739,,
IDRiD_03_512_3072,0.0,0.0,0.45793581956132384,0.6082949307354159,0.4376647834110108,0.30562861650154505,,
IDRiD_03_512_512,0.4058469475378089,0.3818770226331242,0.4295415959070653,0.9370370368635117,0.08919170021402317,0.0469973890324087,,
IDRiD_04_0_1024,,,,,0.4526593738041245,0.5434782608203371,,
IDRiD_04_1024_0,,,,,0.8584474883884823,0.8506787326467518,,
IDRiD_04_1024_1024,0.8741020793840693,0.9302575107046606,0.10849056601214845,0.057356608464499595,0.0,0.0,,
IDRiD_04_1024_2560,,,,,0.8319623970820256,0.8271028035450694,,
IDRiD_04_1024_3072,,,,,0.058823529377162634,0.03030303028466483,,
IDRiD_04_1024_3584,,,,,0.589010988881536,0.529644268565358,,
IDRiD_04_1536_1024,0.8637888956615025,0.8367316784746346,,,,,,
IDRiD_04_1536_2560,,,0.6520467835304026,0.9999999995515695,,,,
IDRiD_04_1536_512,0.8239297868480271,0.714359664554153,0.7938144327850993,0.8555555550802469,0.8507936505235575,0.8993288584568263,,
IDRiD_04_2048_512,0.8392666157359217,0.7340638781217852,,,,,,
IDRiD_04_512_1024,,,,,0.39241803276678183,0.27259786474928127,,
IDRiD_04_512_1536,,,,,0.0,0.0,,
IDRiD_04_512_2560,,,,,0.809999999865,0.9101123592096957,,
IDRiD_04_512_3072,0.0,0.0,,,0.4969450100820886,0.9759999992192,,
IDRiD_04_512_3584,,,,,0.434210526172957,0.9999999984848486,,
IDRiD_04_512_512,,,,,0.003105590061629567,0.0015552099531018337,,
IDRiD_05_0_512,0.46206995824871067,0.9993773349315456,0.3732767762064394,0.3039723660960324,,,,
IDRiD_05_1024_1024,,,,,0.656230432053264,0.5820066641876711,,
IDRiD_05_1024_1536,,,0.0,0.0,0.8142340168714469,0.8717176065057376,,
IDRiD_05_1024_2048,0.13779527557698865,0.11864406777650101,0.0,0.0,,,,
IDRiD_05_1024_512,,,0.6231454005010171,0.9999999995238096,,,,
IDRiD_05_1536_1024,0.0,0.0,0.049861495840271323,0.03253012047800842,0.472955974783276,0.3375224415911091,,
IDRiD_05_1536_1536,,,,,0.0,0.0,,
IDRiD_05_1536_512,0.0,0.0,0.7396562698447068,0.8206214688106467,,,,
IDRiD_05_2048_1024,,,0.7094631986325698,0.7350917430349666,,,,
IDRiD_05_2048_1536,,,0.0,0.0,,,,
IDRiD_05_2048_512,0.8205718671882447,0.7780203784287475,,,,,,
IDRiD_05_512_1536,,,0.2811501596545846,0.1635687731733945,,,,
IDRiD_06_0_1536,0.17932386084813023,0.09886547811726458,0.06806930692648086,0.1276102087870974,,,,
IDRiD_06_0_2048,0.7001074883504113,0.5851701006158939,0.6517027863272675,0.7558348293077496,,,,
IDRiD_06_0_2560,0.8168888888837023,0.9855982840357653,,,0.017559262509432898,0.00885739592481334,,
IDRiD_06_0_3072,,,0.6076458751903777,0.9773462780008587,,,,
IDRiD_06_0_512,,,0.7877461706352437,0.7135777997310627,0.15047021941215202,0.08135593218960069,,
IDRiD_06_1024_1024,,,0.7472231571609821,0.8531898538929139,0.8571265678400392,0.773433480802825,,
IDRiD_06_1024_1536,,,,,0.8861373629105668,0.8164462655912046,,
IDRiD_06_1024_512,0.0,0.0,0.5820895522207062,0.5410404623964716,,,,
IDRiD_06_1536_0,,,,,0.33134328353263537,0.1985688729519555,,
IDRiD_06_1536_1024,0.7358897026826416,0.6870474657532544,,,,,,
IDRiD_06_1536_512,,,0.596169858401651,0.6236933796822834,0.5797468353696523,0.5134529146830823,,
IDRiD_06_2048_512,,,0.0,0.0,,,,
IDRiD_06_512_0,,,0.0,0.0,,,,
IDRiD_06_512_1024,0.13649182176331123,0.07387057386606406,0.16477272726336517,0.25217391299962194,0.778069514126971,0.6805985082741468,,
IDRiD_06_512_1536,0.3404710920406348,0.22331460671020864,,,0.7823289727601205,0.6860366713616733,,
IDRiD_06_512_2048,0.639165251137123,0.7534324942360736,0.32475884239151787,0.6917808214439858,0.0,0.0,,
IDRiD_06_512_3072,,,0.7013793103206422,0.7364228819162619,,,,
IDRiD_06_512_512,0.0,0.0,0.3968871595110124,0.4260143197582322,0.6630434782492454,0.6070626003015389,,
IDRiD_07_0_1024,,,0.7290748897875469,0.6118299444340426,0.5214899712968968,0.9999999996336996,,
IDRiD_07_0_1536,0.4780037501734025,0.6886949293146843,,,0.0,0.0,,
IDRiD_07_0_2048,0.43140495866580153,0.5541401273493177,0.4987990392114172,0.6211365901673842,0.35991820038446365,0.9887640445734965,,
IDRiD_07_0_512,0.8806426931568232,0.8813169984011242,,,,,,
IDRiD_07_1024_0,,,,,0.0,0.0,,
IDRiD_07_1024_1024,,,0.6333333328055556,0.5066666659911111,0.6749183895446829,0.6061568531491288,,
IDRiD_07_1024_1536,,,,,0.4839430326656808,0.3601413133757244,,
IDRiD_07_1024_2048,0.0,0.0,,,0.2847571188802752,0.20432692302780603,,
IDRiD_07_1024_2560,,,0.8141414140591776,0.8241308791770693,,,,
IDRiD_07_1024_512,,,0.5612722170077558,0.5411906193300546,0.7848328472007715,0.8692842942201908,,
IDRiD_07_1536_0,,,0.0,0.0,0.7636695018110013,0.6738139908691018,,
IDRiD_07_1536_1024,,,,,0.6845572993756124,0.7045870161482429,,
IDRiD_07_1536_1536,,,0.30412371126182375,0.17933130693637345,0.9079330368343091,0.8729897141533415,,
IDRiD_07_1536_2048,0.00826934435888159,0.0041518386712884985,,,0.8570528431048031,0.8400013352680721,,
IDRiD_07_1536_2560,,,0.0,0.0,0.6444775009277164,0.8109499298018176,,
IDRiD_07_1536_512,0.38844331024071777,0.4924890224059975,0.41701870849677075,0.8499384992804504,0.6625878087318697,0.6579657965500466,,
IDRiD_07_2048_0,,,,,0.4789762339160921,0.3164251206965156,,
IDRiD_07_2048_1024,,,,,0.720712277396422,0.7557739557368169,,
IDRiD_07_2048_1536,,,,,0.8054569388455644,0.8307413807222024,,
IDRiD_07_2048_2048,0.4314691151901858,0.8653942742195648,0.4425531914658216,0.4346917449911503,0.8068110153373259,0.8097046413331286,,
IDRiD_07_2048_512,0.7802517850395516,0.9508816120797929,0.3184568834977891,0.20637254900949153,0.7016528925523189,0.6615584415412582,,
IDRiD_07_512_0,,,0.3369963368728951,0.20264317171689727,0.7611336030847907,0.9038461534116125,,
IDRiD_07_512_1024,,,0.5931034478668252,0.7962962948216735,,,,
IDRiD_07_512_1536,,,0.6477987421256329,0.7263111502544597,0.82183908040073,0.8183118739887967,,
IDRiD_07_512_2048,0.0,0.0,0.3893280632026356,0.44369369359376265,,,,
IDRiD_07_512_2560,0.48976072428347145,0.37282573021421644,,,,,,
IDRiD_07_512_512,,,0.5509964829688747,0.7484076431929287,,,,
IDRiD_08_0_1024,0.3913222121752706,0.27032243414770296,,,,,,
IDRiD_08_0_1536,0.6902425476738002,0.6595428490506011,0.0,0.0,,,,
IDRiD_08_1024_1024,0.5173516711936882,0.9089631918822995,0.42874062374935884,0.537091988077439,0.5486238531942317,0.39919893189144645,,
IDRiD_08_1024_1536,0.6653589642945048,0.8201160541427444,0.0,0.0,0.22746781110998543,0.12864077666780563,0.7710063743443548,0.6273477406630463
IDRiD_08_1024_2048,,,,,0.772330071682422,0.8359764385949707,,
IDRiD_08_1024_2560,,,,,0.25360230543896223,0.20754716976237095,,
IDRiD_08_1024_512,0.5425998614513369,0.3824869791542159,,,0.8406226834069219,0.9249592168148517,,
IDRiD_08_1536_1024,,,,,0.4187725631013046,0.266666666605364,,
IDRiD_08_1536_1536,0.782197376891374,0.7385302476354637,,,0.8453970484816813,0.8692196531634896,,
IDRiD_08_1536_2048,,,,,0.477704194239395,0.3203078744629776,,
IDRiD_08_512_1024,,,0.5108433734529443,0.9464285711468962,,,,
IDRiD_08_512_1536,,,0.3298245613456448,0.33333333321513,0.6547406081118532,0.9945652168507798,0.8790588838642207,0.8293213983256966
IDRiD_08_512_2048,,,0.6086576300564646,0.5244913337961951,,,0.6225693170468968,0.6540028631135998
IDRiD_08_512_512,,,0.7384615383195267,0.8135593216891698,,,,
IDRiD_09_0_1024,0.5148886703008366,0.3718437197263684,,,,,,
IDRiD_09_0_1536,,,0.11627244228793752,0.06172465960478897,,,,
IDRiD_09_0_2560,,,0.5581151832168526,0.38707334782955166,,,,
IDRiD_09_0_3072,,,0.32640949553512466,0.19513431321869568,,,,
IDRiD_09_0_512,0.5805981035679837,0.4742127659493751,,,,,,
IDRiD_09_1024_1024,0.0,0.0,0.5369572422847704,0.4114808229511943,0.8124608248698081,0.7908802473121099,,
IDRiD_09_1024_1536,0.8917721913736399,0.8496374658165976,,,0.8639457632026684,0.8687568355798966,,
IDRiD_09_1024_2048,0.5084063461933648,0.4351438994642249,0.5083179297479594,0.5975013579251764,0.749260128576903,0.658829863591909,,
IDRiD_09_1024_2560,,,,,0.4387510007655123,0.29211087416928455,,
IDRiD_09_1024_3072,,,0.0,0.0,,,,
IDRiD_09_1024_3584,,,0.0,0.0,,,,
IDRiD_09_1024_512,0.15186860271002456,0.11766875691192664,0.5065943992681735,0.4343246592182675,0.7447725802948021,0.6770084911778118,,
IDRiD_09_1536_1024,0.0,0.0,0.22733918127824054,0.1301799916228472,0.7444572275398388,0.7074978688680645,,
IDRiD_09_1536_1536,0.6164658634476258,0.8966121495065242,0.4982698961650363,0.3720930232237646,0.7996278190479853,0.8806154646859874,,
IDRiD_09_1536_2048,0.7120836773917962,0.9001391788134956,0.5606694560200276,0.43905635643000573,0.0,0.0,,
IDRiD_09_1536_2560,,,0.23753976668941995,0.13477737664652362,,,,
IDRiD_09_1536_512,,,0.0,0.0,0.8845970433942165,0.9040888569646417,,
IDRiD_09_2048_1024,,,,,0.7020955826873051,0.8100539224072003,,
IDRiD_09_2048_1536,0.08064516126864377,0.04201680671091966,0.49276714883374867,0.48263254108933884,0.697724925177589,0.6117974918689651,,
IDRiD_09_2048_2048,0.5467716535346965,0.6267148014214182,0.6186046511148368,0.4801444042743509,,,,
IDRiD_09_2048_2560,,,,,0.804369414061352,0.9364161848628421,,
IDRiD_09_2048_512,,,0.5983606557213563,0.5121608980115921,0.0,0.0,,
IDRiD_09_512_0,0.4160902802982146,0.2729878194346074,,,,,,
IDRiD_09_512_1024,0.0,0.0,0.6312941530041892,0.6017191976904952,0.7661772702525977,0.7849582172639478,,
IDRiD_09_512_1536,0.632603406172116,0.5829596409941885,0.7571942445362235,0.776752767384363,0.6953868390384415,0.7608504656408289,,
IDRiD_09_512_2048,,,,,0.7350153128082979,0.811332904030543,,
IDRiD_09_512_3072,,,0.0,0.0,,,,
IDRiD_09_512_512,0.3954577382322907,0.2664247969061722,0.6187335091940149,0.7215384614274557,0.7610062892284061,0.8581560281659205,,
IDRiD_10_0_1024,,,,,0.760034110287777,0.7048558021790222,,
IDRiD_10_0_1536,,,0.7379471228328948,0.8361233479439538,0.8172313236434988,0.7838188143784619,,
IDRiD_10_0_2048,0.8472345272714541,0.8228304515215698,0.6241737487901713,0.7545662099595244,0.7752996432492998,0.7845011167050095,,
IDRiD_10_0_2560,0.4035958674305166,0.646603611322158,0.4198062432610386,0.518962075813775,0.7371165644058725,0.8929765885955788,,
IDRiD_10_0_3072,,,,,0.25462690085754297,0.14737991266174427,,
IDRiD_10_0_512,,,,,0.32116788309446426,0.19130434774291116,,
IDRiD_10_1024_0,,,,,0.7275862067711059,0.571815718002218,,
IDRiD_10_1024_1024,0.10207696023020324,0.08421891604452128,0.32552301253868104,0.21952595935555722,0.8444400337376845,0.8752314338523427,,
IDRiD_10_1024_1536,,,,,0.9742285131340939,0.9738932017789247,,
IDRiD_10_1024_2048,,,0.8518771330476534,0.9811320753174321,0.9744231356449411,0.9914545894458178,,
IDRiD_10_1024_2560,0.7957511878084328,0.8027214631952252,0.5744954916149744,0.5425790754037884,0.7910462919688995,0.7655592687211891,,
IDRiD_10_1024_3072,0.4110834188475138,0.9999999999286733,0.6897980320719939,0.6693467336010707,0.8095079787189189,0.7737527804176066,,
IDRiD_10_1024_512,,,,,0.7453768318181029,0.6630198634337133,,
IDRiD_10_1536_0,,,0.0,0.0,0.6482554555461933,0.4938944204303232,,
IDRiD_10_1536_1024,,,0.7057981388437439,0.7424698794621634,0.685444531861977,0.7305047794672941,,
IDRiD_10_1536_1536,,,0.5390624997894287,0.37499999979619564,0.8103969373350325,0.8611852291041237,,
IDRiD_10_1536_2048,0.410074265416255,0.9999999999775029,0.5030129124748491,0.36467651341034585,0.7889598336907176,0.7538396055731783,,
IDRiD_10_1536_2560,,,0.515313563416854,0.4898336413595347,0.8346996207006103,0.8504113687324424,,
IDRiD_10_1536_3072,,,0.24903225804844953,0.24337957121773274,0.7183921476812716,0.75380088274871,,
IDRiD_10_1536_512,0.6621229050205348,0.543370621666177,,,,,,
IDRiD_10_2048_1024,0.0,0.0,0.4373673035783887,0.2962607861652674,0.0,0.0,,
IDRiD_10_2048_1536,0.0,0.0,0.635505193548843,0.9519094765273113,0.5205479451992243,0.5297138664580652,,
IDRiD_10_2048_2048,0.6879248132861632,0.7171098670273424,0.1474025973978116,0.08200867051726848,0.6596595665458128,0.8604707595035072,,
IDRiD_10_2048_2560,0.16160163040123718,0.08921244209073982,,,0.49032258053971556,0.32478632469379304,,
IDRiD_10_2048_3072,0.29927007298879993,0.38381812101692353,0.3078276165076669,0.18636847708345383,0.671966527168537,0.6019490254421327,,
IDRiD_10_2048_512,,,,,0.8209982788060529,0.7433766233380064,,
IDRiD_10_512_1024,,,0.5949895615245314,0.4425465837822133,0.8307555671076696,0.8264411162572428,,
IDRiD_10_512_1536,,,,,0.8308171333748173,0.8280691725008104,,
IDRiD_10_512_2048,0.6540447504209116,0.5146726862186304,0.29815376135855187,0.23790677219710174,0.8324603055818226,0.9545241809657495,,
IDRiD_10_512_2560,0.21087021086394803,0.17884130981466795,0.4975574452596787,0.34889621922484404,0.8338296094753029,0.8360324756182137,,
IDRiD_10_512_3072,0.48534156262469713,0.3846153846068338,0.17787056366689477,0.10878447394745738,0.6926104621613363,0.64552393349124,,
IDRiD_10_512_512,0.10582832294254692,0.9691182445766308,0.0,0.0,0.8199335547991156,0.7227645450713486,,
IDRiD_11_0_1024,,,0.0,0.0,,,,
IDRiD_11_0_1536,0.41089944537229567,0.4407656492270685,0.324507042235239,0.19367854739786963,0.16207455426870754,0.08818342150120223,,
IDRiD_11_0_2048,,,0.5452513966175837,0.41461342392399203,,,,
IDRiD_11_0_2560,0.7277674975429653,0.5914720452832365,0.0,0.0,,,,
IDRiD_11_0_3072,,,,,0.5852311938864574,0.888888888702539,,
IDRiD_11_0_512,0.34354688947599377,0.22155688620101116,0.6367583211813664,0.583554376503036,0.0,0.0,,
IDRiD_11_1024_1024,,,0.6586706646347491,0.9620437954799936,,,,
IDRiD_11_1024_1536,0.0,0.0,0.3459614009883502,0.25785828448279924,0.8254370007085919,0.8229634886773679,,
IDRiD_11_1024_2048,0.015247776364009178,0.007978723403194318,0.20512820510797553,0.2390804597151539,0.8185615691963102,0.7366786531531205,,
IDRiD_11_1024_2560,0.13753106876268578,0.07384341636846434,0.09749670618593566,0.09724047304898285,0.8350455514623828,0.7898982984529878,,
IDRiD_11_1024_3072,0.35165022842597815,0.2264379192773208,,,0.812316715423414,0.9618055552215952,,
IDRiD_11_1536_1024,,,0.628099173467204,0.7215189871134433,,,,
IDRiD_11_1536_1536,,,0.3882709807494165,0.29357798160648657,0.8146946343630235,0.9019758788580453,,
IDRiD_11_1536_2048,0.0,0.0,0.0,0.0,0.8588832988042348,0.7980659058582058,,
IDRiD_11_1536_2560,0.0,0.0,0.0,0.0,0.7547325102871524,0.6160807793376093,,
IDRiD_11_1536_3072,,,,,0.7357162446225823,0.6543089430787917,,
IDRiD_11_2048_1024,,,0.34650648117778987,0.22204213937511985,0.8073394494589868,0.6923076921866596,,
IDRiD_11_2048_1536,,,,,0.20521739126865784,0.15526315785387812,,
IDRiD_11_2048_2048,,,,,0.8023172905507969,0.7162635264134458,,
IDRiD_11_2048_2560,0.4658730158683941,0.32283789357455195,0.0,0.0,0.7359370143958565,0.6733649289035699,,
IDRiD_11_2048_3072,0.7240018936348114,0.7024957893017533,0.1679389312656605,0.09322033896330077,0.627714581146447,0.6376050419498315,,
IDRiD_11_512_1024,,,,,0.5396341463140429,0.3953834698141933,,
IDRiD_11_512_1536,,,0.7626886144881557,0.7146529562063428,0.6835418855647354,0.6041537682185841,,
IDRiD_11_512_2048,,,0.32830523510840237,0.19722814496831256,0.7990778212684948,0.705801347785802,,
IDRiD_11_512_2560,0.0,0.0,0.5639751552444736,0.4508440913157057,0.6884757309062697,0.5942668136641643,,
IDRiD_11_512_3072,0.215977822579738,0.5827289211109989,0.054755043225035785,0.03180803571251071,0.0,0.0,,
IDRiD_11_512_512,,,0.10460992906874025,0.055191768002320694,,,,
IDRiD_12_0_1024,,,,,0.5128453707943362,0.7907324363541507,,
IDRiD_12_0_2560,0.2917505030034331,0.2022315202090494,0.29571303584464453,0.24852941172815746,,,,
IDRiD_12_0_3072,0.40513983368063944,0.2540284359948788,0.2603550294317426,0.16058394148862487,,,,
IDRiD_12_0_512,0.12455303932882739,0.0664124563054842,,,,,,
IDRiD_12_1024_1024,0.15484007625421076,0.9999999999316005,,,,,,
IDRiD_12_1024_2048,0.4398713826083684,0.7880184329981524,0.4827586206446636,0.9999999996138995,0.03401450230673679,0.9626865664457563,,
IDRiD_12_1024_2560,,,0.7258426965476582,0.9584569730093598,,,,
IDRiD_12_1536_2048,0.0,0.0,,,0.6594048127533859,0.8814236771815489,,
IDRiD_12_1536_3072,,,0.0,0.0,,,,
IDRiD_12_2048_1536,,,0.5943396223611606,0.5624999994977679,,,,
IDRiD_12_2048_2048,,,0.0,0.0,,,,
IDRiD_12_2048_2560,,,0.5347593581934476,0.38461538451676525,,,,
IDRiD_12_2048_3072,,,0.27999999996266667,0.23702031597358456,,,,
IDRiD_12_2048_512,0.7138544112474386,0.5927576601341081,0.7417923690557415,0.5895627643738276,,,,
IDRiD_12_512_2560,0.9109193727018279,0.9037015615910716,0.0,0.0,,,,
IDRiD_12_512_512,,,,,0.7395411604939891,0.9042904287444585,,
IDRiD_13_0_1024,0.8458210762961443,0.7690371302464117,0.48286604353849444,0.5236486484717403,,,,
IDRiD_13_0_1536,,,0.5943940642788791,0.43199520668472163,,,,
IDRiD_13_0_2048,0.6483839373036556,0.5106448626809428,0.45057471259188797,0.50256410243524,0.7435897433990795,0.6041666664149306,,
IDRiD_13_0_2560,0.8317779960605135,0.9597619722028972,0.672551492195353,0.5085823267318129,,,,
IDRiD_13_0_3072,0.050159598722447796,0.22147651003738572,0.5106382978451788,0.5144694533210644,,,,
IDRiD_13_0_512,,,0.5442459492918884,0.5061823801772656,0.6381766379948214,0.47257383946304904,0.8001271949941697,0.7232832960669224
IDRiD_13_1024_0,0.0,0.0,0.5524625267074451,0.999999999612403,,,,
IDRiD_13_1024_1024,0.16127541589276168,0.27523659303823056,0.6379789005930601,0.5904419321382095,0.8909246386865822,0.858443465490523,,
IDRiD_13_1024_1536,0.06474372276271542,0.2836363635847934,0.3304552590137184,0.22930283223151945,0.7852183549295854,0.7489214840347328,0.0,0.0
IDRiD_13_1024_2048,,,0.5514018691445638,0.46599385693435746,0.22622622620358096,0.15127175366114168,0.0,0.0
IDRiD_13_1024_2560,,,,,0.7320261435516254,0.9824561394890736,,
IDRiD_13_1024_3072,,,,,0.636155217792,0.520784095641307,,
IDRiD_13_1024_3584,,,0.8016085789810177,0.7002341918734815,0.0,0.0,,
IDRiD_13_1024_512,0.24262295081083343,0.1427958833557978,0.6759696285516936,0.8157503714306216,0.6696484479768346,0.7000187020628387,,
IDRiD_13_1536_0,,,0.563953488208153,0.5574712640474303,0.5714285712653061,0.47393364906448643,,
IDRiD_13_1536_1024,,,0.5669975185752483,0.401581722284571,0.7569698676322589,0.7561181434386465,,
IDRiD_13_1536_1536,0.0,0.0,0.6555099463007418,0.707566462119457,0.7163037080424867,0.7179941002526257,,
IDRiD_13_1536_2048,0.2685486789624123,0.22705018358463583,0.6837315130441564,0.6028084252153653,0.5506391346963954,0.43647700699779907,0.43300798580027244,0.2809210526292687
IDRiD_13_1536_2560,0.5549094162317724,0.40158627386854023,0.5680933851697981,0.6314878891641025,,,,
IDRiD_13_1536_3072,,,0.5780346820252374,0.9900990095742247,0.48316831678384475,0.32795698920323163,,
IDRiD_13_1536_3584,,,,,0.0,0.0,,
IDRiD_13_1536_512,,,0.6316590562925549,0.5903271692325514,0.22191400829099667,0.12698412696397077,,
IDRiD_13_2048_1024,0.24316628700902146,0.14420803782018887,0.5881533100635433,0.6196769455771399,0.5680297397347189,0.48415716090188127,0.8546459323884508,0.9137125583700546
IDRiD_13_2048_1536,,,0.6882898062052111,0.7242907800776337,,,0.12042209807448352,0.06406869220537133
IDRiD_13_2048_2048,0.13188798554056513,0.07146353401510212,0.0,0.0,0.7790055246466835,0.7343749996175131,,
IDRiD_13_2048_2560,0.0,0.0,0.1328790459739559,0.13732394361361833,,,,
IDRiD_13_2048_512,,,0.49425742572299974,0.5430809399005151,,,0.3402919907194686,0.2050312397220895
IDRiD_13_512_0,0.0,0.0,0.0,0.0,,,,
IDRiD_13_512_1024,0.29082969431044414,0.363934426189734,0.6378302548366185,0.5765004226299028,0.8172523267454312,0.7840598508343354,,
IDRiD_13_512_1536,,,0.7655743608072457,0.741800418676141,0.7907091138037239,0.7374844013786657,,
IDRiD_13_512_2048,,,0.7932379712882656,0.86158192066057,0.8216535432909123,0.877628259004305,,
IDRiD_13_512_2560,0.5229808121141017,0.4221902016986894,0.6919642856833945,0.7466281309492651,,,,
IDRiD_13_512_3072,,,,,0.605105920662406,0.4368627450637754,,
IDRiD_13_512_3584,,,,,0.0,0.0,,
IDRiD_13_512_512,0.0,0.0,0.3422459892743096,0.21597300335028427,0.5362074772470122,0.37511781336592287,0.0,0.0
IDRiD_14_0_1024,,,0.6823979591401531,0.8799342103815898,,,,
IDRiD_14_0_1536,0.04447268106593162,0.022742040285161077,0.5070422533782979,0.7438016522778499,0.0,0.0,,
IDRiD_14_0_2048,0.7723277572953477,0.6488031439722662,0.4352941176150519,0.9999999996621621,0.768225039604433,0.9001857009795643,,
IDRiD_14_0_2560,0.5456006428247917,0.3897818599273844,0.5718427251210031,0.7528625953839284,,,0.8291310998133461,0.8883484880430498
IDRiD_14_0_3072,0.0,0.0,,,0.0,0.0,,
IDRiD_14_0_512,,,0.3074534161331546,0.20259208729859535,,,,
IDRiD_14_1024_0,,,0.0,0.0,,,,
IDRiD_14_1024_1024,0.13934894345292123,0.5865384612564719,0.48309178740071723,0.5050505049654798,,,,
IDRiD_14_1024_1536,0.6276996914530734,0.511452513952194,0.31705590940137807,0.26666666665079364,0.8331820168773894,0.8515947209179846,,
IDRiD_14_1024_2048,,,0.27184466016484954,0.16622691290683023,0.8261826345082246,0.8209086640032258,,
IDRiD_14_1024_2560,,,0.0,0.0,0.8025823989111591,0.7766898063544878,,
IDRiD_14_1024_3072,,,0.0,0.0,0.7730166924753454,0.6934238962571428,,
IDRiD_14_1024_3584,,,,,0.0,0.0,,
IDRiD_14_1024_512,,,0.7919075143364296,0.7191601047981206,0.41197658711364304,0.26338514679725433,,
IDRiD_14_1536_0,0.27595445411306196,0.6616702354751959,,,,,,
IDRiD_14_1536_1024,,,0.0,0.0,,,,
IDRiD_14_1536_1536,0.8915278552606538,0.913963559106839,0.31734317339270074,0.20806451609547347,0.6943037974573686,0.6578710644480399,,
IDRiD_14_1536_2048,0.0,0.0,0.6029097963025624,0.515422885555044,0.7911402277212426,0.823911630902407,,
IDRiD_14_1536_2560,,,0.7774736018467941,0.7314201618299175,0.7601078166969559,0.7978981406306428,,
IDRiD_14_1536_3072,0.0,0.0,0.34517766493081503,0.6044444441758025,0.488549618246023,0.33333333326388886,,
IDRiD_14_1536_512,,,0.741671217873202,0.8772609817988035,,,,
IDRiD_14_2048_1024,0.05122235156563186,0.026284348861853723,0.47700701477186225,0.4303797467749115,,,,
IDRiD_14_2048_1536,,,0.5879043599735718,0.7517985608806479,,,,
IDRiD_14_2048_2048,,,0.0,0.0,0.5795958600010056,0.4282592862033314,,
IDRiD_14_2048_2560,0.8074050016107924,0.8286666666390445,0.686980609386566,0.6133553173443235,0.6818404787532439,0.7713651498163959,,
IDRiD_14_2048_3072,0.5632873425230461,0.6069812540204595,0.7199999999830589,0.6343283581826564,0.0,0.0,,
IDRiD_14_2048_512,0.8846034214343825,0.7930842163528675,,,,,,
IDRiD_14_512_1536,0.0,0.0,0.0,0.0,0.7439938496949452,0.6800773014638075,,
IDRiD_14_512_2048,0.0,0.0,0.3736263736047642,0.9202279199657469,0.8185365853637522,0.8421024828270359,,
IDRiD_14_512_2560,0.0,0.0,0.5992260917468428,0.7169312168838008,0.78822924168991,0.7387178893746096,0.0,0.0
IDRiD_14_512_3072,0.0,0.0,0.022889842629057248,0.035555555539753085,0.8153735632086281,0.8276616431495464,,
IDRiD_14_512_512,,,0.7106481480658973,0.6177062373002603,,,,
IDRiD_15_0_1536,,,0.0,0.0,,,,
IDRiD_15_1024_0,,,0.04263565890646596,0.021782178213508478,0.6678082191590238,0.5248990578499373,,
IDRiD_15_1024_1024,,,,,0.7450157397593781,0.7860503736289497,,
IDRiD_15_1024_1536,,,,,0.0,0.0,,
IDRiD_15_1024_512,,,,,0.8017536403677237,0.7194700923295083,,
IDRiD_15_1536_2048,,,0.3958868893583838,0.24838709669406867,0.5755102039641815,0.404011461202289,,
IDRiD_15_1536_512,0.0,0.0,,,0.0,0.0,,
IDRiD_15_2048_2048,,,0.49457700640030866,0.999999999122807,,,,
IDRiD_15_512_1024,0.0,0.0,,,0.7355343771231249,0.7917684416122158,,
IDRiD_15_512_512,0.588159999981179,0.41867881547067526,0.0,0.0,,,,
IDRiD_16_0_2560,,,0.0,0.0,0.8848758464829699,0.9147221043311531,,
IDRiD_16_1024_2048,,,0.8725817210892206,0.9289772725953158,0.0,0.0,,
IDRiD_16_1024_2560,0.0,0.0,0.0,0.0,0.4992782016884962,0.40434237995486977,,
IDRiD_16_1024_3072,0.7902347231811913,0.678544093879764,0.29268292680827235,0.17785527461396203,0.7969238163885497,0.729870337759205,,
IDRiD_16_1024_3584,0.29721362227787645,0.174726989070477,,,,,,
IDRiD_16_1536_2048,,,,,0.4611673902334218,0.32275489531919277,,
IDRiD_16_1536_2560,,,,,0.6760631834696147,0.5778177790005841,,
IDRiD_16_1536_3072,,,,,0.7783344617415143,0.7319495734021145,,
IDRiD_16_2048_1024,,,,,0.1832402234432134,0.1034047919163424,,
IDRiD_16_2048_1536,,,0.18749999985351565,0.10344827577288943,,,,
IDRiD_16_2048_2560,,,,,0.5460659044689935,0.3755781683278836,,
IDRiD_16_2048_3072,,,,,0.0,0.0,,
IDRiD_16_2048_512,,,0.6807017542665436,0.5187165774014126,0.0,0.0,,
IDRiD_16_512_1536,,,0.7960457855985408,0.7522123893065672,,,,
IDRiD_16_512_2048,,,,,0.0,0.0,,
IDRiD_16_512_2560,,,,,0.8139193885435051,0.7596060599513833,,
IDRiD_16_512_3072,,,,,0.7945748730901445,0.7051949880232973,,
IDRiD_17_0_1024,0.5266146202943462,0.8967851099614024,0.0,0.0,0.7877760897464778,0.8635664873063853,,
IDRiD_17_0_1536,0.13798214087169594,0.07552220644868983,0.2982601491053637,0.23166023163041696,0.6312784862546325,0.533043072612867,,
IDRiD_17_0_2048,0.39642259471510677,0.3095809409533397,,,0.6178986732205425,0.5753124105640054,,
IDRiD_17_0_2560,0.6793527027434646,0.6132789586865918,0.031205673754438914,0.016768292680370687,0.7415058439591872,0.8256658595141848,,
IDRiD_17_0_3072,0.591962647980791,0.9905133928018687,,,,,,
IDRiD_17_0_512,,,,,0.8656716416618401,0.9148264981341241,0.7629121970562033,0.6171460710218774
IDRiD_17_1024_0,0.22966579046016022,0.16316294952338956,0.41491841487005615,0.7447698741653682,0.0,0.0,,
IDRiD_17_1024_1024,0.25232794230727207,0.1460646834712972,0.5047887323659274,0.3572567782809205,0.785427276834371,0.9054685740006041,,
IDRiD_17_1024_1536,0.7735484867187046,0.8602215162665913,0.7890345648642391,0.6983122361395966,0.7079440543937866,0.80642317379337,,
IDRiD_17_1024_2048,0.7812553300324865,0.6851907254997368,,,0.6799961363790206,0.6318434751277716,,
IDRiD_17_1024_2560,0.039215686266820454,0.024813895775480422,,,0.16039502809193948,0.3167451243902659,,
IDRiD_17_1024_3072,0.22720865665234255,0.8746026526266074,0.0,0.0,,,,
IDRiD_17_1024_3584,,,0.7212073073295308,0.9700854698781868,,,,
IDRiD_17_1024_512,0.7873945586290026,0.6807210353292896,0.0,0.0,0.7656404736259081,0.7838314378877553,,
IDRiD_17_1536_0,0.7787582153269106,0.9555264526991702,,,,,,
IDRiD_17_1536_1024,0.0,0.0,,,0.6721416187577692,0.8686320754614547,,
IDRiD_17_1536_1536,0.6595359658739108,0.8394340708987461,0.34365634362201236,0.3698924730387328,0.6231307667783715,0.8782511210565415,,
IDRiD_17_1536_2048,0.6499084433445024,0.5424415068966769,0.6052631578062481,0.9764150938790495,0.0,0.0,0.8762179718468,0.8147651006633292
IDRiD_17_1536_2560,0.036105492156650106,0.08849391954932659,,,,,,
IDRiD_17_1536_3072,0.8739028208193915,0.935305768081644,0.5564102563389218,0.4165067177703442,,,0.0,0.0
IDRiD_17_1536_512,0.936418200233548,0.9132280094961964,,,0.6470457079104641,0.8557106349350165,,
IDRiD_17_2048_0,0.43935021027097093,0.2815174891653649,,,,,,
IDRiD_17_2048_1024,0.8567069522553805,0.9840898938175182,,,0.8186309103451436,0.7764390896401312,,
IDRiD_17_2048_1536,0.7425853807359012,0.9995941479997298,,,0.4972720186673989,0.379761904716695,,
IDRiD_17_2048_2048,0.5588960578310325,0.4947815425087629,,,0.6666666666009204,0.49999999992603555,0.0,0.0
IDRiD_17_2048_2560,0.8805486977413791,0.9200662839946014,0.29499999996312504,0.17302052783386795,,,0.23720092615803445,0.1722720478261483
IDRiD_17_2048_3072,0.6831637638663517,0.7184741869159761,,,,,,
IDRiD_17_2048_512,0.9877571053739868,0.9802123068794985,,,,,,
IDRiD_17_512_0,,,0.7619047616256759,0.7536231878596934,0.4526066350174637,0.3110749185161116,,
IDRiD_17_512_1024,0.6889424732975461,0.6922810661008605,0.0,0.0,0.7345781721806566,0.8110682694451754,,
IDRiD_17_512_1536,0.641277978666905,0.5822942643343118,0.7186953989411955,0.7438215792421995,0.814678278513884,0.8701683404346862,,
IDRiD_17_512_2048,0.6483217828494625,0.5323390486088729,0.0,0.0,0.6134730174124318,0.6248138957661337,,
IDRiD_17_512_2560,0.0,0.0,0.5006016846870878,0.4118811880780316,0.40424577664218503,0.28337874658806583,,
IDRiD_17_512_3072,0.21221011455664476,0.9999999999780558,0.5965548503538934,0.4272727272172373,,,,
IDRiD_17_512_512,0.2179804242564423,0.4902851770528003,0.08048595291719923,0.049858889929458236,0.6739227010187742,0.5849915162688185,0.6154849650993707,0.4452623631517057
IDRiD_18_0_1024,0.0,0.0,0.4758230452552515,0.6049705689597795,,,,
IDRiD_18_0_1536,0.6809789609128172,0.6731748726369621,0.0,0.0,0.6004760285412963,0.47093333330821685,,
IDRiD_18_0_2048,,,0.3359649122659665,0.3207705192361163,0.723689246063458,0.7918760468680119,,
IDRiD_18_0_2560,0.7657611481252395,0.7418073485527129,0.3289280469736207,0.263116679697485,0.6050078953236521,0.6387235055813593,0.6280359739316709,0.4758446221603081
IDRiD_18_0_3072,,,0.04790419160720475,0.02857142856462585,,,0.8401819443308906,0.9101386336911619
IDRiD_18_0_512,,,0.818800247321039,0.7937649879144167,,,,
IDRiD_18_1024_0,0.2661207778642661,0.16949152540163084,0.5675355449900749,0.8677536230312041,0.7048458146674689,0.5970149249276008,,
IDRiD_18_1024_1024,0.1746166950521884,0.09734093066964193,0.3842561707677033,0.7300380227211613,0.7376205787747467,0.8302998965787972,,
IDRiD_18_1024_1536,0.47581448547955646,0.5067588808510943,0.1401816118007894,0.2070410729080435,0.7157503175434778,0.7904017633424466,,
IDRiD_18_1024_2048,,,0.4618794326036401,0.5376676986029238,,,,
IDRiD_18_1024_3072,,,,,,,0.8898562300283951,0.9234148362957031
IDRiD_18_1024_512,0.6921990720708562,0.6677415767782289,0.2463563704632649,0.190268700058804,0.7804301345723043,0.8198826700448185,,
IDRiD_18_1536_0,0.6115702478707056,0.44047619041064345,0.47157190627565687,0.712121211761555,0.8322565206788166,0.8751887266796583,,
IDRiD_18_1536_1024,0.011199999999776,0.00564061240923367,0.427028384817206,0.5723905723520275,0.7629963160004503,0.8461738002484284,,
IDRiD_18_1536_1536,,,0.0,0.0,0.5746003552142718,0.42122395830590986,,
IDRiD_18_1536_2048,,,0.42675635274937385,0.42707554222684546,0.47954545449096075,0.3721340387350734,,
IDRiD_18_1536_3072,,,0.2662538699278245,0.3282442746838762,,,,
IDRiD_18_1536_3584,0.2504798464431267,0.1436433681853703,,,,,,
IDRiD_18_1536_512,0.24514633438872369,0.2125628140596702,0.11312700106321143,0.14120781526277015,0.7839802432300825,0.8580243765574072,,
IDRiD_18_2048_0,0.14513274333714465,0.1148459383431804,0.4403444033898716,0.34960937493171695,,,,
IDRiD_18_2048_1024,0.368861024023802,0.24659448130469458,0.0,0.0,0.7230446310167751,0.877934272288693,,
IDRiD_18_2048_1536,,,0.1553516819476849,0.22597864764662304,0.8373860181734508,0.852941176338554,0.0,0.0
IDRiD_18_2048_2048,,,0.3030612244743336,0.2773109243438552,0.0,0.0,,
IDRiD_18_2048_2560,,,0.0,0.0,,,,
IDRiD_18_2048_3072,0.3795744680770303,0.6866820630726187,0.13202247189156988,0.16376306614503028,,,,
IDRiD_18_2048_512,0.6320960698674273,0.8086078842073978,0.2835309617843602,0.40029761901783495,0.7019498607064586,0.9428571427930028,,
IDRiD_18_512_1024,0.4697267369089172,0.4699785560947113,0.323732718875361,0.8438438435904372,0.8440871588566937,0.8704188481295629,,
IDRiD_18_512_1536,0.48570914973061824,0.7133051741967632,,,0.0,0.0,,
IDRiD_18_512_2048,0.5609220636586043,0.47358665429857305,0.0,0.0,,,,
IDRiD_18_512_3072,,,0.0838509316639983,0.08626198080311118,0.49043977053104976,0.34177215187596455,,
IDRiD_18_512_512,0.5998707175048509,0.7012594458085007,0.5958838238008101,0.8265741728481016,0.8126574307272801,0.8919222462125967,,
IDRiD_19_0_1024,0.7724056603545871,0.6559839759310975,,,,,0.5123595505557379,0.34441087612745414
IDRiD_19_0_1536,,,,,0.5988023948510166,0.4273504269851706,,
IDRiD_19_0_2048,,,,,,,0.730100200394949,0.5805711371675093
IDRiD_19_0_2560,0.010638297870925758,0.00559440559362316,,,,,,
IDRiD_19_1024_0,,,0.22737819020246444,0.6282051273997371,,,,
IDRiD_19_1024_1024,,,,,0.8128390596377559,0.7580101179799317,,
IDRiD_19_1024_1536,,,,,0.7419114358022676,0.7092360319068063,,
IDRiD_19_1024_2560,,,0.7486818979352053,0.7888888885967078,,,,
IDRiD_19_1024_512,0.258743888670224,0.9999999997093023,0.09953703702551656,0.1409836065111529,,,,
IDRiD_19_1536_2048,0.0,0.0,0.47328244269647957,0.4348697393918097,,,,
IDRiD_19_1536_2560,,,0.0,0.0,,,,
IDRiD_19_1536_3072,,,0.0,0.0,0.6559657570542554,0.714452214368945,,
IDRiD_19_1536_512,0.7257501744338538,0.8099688472889431,,,,,,
IDRiD_19_2048_1024,0.809647302899315,0.7435989043617529,0.8055172412682046,0.9449838184644065,,,,
IDRiD_19_2048_1536,0.11139674377794372,0.06007393714786747,0.28186528494488444,0.68341708508371,,,,
IDRiD_19_2048_2048,0.7306711979298781,0.6466165413047656,0.7793696272838482,0.8292682921772755,,,,
IDRiD_19_2048_2560,0.0,0.0,,,,,,
IDRiD_19_2048_3072,,,0.6131805155836159,0.4421487601478724,,,0.783611616075551,0.6460290672762751
IDRiD_19_2048_512,0.7920809050326355,0.7836187892015666,0.7005524861491407,0.7397899649078425,,,0.7235532047236811,0.9711839632288332
IDRiD_19_512_1024,0.726641883513204,0.8372358652039361,0.37745098036902874,0.5082508249986385,0.7011718749657632,0.8140589568238029,,
IDRiD_19_512_1536,0.8115406162442254,0.7888689211959437,0.6490909090319008,0.5852459015434024,0.7659735707821438,0.7431985294049338,0.371058614210032,0.2318715256302425
IDRiD_19_512_2048,0.062039957935749734,0.03201302224460049,,,,,,
IDRiD_19_512_512,0.6212169480528443,0.5264578833409039,0.5815664214374052,0.5316455695781925,,,,
IDRiD_20_0_1024,0.004573170731533035,0.0030015007502250373,0.2434547908166409,0.7068965516133391,,,,
IDRiD_20_0_1536,0.8000704907886154,0.6737404466819489,0.0,0.0,0.5991991263141682,0.5632164242846327,,
IDRiD_20_0_2048,0.6798756798492667,0.5233253588203752,0.6659459458739518,0.5724907062132917,0.6282170542440864,0.5152594099432727,,
IDRiD_20_0_2560,,,0.0,0.0,,,,
IDRiD_20_0_512,0.0,0.0,,,,,,
IDRiD_20_1024_0,,,0.7461617195114554,0.7378542509374642,,,,
IDRiD_20_1024_1024,0.432842105244933,0.4315701091157372,0.34679020513919323,0.5346938774418992,0.8173903811423257,0.8310664939506095,,
IDRiD_20_1024_1536,0.0,0.0,0.10698878342476369,0.1469194312448058,0.7983108568293193,0.8051769619652386,,
IDRiD_20_1024_2048,,,0.6772287862331572,0.6151219511895063,0.0,0.0,,
IDRiD_20_1024_2560,,,0.5886654477900064,0.4522471908842002,,,,
IDRiD_20_1024_3072,0.3320792079175041,0.7910377358117435,0.660465116235185,0.9764243613012918,,,,
IDRiD_20_1024_512,0.6423441539725907,0.5897661332760723,0.5693430656812077,0.6902654866897311,0.7917599641383001,0.8683693515846396,,
IDRiD_20_1536_1024,0.5866344605427807,0.4401884968530668,0.6838540528581198,0.6912544169305983,0.7724875696821889,0.7316968745487962,,
IDRiD_20_1536_1536,,,0.7453416147910961,0.7453416146753596,0.8669032484464887,0.8090108450337796,,
IDRiD_20_1536_2048,0.0,0.0,,,,,,
IDRiD_20_1536_3072,0.28377307213065467,0.47034534533651756,0.5342512908594061,0.4516880092868633,0.06327372763916456,0.03267045454081386,,
IDRiD_20_1536_512,0.5508305647657532,0.4512792596379271,0.40239183959189617,0.4525316455338187,0.8609222515107492,0.8317990883829492,,
IDRiD_20_2048_1024,,,0.5702063412035681,0.6452164008744181,0.7630348118129044,0.7565044192658004,,
IDRiD_20_2048_1536,0.498791297330806,0.38542963884229675,0.3429923122311357,0.7661822984456826,0.7961442341949647,0.7475695608322567,,
IDRiD_20_2048_2560,0.7667121418565241,0.6254869226140519,,,,,,
IDRiD_20_2048_3072,0.570631321919406,0.4065606361626958,0.32452142203058143,0.22997416017700592,0.0,0.0,,
IDRiD_20_2048_512,0.13546000924328572,0.0840263837085166,0.5632730732367616,0.4832653060829987,0.9259279809107087,0.9167719606607879,,
IDRiD_20_512_1024,0.0,0.0,0.7703591299754589,0.782631037986504,0.818639798487452,0.8255139851756349,,
IDRiD_20_512_1536,0.4435760427430929,0.3542675159190539,0.5442339966369667,0.6369248035735993,0.7699384397080579,0.7639765656897952,,
IDRiD_20_512_2048,,,,,0.0,0.0,,
IDRiD_20_512_2560,0.41725731893937573,0.2724346076349121,0.11673151750064345,0.13157894734533704,,,,
IDRiD_20_512_3072,,,0.0,0.0,,,,
IDRiD_20_512_512,,,0.5130801687330734,0.49350649342637887,0.8202357563447821,0.8130477117027217,,
IDRiD_21_0_1024,0.43843519018499305,0.3086294416165323,0.33088235291076445,0.2179176755184119,0.2425585813729399,0.13851717901849847,,
IDRiD_21_0_1536,0.012012012010208408,0.0060422960715948194,0.42933408259541067,0.9490683228634698,0.39038461534707836,0.2827298049745502,,
IDRiD_21_0_2048,,,0.6096451318826528,0.4745042492245745,0.5693160813133298,0.5310344827281014,,
IDRiD_21_0_2560,,,0.45132245354804035,0.3347245408735622,,,,
IDRiD_21_0_3072,,,0.0,0.0,,,,
IDRiD_21_0_512,0.7579329102333343,0.6434068753041712,,,0.0,0.0,,
IDRiD_21_1024_1024,,,0.709103840657571,0.8699825479171044,0.423640661918504,0.33407904546352873,,
IDRiD_21_1024_1536,0.7669039145864829,0.7331490537876552,0.1732851985403172,0.19672131143509808,0.8722837665088903,0.8691975658050198,,
IDRiD_21_1024_2048,0.4903932082161484,0.33552430448890974,0.4709897610691863,0.42442882245831026,0.7895724366944133,0.8561140717238366,,
IDRiD_21_1024_2560,0.6753186985103994,0.5476599238594636,0.25755879057908404,0.3397341210724174,0.8208603417735646,0.8212232866496504,,
IDRiD_21_1024_3072,0.6367007528864288,0.4670293438762442,0.7838023335083183,0.6466591165745573,,,,
IDRiD_21_1536_0,,,,,0.0,0.0,,
IDRiD_21_1536_1024,,,0.8058536584579654,0.8243512972406484,0.13358169238601433,0.07157114342539005,,
IDRiD_21_1536_1536,0.7468411552178059,0.7418198117103623,,,0.8895718883849743,0.9469562305151172,,
IDRiD_21_1536_2048,0.36287799790908865,0.28537956887803706,0.1397802197740756,0.1802721088230984,0.7581016404195751,0.7280190863747946,,
IDRiD_21_1536_2560,0.7317644209392009,0.6392552366130245,0.2562747688130218,0.5785288269227576,0.8128989361684111,0.8069611898230794,,
IDRiD_21_1536_3072,,,0.8096774192242456,0.936567163829639,,,,
IDRiD_21_1536_512,0.7523992322250508,0.6044052863169866,,,0.26864616471302066,0.15516537361555063,,
IDRiD_21_2048_1024,0.0,0.0,0.0,0.0,0.0,0.0,,
IDRiD_21_2048_1536,0.5724999999910547,0.6820551004958282,0.4546351084588444,0.4187102633588819,0.6090835360846605,0.4797189396282383,,
IDRiD_21_2048_2048,0.5255587519304541,0.3784257488786102,0.6037650260693181,0.775641025595825,0.7787872284598831,0.7734204792991691,,
IDRiD_21_2048_2560,0.8594513715624992,0.8360178536612456,0.7362878455139847,0.7140425531307197,0.7533333333105051,0.7877059568575597,,
IDRiD_21_2048_3072,,,0.7759336098780152,0.8043010750958491,0.6864014800475113,0.5926517570938257,,
IDRiD_21_2048_512,0.0015624999998779295,0.000942507068714184,0.0,0.0,0.0,0.0,,
IDRiD_21_512_1024,,,0.3921568626938357,0.24390243898473132,,,,
IDRiD_21_512_1536,,,0.0,0.0,0.724350013968069,0.7853895119495183,,
IDRiD_21_512_2048,0.7918749198975273,0.8900893114248043,0.3607737291785527,0.29703703701503426,0.6946201160816544,0.7656608097638339,,
IDRiD_21_512_2560,0.5696588702914888,0.42561127226929674,0.2965986394477116,0.5348380764931464,0.6106914584366446,0.9722479185039548,,
IDRiD_21_512_3072,0.055441478437527676,0.028511087644191798,0.7163920207531316,0.8862660942304149,,,,
IDRiD_21_512_512,,,0.8217054262769664,0.7054908484683043,0.03344481604791893,0.017006802718196122,,
IDRiD_22_0_1024,0.754719889032507,0.7233738736485136,0.0,0.0,,,0.5337177454215548,0.9273619877674846
IDRiD_22_0_1536,0.14380664651699052,0.07747395832828945,0.3553088132994234,0.9961089490287512,,,,
IDRiD_22_0_2048,0.3911920285381917,0.8874418604486057,0.4120054569978168,0.3279044516473502,,,0.8115217569416884,0.9320470588147571
IDRiD_22_0_2560,0.8086438809243469,0.9162044670918092,,,0.7399374348125144,0.6524457520907523,,
IDRiD_22_0_3072,0.45538475033342385,0.6423136405775297,,,,,,
IDRiD_22_0_512,0.703398218386559,0.5918933925268244,,,,,,
IDRiD_22_1024_1024,,,0.6908870723375451,0.8052223005783188,,,,
IDRiD_22_1024_1536,,,0.63808940596215,0.4961904761432199,0.8051967747622647,0.8149398823186751,,
IDRiD_22_1024_2048,,,0.5283657916572086,0.5226130652390933,0.7653260850733794,0.7748098292818214,,
IDRiD_22_1024_3072,0.0,0.0,,,,,,
IDRiD_22_1024_512,,,0.7513812153312374,0.8326530608846314,,,,
IDRiD_22_1536_0,,,,,0.5376712328460234,0.5613825982644359,,
IDRiD_22_1536_1024,,,0.8812182740222114,0.9999999997695852,0.7727856224938658,0.813513513293645,,
IDRiD_22_1536_1536,0.0,0.0,0.578826237020781,0.6287499999214062,0.8510369702357886,0.8399786400704882,,
IDRiD_22_1536_2048,0.27036296084209255,0.971252566635395,0.13214739515474622,0.11581291756886126,0.8295822444107548,0.8417969523022292,,
IDRiD_22_1536_3072,0.7439199939375257,0.8847540097274971,0.5724381624936008,0.4132653060697366,0.6227795193182283,0.584772370463706,,
IDRiD_22_1536_3584,0.6284080914660141,0.4598699877681671,,,,,,
IDRiD_22_1536_512,,,0.6466165412926111,0.9197860960107523,0.6093044263638369,0.6775489703326193,,
IDRiD_22_2048_1024,0.651274787526186,0.5337822149864457,0.7591240873141882,0.6117647055224914,,,0.8682319332212912,0.9100734571613247
IDRiD_22_2048_1536,0.7931034482681799,0.7403254972741352,,,,,,
IDRiD_22_2048_2048,,,0.058076225041858665,0.051948051942429865,,,,
IDRiD_22_2048_3072,,,0.5655913977886461,0.9962121208347681,,,,
IDRiD_22_2048_512,,,,,0.38841567284694795,0.25446428565748563,0.0,0.0
IDRiD_22_512_1024,0.6266265960845347,0.5429742233957886,,,0.913114754060938,0.9432684165162346,0.6651732450250428,0.86800965937425
IDRiD_22_512_1536,,,0.5864759427447025,0.9260780285572735,,,,
IDRiD_22_512_2560,0.0,0.0,,,,,,
IDRiD_22_512_3072,0.7417812001784516,0.6342932496959257,,,,,0.8296786922198003,0.751442283145067
IDRiD_22_512_512,0.7717981888695226,0.9113962725189215,,,0.7093715813697656,0.5872408935281296,0.29506641364824165,0.21552321550827974
IDRiD_23_0_1024,0.35798212903427856,0.2395705810317396,0.13857290588018895,0.20241691836784986,,,,
IDRiD_23_0_1536,,,,,,,0.7308374568132682,0.5952851710936078
IDRiD_23_0_2048,0.37048467419253356,0.22782953761018088,,,,,,
IDRiD_23_0_2560,0.2576549663916278,0.1492940985549343,,,,,,
IDRiD_23_0_3072,0.0,0.0,,,,,,
IDRiD_23_1024_1024,,,,,0.0,0.0,,
IDRiD_23_1024_1536,,,0.5340599454677071,0.663282571799783,,,,
IDRiD_23_1024_2560,,,,,,,0.0,0.0
IDRiD_23_1024_3072,,,0.8520589730120967,0.9059459458480059,,,,
IDRiD_23_1536_1024,,,0.8544303794764461,0.7541899437127431,0.6670826832865185,0.5579331941253688,,
IDRiD_23_1536_1536,,,0.8291069458843322,0.9817232373415866,0.745124411516804,0.8470948010937165,,
IDRiD_23_1536_2560,,,,,0.7728785357415608,0.6881481480971742,,
IDRiD_23_1536_3072,,,0.7185628741900288,0.7567567566204042,0.5687141687048531,0.426012269928196,,
IDRiD_23_1536_3584,,,,,0.0,0.0,,
IDRiD_23_1536_512,,,0.8264462808209821,0.7633587783345959,0.569136385073876,0.6582969431955078,,
IDRiD_23_2048_1024,0.0,0.0,,,,,,
IDRiD_23_2048_2048,0.0,0.0,,,,,,
IDRiD_23_2048_2560,0.641960549904859,0.47271126759968923,0.8159771753472216,0.9285714282699443,,,,
IDRiD_23_2048_3072,,,,,0.4350348027589887,0.2838758516060654,,
IDRiD_23_2048_512,0.6968288399886703,0.9836687080494702,,,0.0029197080287708455,0.0014619883038798263,,
IDRiD_23_512_1024,0.7151834583272819,0.615491974856403,,,,,,
IDRiD_23_512_2048,,,0.650485436735319,0.4962962961124828,,,,
IDRiD_23_512_2560,,,,,,,0.11014753913604969,0.058283671036254064
IDRiD_23_512_3072,0.0,0.0,,,,,0.2892089620451622,0.1690498463160624
IDRiD_23_512_512,,,0.36170212758261655,0.658914728171384,,,,
IDRiD_24_0_2048,,,,,0.130081300707251,0.06956521733081286,,
IDRiD_24_1024_1536,,,,,0.0,0.0,,
IDRiD_24_1024_2048,,,,,0.5199427285637156,0.40246991765666656,,
IDRiD_24_1024_2560,,,0.019900497507487437,0.018779342714188102,,,,
IDRiD_24_1536_1536,,,,,0.0,0.0,,
IDRiD_24_1536_2048,,,0.9079601988920448,0.9079601987791144,0.4680851063497812,0.3055555555272634,,
IDRiD_24_1536_2560,,,0.6781214203117845,0.5955734405240295,,,,
IDRiD_24_1536_512,0.522247575577264,0.3701233070472989,,,0.13959390861172666,0.07565337000334892,,
IDRiD_24_2048_1024,0.7591659519705211,0.9886910994695379,,,,,,
IDRiD_24_2048_1536,0.6675724637378817,0.6645626690113108,0.4091360476257065,0.8512396690697357,,,,
IDRiD_24_512_1536,,,,,0.0,0.0,,
IDRiD_24_512_2048,,,,,0.7676694454234263,0.6610486890973127,,
IDRiD_24_512_2560,0.7794048181296716,0.7202095154796987,,,,,,
IDRiD_24_512_512,0.27528089886535795,0.16163996229209993,,,,,,
IDRiD_25_0_1024,,,0.6888805690494616,0.566502463019304,0.7421558411463988,0.6884330361900525,0.0,0.0
IDRiD_25_0_1536,0.0,0.0,0.08441116405143559,0.044065387345837564,0.7948059433291845,0.6738236900338107,,
IDRiD_25_0_2048,0.0454324418197608,0.02324424225175402,0.0,0.0,0.7031578080598148,0.6311996452042604,0.0,0.0
IDRiD_25_0_2560,0.5685244087915328,0.43874066168155024,0.0,0.0,0.8120324637499625,0.6980908783511092,,
IDRiD_25_0_3072,0.24711986632444707,0.21662041319431669,,,0.5341812400211302,0.431322207903553,,
IDRiD_25_0_512,0.44220744201973383,0.5999999999707317,0.0,0.0,0.5927272727209334,0.42974565756157346,0.0,0.0
IDRiD_25_1024_0,,,0.0,0.0,,,,
IDRiD_25_1024_1024,0.0,0.0,0.0,0.0,0.0,0.0,,
IDRiD_25_1024_1536,0.3733984136636154,0.6706324357961606,0.0,0.0,0.8686015239793046,0.8037036268983603,,
IDRiD_25_1024_2048,,,0.0,0.0,0.8286500092586274,0.7302828820107226,,
IDRiD_25_1024_2560,0.793767831337223,0.7898171361127053,0.09913793102736078,0.05291411042539002,0.8449086528329962,0.7766023780326892,,
IDRiD_25_1024_3072,0.0,0.0,,,0.8144017747374932,0.7045855379152164,,
IDRiD_25_1024_512,,,0.5283333332893055,0.4384508989711686,,,,
IDRiD_25_1536_0,,,,,0.7822349569079893,0.9999999996336996,,
IDRiD_25_1536_1024,0.6941813261158274,0.9778142246038746,,,,,0.9095759461962453,0.9687463004502338
IDRiD_25_1536_1536,0.0,0.0,0.0,0.0,0.8676295295604859,0.7845965901931542,,
IDRiD_25_1536_2048,0.0,0.0,0.47348484839517335,0.34916201107565303,0.8819623615099371,0.8085779880311376,0.0,0.0
IDRiD_25_1536_2560,0.5229728959704402,0.36891044536049916,0.0,0.0,0.7722444475046748,0.7871203599439381,0.0,0.0
IDRiD_25_1536_3072,0.5858073687937785,0.6396233248789795,0.34281437123182523,0.22945891781267946,,,,
IDRiD_25_1536_512,0.0,0.0,0.5228758169446427,0.7650273221953476,0.0,0.0,,
IDRiD_25_2048_1024,0.0,0.0,,,,,,
IDRiD_25_2048_1536,0.18795180722788635,0.11810048176105918,0.12371134019821448,0.07465007775469283,0.7122003964549973,0.8025995125587897,,
IDRiD_25_2048_2048,0.21583946078348712,0.14328570702118631,0.521338912112078,0.42265943009344237,,,,
IDRiD_25_2048_2560,0.0,0.0,0.0,0.0,0.0,0.0,,
IDRiD_25_2048_3072,,,0.5537679931791898,0.4866071427847311,0.0,0.0,,
IDRiD_25_512_1024,0.0,0.0,,,0.8102776470572983,0.7362569698603076,,
IDRiD_25_512_1536,0.5894055494731499,0.4921316165938321,0.18428490672175565,0.2519319937981505,0.7122351332842874,0.7258433674920306,,
IDRiD_25_512_2048,0.6721172975762787,0.5567042889377952,0.2872570194322407,0.19203003175882097,0.7037800687236854,0.8117964166670082,0.7080126754123313,0.5655192363239006
IDRiD_25_512_2560,0.7252920330728269,0.7127103888520493,0.1302083332994249,0.12562814064038788,0.8593147074318827,0.8333776405373441,,
IDRiD_25_512_3072,,,0.6806722686215663,0.5159235665503672,0.7344500030366102,0.5903363396588078,,
IDRiD_25_512_512,0.8215568862029474,0.6971544715092909,,,,,,
IDRiD_26_0_1024,0.5569752827759009,0.41907013395714626,0.5724319578075125,0.7511520735596423,,,,
IDRiD_26_0_1536,0.8157017909119564,0.721761562544283,,,,,,
IDRiD_26_0_2048,,,0.4446322907673444,0.7013333332398223,,,,
IDRiD_26_0_2560,0.0,0.0,0.6481481481314777,0.7241379309928656,,,,
IDRiD_26_1024_1024,,,0.7068676716523244,0.9999999998420221,,,,
IDRiD_26_1024_1536,,,0.6774290887043236,0.8849034292122624,,,,
IDRiD_26_1024_2048,0.08245719435234884,0.978609625581229,0.3838664811705332,0.2690058479007786,,,,
IDRiD_26_1024_2560,0.5736677115887554,0.5243553008429049,0.3999999999877863,0.7182017543072148,,,,
IDRiD_26_1024_3072,0.9333604816866885,0.9641826923018979,0.0,0.0,,,,
IDRiD_26_1536_1024,,,0.6177715090807092,0.999999999543379,,,,
IDRiD_26_1536_1536,,,0.6875805758191844,0.8421052630692522,,,,
IDRiD_26_1536_2048,0.3254399304730515,0.502010723826943,,,,,,
IDRiD_26_1536_2560,,,0.4279985417270143,0.9999999998296423,,,,
IDRiD_26_1536_3072,0.3809523809424136,0.2870662460454627,0.3535517353112698,0.23830345429653244,,,,
IDRiD_26_2048_1024,,,,,0.8501291988565725,0.8123456788117664,,
IDRiD_26_2048_1536,0.30499390985858726,0.8129870128814303,0.33057851232839286,0.43956043931892286,,,,
IDRiD_26_2048_2048,,,0.7129629628969478,0.9922680409813741,,,,
IDRiD_26_2048_3072,0.8384235020299707,0.7258876857123409,,,,,,
IDRiD_26_512_1024,0.8403646764352861,0.8742793379126438,0.0,0.0,,,,
IDRiD_26_512_1536,0.0,0.0,0.3572016460758353,0.9999999997695852,,,,
IDRiD_26_512_2048,0.7088342916855972,0.9165020276498231,0.666989914656061,0.7942263279262304,0.6405201342147542,0.7267967634113852,,
IDRiD_26_512_2560,,,0.7228571428364898,0.8772538140861821,,,,
IDRiD_26_512_3072,0.671178612664231,0.6497008047298655,0.8981636058600729,0.8459119494195245,,,,
IDRiD_26_512_3584,0.0,0.0,,,,,,
IDRiD_26_512_512,0.5897065896782249,0.5665434380252732,,,,,,
IDRiD_27_0_1024,,,,,0.8796498904945679,0.7897838898251898,,
IDRiD_27_0_1536,0.0,0.0,0.6091846297460932,0.9999999996923076,0.16523061327089555,0.0900552486138091,,
IDRiD_27_0_2048,0.0,0.0,,,,,,
IDRiD_27_0_2560,0.18882400091498439,0.30673363094667533,0.5243317340464588,0.38970962810037135,,,,
IDRiD_27_0_3072,,,0.0,0.0,,,,
IDRiD_27_0_512,0.0,0.0,0.7841530054109185,0.7157107231027793,,,,
IDRiD_27_1024_0,0.8362639440268834,0.809332113434413,0.37102473494955607,0.6796116502654977,0.24177071508275988,0.8223938220762957,,
IDRiD_27_1024_1024,0.0,0.0,0.6534144059716227,0.873671044348113,0.7280568239287657,0.7393096341710814,,
IDRiD_27_1024_1536,0.0,0.0,0.5210824417544945,0.7137931033252082,0.7978734493860217,0.8973036342216024,,
IDRiD_27_1024_2048,,,0.6773749426031495,0.8386363635410641,0.7077869949062379,0.6509968003777752,,
IDRiD_27_1024_2560,,,0.0,0.0,,,,
IDRiD_27_1024_512,0.4379450661185409,0.9994196168891805,0.5661983822782845,0.8547557840067638,0.7279167113838794,0.8005193578753479,,
IDRiD_27_1536_0,0.8485554520004327,0.87506006726834,0.0,0.0,,,,
IDRiD_27_1536_1024,0.4336010809966699,0.3718295352082937,0.4797939140157818,0.6084115965451854,0.5145103913028551,0.3754098360553167,,
IDRiD_27_1536_1536,0.0,0.0,0.5224242423925803,0.4674620389948523,0.7832178144758647,0.8327061774720491,,
IDRiD_27_1536_2048,,,0.5399061032230157,0.5943152453244663,0.3965517237960761,0.24731182769106258,,
IDRiD_27_1536_2560,,,0.48987854241095574,0.5789473681440443,,,,
IDRiD_27_1536_512,0.6080344696451144,0.4786989923128933,0.45018662071633114,0.7410207938808109,0.739016584225058,0.6993392070388307,,
IDRiD_27_2048_1024,0.2728799328180991,0.1954299458691864,0.49823991333608886,0.8753568029614313,0.6627843493964917,0.5929664604170314,,
IDRiD_27_2048_1536,0.0,0.0,0.5644459323641706,0.696694214847244,0.6990243502443303,0.8158851674484998,,
IDRiD_27_2048_2048,0.2622950819512875,0.16888193900165113,0.09709821428029586,0.9999999988505748,0.5554662379197964,0.4643817203988991,,
IDRiD_27_2048_512,0.2530030029935059,0.1995263469390452,0.5061699650638843,0.6556091676323517,,,,
IDRiD_27_512_1024,0.0,0.0,0.725743129516223,0.9431486879091621,0.6974900924472428,0.6970297029242885,,
IDRiD_27_512_1536,,,0.31862999479405135,0.2683566433331856,0.6863402827876254,0.7396357646129803,,
IDRiD_27_512_2048,,,0.7438016527696196,0.9825327506626494,0.6715267303446327,0.9751764419329478,,
IDRiD_27_512_512,0.4872117928657729,0.8676239622870177,0.06404122193360172,0.04586188718788287,,,,
IDRiD_28_0_3072,,,,,0.8934817168690808,0.864615384349349,,
IDRiD_28_1024_1536,,,0.5996732025653861,0.5788643532209994,0.5632144094117906,0.6004431314401609,,
IDRiD_28_1024_2048,,,0.10517799351899854,0.0744558991896385,0.01789709172059317,0.08888888879012347,,
IDRiD_28_1024_2560,0.5246347264517623,0.5095709570620744,0.2619184376644504,0.8837209298900306,,,,
IDRiD_28_1024_3072,0.0,0.0,0.4134146341211332,0.9797687858439974,,,,
IDRiD_28_1536_1536,0.800673400646442,0.8666180757385846,,,0.0,0.0,,
IDRiD_28_1536_2048,0.8466102764695542,0.7451111110945531,0.6311787071043387,0.9880952375070862,0.5500603135645283,0.4261682242194078,,
IDRiD_28_1536_2560,0.8451196427663684,0.9202959830769524,0.5421686746443606,0.9540636039031577,0.4282178217556796,0.4873239435933347,,
IDRiD_28_1536_3072,,,0.5714285713347408,0.47154471531936454,,,,
IDRiD_28_2048_1024,0.0,0.0,,,,,,
IDRiD_28_2048_1536,0.5845010008411639,0.7575982208482136,0.0,0.0,,,,
IDRiD_28_2048_2048,0.7991693859151834,0.7657760090525425,0.2764227641826955,0.17068273088942112,,,,
IDRiD_28_2048_2560,0.0,0.0,0.3527367506362843,0.9441860462920497,,,,
IDRiD_28_2048_3072,0.870422535180619,0.8494845360240904,,,,,,
IDRiD_28_2048_512,0.6642728904251101,0.9273182955069377,,,,,,
IDRiD_28_512_1536,0.7902081903364194,0.882698696629627,,,,,,
IDRiD_28_512_2048,0.6999999999871324,0.77335499590685,0.40146520143579006,0.9480968854850875,0.4589473683244321,0.320588235199827,,
IDRiD_28_512_2560,0.0,0.0,0.35489510486408254,0.3618538323775662,,,,
IDRiD_28_512_3072,0.8173289182997426,0.8097320939961874,,,,,,
IDRiD_29_0_1024,,,0.6012526095614994,0.9999999997685185,,,,
IDRiD_29_0_1536,,,0.6587112171051658,0.6418604649670092,,,,
IDRiD_29_0_2560,0.0,0.0,0.6916129031365661,0.6291079810729793,,,,
IDRiD_29_1024_1024,,,,,0.723186925415649,0.6975369457784464,,
IDRiD_29_1024_2048,,,0.39140811451176516,0.27470686762567725,,,,
IDRiD_29_1024_2560,,,0.5234567899942082,0.4884792624477054,,,,
IDRiD_29_1024_3072,0.0,0.0,,,,,,
IDRiD_29_1536_1024,,,0.0,0.0,0.0,0.0,,
IDRiD_29_1536_1536,,,0.6956521738240854,0.7640449436056053,,,,
IDRiD_29_1536_2560,,,0.559241705896094,0.8309859143225551,,,,
IDRiD_29_1536_3072,0.37703252030604506,0.23260188086315975,0.3739495797533719,0.9999999988764046,,,,
IDRiD_29_2048_1024,,,0.7886944817242673,0.951298700989838,0.6666666659722222,0.999999996875,,
IDRiD_29_2048_1536,,,0.836036035885399,0.7182662536475956,,,,
IDRiD_29_2048_2560,,,0.8594377508889642,0.9525222549102307,0.551515151459443,0.9999999996336996,,
IDRiD_29_2048_3072,,,0.7757575752874197,0.7191011227875269,,,,
IDRiD_29_512_2048,,,0.531490015279341,0.47922437659855277,,,,
IDRiD_29_512_2560,,,0.5342960287844232,0.3854166665662977,,,,
IDRiD_29_512_3072,,,0.5623188404167191,0.9999999989690722,,,,
IDRiD_30_0_1024,,,0.0,0.0,,,,
IDRiD_30_0_2048,0.769399140483225,0.870079690890666,0.0,0.0,,,,
IDRiD_30_0_2560,0.6165084002771729,0.4874855602430695,0.0,0.0,,,0.7663862746699159,0.9025107885356756
IDRiD_30_1024_1024,0.8008254782709531,0.7473454091115204,,,0.5287248949006893,0.7563474387190937,,
IDRiD_30_1024_1536,,,,,0.7932473201053132,0.849814330891902,,
IDRiD_30_1024_2048,0.0,0.0,0.6378708551205118,0.7877155171564962,0.6097094135964902,0.5920919229269317,,
IDRiD_30_1024_512,0.39747741605251846,0.301837949776057,0.07005076141776392,0.05683690279597719,0.9085714283118367,0.9085714280522449,,
IDRiD_30_1536_1024,,,,,0.24089306697294674,0.16532258063849506,,
IDRiD_30_1536_1536,,,,,0.4616905585535496,0.3657008613652544,,
IDRiD_30_1536_2048,0.9216244179911844,0.9230569947947395,0.768883878154579,0.9191374660595316,0.691802481131311,0.778751369070167,,
IDRiD_30_1536_2560,,,0.780735107632353,0.8774928772428795,,,,
IDRiD_30_1536_512,0.0,0.0,0.47386759579817656,0.4362469927476947,0.7143584521203066,0.6830574488469787,,
IDRiD_30_2048_2048,0.8439868975159383,0.8501932685881946,0.5161290322403524,0.4864165588301153,,,,
IDRiD_30_2048_2560,,,,,,,0.477542932613027,0.31878306876901313
IDRiD_30_512_1024,0.0,0.0,,,,,,
IDRiD_30_512_2560,,,0.6275021757777415,0.9782903662173283,,,,
IDRiD_30_512_512,0.0,0.0,,,,,,
IDRiD_31_0_1024,,,0.7632850241136185,0.8061224488881947,,,,
IDRiD_31_0_1536,0.8093341349751816,0.8300447047910049,0.5578544060875207,0.6907020871554646,0.6939736346475166,0.6504136789779325,0.8997259764969121,0.9081192574493337
IDRiD_31_0_2048,0.7168775198084357,0.7462913380074803,0.3917241379202283,0.30432918987122465,0.7585009018587848,0.7073261898740677,0.7852594430084837,0.905728275615286
IDRiD_31_0_2560,0.8639039321848837,0.814157328299045,0.8693009115898781,0.8362573094524811,0.690882134901948,0.5806853582373619,0.03830969439920588,0.01952892069142026
IDRiD_31_0_3072,0.7968639036423121,0.9937650559657519,,,,,0.7168959529842168,0.5918664402430543
IDRiD_31_0_512,,,0.5181818180640496,0.999999999122807,,,,
IDRiD_31_1024_0,,,0.725806451529285,0.9999999996825396,,,0.1067383918444686,0.05637804695593872
IDRiD_31_1024_1536,0.9504004746356666,0.9188191881901252,0.5144927535610516,0.49191685900879517,0.8267581475061115,0.8677983538945852,,
IDRiD_31_1024_2048,,,0.714413607814287,0.9366197180899953,0.8157857778155714,0.7669219258800553,,
IDRiD_31_1024_2560,0.0,0.0,,,,,,
IDRiD_31_1024_3072,0.0,0.0,,,,,,
IDRiD_31_1024_512,0.0,0.0,,,,,0.0,0.0
IDRiD_31_1536_0,0.4824892241346815,0.3710763493176103,,,,,0.016066815302346084,0.008100488884101986
IDRiD_31_1536_1024,0.7644283850169182,0.6337160925173287,,,0.7583688374693132,0.8018018017502058,,
IDRiD_31_1536_1536,0.9102580399077776,0.9302416211882276,0.5536231883255619,0.9999999994764398,,,,
IDRiD_31_1536_2048,0.0,0.0,,,0.773649418719543,0.8684749231899449,,
IDRiD_31_1536_2560,,,,,0.6733042936940478,0.8942148759591557,,
IDRiD_31_1536_512,0.7555017280573199,0.690012410291426,0.0,0.0,0.7712765955395541,0.6807511733893187,0.0,0.0
IDRiD_31_2048_1024,,,0.42811501590605194,0.44666666651777776,,,,
IDRiD_31_2048_2048,,,,,0.8969696968337925,0.9966329962974299,,
IDRiD_31_512_0,0.7691476540715241,0.9096628329803433,,,0.6934911241782851,0.676674364739798,,
IDRiD_31_512_1024,0.7420264965607088,0.8677377707521484,,,,,,
IDRiD_31_512_1536,0.5122143419935034,0.5347153668794105,0.5085846867513418,0.9497400344974455,,,,
IDRiD_31_512_2048,0.0,0.0,0.8228744938854821,0.8539915965489505,0.724039829277239,0.6697368420612015,,
IDRiD_31_512_2560,0.0,0.0,0.6910866910023094,0.9929824557919359,0.7915368918398502,0.8905268245314034,,
IDRiD_31_512_3072,0.7515068493099212,0.8822772595548042,,,,,0.0,0.0
IDRiD_31_512_512,0.815239892039894,0.7803360922960605,0.6740638001839024,0.9798387092823231,0.129032258018268,0.10112359544880697,,
IDRiD_32_0_1024,0.7661499790467855,0.7175141242825249,,,,,,
IDRiD_32_0_2048,,,0.7622298065550495,0.9344490933145818,,,0.7464675009942174,0.956049638006409
IDRiD_32_0_2560,,,,,,,0.7089065894253841,0.9581131336762759
IDRiD_32_0_512,0.0,0.0,,,,,,
IDRiD_32_1024_2048,,,0.5543478260367438,0.9652996842380758,0.7569767441420362,0.8410852712091621,,
IDRiD_32_1024_2560,0.0,0.0,,,0.8556509134023166,0.8576145819546374,,
IDRiD_32_1024_3072,0.6252873562739243,0.45586592173677476,0.2702188391750505,0.15638766518101457,0.8807466186897537,0.8725611890866273,,
IDRiD_32_1536_0,0.41824925815713465,0.2917917399824884,,,,,,
IDRiD_32_1536_1024,,,,,0.0,0.0,,
IDRiD_32_1536_2048,,,,,0.2533800700924697,0.9806201546586742,,
IDRiD_32_1536_2560,,,,,0.8493653032320259,0.8211071720528741,,
IDRiD_32_1536_3072,,,,,0.8057580856084173,0.8665058302828105,,
IDRiD_32_1536_512,0.3216576220857594,0.27121464224033154,,,,,,
IDRiD_32_2048_0,0.0,0.0,,,,,,
IDRiD_32_2048_1024,0.7809264913964755,0.8490627150862421,,,,,0.9292161519969308,0.9453842435502473
IDRiD_32_2048_1536,0.0,0.0,0.0,0.0,,,,
IDRiD_32_2048_2048,0.22062350118845933,0.12398921832215691,,,,,0.8240287827916722,0.7633313361237017
IDRiD_32_2048_2560,0.7357736081160519,0.7480610457749804,,,,,,
IDRiD_32_2048_3072,0.5382585751869645,0.36823104692118214,0.6130653265561476,0.8872727269500825,,,,
IDRiD_32_2048_512,0.8586734079640143,0.9359664085955128,,,,,0.8286278380964597,0.9999999999761735
IDRiD_32_512_1024,0.4372003834671907,0.3333333332846004,,,,,,
IDRiD_32_512_2048,,,,,0.6280623606619015,0.9929577457796073,,
IDRiD_32_512_2560,,,0.6666666666147455,0.7392055266426243,0.7978117920053168,0.8661067786338799,0.862148102808582,0.9593122233408357
IDRiD_32_512_3072,,,,,0.814671065390892,0.8401040624206504,,
IDRiD_32_512_512,0.0,0.0,,,,,,
IDRiD_33_0_1024,0.8662945886710436,0.7693965516909743,,,0.6803013992809148,0.5154975529338504,,
IDRiD_33_0_1536,0.7475688100386186,0.7445409720504279,0.3861209964069287,0.9194915250341138,,,,
IDRiD_33_0_2048,0.0,0.0,0.7046153845611834,0.8342440799937625,,,,
IDRiD_33_0_2560,0.6514555942097751,0.7118923011069027,0.9137199432936748,0.9228571425934693,,,,
IDRiD_33_0_3072,0.2085460897580147,0.24379516178938754,0.0,0.0,,,,
IDRiD_33_1024_0,0.8638854637592003,0.8814566296157024,,,0.5681818180895809,0.8454106276109128,,
IDRiD_33_1024_1024,0.8243489799235001,0.9831849653613614,0.8466666663844444,0.7514792894961662,0.57999999996375,0.485863874294674,,
IDRiD_33_1024_1536,0.6340114371396174,0.8866019926470031,0.5241648898272181,0.7118725868382302,0.5548269581005936,0.8347492463459921,,
IDRiD_33_1024_2048,0.630313114501359,0.6202738910297667,0.609567901225161,0.6240126382109317,0.6685369274826581,0.8466172381704261,,
IDRiD_33_1024_2560,0.7675164005608618,0.830534846023789,0.4580472921346673,0.3787448754216732,0.6381347812098669,0.7353698932375646,,
IDRiD_33_1024_3072,0.8831168831146387,0.8337252267343264,0.7527944969743595,0.7511797511475256,0.6370967739366545,0.7247706415369077,,
IDRiD_33_1024_3584,,,0.1435406698335661,0.08858267714791679,,,,
IDRiD_33_1024_512,0.8017012227516112,0.8216334021517456,,,0.0,0.0,,
IDRiD_33_1536_0,,,0.7850055125926124,0.855769230563517,0.6540880499030893,0.4859813079570268,,
IDRiD_33_1536_1024,0.4903225806389586,0.36844106463177867,0.0,0.0,0.5869409232100707,0.4967611335831271,,
IDRiD_33_1536_1536,0.6722033053677252,0.7935294117491465,0.3813488759208431,0.43536121668865385,0.5789507480859246,0.6642109915918047,,
IDRiD_33_1536_2048,0.5973094169867883,0.6782077391694078,0.8357424440975202,0.8594594593433164,0.7254644977228992,0.7486673561878536,,
IDRiD_33_1536_2560,0.6141966141783726,0.4567137808985551,0.5716599190129107,0.8345153663644983,0.6497375514165167,0.7418205377148747,,
IDRiD_33_1536_3072,0.6372082973172147,0.5093704119482738,0.6521787834585843,0.6553354344742158,,,,
IDRiD_33_1536_3584,0.7291967291616549,0.5844255974877081,,,,,,
IDRiD_33_1536_512,0.7063918707121444,0.5858724213099293,,,0.6823855754948148,0.7432024166938965,,
IDRiD_33_2048_1024,,,0.7971698112267489,0.8284313723459726,0.9016574584639053,0.9975550119810378,,
IDRiD_33_2048_1536,0.6204998853426545,0.6770642201721925,0.4066702528168071,0.34732006124510506,0.5826240093838769,0.7462406014757053,,
IDRiD_33_2048_2048,0.6347325660014432,0.5514705882190745,0.7356076758277604,0.8175355448299678,0.7008214920032148,0.8130070830545653,,
IDRiD_33_2048_2560,0.5867778731683212,0.972753151648119,0.5217940618748077,0.9076923074928148,0.5580645160840271,0.5844594593607332,,
IDRiD_33_2048_3072,0.38456237075226996,0.5036101082123448,0.48528449964125014,0.9840848803755743,,,,
IDRiD_33_2048_512,0.7450486234741952,0.6891850800694852,0.31590656283003854,0.4602917341231294,0.6265060240334833,0.5788497215994713,0.3705211726334077,0.2450188475992637
IDRiD_33_512_0,0.748688772328663,0.6614828777778592,,,,,,
IDRiD_33_512_1536,0.8250195618113018,0.8765457757365005,0.34099920696506747,0.28704939917976974,0.5690962098959448,0.5724340175617341,,
IDRiD_33_512_2048,0.7938090956146028,0.7901489055824944,0.4228743415943238,0.32429313327615156,0.6860654709559003,0.7012820512640697,,
IDRiD_33_512_2560,0.6226152380471881,0.7486342007827724,0.31373112867988884,0.49613460661681974,0.4206219312258083,0.5244897958113286,,
IDRiD_33_512_3072,0.572013040973138,0.5557073655377505,0.5964321776978649,0.5650510203721268,,,,
IDRiD_33_512_512,0.37226768299309343,0.2547169811301218,0.1167048054786379,0.14010989007139837,,,,
IDRiD_34_0_1024,0.09283881502107721,0.04867906066476665,0.0,0.0,0.0,0.0,,
IDRiD_34_0_1536,,,0.0,0.0,,,,
IDRiD_34_0_2048,0.3647105159487678,0.22686810943056865,,,,,,
IDRiD_34_0_2560,0.22290027300107756,0.12597567616398664,,,0.24550408719011577,0.14056162246270576,,
IDRiD_34_0_3072,,,0.1733746129494196,0.09491525420511347,0.005798969072071537,0.002907915993490987,,
IDRiD_34_0_512,0.06740116655646788,0.03487592219869631,,,,,,
IDRiD_34_1024_1024,,,,,0.285191956072177,0.16846652264179987,,
IDRiD_34_1024_1536,,,0.6183493925170361,0.6642664265828743,0.3814303638166336,0.30707070700867256,,
IDRiD_34_1024_2048,,,0.7181286548867686,0.7090069282427235,,,,
IDRiD_34_1024_3072,0.7436576407274168,0.9800252654738777,0.30769230751024124,0.18181818169103625,0.8058712121021337,0.8116356699660642,,
IDRiD_34_1024_3584,0.0,0.0,,,,,,
IDRiD_34_1024_512,,,,,0.0,0.0,,
IDRiD_34_1536_0,0.5692020531937975,0.42522484835511937,,,,,,
IDRiD_34_1536_1024,0.2691615688999942,0.18784530385796858,0.4815019326073163,0.6517189834601317,0.6304228445562645,0.6907340552718731,,
IDRiD_34_1536_1536,0.6996753246658594,0.6701217931933112,0.0,0.0,0.29985443954878394,0.18006993003844932,,
IDRiD_34_1536_2048,0.616604177818783,0.5485039069840194,0.0,0.0,,,,
IDRiD_34_1536_3072,0.8121978528606834,0.7451838244162694,,,0.6670727992486424,0.6293103447914189,,
IDRiD_34_1536_3584,0.27108686528446974,0.19457831324129046,,,,,,
IDRiD_34_1536_512,0.7738388436938405,0.768960743595449,0.4359673024325174,0.8872458408711191,,,,
IDRiD_34_2048_0,0.0,0.0,,,,,,
IDRiD_34_2048_1024,0.15217391302280248,0.09807355514919903,0.6774541531640385,0.6286286285971657,0.6883671290988064,0.9174964436817218,,
IDRiD_34_2048_1536,0.8542611520998799,0.7511308626269695,,,0.37309160304453504,0.6599156117586569,,
IDRiD_34_2048_2048,0.6468683358293431,0.7185471135160809,0.3739635157390563,0.739344262173878,0.2681840672801492,0.26133076178772124,,
IDRiD_34_2048_2560,0.7691120149607543,0.6540928142167647,,,,,,
IDRiD_34_2048_3072,,,,,0.8076632215576591,0.7829912023077716,,
IDRiD_34_2048_512,0.8129524942953165,0.8190856857316058,0.33750978855373887,0.28887399461870816,0.7640653356838416,0.7411971829680991,,
IDRiD_34_512_1024,0.8106231389605784,0.7461219236129999,0.12377850160850513,0.06749555949067575,0.7855917665890924,0.9744680846917158,,
IDRiD_34_512_1536,0.0,0.0,0.5451895042937042,0.8385650220454866,0.8808030111818316,0.9943342773387155,,
IDRiD_34_512_2560,0.258904634229839,0.14870215573476894,,,0.0,0.0,,
IDRiD_34_512_3072,0.7760648944735188,0.7485942686759122,0.0,0.0,0.0,0.0,,
IDRiD_34_512_3584,0.0,0.0,,,,,,
IDRiD_34_512_512,0.7174179699460355,0.6801531156086822,0.38095238093199824,0.28990228010668545,,,,
IDRiD_35_0_1024,,,0.31139240504358273,0.19143968870105527,0.0,0.0,,
IDRiD_35_0_1536,0.41207937877302814,0.4388092612969606,,,0.0,0.0,0.0,0.0
IDRiD_35_0_2048,0.7840969869843286,0.7453447727979127,0.5178082191071496,0.44680851053266935,,,0.4802259885649079,0.9999999988235295
IDRiD_35_0_2560,0.43362640752604154,0.8400669375945485,,,,,,
IDRiD_35_1024_0,0.7447342357205406,0.8376117038373205,,,,,,
IDRiD_35_1024_1024,0.3473320708457874,0.7498797498617152,,,,,,
IDRiD_35_1024_1536,0.2297439300910915,0.18293112559289296,,,0.7015945329497045,0.6905829594864163,0.587497443584515,0.4187967732489183
IDRiD_35_1024_2048,0.8009375665851227,0.9650816473147265,0.5788497215994713,0.6315789471127211,0.8268007226422638,0.8636363636292776,,
IDRiD_35_1024_2560,0.7794829482937575,0.7406381477493907,0.6018158235900956,0.6226516371109687,0.6030989272824177,0.6407766990020779,,
IDRiD_35_1024_3072,0.8838486127706939,0.8074050957383754,,,,,,
IDRiD_35_1024_512,0.14977424879106688,0.08096280087391075,0.29708222807731005,0.1964912280357033,,,,
IDRiD_35_1536_0,0.0,0.0,,,,,,
IDRiD_35_1536_1024,,,0.4915155061151834,0.5017921146353893,,,,
IDRiD_35_1536_1536,,,0.6398046397265196,0.49999999990458016,,,,
IDRiD_35_1536_2048,,,0.42023893181938726,0.30432569973005974,0.7190599725206919,0.7362499999769923,,
IDRiD_35_1536_2560,0.14326516622708482,0.07735011102791327,0.7842138764618578,0.8774928773678785,0.6217870256276883,0.5415778250444396,,
IDRiD_35_1536_3072,0.571049613837479,0.9246118741849375,,,,,,
IDRiD_35_1536_512,0.8516242759988627,0.7573680910115678,,,,,,
IDRiD_35_2048_1024,,,,,,,0.6311840059997257,0.47510691519022746
IDRiD_35_2048_2048,0.8271648289849908,0.9344652491124331,0.0,0.0,0.7886279356256332,0.9608433732045651,,
IDRiD_35_2048_512,0.23676963155918365,0.9986186978024824,,,,,0.6938826885932119,0.5642057860223512
IDRiD_35_512_0,0.0,0.0,,,,,,
IDRiD_35_512_1024,,,0.0,0.0,,,,
IDRiD_35_512_1536,0.47273741457993673,0.3095325054727989,,,0.0,0.0,0.5889198077260582,0.43941109851115856
IDRiD_35_512_2048,0.7881557731521018,0.77228116433178,0.5934623928817286,0.9082078678529283,0.805100182002714,0.9364406775693048,0.6203787195112372,0.5781512604070335
IDRiD_35_512_2560,0.6362787803261314,0.6960517358510534,0.6826280623227935,0.6261491317031513,,,,
IDRiD_35_512_512,0.11008885743406394,0.19369120088008604,0.015096816540364398,0.010712622263124704,,,,
IDRiD_36_0_1024,,,0.701285347007646,0.7519294376238226,,,,
IDRiD_36_0_1536,0.5317908021748562,0.7752996933154364,0.26098191211098426,0.2311212814116427,0.6845569620079859,0.7621195039029245,,
IDRiD_36_1024_1024,,,0.5889328062077208,0.6157024790844204,0.7962529272139922,0.821256038250601,,
IDRiD_36_1024_1536,0.8634906092335435,0.9190638712374909,0.4803843074074952,0.4694835680016458,0.6848042468026009,0.7020408162310149,,
IDRiD_36_1024_2048,,,0.7737373736592185,0.8417582415732399,,,,
IDRiD_36_1024_3584,0.4962646744842358,0.3759094583568874,,,,,,
IDRiD_36_1024_512,0.7005822862181863,0.6374790852962923,0.3220973782469946,0.5477707004624933,,,,
IDRiD_36_1536_1024,,,0.21531791905958683,0.12800687284123652,0.7035398229699369,0.6570247933205553,,
IDRiD_36_1536_1536,0.6700235294086117,0.5116429495435414,,,,,,
IDRiD_36_1536_2048,0.5887380593114948,0.5131463628171277,,,,,,
IDRiD_36_1536_3584,0.0,0.0,,,,,,
IDRiD_36_1536_512,0.0,0.0,0.6518904823139647,0.968992247686437,0.2638888887056327,0.15199999987840002,,
IDRiD_36_2048_1024,,,0.0,0.0,0.7249521377967484,0.9627118642436082,,
IDRiD_36_2048_1536,,,0.4779607009836452,0.8458646614951383,,,,
IDRiD_36_2048_3072,0.5435911230651147,0.4033371921264487,,,,,,
IDRiD_36_2048_512,0.531630353109968,0.3821559732041012,0.691453404119196,0.9421052630339336,,,,
IDRiD_36_512_1024,,,0.7308721240914461,0.6395131085543526,,,,
IDRiD_36_512_1536,,,0.7318098239891828,0.8783102143204091,0.6591351772240306,0.6817082997033272,,
IDRiD_36_512_2048,,,0.6775012696456322,0.6488326847617867,0.8227571114173398,0.7430830036588605,,
IDRiD_37_0_1024,0.7258818293069826,0.6069783670592837,,,0.8264150941836953,0.7448979589303067,,
IDRiD_37_0_1536,,,0.8130939809067483,0.9413202931683813,,,,
IDRiD_37_0_2048,,,0.9066107029478898,0.9191489359746491,0.8587570616617192,0.9268292671624034,,
IDRiD_37_1024_1024,,,0.8379888265815673,0.8021390370042037,,,,
IDRiD_37_1024_1536,0.46866177298313594,0.3487394957690135,0.5273390036131629,0.9214437365347253,0.8669523057793046,0.8780404247929879,,
IDRiD_37_1024_2048,,,0.9184060719319913,0.920152090904885,0.8670504988315076,0.8967272727191206,,
IDRiD_37_1024_2560,,,0.6539379473379623,0.7135416662950304,0.0,0.0,,
IDRiD_37_1024_3072,,,0.043068640640233025,0.042105263146814405,,,,
IDRiD_37_1536_1536,,,0.7002583978875802,0.6860759492802436,,,,
IDRiD_37_1536_2048,0.0,0.0,,,0.5974440893614307,0.9166666662173203,,
IDRiD_37_1536_2560,,,0.6926244851856,0.7495948135535174,0.0,0.0,,
IDRiD_37_1536_3072,0.30984601025152375,0.28571428568969753,0.35051546388972915,0.25878220137484986,0.5945945943267592,0.43708609242577084,,
IDRiD_37_1536_512,0.232953726391337,0.13183227279928483,,,,,,
IDRiD_37_2048_3072,,,0.5376782076845542,0.4647887323125372,,,,
IDRiD_37_2048_512,0.8114576564825023,0.8593875444333136,,,,,,
IDRiD_37_512_1536,0.0,0.0,,,0.584705451862982,0.6132003069368227,,
IDRiD_37_512_2048,0.3927752293540446,0.24438102033244877,0.44618395294595226,0.6514285710563266,0.6560883063012058,0.5479688850317497,,
IDRiD_37_512_2560,,,0.7996604413582631,0.9999999997876857,0.7241379307223543,0.6511627901928971,,
IDRiD_38_0_2048,,,0.5514750150179726,0.4525691699157541,,,,
IDRiD_38_0_2560,,,0.7588424436079032,0.79729729702794,,,,
IDRiD_38_0_512,,,,,0.5802047779589744,0.40865384595737797,,
IDRiD_38_1024_1024,,,0.7611082069649185,0.9837837836508401,0.0,0.0,,
IDRiD_38_1024_1536,0.6793236428158017,0.7613031914387431,0.8326933625434616,0.7760736195525487,,,,
IDRiD_38_1024_2048,,,0.7756813416377693,0.9090909088675452,,,,
IDRiD_38_1024_3072,,,0.5244072523675862,0.3615384614689349,,,,
IDRiD_38_1536_1024,,,0.48323900737992,0.47927461135757554,0.6282722512619093,0.7636363634975207,,
IDRiD_38_1536_1536,,,0.37681159409367776,0.3551912566365075,0.7241732014939978,0.7157540016728601,,
IDRiD_38_1536_2048,,,0.48629320616887406,0.7891682783773369,0.0,0.0,,
IDRiD_38_1536_2560,,,0.0,0.0,,,,
IDRiD_38_1536_3072,,,,,,,0.7693948797442843,0.7534662867853094
IDRiD_38_2048_1024,,,0.6517809675357905,0.5381913959141184,0.36384180789590054,0.4196350998766607,,
IDRiD_38_2048_1536,,,0.7165775400111528,0.5583333332170138,0.5069393717672067,0.38006571737348677,,
IDRiD_38_2048_2048,0.5669476573109793,0.42857142855872643,,,,,,
IDRiD_38_512_1024,,,0.6656394451978984,0.9473684206371191,0.6432160803373652,0.7142857141262755,,
IDRiD_38_512_1536,,,0.6163141993492209,0.9488372090816657,0.17474048441394976,0.09573459714732373,,
IDRiD_38_512_2560,0.7428869746608487,0.6509606587076414,0.45176198726448513,0.917840375371399,0.03403675969815951,0.017313019389382754,,
IDRiD_38_512_3072,,,0.0,0.0,,,0.8669032451115186,0.7650743340067536
IDRiD_39_0_1024,0.20698359275528047,0.15298507461735167,0.0,0.0,,,0.508247743533952,0.5331374469300314
IDRiD_39_0_1536,0.0,0.0,0.3608562690579731,0.46093749981994625,0.0,0.0,,
IDRiD_39_0_2048,0.26777797481348153,0.16356152512643932,0.6263511539402177,0.7213997307724495,,,,
IDRiD_39_0_2560,0.6515426497265098,0.9745855715302109,,,,,0.8682877406061731,0.8028103044120464
IDRiD_39_0_3072,0.6886256693057176,0.9756321838631894,,,,,,
IDRiD_39_0_512,0.8661202185397943,0.9406528188980562,0.23076923070095584,0.15354330702616406,0.11696869851569236,0.6077032809404133,0.06049988320415206,0.032242001742409536
IDRiD_39_1024_0,0.8977926561261869,0.8595753204956015,0.8421052631003345,0.8812589412187041,,,,
IDRiD_39_1024_1024,0.3861424678713063,0.242305813373605,0.37300319487328265,0.7495987157705299,0.29501915703160553,0.3437499998465402,,
IDRiD_39_1024_1536,0.20785521037216292,0.24805165886777886,0.5108887580829726,0.6011080332132452,0.43975155278410555,0.7873665479726542,,
IDRiD_39_1024_2048,0.4958605664415997,0.5635523274822202,0.6420534458283386,0.9441571870791978,0.7159090908582451,0.6260869564439644,,
IDRiD_39_1024_3072,0.47222222205825615,0.3207547168298327,0.7067092651531404,0.8002894355426707,0.6166040884181643,0.45872129109505144,,
IDRiD_39_1024_3584,0.6494182735308379,0.9690421269762165,,,0.0,0.0,,
IDRiD_39_1024_512,0.5728925951916719,0.7199494949313144,0.5523520485500402,0.5293775450689535,0.7568238212460516,0.7011494251261725,,
IDRiD_39_1536_0,,,0.733167082202847,0.9999999996598639,,,,
IDRiD_39_1536_1024,0.3607228308765876,0.5427759355704143,0.4745568896376628,0.5865724381210903,0.6114398420884734,0.9627329186566876,,
IDRiD_39_1536_1536,0.3473433782684588,0.9213294067765533,0.32814526588136306,0.21766561513571364,0.39524011899142597,0.8196239717497282,,
IDRiD_39_1536_2048,0.4319702923250919,0.8598934158353122,0.3428571428488412,0.22243166823052368,,,,
IDRiD_39_1536_2560,0.625896466284706,0.7305936072836958,0.2672413792938891,0.17032967031630064,,,,
IDRiD_39_1536_3072,0.841217689643703,0.7712731925742627,0.31327800826625746,0.3503480277609401,0.7115600448135174,0.8929577462273358,,
IDRiD_39_1536_512,0.43997562461019757,0.3308890925655091,0.31390426570127306,0.8860294116018329,,,,
IDRiD_39_2048_0,0.21780986761625692,0.12279511532409802,,,,,,
IDRiD_39_2048_1024,0.6360647445584467,0.8369384359261741,0.516129032240162,0.8060671721770242,0.5431085043829,0.5993527507702684,0.43784961431762437,0.28427249789521924
IDRiD_39_2048_1536,0.24986575979506237,0.23652998982593937,0.5733610821762039,0.7445945944939737,0.30769230763161887,0.4999999996794872,,
IDRiD_39_2048_2048,0.467222222215733,0.3666085440199083,0.4171717171506479,0.7454873644863742,,,,
IDRiD_39_2048_2560,0.7716670624106894,0.6510710433020463,0.0,0.0,,,,
IDRiD_39_2048_3072,0.7915365120504758,0.8435399786392592,,,,,0.702697348870208,0.7158616978291681
IDRiD_39_2048_512,0.7478177763595163,0.9441718284856876,0.6816406249778112,0.9748603351047616,0.7710843372649415,0.777041942433324,0.3534932221017532,0.2207749918557347
IDRiD_39_512_0,,,0.5760649086052606,0.4139941689755119,,,,
IDRiD_39_512_1024,0.7540970339466916,0.8228541151463894,0.5633725704822972,0.6985743380618271,0.6752015172961088,0.7818448023139881,,
IDRiD_39_512_1536,0.7188993635936547,0.7448019260191245,0.49655778525711797,0.44383346424603737,0.7215738579406207,0.7714795008637619,,
IDRiD_39_512_2048,0.5366272824881014,0.7933516832353726,0.7735263701371742,0.8148148146372952,0.5340909090827075,0.902907580430794,,
IDRiD_39_512_2560,0.35054773082550245,0.8439181915584543,0.7155688622218885,0.6512261579494243,,,0.22104706503326033,0.12425683709130458
IDRiD_39_512_512,0.6972862316902142,0.7388209121163646,0.0,0.0,0.0,0.0,,
IDRiD_40_0_1024,0.8585493928172448,0.8210922786678535,0.4432989689579126,0.6417910442971709,,,,
IDRiD_40_0_1536,0.0,0.0,0.42497376702911993,0.8299180326168201,,,,
IDRiD_40_0_2048,,,0.7702984038327343,0.9234608983488418,0.7693137872041612,0.7103471184070695,,
IDRiD_40_1024_0,,,0.5499999998035714,0.9624999987968751,0.6839826836865877,0.7383177563193293,,
IDRiD_40_1024_2048,,,0.7172413791454617,0.9230769225307237,0.0,0.0,,
IDRiD_40_1024_2560,,,0.7957790191933097,0.9639097742911414,0.0,0.0,,
IDRiD_40_1024_3072,,,0.42415316635874034,0.553846153633136,,,,
IDRiD_40_1536_1536,,,,,0.8456790120846669,0.7873563213865769,,
IDRiD_40_1536_2048,,,0.6276595741342237,0.517543859195137,0.0,0.0,,
IDRiD_40_1536_2560,,,0.8483920366884845,0.9651567942569413,,,,
IDRiD_40_1536_3072,,,0.9068010073282616,0.8866995069523648,,,,
IDRiD_40_1536_512,,,,,0.178571428252551,0.11627906949702542,,
IDRiD_40_2048_1024,,,0.8063943160201786,0.8730769227411241,,,,
IDRiD_40_2048_1536,0.0,0.0,0.6096938774732533,0.9958333329184028,,,,
IDRiD_40_2048_2048,,,0.48223350241567675,0.8796296288151578,0.0,0.0,,
IDRiD_40_2048_2560,,,0.6817878585268987,0.607609988037145,,,,
IDRiD_40_2048_3072,,,0.3933747411193841,0.2737752160594308,,,,
IDRiD_40_2048_512,,,0.499013806656902,0.3414304992791592,,,,
IDRiD_40_512_1536,,,0.5282167041697028,0.557142856877551,,,,
IDRiD_40_512_2048,,,,,0.7127784289902956,0.5671641789986634,,
IDRiD_40_512_2560,,,0.42019099584990577,0.3445190155828816,0.0,0.0,,
IDRiD_41_0_3072,,,0.8323281060515889,0.9078947366031855,,,,
IDRiD_41_1024_1024,0.1182557280030853,0.0628436763501301,0.5466946484498061,0.9793233080865934,,,,
IDRiD_41_1024_1536,,,0.7189157336264315,0.6380753137741593,0.6993006992028951,0.5868544599561374,,
IDRiD_41_1024_2048,,,,,0.7774961986625064,0.694431869592828,,
IDRiD_41_1024_512,,,,,0.5813478556445645,0.6073968704683647,,
IDRiD_41_1536_1024,,,,,0.7640718561959196,0.6919739694811335,,
IDRiD_41_1536_3072,0.6230440966987651,0.4633286318432067,0.6693227090300153,0.7499999996651786,,,,
IDRiD_41_1536_3584,0.0,0.0,,,,,,
IDRiD_41_1536_512,,,,,0.0,0.0,,
IDRiD_41_2048_1024,0.018264840179868368,0.009216589860335394,0.6899151743312952,0.9219143575665095,,,,
IDRiD_41_2048_2048,,,0.2633451956358202,0.15163934420014782,,,,
IDRiD_41_2048_2560,,,0.7337850919296329,0.8752886835016987,,,,
IDRiD_41_512_1536,,,0.5228215766911727,0.3539325842033834,0.8922764226735492,0.9340425529927568,,
IDRiD_41_512_2048,,,,,0.8232848231136621,0.7226277369625446,,
IDRiD_41_512_3072,,,,,0.6301369860855695,0.45999999977,,
IDRiD_42_0_1024,,,,,0.757552284991669,0.72123893794672,,
IDRiD_42_0_512,0.0,0.0,0.5172074729088292,0.9999999996197718,,,,
IDRiD_42_1024_0,,,0.0,0.0,0.567840735051521,0.42837338260497354,,
IDRiD_42_1024_1536,,,0.8656716415757035,0.8325358847691217,,,,
IDRiD_42_1024_2048,,,,,0.803669008571357,0.8135124456415049,,
IDRiD_42_1024_2560,,,,,0.8314291873158931,0.9599303135649595,,
IDRiD_42_1024_3072,,,,,0.841309823465665,0.9125683055122578,,
IDRiD_42_1024_512,,,,,0.3329425556467828,0.20669577871809378,,
IDRiD_42_1536_0,0.3971853009853647,0.3147459726995358,,,,,,
IDRiD_42_1536_1536,,,0.05517241377407847,0.028368794316181275,,,,
IDRiD_42_1536_2048,,,0.6010230178259561,0.9999999995744681,0.8156004105092166,0.9319781078239266,,
IDRiD_42_1536_2560,,,,,0.665263157859723,0.6257425741954711,,
IDRiD_42_2048_1536,,,0.0,0.0,,,,
IDRiD_42_2048_2048,,,,,0.0,0.0,,
IDRiD_42_2048_2560,,,0.6506986027294712,0.9999999996932515,0.0,0.0,,
IDRiD_42_512_1536,,,0.0,0.0,,,,
IDRiD_42_512_2048,,,0.605633802731601,0.9999999995348837,,,,
IDRiD_42_512_2560,,,,,0.8275796661569254,0.8090116818022528,,
IDRiD_42_512_3072,,,,,0.0,0.0,,
IDRiD_42_512_512,0.15277777777384832,0.09525336754024204,,,0.0,0.0,,
IDRiD_43_1024_2048,,,,,0.8371240275485924,0.8441934839054357,,
IDRiD_43_1024_2560,,,0.7175226585560783,0.7186081693315268,0.7835639379544966,0.8052368464153202,,
IDRiD_43_1024_3072,,,,,0.004643962848117494,0.002327385570119186,,
IDRiD_43_1024_3584,,,,,0.2755632582083567,0.17320261436021758,,
IDRiD_43_1536_2048,,,,,0.7769516728383844,0.6638433032999553,,
IDRiD_43_1536_2560,,,,,0.8307460112072512,0.8277121374776829,,
IDRiD_43_512_2048,,,,,0.7923860114919791,0.9104781281327325,,
IDRiD_43_512_2560,,,,,0.0,0.0,,
IDRiD_43_512_3072,,,,,0.0,0.0,,
IDRiD_44_0_1024,,,0.7344632764212072,0.6372549013360247,,,,
IDRiD_44_0_2560,,,,,0.8218874612135161,0.835209365113228,,
IDRiD_44_0_3072,,,,,0.5833333332899305,0.4740024183223697,,
IDRiD_44_0_512,,,,,0.7669515669078659,0.6403425308620035,,
IDRiD_44_1024_0,,,,,0.0,0.0,,
IDRiD_44_1024_1024,,,0.0,0.0,0.0,0.0,,
IDRiD_44_1024_1536,,,,,0.19750623440411438,0.12611464967349587,,
IDRiD_44_1024_3072,,,,,0.8120155037972853,0.9249448121578487,,
IDRiD_44_1024_512,,,,,0.1639999999672,0.08932461871692274,,
IDRiD_44_1536_1024,0.832039386464078,0.8443504995832303,,,0.7463149728326937,0.6370860926941363,,
IDRiD_44_1536_1536,,,,,0.0,0.0,,
IDRiD_44_1536_2560,,,,,0.0,0.0,,
IDRiD_44_1536_3072,,,,,0.3798219584006199,0.23443223438929814,,
IDRiD_44_1536_512,,,0.8121827409793262,0.8304498267022664,0.5811577751894259,0.4280936454133623,,
IDRiD_44_2048_1024,,,,,0.0,0.0,,
IDRiD_44_2048_1536,0.7086579122922623,0.6649958228627821,,,0.7635253053768096,0.6386861313402419,,
IDRiD_44_2048_512,,,0.882882882723805,0.9280303026787763,0.7107930073428502,0.6325104272276799,,
IDRiD_44_512_1024,,,0.8401253917617424,0.9033707863138493,,,,
IDRiD_44_512_1536,0.0,0.0,0.237168141571932,0.9925925918573388,,,,
IDRiD_44_512_2048,,,,,0.8023450585928666,0.676553672268605,,
IDRiD_44_512_2560,,,0.6971736203637721,0.9773584901972231,0.0,0.0,,
IDRiD_44_512_512,,,0.33967046890498476,0.3268292682129684,,,,
IDRiD_45_0_1024,,,0.0,0.0,0.2835352175736413,0.16746157921741062,,
IDRiD_45_0_1536,0.8622268547784602,0.9123926573630159,0.003925417075179056,0.005115089512758289,0.8253129979475287,0.777758709449307,,
IDRiD_45_0_2048,,,,,0.8283166109022209,0.9099816288481334,,
IDRiD_45_0_2560,,,,,0.8837758111572993,0.8303769400409782,,
IDRiD_45_0_512,,,,,0.0,0.0,,
IDRiD_45_1024_1024,0.0,0.0,0.20583190392745865,0.34582132554875467,0.0,0.0,,
IDRiD_45_1024_2560,,,,,0.42141152402245446,0.28571428570107654,,
IDRiD_45_1024_512,,,,,0.78095975230687,0.7378427787664409,,
IDRiD_45_1536_0,,,0.656488549534798,0.999999999612403,,,,
IDRiD_45_1536_1024,,,0.5092592591413752,0.7284768207096181,0.4884987893314619,0.35086956520213614,,
IDRiD_45_1536_1536,,,,,0.6527415143448199,0.8165083134907061,,
IDRiD_45_1536_2048,,,0.6380597013734963,0.5796610167526572,,,,
IDRiD_45_1536_2560,,,,,0.0,0.0,,
IDRiD_45_1536_3072,,,,,0.5577342046715176,0.99999999921875,,
IDRiD_45_1536_512,,,0.5509641871760429,0.45248868757805943,0.7034602076063714,0.6594226402747417,,
IDRiD_45_2048_1024,0.0,0.0,0.5492102064946282,0.9699570811287738,0.0,0.0,,
IDRiD_45_2048_1536,,,0.0,0.0,,,,
IDRiD_45_2048_2560,,,,,0.3934040046650879,0.2452276064250767,,
IDRiD_45_2048_512,,,,,0.8309549325916241,0.7827010944556082,,
IDRiD_45_512_1024,,,0.3719247467169374,0.7859327214721917,0.7315035799413558,0.7025787965414734,,
IDRiD_45_512_1536,,,,,0.3208379272149483,0.26334841626576033,,
IDRiD_45_512_2560,,,,,0.0,0.0,,
IDRiD_45_512_512,,,,,0.5901875901450081,0.5099750622805518,,
IDRiD_46_0_1024,,,0.8096249114784412,0.8666666665353536,,,,
IDRiD_46_0_1536,0.0,0.0,,,,,,
IDRiD_46_1024_1024,0.7385081982680456,0.9486242999525536,0.1957064403297201,0.11375507834510998,0.0,0.0,,
IDRiD_46_1024_1536,0.758444381817387,0.7858424060368504,0.38997968853148407,0.26016260160251464,0.8214252675049448,0.8513263023275722,,
IDRiD_46_1024_2048,0.850013431630451,0.8867231286530904,0.3974461292579851,0.3188220230065529,0.7348837208162972,0.6108247421106121,,
IDRiD_46_1536_1024,0.8417579959693482,0.9020853307657947,0.8085106382682131,0.9130074564280855,,,,
IDRiD_46_1536_1536,0.7651254953562715,0.7529901195656271,0.48338368576409485,0.984615384312426,0.5322580643015089,0.9999999984848486,,
IDRiD_46_1536_2048,0.7814519194163325,0.771887670809853,0.7242647057492161,0.9656862740364284,,,,
IDRiD_46_1536_512,0.6754927629270587,0.5105286738313132,,,,,,
IDRiD_46_2048_1024,0.8782305784984891,0.8376715707587195,0.3418743418623421,0.7068214803037995,,,0.15331561175261646,0.08302209772733408
IDRiD_46_2048_1536,0.7628918099025708,0.7984126983986171,0.0,0.0,,,,
IDRiD_46_2048_2048,0.3137889203333241,0.27189908898837073,0.0,0.0,0.0,0.0,0.6217024748393956,0.4566520175743442
IDRiD_46_2048_2560,,,,,,,0.0,0.0
IDRiD_46_2048_3072,0.8037858206922812,0.6904546823142057,0.6705767350273141,0.9607843134563628,,,0.18502738892167858,0.10194500335283248
IDRiD_46_2048_512,0.8226698262220078,0.7518692311620075,0.0,0.0,0.0,0.0,0.9278164475363168,0.9007150518380381
IDRiD_46_512_1024,0.9098091649391649,0.8725810212068945,0.07580174926008722,0.33766233722381517,,,,
IDRiD_46_512_1536,0.8491985606789436,0.8183839389387145,0.5555555555204825,0.8730158728426556,0.6353389426792294,0.5215011727776518,0.8823343249554142,0.8251450218980105
IDRiD_46_512_2048,0.637870917237331,0.6876342436224665,0.15284787309640605,0.30547550423473324,0.802168021571522,0.7363184077770352,0.7286450662694609,0.9652089091047763
IDRiD_47_0_1024,0.0,0.0,,,0.516169942896882,0.36404293377781366,,
IDRiD_47_0_1536,,,,,0.6534111638028692,0.5596000624814935,,
IDRiD_47_0_2048,,,0.7619047616456106,0.6222222218765432,0.0,0.0,,
IDRiD_47_0_2560,0.7753510140254417,0.7376623376349661,0.5664280031371178,0.6885880076037548,,,0.9019618725186587,0.962767690527642
IDRiD_47_0_512,,,,,0.4914675767079407,0.3257918551299113,,
IDRiD_47_1024_0,,,,,0.8269848554192982,0.715931664651731,,
IDRiD_47_1024_1024,0.0,0.0,,,,,,
IDRiD_47_1024_2048,,,0.5522682445214726,0.9655172410463733,0.7016200294344147,0.8543758966388539,,
IDRiD_47_1024_3072,0.010010010009509008,0.006901311248661055,,,,,,
IDRiD_47_1024_3584,,,0.3470483004745889,0.20995670991126478,,,,
IDRiD_47_1024_512,,,0.7137891076809051,0.9999999996753246,0.8025746756485213,0.7999732673875561,,
IDRiD_47_1536_0,,,0.2175438595727916,0.12252964422034401,,,,
IDRiD_47_1536_1024,,,,,0.6103286384894657,0.5607591816475042,,
IDRiD_47_1536_1536,,,,,0.0,0.0,,
IDRiD_47_1536_3072,0.9019832021419375,0.8762816131162313,,,,,,
IDRiD_47_1536_512,,,0.616643928974537,0.44752475238662875,,,,
IDRiD_47_2048_0,,,,,0.6392156861491733,0.9702380946605726,,
IDRiD_47_2048_1536,0.756268806393973,0.6190476190137357,,,,,,
IDRiD_47_2048_2048,0.0,0.0,,,,,,
IDRiD_47_2048_2560,0.0,0.0,0.6245694603186488,0.6310904870925543,,,,
IDRiD_47_2048_512,,,,,0.6658878504283944,0.9743589741924173,,
IDRiD_47_512_0,,,,,0.9166666665075232,0.897959183368041,,
IDRiD_47_512_1024,,,0.7323026850502601,0.9999999997777778,,,,
IDRiD_47_512_1536,,,0.7812499999281939,0.9023354562840051,,,,
IDRiD_47_512_2048,,,,,0.7997991295480449,0.9540734823900131,,
IDRiD_47_512_2560,,,,,0.7837190741905938,0.7439393938830349,,
IDRiD_47_512_512,,,0.7173252277454938,0.9915966378221878,0.6030855539851115,0.6450921559946382,,
IDRiD_48_0_1536,,,0.4507283632861415,0.9962121208347681,,,,
IDRiD_48_0_2048,0.697986011625946,0.7480357626591887,0.6070565490281752,0.86740331479732,0.3643835615939201,0.41692789955582193,,
IDRiD_48_0_2560,0.0,0.0,0.21513944222250442,0.14453961455329017,0.6799315746765109,0.5707376057954846,,
IDRiD_48_0_3072,,,0.6554433220364262,0.5232974909456456,,,,
IDRiD_48_1024_0,0.3746110765284813,0.8384401113038384,0.799339388868758,0.7138643066793711,,,,
IDRiD_48_1024_1024,0.0,0.0,0.0,0.0,0.4420849420422698,0.4096601072612415,0.7948434622449474,0.9508178663823824
IDRiD_48_1024_1536,0.07546120329991907,0.3245614034958309,,,0.3916626272228957,0.8381742736850261,,
IDRiD_48_1024_2048,0.03981971495467182,0.173548843792195,0.0,0.0,0.8638367248302407,0.9285992470345502,,
IDRiD_48_1024_2560,0.3143297380516326,0.27782101166234163,0.5588235293985099,0.5019173412653636,0.8468326180247818,0.8850294244273359,,
IDRiD_48_1024_3072,0.46693094095231286,0.38087134104401094,0.30735261646484097,0.2694541231022279,0.8043701799434166,0.8113574484531135,,
IDRiD_48_1024_512,0.0020297699593359348,0.001015916017574808,,,,,,
IDRiD_48_1536_1024,,,,,0.7284780578830207,0.6403479973630934,0.8655660377188372,0.8561430792824206
IDRiD_48_1536_1536,0.7505030180834842,0.810282403996359,0.342549923168775,0.41219963023804074,0.8379626163538769,0.8743360066614189,,
IDRiD_48_1536_2048,,,,,0.7632211538430961,0.7141250562249652,,
IDRiD_48_1536_2560,0.8306801736373175,0.7450674973652612,0.03956478733535462,0.028735632179779366,0.8243299657660008,0.8320411259024437,,
IDRiD_48_1536_3072,0.6244190572114187,0.5898611531615128,0.0,0.0,0.2927088876906488,0.397973950738354,0.0,0.0
IDRiD_48_1536_512,0.12190650778543051,0.07949790794503897,0.6298342537956717,0.5377358485493058,0.4932003626249683,0.328899637223162,,
IDRiD_48_2048_1024,,,0.5907473308557389,0.6217228462090925,0.7850968703310716,0.7715289982199318,0.7132640898999094,0.6814152094291873
IDRiD_48_2048_1536,,,,,0.7394411955334995,0.789181691984857,,
IDRiD_48_2048_2048,0.0,0.0,0.6152758132521021,0.49488054601878495,0.8211870773545761,0.9286321154691051,,
IDRiD_48_2048_2560,0.6924576398208693,0.6851632047376088,0.20341614905252978,0.3690140844030946,0.7360360360028813,0.6912013535794246,,
IDRiD_48_2048_3072,0.051748009691785654,0.9999999998885173,0.0,0.0,,,,
IDRiD_48_2048_512,0.5726547403106392,0.8462508759605948,,,0.7220355256494463,0.5775729646253784,,
IDRiD_48_512_1024,0.0,0.0,0.5011509371752335,0.3852376137317878,0.0,0.0,0.0,0.0
IDRiD_48_512_1536,0.28054567021706567,0.16463626870293643,0.04039087947619603,0.026293469039330494,0.7622240849186303,0.9525139664139305,0.8382677071518488,0.860146699261246
IDRiD_48_512_2048,0.6716850028563007,0.5056669572357744,0.0,0.0,0.7740101843414755,0.9071897843906062,,
IDRiD_48_512_2560,0.7476010565356662,0.6886356636853179,0.5693203883421447,0.4884495779544991,0.748174499143453,0.8059701492212195,,
IDRiD_48_512_3072,0.5783703302613807,0.768386980745039,0.015584415582391636,0.00855920114000582,0.0,0.0,,
IDRiD_48_512_512,,,0.0,0.0,,,,
IDRiD_49_0_1024,0.09821190285299675,0.0519920881590282,0.41543971347332115,0.8699999998550001,0.6306988483888516,0.6158348736717242,,
IDRiD_49_0_1536,0.14394323364703784,0.0775532495861522,0.21244309556715585,0.9999999985714286,0.7253003276248613,0.8325254888712599,0.6990291261758884,0.5373134327912675
IDRiD_49_0_2048,0.0,0.0,0.764241893059504,0.8195488721419385,0.657218777650256,0.8412698411744592,,
IDRiD_49_0_2560,0.19539110677717006,0.16457080370888075,0.0,0.0,0.4603004291598551,0.3595976529455492,,
IDRiD_49_0_3072,0.49262601803890327,0.7304177545215131,0.0,0.0,0.37096774163631635,0.22772277205175964,,
IDRiD_49_0_512,0.0,0.0,,,0.8520900320858448,0.9298245612403817,,
IDRiD_49_1024_1024,0.2045454545260847,0.11392405062089409,0.38962181176826644,0.41911069059421846,0.8125796646710153,0.863011558883354,,
IDRiD_49_1024_1536,0.7115507338637029,0.7110969387301596,0.5560747662252161,0.4423791819916806,0.8331010658118572,0.859712375933321,,
IDRiD_49_1024_2048,,,0.717112921918846,0.6695652172457467,0.7995024147460887,0.7913950456208693,,
IDRiD_49_1024_2560,,,,,0.6225071224982549,0.9604395603973434,,
IDRiD_49_1024_3072,,,0.0,0.0,0.8144208037343722,0.9386920979647558,,
IDRiD_49_1024_512,0.6398653702198979,0.6172438672216002,,,0.5487906588773164,0.4360824742203817,,
IDRiD_49_1536_1024,0.6189376443397594,0.8527272727195206,0.47222222219598764,0.36386986298254537,0.8496952405544068,0.8632411066966208,,
IDRiD_49_1536_1536,,,,,0.8715202361002247,0.8794967038085885,,
IDRiD_49_1536_2048,,,,,0.8458498020372135,0.9816513752461915,,
IDRiD_49_1536_512,0.6116803278649354,0.6210663198878925,0.3242617255262229,0.49733570155441065,0.6937954510181991,0.8322197475563393,,
IDRiD_49_2048_1024,0.7233605680766422,0.7988473166969118,0.5345794392023757,0.44897959176625124,0.9015524532223519,0.8662751864609087,,
IDRiD_49_2048_1536,0.499211356447192,0.45343839538299147,0.5727767694891914,0.588805970105313,0.8229297186444272,0.9451203558284594,,
IDRiD_49_2048_2048,0.08852755193818757,0.05305901461542723,0.5728155337025167,0.42142857112755105,0.16880733941856746,0.09292929291051934,,
IDRiD_49_2048_2560,,,0.6482910693882811,0.4891846920983054,,,,
IDRiD_49_2048_3072,0.4657068062811986,0.7432630039613195,0.1998348472171895,0.11968348168944773,0.0,0.0,,
IDRiD_49_2048_512,0.4755189972519191,0.6995774106531089,0.42867281757071163,0.35198135194032854,0.8239031770020456,0.8798061389280788,,
IDRiD_49_512_0,,,,,0.7833333326805556,0.8392857127869898,,
IDRiD_49_512_1024,0.6898054379170659,0.6621108132767913,,,0.6681939671502827,0.6440927493322013,0.8785202252925446,0.9752273588434291
IDRiD_49_512_1536,0.7055388615376137,0.8590036325850596,0.6794921123247598,0.570413436655658,0.8189934092258553,0.9031682579506981,0.9327349861425421,0.9450877105752368
IDRiD_49_512_2048,,,,,0.745093326921633,0.9181638696849144,,
IDRiD_49_512_3072,0.37089929818683326,0.9095457274182601,0.5813106795763767,0.9373776906189084,,,,
IDRiD_49_512_512,0.6781635277159204,0.7101219705257387,0.6464968152660352,0.7270773638447652,0.27586206872770513,0.15999999984000002,,
IDRiD_50_0_1024,,,,,0.7055851810074212,0.816233766180764,,
IDRiD_50_0_1536,,,,,0.3311622521301033,0.25416574094080946,,
IDRiD_50_0_2048,,,,,0.6121175924041933,0.5731328445312149,,
IDRiD_50_0_2560,,,,,,,0.6679999999953931,0.5122157588523297
IDRiD_50_0_512,,,,,0.645589383281702,0.5304682488604725,,
IDRiD_50_1024_1024,0.7021478806177125,0.8586703858271191,,,0.5804511277904536,0.6390728476115813,,
IDRiD_50_1024_1536,0.6478900409903646,0.7568450704140073,0.6257668711272535,0.9845559843659158,0.5305123966907074,0.5931401537464054,0.8265107212402399,0.7158864159521736
IDRiD_50_1024_2048,,,,,0.6061456433196837,0.6656394452799496,,
IDRiD_50_1024_2560,0.9455105756976396,0.9560906515309889,,,0.498397603735786,0.49824105871304863,,
IDRiD_50_1024_3072,0.006541382559972607,0.6941176462422146,,,,,,
IDRiD_50_1536_0,,,0.7554980594595408,0.6445916114078818,,,,
IDRiD_50_1536_1024,0.8143712574406983,0.7362204723684823,,,0.0,0.0,,
IDRiD_50_1536_1536,,,,,0.600466765404155,0.6322181268281248,,
IDRiD_50_1536_2048,,,,,0.48299912814989104,0.5658835546186984,,
IDRiD_50_1536_2560,0.0,0.0,0.9049951027960335,0.9286432159870711,0.6749272707646001,0.7875282876441095,,
IDRiD_50_1536_3072,0.5089847259629998,0.35828919281873434,0.7524271843747055,0.7948717946679815,,,0.8358140599922302,0.8164939228930244
IDRiD_50_1536_512,0.0,0.0,,,0.0,0.0,,
IDRiD_50_2048_1024,0.39562389117694785,0.2491620111639046,0.5066941297109481,0.9959514166008294,0.026402640255312658,0.01515151514577594,,
IDRiD_50_2048_1536,,,,,0.0,0.0,,
IDRiD_50_2048_2048,,,,,0.0,0.0,,
IDRiD_50_2048_2560,,,,,0.2939999999706,0.32885906032911427,,
IDRiD_50_2048_512,,,,,0.0,0.0,,
IDRiD_50_512_1536,,,0.44428468724340153,0.7322274879781451,0.6956569273220115,0.6787199999963801,,
IDRiD_50_512_2048,,,0.7608069162072602,0.9705882345804498,0.47728147862689024,0.5339795368817019,,
IDRiD_50_512_2560,0.4673539518766508,0.3302306758263768,0.31843740750759286,0.893687707492743,0.33581395347275284,0.25034674062064166,0.790753699662781,0.9322423586565831
IDRiD_51_0_1024,,,0.6480758504936934,0.999999999827883,0.8458666666215537,0.8563714901882968,,
IDRiD_51_0_1536,0.6842105263032856,0.5233435839943152,0.2103533278380975,0.99999999921875,,,,
IDRiD_51_0_2048,0.0,0.0,0.6893580352998985,0.8281573498107497,,,0.17333333332725148,0.09489051094525969
IDRiD_51_0_3072,,,0.33755274258042695,0.21390374328691128,,,,
IDRiD_51_1024_1024,,,0.40894308941427066,0.6287499999214062,0.7791475871511396,0.7968299711241477,,
IDRiD_51_1024_1536,0.3218847572999749,0.23391089107945914,0.33651120844275934,0.9804804803332613,0.572922022276894,0.6565200314153915,0.0,0.0
IDRiD_51_1024_2048,,,,,0.900763358664025,0.8805970147063191,,
IDRiD_51_1024_3072,0.6351308232240337,0.46659634317315285,,,,,,
IDRiD_51_1024_3584,0.7080779636645791,0.8926632326201773,,,,,,
IDRiD_51_1024_512,0.047058823526643596,0.052015604674640364,0.43527970598467625,0.878088961964071,0.777928650774251,0.810442386810431,0.5332519829137011,0.36356073211062423
IDRiD_51_1536_0,,,0.6845124281673973,0.972826086427812,,,,
IDRiD_51_1536_1024,,,0.5059422750317075,0.7326367547183382,,,,
IDRiD_51_1536_1536,,,0.5672131147355013,0.7771787959768931,0.35578712317908845,0.757527733695917,0.0,0.0
IDRiD_51_1536_512,,,0.5828198622478138,0.5034439573886385,,,,
IDRiD_51_2048_1024,0.6502923976571969,0.5462711705759682,0.4069723379913993,0.3763139453135029,,,,
IDRiD_51_2048_1536,0.0,0.0,0.684484553950556,0.7709147771093889,0.0,0.0,0.7001604668105028,0.5386514634560124
IDRiD_51_2048_2048,,,,,,,0.7125659978730187,0.5534776902705553
IDRiD_51_2048_2560,,,0.5117493471916776,0.41525423720015797,,,,
IDRiD_51_2048_512,0.0,0.0,0.599919903860636,0.9986666665335111,0.6482758619199366,0.7621621617501826,0.0,0.0
IDRiD_51_512_1024,,,0.47021943558927287,0.3073770490543537,,,,
IDRiD_51_512_1536,,,,,0.0,0.0,,
IDRiD_51_512_2048,,,0.6329113922906128,0.50143266461277,,,,
IDRiD_52_0_2560,,,0.7430340556125334,0.9876543205812123,,,,
IDRiD_52_1024_0,,,,,0.7060677698419174,0.5614035087015785,,
IDRiD_52_1024_2560,0.0,0.0,0.18230563001703454,0.9042553186679493,,,,
IDRiD_52_1024_3072,,,0.4477958236139448,0.8318965513655618,,,,
IDRiD_52_1536_2048,,,0.6514285713044898,0.9999999994152047,0.7410358564752941,0.799426933868359,,
IDRiD_52_1536_2560,,,0.5320512819660175,0.9999999993975904,,,,
IDRiD_52_1536_3072,0.0,0.0,0.0,0.0,,,,
IDRiD_52_2048_2048,0.014958863125283555,0.0075815011366503786,0.5482502650968121,0.9645522387159932,,,,
IDRiD_52_2048_2560,,,0.644834307967063,0.8587746624238033,,,,
IDRiD_52_2048_3072,,,0.745059288463927,0.6411564624759938,,,0.6322580645082847,0.46318851117136545
IDRiD_52_512_0,0.0,0.0,,,,,,
IDRiD_52_512_2048,,,0.7566109012003988,0.8987179486027285,0.2562211981448746,0.15216201422265122,,
IDRiD_52_512_2560,,,0.7982832616312696,0.984126983606282,,,0.8875506658843363,0.9018592609813637
IDRiD_52_512_512,0.0,0.0,0.6621445342900563,0.648773006101801,,,,
IDRiD_53_0_1024,0.708547978692445,0.6836562763211149,0.0,0.0,,,,
IDRiD_53_0_1536,,,0.7458193979309515,0.8710937498298645,,,,
IDRiD_53_0_2048,,,0.14159292032892162,0.6779661005458202,,,,
IDRiD_53_0_2560,,,0.7107505070705579,0.8920570263857376,,,,
IDRiD_53_0_3072,,,0.821276595657311,0.8247863246100884,,,,
IDRiD_53_0_512,0.579567186707805,0.6449372759712155,0.39830784248622497,0.4450909090585388,,,,
IDRiD_53_1024_1536,,,,,0.0,0.0,,
IDRiD_53_1024_2048,0.6112936958378953,0.8493150684578948,0.2726281351938246,0.37764350441763034,0.6849192100477116,0.5919317300140895,,
IDRiD_53_1024_2560,0.6915757716392928,0.8129153853744028,0.4485365671049589,0.3476444650690688,,,,
IDRiD_53_1024_3072,0.7168578777580661,0.6412241618534714,0.5379946588847294,0.43348982783906537,0.7484662576031142,0.867886178685389,,
IDRiD_53_1536_1536,0.4167725539495842,0.33954451338725783,,,,,,
IDRiD_53_1536_2048,0.7481420313738774,0.7493796525951285,0.132850241529849,0.9999999981818182,0.6226734348210562,0.48677248672956147,,
IDRiD_53_1536_2560,0.5522045855330493,0.9382679052760483,0.6006996501599026,0.8441011235362288,0.6557759625839235,0.5435203093726266,,
IDRiD_53_1536_3072,0.7376277990294321,0.9464027039924932,0.5215794306463921,0.5039929014637096,0.6752380952059411,0.5859504131747149,0.0,0.0
IDRiD_53_1536_3584,0.8648484848353811,0.9668021679889295,,,,,,
IDRiD_53_1536_512,,,0.6028921023023975,0.959292035228444,,,,
IDRiD_53_2048_1024,0.0,0.0,0.1705551085944847,0.5463917522956744,0.0,0.0,,
IDRiD_53_2048_1536,0.0,0.0,0.6580444903953417,0.9829984542530142,,,,
IDRiD_53_2048_2048,0.0,0.0,0.37940379401737645,0.43156596788759977,0.0,0.0,,
IDRiD_53_2048_2560,0.1916167664598946,0.10724759111406588,0.14775470786345946,0.9999999993464053,0.7710508002247006,0.8949919223109868,,
IDRiD_53_2048_3072,0.021276595744034146,0.02220812182600202,0.25418719210570506,0.46319569111971354,,,,
IDRiD_53_2048_512,,,0.6855828220333141,0.9633620687578961,,,,
IDRiD_53_512_0,,,0.7733333332540171,0.999999999734748,,,,
IDRiD_53_512_1536,,,0.3903654484941759,0.3827361563310132,,,,
IDRiD_53_512_2560,0.6786881997401543,0.755681400303334,0.32333438584391117,0.3006459189488757,,,,
IDRiD_53_512_3072,,,,,0.8266666663911111,0.9999999991935484,,
IDRiD_53_512_512,0.0,0.0,0.3709273182647512,0.5904255317578655,,,,
IDRiD_54_0_1536,,,0.7460449624691052,0.8995983933936549,,,,
IDRiD_54_0_2048,,,0.8064516127948318,0.7978723402133318,,,,
IDRiD_54_0_2560,0.6550802138912323,0.5162552678953566,0.2917420132434152,0.7076023389743852,0.785169029429568,0.880554423119423,,
IDRiD_54_0_3072,0.0,0.0,0.7292875989061062,0.7870159452406588,,,,
IDRiD_54_1024_0,0.0,0.0,0.8269617705405471,0.7459165152911222,,,,
IDRiD_54_1024_1024,,,0.0,0.0,,,,
IDRiD_54_1024_1536,,,0.2733485193310537,0.3030303029537802,,,,
IDRiD_54_1024_2048,0.5309711625432436,0.38889941276020273,0.41894736839900276,0.29157509155373074,0.7271171941208625,0.9815242491959528,,
IDRiD_54_1024_2560,0.2488683019238986,0.31212041192732715,0.28860906064135755,0.5176531671590003,0.6369465648660475,0.9093286834429529,,
IDRiD_54_1024_3072,0.3533408833422044,0.2866329811535768,0.5186805789209242,0.6574232081630793,0.5932203388573686,0.4501607715594338,,
IDRiD_54_1024_3584,0.24832962137393294,0.14802522402429388,0.0,0.0,,,,
IDRiD_54_1024_512,0.0,0.0,,,,,,
IDRiD_54_1536_0,0.0,0.0,0.5072697899565283,0.5389016017690044,,,,
IDRiD_54_1536_1536,,,0.0,0.0,,,,
IDRiD_54_1536_2048,,,0.5714285713895128,0.6450617282955152,,,,
IDRiD_54_1536_2560,0.30646153844267926,0.3263433813464819,0.6476141872761517,0.9077253218234816,0.0,0.0,,
IDRiD_54_1536_512,0.5779710144760009,0.4166318428576418,0.0,0.0,,,,
IDRiD_54_2048_0,,,,,,,0.8021338506110055,0.689741451180578
IDRiD_54_2048_1024,,,,,,,0.48700716844787173,0.32515704456101835
IDRiD_54_2048_1536,,,0.7646258503054592,0.9284140968140513,,,,
IDRiD_54_2048_2048,0.0038277511958059564,0.0019175455415227664,0.4743651173706582,0.9979838707665355,,,,
IDRiD_54_2048_2560,0.6189797662975498,0.6843100188604719,0.5933705283691051,0.6429587481761765,,,,
IDRiD_54_2048_3072,0.28308753111888363,0.7587268993060856,0.6150106350466421,0.5779554539932635,,,,
IDRiD_54_2048_512,,,,,,,0.7257571790140274,0.773776288844465
IDRiD_54_512_0,0.5405405405243081,0.8704061894709471,,,,,,
IDRiD_54_512_1024,,,0.08163265303742488,0.042553191476427596,,,,
IDRiD_54_512_1536,,,0.6064073226405856,0.9518678160235726,0.7517146775374878,0.7506849313011822,,
IDRiD_54_512_2048,,,0.5069637882725925,0.9999999997802197,,,,
IDRiD_54_512_2560,0.22635782747423036,0.77771679468838,0.44141592919572714,0.43104044243238715,0.7200969011737145,0.8270345467000456,,
IDRiD_54_512_3072,0.7637830004362436,0.6607434863113404,0.43845177663583595,0.3755434782404596,,,,
IDRiD_54_512_512,0.9195034040480776,0.9206094626366792,,,,,,
IDRiD_55_0_1024,,,,,0.8092868987049275,0.9759999996096,,
IDRiD_55_0_1536,,,,,0.8208946040680435,0.8105710813996284,,
IDRiD_55_0_2048,,,0.6899563315764383,0.6370967736797607,0.8281296461472194,0.7769202157300682,,
IDRiD_55_1024_1024,,,0.7893617020436849,0.9999999997304582,0.8292233233442697,0.7806653809026969,,
IDRiD_55_1024_1536,0.0,0.0,0.04878048778788136,0.024999999991071428,0.8017611807996592,0.6949427130295371,,
IDRiD_55_1024_2048,,,0.42645607103391353,0.2872340425149955,0.8598357583392784,0.7949393248222653,,
IDRiD_55_1024_2560,,,0.6532019704111723,0.6190476189898181,0.8629058862330189,0.857149544739702,,
IDRiD_55_1536_1024,,,0.2987736900447298,0.27515400405027635,0.6420953843473927,0.5246061619890617,,
IDRiD_55_1536_1536,,,0.771585557269561,0.7637917637324171,0.7520729684882805,0.82585932164181,,
IDRiD_55_1536_2048,0.4818097775818054,0.4426016585029213,0.4179018563761994,0.5745943806658254,0.6874094115351325,0.8428909952540056,0.0,0.0
IDRiD_55_1536_2560,0.7737483580240206,0.7294416402773632,0.7268232384762888,0.8010899180378501,0.8355188967996955,0.8006998764907355,0.0,0.0
IDRiD_55_1536_3072,,,,,0.8769898697328271,0.8381742738202779,,
IDRiD_55_1536_512,,,,,0.6259724715364469,0.495734597109409,,
IDRiD_55_2048_1024,,,,,0.9146238376234468,0.9609236232751468,,
IDRiD_55_2048_1536,,,0.35638297869181,0.990147782763474,0.654888821180174,0.5660874143988369,,
IDRiD_55_2048_2048,,,0.3729603728734358,0.2292263609658377,0.8282465589412311,0.8353004291733463,,
IDRiD_55_2048_2560,,,,,0.8230406309385851,0.7930519744823378,,
IDRiD_55_512_1024,0.5692108667381834,0.518134715001501,0.6592267835528407,0.550232867561528,0.8351399503790813,0.7684623398885565,,
IDRiD_55_512_1536,0.6451958056853713,0.4996685449038835,0.45640074207269005,0.9959514166008294,0.8726035252169775,0.8238146234676617,,
IDRiD_55_512_2048,0.787419416607529,0.9853828028256213,0.5057232049421724,0.43470482997590254,0.8495988599165396,0.8539257294407058,,
IDRiD_55_512_2560,,,,,0.5838509314956984,0.4476190474058957,,
IDRiD_56_0_1024,,,0.09852216743915164,0.05181347147574432,,,,
IDRiD_56_0_1536,,,0.717368961899551,0.787810383569343,,,,
IDRiD_56_0_2048,0.6379471228566256,0.5145509282424165,0.5479603086798258,0.7049645389070973,,,,
IDRiD_56_0_2560,0.7331128956058367,0.5984883541554874,,,,,,
IDRiD_56_0_3072,0.7620348790453989,0.7864311188455965,,,,,0.8830778131310711,0.9451783355311048
IDRiD_56_0_512,,,0.605932203261455,0.9999999993006994,,,,
IDRiD_56_1024_0,0.0,0.0,,,,,,
IDRiD_56_1024_1024,,,0.18396711201521238,0.27538461534224856,,,,
IDRiD_56_1024_1536,,,0.7827380951216164,0.6743589741860617,,,,
IDRiD_56_1024_2048,,,,,0.6569145140526836,0.8686544630898537,,
IDRiD_56_1024_2560,0.0,0.0,0.6597796142796295,0.9999999997912317,0.2261199336282029,0.9120458889269512,,
IDRiD_56_1024_3072,0.12069216227918647,0.07201110532646181,0.3656491110242989,0.45492487475334514,,,,
IDRiD_56_1536_1024,0.0,0.0,,,,,,
IDRiD_56_1536_1536,,,0.5146771036678398,0.81931464148931,,,,
IDRiD_56_1536_2048,0.5037449762490694,0.5359051598432036,,,0.758055398508817,0.8487341771614725,,
IDRiD_56_1536_2560,0.44800865019917085,0.3520249221084105,0.47785547779978377,0.6879194628564028,,,0.0,0.0
IDRiD_56_1536_512,0.0,0.0,,,,,,
IDRiD_56_2048_1024,0.7643592688100974,0.7514435889815241,,,0.5792880257962317,0.4172494171521563,,
IDRiD_56_2048_1536,,,0.6585577757898733,0.9973684207901662,,,,
IDRiD_56_2048_2048,0.509560306571121,0.35776594539075823,0.0,0.0,,,,
IDRiD_56_2048_2560,0.6636130867690936,0.5394043104220728,,,,,0.6485240443065343,0.9999999999802528
IDRiD_56_2048_3072,,,0.7880671223873171,0.9664634144868196,,,,
IDRiD_56_2048_512,0.0,0.0,,,,,,
IDRiD_56_512_1024,0.7147599725946421,0.8951953537368639,0.6542346542092372,0.9142236698247315,,,,
IDRiD_56_512_1536,,,0.09005847952689716,0.09482758619521828,0.6648351647438413,0.6487935655097068,,
IDRiD_56_512_2048,,,,,0.7091817134007954,0.9639686683821419,,
IDRiD_56_512_2560,0.5468130056137125,0.42852527862680884,0.7828477184836257,0.7049504949797079,,,,
IDRiD_56_512_3072,0.43344498200946874,0.3518984791987924,0.37414692892917917,0.4094903338831731,0.7018150388330323,0.8806941429759882,0.9424018762470083,0.9337707607071712
IDRiD_57_0_1024,,,,,0.6853741496015838,0.7248201437545287,,
IDRiD_57_0_1536,0.0,0.0,,,0.2529335071378183,0.23261390881711896,,
IDRiD_57_0_2048,,,,,0.6402173912695533,0.522626441834727,,
IDRiD_57_0_512,,,,,0.5658475109914399,0.8376865670078943,,
IDRiD_57_1024_0,,,,,0.4431960049845361,0.2874493927047922,,
IDRiD_57_1024_1024,,,0.3955637707217073,0.2661691541626445,0.6507855191201265,0.5863979073613418,,
IDRiD_57_1024_1536,,,0.2063492062946166,0.13636363631595677,0.7175299821291461,0.9076823756969761,,
IDRiD_57_1024_2048,,,,,0.4511733534859066,0.7760416664645724,,
IDRiD_57_1024_512,,,,,0.5545959284306817,0.5249635036343077,,
IDRiD_57_1536_0,0.06119951039642601,0.03396739129973269,,,0.342857142787172,0.2234042552597329,,
IDRiD_57_1536_1024,,,,,0.7347549569716816,0.7282705428548165,,
IDRiD_57_1536_1536,,,,,0.689994008379988,0.7781081080870782,,
IDRiD_57_1536_2048,,,,,0.7860869564875614,0.6921898927494494,,
IDRiD_57_1536_512,,,0.7490774906367016,0.7490774904984954,0.628780487789542,0.5027301091847609,,
IDRiD_57_2048_1024,,,,,0.5193868349396404,0.4173913042873346,,
IDRiD_57_2048_1536,,,,,0.8083252661757829,0.8503054988950809,,
IDRiD_57_2048_512,,,0.21525885555650426,0.12061068700448692,0.18289962823918962,0.10224438901893229,,
IDRiD_57_512_0,,,,,0.6207836456347263,0.47947368418529085,,
IDRiD_57_512_1024,,,0.0,0.0,0.6014362656551673,0.4827089336480247,,
IDRiD_57_512_1536,0.0,0.0,,,0.5426997244805303,0.8995433787900585,,
IDRiD_57_512_512,,,0.40896358537689587,0.35180722883088983,0.6495370370220015,0.6501390175787702,,
IDRiD_58_0_1536,0.0,0.0,0.8458961473328395,0.7361516033912315,,,,
IDRiD_58_0_2048,,,0.7058823528752677,0.93796526031316,0.7723202170893503,0.8468557825660216,,
IDRiD_58_0_2560,,,0.6192941176179156,0.823529411661636,0.8031565102672882,0.7551525143647854,,
IDRiD_58_0_3072,,,0.43993231803046834,0.9090909084551813,,,,
IDRiD_58_0_512,,,0.4341372911996035,0.280575539501061,,,,
IDRiD_58_1024_0,,,,,0.8252754665881431,0.7313670784881879,,
IDRiD_58_1024_1024,,,0.599277978296081,0.9999999997590361,,,,
IDRiD_58_1024_1536,0.8849360755852566,0.9869807811225363,0.7542997542070885,0.7524509802077326,0.8321207221660992,0.809012313313885,,
IDRiD_58_1024_2048,,,,,0.7652777777701857,0.833045356353498,,
IDRiD_58_1024_2560,0.0,0.0,0.7248908296310138,0.9181415927172253,0.8573671813549154,0.95733489184812,,
IDRiD_58_1024_3584,,,,,0.8186356071849192,0.9609374996246337,,
IDRiD_58_1536_0,,,,,0.40222717148921877,0.251742403120047,,
IDRiD_58_1536_1536,0.0,0.0,,,,,,
IDRiD_58_1536_2048,0.31383322559285987,0.18612229250170362,,,0.0,0.0,,
IDRiD_58_1536_2560,0.09718503036968724,0.05107434612445202,0.781094527168882,0.6885964909260542,,,,
IDRiD_58_1536_3072,0.29062818830650594,0.175899788282006,,,,,,
IDRiD_58_1536_512,,,0.0,0.0,0.7111545988119148,0.5782940801852866,,
IDRiD_58_2048_1024,,,,,0.268156424551044,0.15483870965744018,,
IDRiD_58_2048_1536,0.0,0.0,,,,,,
IDRiD_58_2048_2048,,,0.7070895521728461,0.974293058875503,,,,
IDRiD_58_2048_2560,0.8723758746938958,0.7826606875700252,,,,,,
IDRiD_58_2048_3072,0.5148471615683053,0.45433526010977093,,,0.7689759867406987,0.6600331674802172,,
IDRiD_58_512_1024,0.0,0.0,,,,,,
IDRiD_58_512_1536,0.7077856420388343,0.6726457398672232,0.45923460895955437,0.7028862477584235,0.746942850010614,0.8429086403016621,,
IDRiD_58_512_2048,,,,,0.730542089022783,0.7921246296397579,,
IDRiD_58_512_2560,0.8124345952550789,0.7127119559270686,0.3259633606869259,0.20840064618672044,0.6482593036436664,0.47957371217059086,,
IDRiD_58_512_3072,,,0.2985746436385165,0.9567307687708025,0.8728813558582303,0.9432234430506917,,
IDRiD_58_512_512,0.3898849344341733,0.2428333333292861,,,,,,
IDRiD_59_0_1024,,,0.0,0.0,,,,
IDRiD_59_0_1536,0.6435770962830412,0.4744664031545539,0.29873908823484585,0.1757990867379225,0.6545454541487603,0.7826086945179584,0.938885119852615,0.9402672403978016
IDRiD_59_0_2048,,,,,,,0.9373573059344011,0.8990317172446743
IDRiD_59_1024_1024,0.08382944489105458,0.6162034298866822,0.6285714285500487,0.5859226378829472,0.6496894409534354,0.8673300164399121,0.0,0.0
IDRiD_59_1024_1536,,,0.6472148539397308,0.6630434779005199,0.8573439019829522,0.8703306861596272,,
IDRiD_59_1024_2048,0.6857762417789132,0.9265702252165067,,,0.7500948046999428,0.6939539235136595,,
IDRiD_59_1024_512,0.0,0.0,0.0,0.0,,,,
IDRiD_59_1536_0,,,0.60750853238174,0.546012269871655,,,,
IDRiD_59_1536_1024,0.0,0.0,,,0.7769591426571002,0.8365384615183524,,
IDRiD_59_1536_1536,,,0.8568232661713185,0.769849246153784,0.6499186697954701,0.9171909539038057,,
IDRiD_59_1536_2048,0.5927879133367104,0.7941569600764912,0.0,0.0,0.7685648586396786,0.8693390452610362,,
IDRiD_59_1536_2560,,,,,0.0,0.0,,
IDRiD_59_1536_3072,,,,,0.2567901234356551,0.14800759011878484,,
IDRiD_59_1536_512,0.8922042750728015,0.8285355009618335,0.23712737125764718,0.31249999994419647,,,,
IDRiD_59_2048_1024,0.5313080537588099,0.38759566325912637,,,,,,
IDRiD_59_2048_1536,,,0.5345744680495629,0.9999999997512438,,,,
IDRiD_59_2048_2048,0.011928429422668758,0.007839721253672497,0.5351409204232914,0.814332247468585,,,0.0,0.0
IDRiD_59_2048_2560,,,,,0.6733445616463669,0.7842246541238029,0.8338178294560177,0.740937401335378
IDRiD_59_2048_3072,,,,,0.35376671520781455,0.21607633834358603,,
IDRiD_59_2048_512,,,0.5025906735425782,0.37022900759826055,,,,
IDRiD_59_512_1024,0.3428486470387834,0.299675113706307,0.5599364911204039,0.5071907957570858,0.7281820965527387,0.8636803873882887,0.938981695209506,0.9199351122462985
IDRiD_59_512_1536,0.7395591875191939,0.8420110932112899,0.0,0.0,0.8194257082266899,0.8234838424035885,0.0,0.0
IDRiD_59_512_512,0.0,0.0,0.29534883717495947,0.8639455776435745,,,0.5347274574698131,0.9912504556933861
IDRiD_60_0_1536,,,0.46210995538914484,0.91470588208391,,,,
IDRiD_60_0_512,,,,,,,0.819225012459351,0.7425384383255189
IDRiD_60_1024_0,,,,,0.6735360643208461,0.607434270144722,,
IDRiD_60_1024_1024,,,,,0.8144635447298618,0.7905638664677466,,
IDRiD_60_1024_1536,0.0,0.0,0.32989690716790915,0.20512820509063587,0.8307528902290504,0.8867184093408326,,
IDRiD_60_1024_2048,0.6401741970255757,0.5379688929059497,0.4559270516255393,0.5281690139605236,0.7374999999078126,0.9021406725069906,0.0,0.0
IDRiD_60_1024_2560,0.8474648261170827,0.9706883969718962,0.7496450543895105,0.6523887973103468,0.607128226111957,0.5626423689777796,0.5653377630043558,0.7438979963299127
IDRiD_60_1024_3072,,,,,0.0,0.0,,
IDRiD_60_1536_1024,,,0.0,0.0,0.8475222362866885,0.7370165745041971,,
IDRiD_60_1536_1536,0.3533176872124319,0.22766015946583285,,,0.6451220747579259,0.8596112310783043,,
IDRiD_60_1536_2048,,,0.3076923076575009,0.18279569890016187,0.696485622958691,0.7228116709916695,,
IDRiD_60_1536_2560,0.7720396452656575,0.7676348547452408,0.6951566950906783,0.5736677115088296,0.7442781145568212,0.8482797518210903,,
IDRiD_60_1536_3072,,,0.7562499997636718,0.8344827580451843,,,,
IDRiD_60_1536_512,,,,,0.41393442621537113,0.84049930640215,,
IDRiD_60_2048_0,,,,,0.0,0.0,,
IDRiD_60_2048_1024,0.26523809523178005,0.3593548386864932,,,0.6622016936053717,0.5708029197004538,,
IDRiD_60_2048_1536,,,0.13305613302847066,0.07126948773468385,,,,
IDRiD_60_2048_2048,,,0.6234309622126714,0.8563218385883208,0.6026060501658768,0.7134701644595152,0.0,0.0
IDRiD_60_2048_2560,0.6440255806104206,0.5306156405960587,0.31094212081491585,0.19512195120916637,0.788441692450187,0.8045492838751244,0.8123962721792021,0.697102481236254
IDRiD_60_2048_512,0.44818481846705666,0.87163029513843,0.8070175437180671,0.9349593492134312,0.3923647931715414,0.25694444440875774,,
IDRiD_60_512_0,,,,,0.6525423726048549,0.4873417718434546,,
IDRiD_60_512_1024,,,0.32967032964768744,0.2663706991935216,,,,
IDRiD_60_512_1536,,,0.5902636916237055,0.43825301198219085,0.6866676012801533,0.6489136194846605,,
IDRiD_60_512_2048,0.2896979085867662,0.34155251138433307,0.25229741017106955,0.15745568298670953,,,0.08533430166544717,0.04456877341024812
IDRiD_60_512_2560,0.01838831800874049,0.009279475982026228,,,0.03591765221042849,0.3796296292781207,0.18608489719693536,0.10419094306222448
IDRiD_60_512_3072,,,,,,,0.8757327080817641,0.8491393309378185
IDRiD_61_0_1024,0.7616739607042757,0.8315145623937793,,,,,,
IDRiD_61_0_1536,0.288796925804431,0.1721965190563023,0.4166211044058709,0.32901554401303834,,,,
IDRiD_61_0_2048,0.80607402720233,0.7151277013685552,0.5826262626027222,0.9315245476832656,,,,
IDRiD_61_0_2560,,,0.517321016046808,0.9999999991071429,,,,
IDRiD_61_0_512,0.8033876625500428,0.6713850738511551,,,,,,
IDRiD_61_1024_0,0.6161740462963705,0.49784264435336417,0.0,0.0,,,,
IDRiD_61_1024_1024,0.6803187114032874,0.5579339508647645,0.8802228411030331,0.9723076920085206,0.11133440514245711,0.5167910446797032,,
IDRiD_61_1024_1536,0.5973705544372867,0.7384105960200557,0.010893246186177206,0.008143322474243759,0.7573980887274022,0.7130563282274595,,
IDRiD_61_1024_2048,0.0031274433148453912,0.0015974440893292774,0.5180621674455878,0.6162558294059789,0.7491194182436705,0.8614922252598786,,
IDRiD_61_1024_2560,0.7215751108421092,0.7608959797096471,0.5505148900486915,0.5667621776179506,,,,
IDRiD_61_1024_3072,0.20744680850914715,0.6052852348739394,0.7381443298461756,0.9179487177918036,,,,
IDRiD_61_1536_0,0.010964205094777033,0.005532053367864235,,,,,,
IDRiD_61_1536_1024,0.2208774583944035,0.2982456140279201,,,0.0,0.0,,
IDRiD_61_1536_1536,0.05152435594497103,0.0323537722515915,0.014513788096587259,0.008576329329575244,0.5653021442127809,0.41507633583825604,,
IDRiD_61_1536_2048,0.458883577732651,0.39089026914574343,0.5180327868427842,0.9999999996835442,0.6727179311497143,0.933238298872259,,
IDRiD_61_1536_2560,0.0,0.0,0.2645450024731703,0.16299019606844423,,,,
IDRiD_61_1536_512,0.43344955153851583,0.2827823308783068,0.0,0.0,,,,
IDRiD_61_2048_1024,0.8626490226183597,0.8226336121507443,,,,,,
IDRiD_61_2048_1536,0.735230769230455,0.8123406425285546,,,,,,
IDRiD_61_2048_2048,0.7695867365052548,0.8890441515808304,,,,,,
IDRiD_61_2048_2560,0.6794410431337129,0.7319504581539427,0.14323784143426924,0.0889900662214822,,,,
IDRiD_61_2048_512,0.7220348624588977,0.7237110043150506,,,,,,
IDRiD_61_512_0,0.6340735211763665,0.5853574504686877,,,,,,
IDRiD_61_512_1024,0.6796316389830014,0.6009939477424568,,,0.2636986300918324,0.15187376722842727,,
IDRiD_61_512_1536,0.6005989038911785,0.6836452504940276,0.5374105399955299,0.7481884057293307,0.8339458736774492,0.888256227694786,,
IDRiD_61_512_2048,0.6931573926129114,0.5954303994932849,0.5640561339717495,0.455409356691856,0.7621968218354559,0.758601553786981,,
IDRiD_61_512_2560,0.7439753637587018,0.6563645511382787,0.4447031431379857,0.42444444435012346,,,,
IDRiD_61_512_3072,0.0,0.0,,,,,,
IDRiD_61_512_512,0.852443278182174,0.8377783368924533,,,,,,
IDRiD_62_0_1024,0.724903225797098,0.7553105673365069,0.7581354440845967,0.8147448013582713,0.7670682729383397,0.9794871789848784,,
IDRiD_62_0_1536,,,,,0.0,0.0,,
IDRiD_62_0_512,0.6727353463438558,0.509757738879214,,,0.6233900051198665,0.5675422138304369,,
IDRiD_62_1024_0,,,0.7228915661199012,0.9230769226035503,,,,
IDRiD_62_1024_2048,,,0.6381215468731877,0.9705882348863075,,,,
IDRiD_62_1024_2560,,,,,0.7609756095704937,0.9999999993589744,,
IDRiD_62_1024_3072,0.0,0.0,0.5714285713936856,0.5531914892963131,,,,
IDRiD_62_1536_0,,,0.6954314719047128,0.5330739297536676,,,,
IDRiD_62_1536_1024,,,0.5294117643944637,0.40178571392697704,,,,
IDRiD_62_1536_2560,,,,,0.8199560553133,0.8994754005260247,,
IDRiD_62_1536_3072,,,0.4650817235910043,0.9999999996805111,,,,
IDRiD_62_2048_2048,,,,,0.7870150435382081,0.8971119133342674,,
IDRiD_62_2048_2560,,,,,0.7729548540377356,0.8529356681297269,,
IDRiD_62_2048_512,,,,,0.3549488053396079,0.21576763476524166,,
IDRiD_62_512_1536,,,0.45714285711620156,0.6105919002164187,0.46441073506833014,0.30335365849034246,,
IDRiD_62_512_512,,,,,0.20720720717609503,0.11754684836157635,,
IDRiD_63_0_1024,,,,,0.6507455731517853,0.49883907839794894,,
IDRiD_63_0_1536,,,,,0.6531384350704533,0.5107584722831964,,
IDRiD_63_0_2560,0.5451774439245552,0.7069452286444412,0.681463214110914,0.9928143711385852,,,,
IDRiD_63_0_3072,,,0.6770186333301184,0.5828877002230547,,,,
IDRiD_63_1024_1024,,,,,0.8091089714136549,0.8928993084686643,,
IDRiD_63_1024_1536,,,,,0.8515130984595104,0.8262298674172649,,
IDRiD_63_1024_3072,0.7636952998296737,0.978947368393935,,,,,,
IDRiD_63_1024_3584,0.6274509803719881,0.9999999998975411,,,,,,
IDRiD_63_1024_512,0.6082166199756469,0.6558598469461164,,,,,,
IDRiD_63_1536_1536,,,0.7456919059662824,0.6203301476437593,0.22391857504462098,0.12953876348090887,,
IDRiD_63_1536_2048,,,,,0.627777777603395,0.6766467061816487,,
IDRiD_63_1536_2560,,,,,0.0,0.0,,
IDRiD_63_1536_3072,,,,,0.6413682522543729,0.5727923627411555,,
IDRiD_63_1536_512,0.0,0.0,,,,,,
IDRiD_63_2048_1536,,,,,0.0,0.0,,
IDRiD_63_2048_2048,,,,,0.7208806818053821,0.7053509381269858,,
IDRiD_63_512_1024,,,,,0.7917316692647121,0.7015805723206231,,
IDRiD_63_512_1536,,,,,0.8073461752353414,0.794709732000909,,
IDRiD_64_0_1024,,,0.707714596147995,0.7959266802119785,0.7411003235046764,0.9999999995633188,0.8189796727228951,0.6937170263755696
IDRiD_64_0_1536,0.6645779091802454,0.5367835757019048,0.4547112461729659,0.572741194399274,0.3410230691962212,0.453333333293037,,
IDRiD_64_0_2048,0.04518518518351166,0.023114816217388603,,,0.8246743054439658,0.9706621341932407,,
IDRiD_64_0_2560,,,,,0.7163504968059463,0.6058059587008551,,
IDRiD_64_0_3072,,,,,0.6392785570501726,0.6134615383435651,,
IDRiD_64_0_512,,,0.6245783132229119,0.9984591677968476,0.101717305145197,0.05358385525027252,,
IDRiD_64_1024_1536,,,0.6802973976430674,0.9999999994535519,0.465346534595873,0.6266666664577777,,
IDRiD_64_1024_2048,,,0.863105175220108,0.9070175437005233,0.2541087231192093,0.2258426966038379,,
IDRiD_64_1024_2560,,,0.0,0.0,0.7728491850589393,0.78813381021683,,
IDRiD_64_1024_3072,,,0.37254901942522106,0.2331288342128044,0.6463515754493537,0.8731447773488339,,
IDRiD_64_1536_0,,,0.8176726819652972,0.8071253070261517,,,,
IDRiD_64_1536_2048,0.0,0.0,0.03749999999765625,0.029910269189440654,0.42234636866789427,0.2881097560536418,,
IDRiD_64_1536_2560,0.0,0.0,,,0.6969935463450811,0.7216427639921238,,
IDRiD_64_1536_3072,,,0.0,0.0,0.8418740848578422,0.7909215954895569,,
IDRiD_64_2048_1536,,,0.755905511725995,0.994082839942579,0.8195367211201376,0.8069306930407734,,
IDRiD_64_2048_2560,0.3667180277293264,0.28279467679936326,0.2114068440903873,0.14850427348840767,0.8244274806013635,0.7941176464749136,0.8546266283381608,0.9307933124563325
IDRiD_64_2048_3072,0.34984381970772677,0.31638418076542496,0.6870838881033898,0.704918032690585,0.8088803088022316,0.8088803087241544,,
IDRiD_64_512_1024,,,0.37523809520235824,0.6588628760338251,,,,
IDRiD_64_512_1536,,,,,0.6976367100381141,0.9309747917242132,,
IDRiD_64_512_2048,,,0.6236559139114348,0.48657718112641324,0.7233507683545256,0.7873598728856266,,
IDRiD_64_512_2560,,,0.6701421800630265,0.5628980891271578,0.816973043661869,0.8863313889187083,,
IDRiD_64_512_3072,,,0.2916235780463678,0.17070217915608935,0.6102819236641557,0.44768856442242233,,
IDRiD_65_0_1024,,,0.5069444443564333,0.9999999993150686,0.0,0.0,,
IDRiD_65_0_1536,,,0.6916400182415879,0.9427148193097491,,,,
IDRiD_65_0_2048,0.8395363025979398,0.9582172701282577,0.0,0.0,0.6355561821424566,0.8502451904620806,,
IDRiD_65_0_2560,0.8319937267039406,0.9976492712271909,0.6030927834740674,0.7528957527988551,0.7669683257701649,0.8057040997738738,,
IDRiD_65_0_3072,0.488262910789632,0.46047884550801976,0.23740726277870336,0.3762376237158122,0.0,0.0,,
IDRiD_65_0_3584,0.6588081204545639,0.49121093745203015,0.0,0.0,,,,
IDRiD_65_0_512,,,0.6401673639497734,0.9935064931839264,0.6227106224825235,0.45454545430238213,,
IDRiD_65_1024_1024,,,0.5668684644707281,0.9753787876940571,0.5050930804266756,0.627399650932487,,
IDRiD_65_1024_1536,0.29445981814935074,0.8539141827430753,0.4161939143781281,0.3066109422375908,0.3635596794448098,0.913135593026878,,
IDRiD_65_1024_2048,0.6438343914813213,0.9042954031423187,0.4353808353594407,0.4461228599752142,0.8437708639318917,0.9361019208881729,,
IDRiD_65_1024_2560,0.6747584146366894,0.6886136255294081,0.6323067253101098,0.8060897435251531,0.49560269010616653,0.8251507320564039,,
IDRiD_65_1024_3072,0.5952146836907501,0.45445445443170895,0.4890077242873141,0.8644957982285194,0.7417548226355164,0.8190563444425536,,
IDRiD_65_1024_3584,0.7608593676633749,0.9039233169660293,0.5093499554310462,0.9999999996503496,,,,
IDRiD_65_1536_1024,,,0.4245409762461021,0.9999999997890295,0.6851365951482857,0.8702215251740792,,
IDRiD_65_1536_1536,,,0.6879999999694223,0.8295819934802163,0.642067403747941,0.9555908009137356,,
IDRiD_65_1536_2048,0.4288840262269231,0.3798449611912345,0.38074398245287266,0.9830508469022312,0.675246330176199,0.9708008094544435,,
IDRiD_65_1536_2560,,,0.4492753621560596,0.3163265304508538,0.16646266827827874,0.1541950113029036,,
IDRiD_65_1536_3072,0.06618962432323885,0.03707414829287834,0.007843137254389338,0.03314917125240378,0.5502829777731701,0.8239895696448515,,
IDRiD_65_1536_3584,0.570079883784674,0.7889447235387995,0.3565683645634627,0.4222222220881834,,,,
IDRiD_65_1536_512,,,,,0.834733893537938,0.8394366196788997,,
IDRiD_65_2048_1536,,,0.579925650485759,0.9999999995726496,,,,
IDRiD_65_2048_2048,,,,,0.4024096385057338,0.9999999994011977,,
IDRiD_65_2048_2560,0.7548792021257426,0.9993170953562641,,,,,,
IDRiD_65_2048_3072,,,0.8547641072289764,0.9525773193912211,0.8685594110548308,0.9880382772755889,,
IDRiD_65_512_1024,,,0.0,0.0,,,,
IDRiD_65_512_1536,,,,,0.6728344014850484,0.804772502462849,,
IDRiD_65_512_2048,0.0,0.0,,,0.7566590098198687,0.8877293577879847,,
IDRiD_65_512_2560,0.0012894906511096394,0.0017699115041115202,0.41739475773595325,0.4565595134467177,0.7077637690729411,0.8111026615846221,,
IDRiD_65_512_3072,,,0.6976538290970494,0.9999999998730965,0.24963028689367597,0.8551165146043449,,
IDRiD_65_512_3584,0.8854707190347393,0.9892339544103838,0.6310160426120277,0.959349592715976,,,,
IDRiD_66_0_1024,,,0.873239436004761,0.7948717938527285,0.7058473441347144,0.6897353881741862,,
IDRiD_66_0_1536,,,0.5024154589151333,0.9999999998251748,0.783288742531557,0.7467137531734999,,
IDRiD_66_0_2048,,,0.731501057030902,0.9942528733727486,0.6563985548458566,0.6800630417383743,,
IDRiD_66_0_2560,,,,,0.8646288208663069,0.7999999998383838,,
IDRiD_66_0_512,,,0.6922155687793754,0.9999999996539791,,,,
IDRiD_66_1024_0,,,,,0.6446886446738853,0.5705024310951985,,
IDRiD_66_1024_1024,,,0.4288577153449183,0.34627831704003936,0.7882883396196186,0.6568212893093528,,
IDRiD_66_1024_1536,0.25402399765504796,0.9954128439225445,0.568050081136841,0.6360332294581499,0.8155565229995364,0.8367453286650907,,
IDRiD_66_1024_2048,,,0.5300492610315223,0.8276923074376331,0.842930956337306,0.7718665264780346,,
IDRiD_66_1024_2560,,,,,0.7284917923273602,0.6232527472500077,,
IDRiD_66_1024_512,0.42404607629863045,0.26907263589451474,0.29818181815471073,0.5015290518343948,0.8169111302776797,0.7685064934940178,,
IDRiD_66_1536_1024,0.43844038180814693,0.5909289140605788,0.5133836650534572,0.46306231941960124,0.8376690659403191,0.7528963282123441,,
IDRiD_66_1536_1536,,,0.5038961037652218,0.43111111091950616,0.9117733320980705,0.8965839145706201,,
IDRiD_66_1536_2048,,,,,0.8883101531178882,0.8379913576790529,,
IDRiD_66_1536_2560,,,0.6397124887116161,0.967391304084948,0.8047589993653216,0.7447769621262125,,
IDRiD_66_1536_512,,,,,0.7733258976432299,0.6671971575533246,,
IDRiD_66_2048_1024,,,,,0.858804387127015,0.8123468049919012,,
IDRiD_66_2048_1536,,,,,0.8486502679464479,0.7950604964400956,,
IDRiD_66_2048_512,,,,,0.7090257412607031,0.7014829142036438,,
IDRiD_66_512_0,,,,,0.0,0.0,,
IDRiD_66_512_1024,0.7100576470944251,0.5864141709634214,0.0,0.0,0.8026245313328637,0.7826794431371006,,
IDRiD_66_512_1536,,,0.4385026737707366,0.40954495001003943,0.8429963093292191,0.7545035529088203,,
IDRiD_66_512_2048,,,0.7442231075104204,0.7354330707503255,0.8025087902681721,0.7121725783860207,,
IDRiD_66_512_2560,,,,,0.78890475218449,0.7267944381674785,,
IDRiD_66_512_512,,,,,0.8233343382533246,0.8733610489193757,,
IDRiD_67_0_1024,0.827728391486418,0.8909723347742885,0.0,0.0,0.0,0.0,,
IDRiD_67_0_1536,0.43852174774161773,0.343953994399379,0.239812646358791,0.4999999999023438,0.02494331065618235,0.0146276595734955,0.8124980353917817,0.9230109984222038
IDRiD_67_0_2048,0.5890314465401396,0.8715104593133645,0.0,0.0,,,,
IDRiD_67_0_512,,,0.0,0.0,,,,
IDRiD_67_1024_1024,0.6571625462974539,0.7238827213139397,0.341222182962161,0.658935879855534,,,,
IDRiD_67_1024_1536,0.15858807633711713,0.0906633194931866,,,0.6746268656590555,0.6118443316205806,,
IDRiD_67_1024_2048,0.5886764154259965,0.48636926886701554,0.710355986997544,0.5876840695331079,,,,
IDRiD_67_1024_2560,,,0.5032165832377972,0.999999999715909,0.799281006542883,0.8389937105862901,,
IDRiD_67_1024_512,0.8873180680428123,0.846810581257866,0.41846948658642336,0.6346718902414621,,,,
IDRiD_67_1536_1024,0.4849368318722411,0.44271229403748147,,,0.6092615012014337,0.7376328325123623,,
IDRiD_67_1536_1536,0.0,0.0,0.6727135298309632,0.8607350095879366,0.7685598516559008,0.851609466548576,,
IDRiD_67_1536_2048,0.0,0.0,0.6131868131531216,0.9653979237084087,0.7954482375577172,0.9754935329492516,,
IDRiD_67_1536_2560,0.46848276469863137,0.8812603648278399,,,0.0,0.0,,
IDRiD_67_1536_512,0.0,0.0,0.6911459875424595,0.756809338472321,,,,
IDRiD_67_2048_1024,0.8021528638872856,0.7501603750271396,0.6907894736715865,0.7272027702682877,0.6748633878859477,0.7891373799395727,,
IDRiD_67_2048_1536,0.7335124760048617,0.649181218994026,,,0.6621287128303138,0.6338862558490657,,
IDRiD_67_2048_2048,0.08739665935401726,0.19016152715197052,0.392065344201163,0.9739130431959672,,,,
IDRiD_67_2048_2560,0.38685208594267684,0.2939481267729156,,,,,,
IDRiD_67_2048_512,0.2798743388862295,0.6040164778475109,,,,,,
IDRiD_67_512_1024,0.8593321503433645,0.8289115381558475,0.7672226250350092,0.9635701273290401,0.789115646213769,0.9639889195340736,,
IDRiD_67_512_1536,0.4528140584162773,0.6335725677746734,0.3052884615311229,0.9007092197303959,0.7058823528423134,0.9999999996031746,,
IDRiD_67_512_2048,0.6165928312500338,0.6262783277376562,0.6327782646246469,0.6660516603937174,,,,
IDRiD_67_512_2560,,,0.5687861271018745,0.999999999593496,,,,
IDRiD_67_512_512,0.20402550318534785,0.15416587946052965,0.6567164178015396,0.9999999994949496,0.8310139164183883,0.8636363634579264,,
IDRiD_68_0_1536,,,0.7274749721508634,0.6488095237451578,,,,
IDRiD_68_0_2560,0.6805442729453668,0.7729212316829325,,,,,,
IDRiD_68_1024_0,0.8562963932916577,0.8735181165455443,,,,,,
IDRiD_68_1024_1536,0.0,0.0,0.4016441573457637,0.568106312197989,,,,
IDRiD_68_1024_2048,2.827574506584251e-05,0.0031152647965373005,0.1969949916198673,0.4402985071341056,0.0,0.0,,
IDRiD_68_1024_2560,0.5193798448605853,0.3507853402223075,,,0.4958338364871895,0.9794847327776964,,
IDRiD_68_1024_3072,0.6851183631361865,0.7386285909649569,0.0,0.0,,,,
IDRiD_68_1024_512,0.0,0.0,,,,,,
IDRiD_68_1536_0,0.6090406278035241,0.7187969924762898,,,,,,
IDRiD_68_1536_1536,0.39228387984294805,0.42334818114066225,,,,,,
IDRiD_68_1536_2048,0.6318929782670774,0.5265058349441284,,,,,,
IDRiD_68_1536_2560,0.5077076839675874,0.6741722152225252,,,0.2837837837741965,0.1764705882278794,,
IDRiD_68_1536_3072,0.1759849969019675,0.9952651514963018,,,,,,
IDRiD_68_1536_512,0.6905410665609449,0.620341692473672,,,,,,
IDRiD_68_2048_0,0.0,0.0,,,,,,
IDRiD_68_2048_1536,,,0.5749385748679436,0.9915254233086757,0.671077504662469,0.6586270870763216,,
IDRiD_68_2048_2048,0.48420174756867623,0.9716633068313427,0.4204946995723508,0.2668161434379336,0.4489795909204498,0.6470588197231834,,
IDRiD_68_2048_2560,,,,,0.0,0.0,0.5307304376101164,0.4333227074676797
IDRiD_68_2048_512,0.6736743969226504,0.9793982108939434,,,,,,
IDRiD_68_512_1536,,,0.4201824401248523,0.6045939294007716,,,,
IDRiD_68_512_2048,0.5496007244564518,0.45610439297358674,0.12219101123166465,0.09053069718571641,0.6594733716074062,0.8039420756170238,0.0,0.0
IDRiD_68_512_2560,0.7426835119113118,0.910320493963439,0.5420974889016951,0.9747675961520893,0.6280152348443498,0.997311827822942,,
IDRiD_68_512_3072,0.06731632427360129,0.7896825396584346,0.46723646716990935,0.3100189035330777,,,,
IDRiD_69_0_1024,0.691323038495902,0.5907728933194156,,,,,,
IDRiD_69_0_1536,0.8450888552134892,0.8253893504644869,,,,,,
IDRiD_69_0_2048,0.5972290283752963,0.4311997426797607,0.6623876764233135,0.8716216213271548,0.8604643972394012,0.9375421102214152,,
IDRiD_69_0_2560,0.0,0.0,0.544611186888278,0.9803536344813012,0.2266335814535456,0.4065281897903477,,
IDRiD_69_0_3072,0.2722249047681087,0.7442065121518273,,,,,,
IDRiD_69_0_512,0.5091853776116314,0.6825870646426573,0.7346938760516452,0.599999998,,,,
IDRiD_69_1024_1024,,,0.27997769100502073,0.7011173182399113,0.0,0.0,,
IDRiD_69_1024_1536,0.6717895530799934,0.7771596858553974,0.3388704318711714,0.24519230766873149,0.4428898947713662,0.5798953201881174,,
IDRiD_69_1024_2048,0.4759396696136468,0.43510615013274007,0.0,0.0,0.4798770891085967,0.7274483071946438,,
IDRiD_69_1024_2560,0.5221961915044085,0.5499114372434848,0.40395220587307096,0.6559701492047784,0.4894826605887015,0.5572815533619883,,
IDRiD_69_1024_3072,0.5051376900841525,0.3731026107962021,,,0.10344827585157726,0.25247524739976474,,
IDRiD_69_1536_0,0.16862268986687412,0.5506607929030255,0.0,0.0,,,,
IDRiD_69_1536_1536,,,0.49667405762213557,0.8342644318744387,0.3285514345638812,0.5128345166295557,,
IDRiD_69_1536_2048,0.6299638068989654,0.46743324002974934,0.0,0.0,0.5143777317631196,0.8184480233961037,,
IDRiD_69_1536_2560,0.47997516298540865,0.45337243400429994,,,,,,
IDRiD_69_1536_3072,,,0.0,0.0,,,,
IDRiD_69_2048_1024,0.6137103465864119,0.48484695678238693,,,,,,
IDRiD_69_2048_1536,0.6045088764658707,0.5316362693393301,,,0.0,0.0,,
IDRiD_69_2048_2048,0.6310896243937303,0.5085152075088223,0.5193753614505856,0.4321462944723632,0.10327983251198326,0.08069792801737209,,
IDRiD_69_2048_2560,,,0.11193111930430927,0.09784946235506996,,,,
IDRiD_69_2048_3072,,,0.03864734297649887,0.01970443348783033,,,,
IDRiD_69_512_1024,0.27927272726764957,0.5953488371631512,0.5119916579503654,0.6031941031200008,0.0,0.0,,
IDRiD_69_512_1536,0.6557657107912658,0.6437470052553008,0.4012269938404155,0.9909090906088154,0.40089619118146536,0.7153518123286059,,
IDRiD_69_512_2048,0.7738823965848534,0.8170322291807463,0.3393045310495991,0.679324894228133,0.36363636361991697,0.6722408025631704,,
IDRiD_69_512_2560,0.595525159919242,0.6846743035268442,0.3131749459930463,0.491525423673274,0.0,0.0,,
IDRiD_69_512_3072,0.3001649776087666,0.6675052410761529,,,0.0,0.0,,
IDRiD_69_512_512,,,0.0,0.0,,,,
IDRiD_70_0_1536,0.8276997366019786,0.7305308020005709,,,0.031292723681736405,0.015897515048373244,,
IDRiD_70_1024_1024,0.0,0.0,0.7151515150070401,0.9888268150900409,0.7578947367623269,0.6282722511992545,0.0,0.0
IDRiD_70_1024_1536,0.8440552374529198,0.8368411552331465,0.6429765886018823,0.9552795029869219,0.11387900351819252,0.060377358467782125,,
IDRiD_70_1024_2048,0.6936236391835855,0.6368829049237682,0.5434356629298867,0.906318082591216,0.37235688497306046,0.23260309276851782,,
IDRiD_70_1024_512,0.0,0.0,0.31747211894730587,0.884057970831458,,,0.7338525580746145,0.583680444298923
IDRiD_70_1536_0,,,0.5471923535785911,0.673529411566609,,,,
IDRiD_70_1536_1024,0.0,0.0,,,0.0,0.0,,
IDRiD_70_1536_1536,0.8185282293276751,0.8328235042979809,0.2812234494358019,0.4158291456764034,,,,
IDRiD_70_1536_2048,0.9014271489909915,0.9181879647790271,0.0,0.0,0.008668549722390503,0.004355592531861023,,
IDRiD_70_1536_512,,,0.09514837493663927,0.06702057066575842,,,,
IDRiD_70_2048_512,,,0.6618933969242725,0.9999999997596153,,,,
IDRiD_70_512_0,0.7647867950271036,0.6718221362652576,,,,,,
IDRiD_70_512_1024,,,0.0,0.0,,,,
IDRiD_70_512_1536,0.8004439146664456,0.8256592894019701,0.49219687874165274,0.4459753444363316,0.3916948334100271,0.24907885040224664,,
IDRiD_70_512_2048,,,,,0.16488805189025135,0.09009833066338674,,
IDRiD_70_512_512,0.5963977405883363,0.5598239295606278,0.18421052630743148,0.524547803482029,,,0.0,0.0
IDRiD_71_0_1024,0.0,0.0,0.0,0.0,0.44690966712410307,0.2999999999361702,,
IDRiD_71_0_1536,,,0.44063647485426727,0.32608695646266544,,,,
IDRiD_71_0_2048,,,0.5854800936082576,0.830564783777221,0.842105262524733,0.9655172397146254,,
IDRiD_71_0_2560,0.7264383561618958,0.6327784738343012,,,,,,
IDRiD_71_0_512,,,0.714413607814287,0.7267759561517713,0.6982817869175848,0.6832548755424845,,
IDRiD_71_1024_0,0.5225933201330858,0.40060240951789083,0.8343347638768811,0.7889610388329609,0.654515327203437,0.6259904911844706,,
IDRiD_71_1024_1024,0.0,0.0,0.0111731843559814,0.005997001498351274,0.8424058825873214,0.8858016895375213,0.0,0.0
IDRiD_71_1024_1536,,,0.7715231787440792,0.9936034113020035,0.7630837754609187,0.9401985311844063,,
IDRiD_71_1024_2048,,,0.4239999999152,0.417322834481369,0.0,0.0,,
IDRiD_71_1024_512,,,0.34878819808489,0.40713407129063545,0.7862088698117705,0.8522424167182417,0.0,0.0
IDRiD_71_1536_0,0.0,0.0,,,0.0,0.0,,
IDRiD_71_1536_1024,0.5442396809971751,0.41694187582218506,0.5068654374065569,0.5502555365800463,0.8765870111680429,0.8802843904763057,,
IDRiD_71_1536_1536,,,0.27179836511335836,0.16993185689225163,0.8238809213363106,0.8759385468356478,,
IDRiD_71_1536_2048,,,0.3638239339627296,0.28379828324657735,0.8281073914429691,0.8920308483163092,,
IDRiD_71_1536_2560,,,,,0.7993019195812737,0.7024539875145847,,
IDRiD_71_1536_3072,,,0.6479859893786365,0.6851851849314128,,,,
IDRiD_71_1536_512,0.29271613341413494,0.17924135055526297,0.41982507286181775,0.9917355369168772,0.8744337944985802,0.9305624985100084,,
IDRiD_71_2048_0,,,,,0.21891191708426735,0.1251851851759122,,
IDRiD_71_2048_1024,0.0,0.0,0.691038498845324,0.8929765885540989,0.7927057544810316,0.7726898175351813,,
IDRiD_71_2048_1536,,,,,0.7548835379943413,0.7880474452482842,,
IDRiD_71_2048_2048,,,0.8032619775466102,0.92997639646499,0.773510229105449,0.7511909917631963,,
IDRiD_71_2048_3072,0.23868852458938133,0.9999999999725275,,,,,,
IDRiD_71_2048_512,0.2339181286528662,0.6199332379294262,0.0,0.0,0.6794354838611832,0.8838516297907887,,
IDRiD_71_512_0,,,,,0.02247191009973488,0.011363636357179753,,
IDRiD_71_512_1024,0.4838345478755636,0.3355160142300994,0.7424931755804144,0.7640449437486849,0.7650090182909688,0.8187333394538217,,
IDRiD_71_512_1536,0.0,0.0,0.3930968360372932,0.2817224003535629,0.7601865614229911,0.8609240770738225,,
IDRiD_71_512_2048,0.0,0.0,0.656241114567636,0.6125265392456196,0.6282642088852434,0.7518382352250148,,
IDRiD_71_512_512,0.33942093540950685,0.6593596769351209,0.2495314591633325,0.17779473482724936,0.7951620406202886,0.8455070074056801,0.0,0.0
IDRiD_72_0_1024,,,0.64556962023166,0.5190144616754678,,,,
IDRiD_72_0_1536,,,0.5993167398438597,0.5487042001296958,0.0,0.0,,
IDRiD_72_0_2048,0.0,0.0,0.0,0.0,0.7632782271979149,0.7345971563483684,,
IDRiD_72_0_2560,,,0.775590551028427,0.9656862740364284,0.0,0.0,0.517044712436253,0.36930157347864107
IDRiD_72_0_3072,,,0.0,0.0,0.0,0.0,,
IDRiD_72_0_512,,,0.5293489860694398,0.7898089169459207,,,,
IDRiD_72_1024_0,,,,,0.16176470576340832,0.0879999999296,,
IDRiD_72_1024_2048,0.0,0.0,,,0.7572318457173938,0.8161500965619778,,
IDRiD_72_1024_2560,0.69302109899498,0.716614720673301,,,0.9303494353428418,0.9550834597817597,,
IDRiD_72_1024_3072,0.0,0.0,0.3409742119855338,0.24335378318131823,0.7859310034747057,0.7407328955572817,,
IDRiD_72_1024_512,,,,,0.4126040427816525,0.260902255619481,,
IDRiD_72_1536_1024,,,0.0,0.0,0.8372541922929514,0.8649052841259994,,
IDRiD_72_1536_1536,,,0.8511685115804221,0.9637883005671898,0.8451479696887424,0.915734526404494,,
IDRiD_72_1536_2048,,,0.6030428768183896,0.43426294812066474,0.9071970223024161,0.8739630719781966,,
IDRiD_72_1536_2560,,,,,0.8682092131314982,0.8287515086473682,,
IDRiD_72_1536_3072,0.22808174026182718,0.1287202380856607,0.9038262667110831,0.9954441911172108,0.8824500111486174,0.8533107156181441,,
IDRiD_72_2048_1024,,,,,0.20201294032343592,0.11525840852685569,,
IDRiD_72_2048_1536,0.19137625516268825,0.45892351268287207,,,0.7631289019183574,0.8123534010310903,,
IDRiD_72_2048_2048,0.0,0.0,0.0,0.0,,,,
IDRiD_72_2048_2560,,,0.0,0.0,0.0,0.0,,
IDRiD_72_2048_3072,,,0.34523809521240784,0.25578831309197486,0.29221556882727956,0.17453505004656153,,
IDRiD_72_512_0,,,,,0.8228365384516485,0.8292151162589823,,
IDRiD_72_512_1536,,,,,0.42888165036838,0.34832451497582345,,
IDRiD_72_512_2048,0.14092953522181936,0.0920666013621874,0.39656311961676927,0.7633587785288348,0.7468330081593063,0.8332720137304802,,
IDRiD_72_512_2560,,,0.704276615072599,0.8431372548101158,0.0762331838394096,0.23287671200975796,,
IDRiD_72_512_3072,,,,,0.7201478742802164,0.9511718749071121,,
IDRiD_72_512_512,,,0.7938931291649671,0.9811320736205055,0.7516272049735719,0.7810233287437557,,
IDRiD_73_0_1024,,,0.4430176564296922,0.7419354834720777,,,,
IDRiD_73_0_1536,,,0.2680151706361549,0.25728155333561126,0.7733333331271111,0.9539473677934557,,
IDRiD_73_1024_1024,,,0.5646551723894545,0.6310211945442176,,,,
IDRiD_73_1024_1536,,,0.7442037247911744,0.7119999999482182,0.7982261640671805,0.938897168370384,,
IDRiD_73_1024_2048,,,0.645360824675736,0.9315476187703726,0.9351389878164548,0.9493487697613099,,
IDRiD_73_1024_2560,,,0.4568651275265049,0.9999999994680852,,,,
IDRiD_73_1536_1024,0.8528726011786162,0.8317397387962716,0.6547619047131873,0.9361702125667722,0.7622461170544705,0.7961730448588874,0.9252176743403987,0.9247912373878928
IDRiD_73_1536_1536,0.5376150909378483,0.6113381000709225,0.5859213250315417,0.9268558950953214,0.7508771929531822,0.9450441608493578,,
IDRiD_73_1536_2048,,,0.38095238077097504,0.24390243887566926,0.6531286894769037,0.754089421987236,,
IDRiD_73_1536_2560,,,0.3423423422652382,0.5066666663288889,,,,
IDRiD_73_1536_3072,0.0,0.0,,,,,,
IDRiD_73_1536_512,0.0,0.0,,,,,,
IDRiD_73_2048_1024,,,,,,,0.6265861771513295,0.9570944674084647
IDRiD_73_2048_1536,,,0.0,0.0,,,,
IDRiD_73_2048_2048,0.0,0.0,0.0,0.0,,,,
IDRiD_73_2048_2560,0.7282328380114426,0.6562638335401447,0.0,0.0,,,0.5889598540078813,0.46148346737334256
IDRiD_73_2048_3072,0.6920057568972131,0.7487259343042366,0.5545023696025472,0.9669421483607678,,,,
IDRiD_73_512_1024,,,0.5981372887099321,0.8788646730421255,,,,
IDRiD_73_512_1536,0.2349869451609479,0.44241573027494163,0.22090339597029662,0.25131282818819856,0.6665817950265235,0.8697674418315692,,
IDRiD_73_512_2048,0.0,0.0,0.5427952329066741,0.9671814669947527,0.6996699668812426,0.9257641917354742,,
IDRiD_73_512_2560,0.8279827503196943,0.7919340054269537,,,,,,
IDRiD_74_0_2048,0.2836363636105785,0.3679245282151121,0.4832735961623873,0.5883636363208462,0.3420752565369398,0.2452984464231154,,
IDRiD_74_0_2560,,,0.6374850775711307,0.8090909090091828,0.6704980841627399,0.8333333329365079,,
IDRiD_74_0_3072,,,0.15330188677437478,0.16169154224833543,,,,
IDRiD_74_0_512,,,0.2733812948656902,0.8636363616735537,,,,
IDRiD_74_1024_1024,,,0.6548956660790614,0.9189189187119552,,,,
IDRiD_74_1024_1536,,,0.7788018431385249,0.9999999994082841,,,0.3915730826117213,0.2434509634093586
IDRiD_74_1024_2048,0.46035411851729374,0.6255230124214387,0.5111402358773827,0.48628428921617406,0.6474999999190625,0.6166666665198413,0.6808510638142107,0.5971107543901641
IDRiD_74_1024_2560,0.8294345468586137,0.8550894378103163,0.6045005114114473,0.5876698707130371,0.7761500419821205,0.8634004566978742,,
IDRiD_74_1024_3072,0.5681629463167676,0.798133662676024,0.2970660146517686,0.4153846153136095,0.7987626180267215,0.8658665725073821,,
IDRiD_74_1536_0,,,0.7377326563895545,0.584450401988083,,,,
IDRiD_74_1536_1024,,,0.33689205215457985,0.9999999992957747,,,,
IDRiD_74_1536_2048,,,0.0,0.0,0.8112094395220412,0.8886734528859481,,
IDRiD_74_1536_2560,0.28322076344931907,0.16957470010751022,0.3637707948109512,0.5015290519366433,0.1458823529068512,0.07868020302571568,,
IDRiD_74_1536_3072,0.6090792987309354,0.5232395770943223,0.1514172945765548,0.9547511307897054,0.4387895460496018,0.680170575547938,,
IDRiD_74_2048_1536,0.24141608018509897,0.9999999999116607,0.576512455413432,0.9999999993827161,,,,
IDRiD_74_2048_2048,0.7468484452294946,0.7838102704744824,0.5164457535507045,0.7418899858607481,,,,
IDRiD_74_2048_2560,0.8282593327385276,0.8745485191385767,0.28508449667266095,0.9463414629530041,0.7683049146671711,0.7351247599356767,,
IDRiD_74_2048_3072,0.8602195071265227,0.7594149908314657,0.6190009793713026,0.8586956519405717,,,,
IDRiD_74_2048_512,,,0.7324840763164835,0.9504132227477632,,,,
IDRiD_74_512_1024,,,0.41678321672492546,0.7883597879426668,,,,
IDRiD_74_512_1536,,,0.3715562174098453,0.29934013195564846,,,,
IDRiD_74_512_2048,0.6373028819664327,0.5400921658488393,0.3728251863817046,0.35211267600123436,0.6033304867505694,0.5846090194214064,,
IDRiD_74_512_2560,0.708740862753951,0.5970511708482732,0.22323879230792198,0.40308370039613617,0.6062623972753878,0.6550826699226105,,
IDRiD_74_512_3072,,,0.4487278334272376,0.43303571422127446,,,,
IDRiD_74_512_512,,,0.737766624750594,0.9453376202748109,,,,
IDRiD_75_0_1024,0.6909586443850517,0.8221940214210068,0.693246187348731,0.8125638406122285,,,,
IDRiD_75_0_1536,0.7172149525061464,0.5846736674160263,0.5328947368261694,0.4534351144807412,0.4792569659294348,0.4266813671209106,,
IDRiD_75_0_2048,0.6479146459720494,0.4794058911602633,,,0.0,0.0,,
IDRiD_75_0_2560,0.11592907167164462,0.06153116102401881,0.7678958783583739,0.8676470583982122,,,,
IDRiD_75_0_512,0.30950141109580587,0.8280201341587231,0.41426477770326015,0.4764044943284939,,,,
IDRiD_75_1024_0,,,0.0,0.0,0.46666666614814817,0.30434782564587276,,
IDRiD_75_1024_1024,0.7570821138618528,0.9154647435775178,0.3423841059489277,0.29729729728020143,0.810188415882408,0.8722764837811963,,
IDRiD_75_1024_1536,0.0,0.0,0.16331994643061312,0.12951167725488075,0.7639155468783272,0.9045454541342975,,
IDRiD_75_1024_2048,,,0.7091319052587862,0.9647239262324043,0.75597484271975,0.7163289629658727,,
IDRiD_75_1024_512,0.0,0.0,0.6108555657492707,0.6311787071643365,,,,
IDRiD_75_1536_0,,,0.6955602536262622,0.8590078326738882,,,,
IDRiD_75_1536_1024,0.7422303473387396,0.8747099767691512,0.6052428681339537,0.4993638676527122,0.5920431557453796,0.5997267759153192,,
IDRiD_75_1536_1536,,,0.6706586822331385,0.9824561386272699,0.6969696967056932,0.5609756094140392,,
IDRiD_75_1536_2048,,,0.4576043068024759,0.6319702599881151,0.38077634004052197,0.3479729728554145,,
IDRiD_75_1536_2560,0.36696428570882494,0.6362229101838894,0.265560165947556,0.9552238798841614,,,,
IDRiD_75_1536_3072,0.6658440829987005,0.6336464560069675,,,,,,
IDRiD_75_1536_512,,,0.6451612902975064,0.8547888773579002,,,,
IDRiD_75_2048_1024,0.8705220883464214,0.9133659194182814,0.7135832820923914,0.7548764628897999,0.0,0.0,0.8075873827757563,0.7374854028747568
IDRiD_75_2048_1536,0.4108959632380385,0.5978987583381759,0.46935256309030643,0.6474913494529633,,,,
IDRiD_75_2048_2048,0.5451276519041666,0.9895561356410502,0.4727744165742103,0.39324227171867415,,,,
IDRiD_75_2048_2560,0.04783748361573272,0.024504867404346934,0.7751677851048376,0.7264150941111902,,,,
IDRiD_75_2048_3072,0.8036875993896959,0.9138846737457919,0.2946020127818296,0.17499999998097826,,,,
IDRiD_75_2048_512,0.5606593724366864,0.9332477535151918,0.4440639269152931,0.32799325460978135,0.6142857138469388,0.4623655909006822,0.0,0.0
IDRiD_75_512_0,,,0.0,0.0,,,,
IDRiD_75_512_1024,0.564920556103743,0.8762033114964151,0.3330316741930755,0.2552011095523439,0.7957231957184691,0.8696442482359173,,
IDRiD_75_512_1536,,,0.49137670195184946,0.5642807504819819,0.7305801376238652,0.7854122620734236,,
IDRiD_75_512_2048,0.7189793383683077,0.828735033814973,0.39999999997814206,0.8061674007034874,0.833777777762955,0.8957219250994759,,
IDRiD_75_512_2560,0.7903614457800607,0.8093608214533999,,,,,,
IDRiD_75_512_512,,,0.7297605472371995,0.8184143220413262,,,,
IDRiD_76_0_1024,0.19525173966035098,0.10818779768409645,0.0,0.0,,,,
IDRiD_76_0_1536,0.26005739042221315,0.16996396263756736,0.2524056254532789,0.9999999997067448,,,,
IDRiD_76_0_2560,0.0,0.0,0.6320754715987303,0.4987593050871565,,,,
IDRiD_76_0_512,0.4508840864329351,0.5266781411057557,,,,,,
IDRiD_76_1024_0,,,0.6258763543259479,0.7199413488680438,,,,
IDRiD_76_1024_1024,0.64064950640612,0.6471575023178535,0.26840555321269655,0.21678559292501579,0.8019211368902103,0.8732804738208192,,
IDRiD_76_1024_1536,,,0.7144319344202219,0.999999999713467,0.8528714152170425,0.7591810620504263,,
IDRiD_76_1024_2048,0.6571694022713791,0.8360914104936098,0.6410182238750067,0.8575851392525088,0.7052903967696191,0.8163061563788251,,
IDRiD_76_1024_3072,,,0.0,0.0,,,,
IDRiD_76_1024_3584,,,0.4380952380117914,0.9999999991304348,,,,
IDRiD_76_1024_512,0.31949261718046285,0.31645072633850707,0.23278510753239137,0.43809523806543565,0.6844895137049494,0.9617875647356935,,
IDRiD_76_1536_0,,,0.6726535341635964,0.9035019454549803,,,,
IDRiD_76_1536_1024,,,0.4792107117350803,0.3711790392607883,0.8947790448997915,0.9001523707009038,,
IDRiD_76_1536_1536,,,0.0,0.0,,,,
IDRiD_76_1536_2048,0.8596419853364597,0.7902019446226551,0.46028513228914764,0.9999999991150443,,,,
IDRiD_76_1536_2560,0.923274414921267,0.8911551658236532,0.6354515048041968,0.9693877541128697,,,,
IDRiD_76_1536_3072,,,,,0.0,0.0,,
IDRiD_76_1536_512,0.4587398940586929,0.31402671755425543,0.6791323859285097,0.9072741806192137,0.2084768211892917,0.13782837127604505,,
IDRiD_76_2048_1024,,,0.7756440280667146,0.9594438005840737,,,,
IDRiD_76_2048_1536,,,0.5008375208960772,0.352594339581062,,,,
IDRiD_76_2048_2560,,,0.0,0.0,0.0,0.0,,
IDRiD_76_2048_3072,,,0.4804469273072002,0.49142857128816325,,,,
IDRiD_76_2048_512,0.5862392606989658,0.4715994889014798,0.715517241364624,0.8897396630479969,,,,
IDRiD_76_512_0,0.46601752677248276,0.9933582398923472,0.7579462101762903,0.9841269838145628,,,,
IDRiD_76_512_1024,0.5443580384037223,0.7298907646371132,0.4812286689317144,0.4653465346342679,0.613353798916142,0.7353698932375646,,
IDRiD_76_512_1536,0.6691193377711069,0.7494205511009678,0.5148609779235446,0.716955941159285,,,,
IDRiD_76_512_2048,,,0.0,0.0,,,,
IDRiD_76_512_3072,,,0.7826641172222648,0.9951377632098642,,,,
IDRiD_76_512_512,0.5536618412568376,0.8058957857420408,0.43627450978253557,0.28489116515461643,0.7760563379735171,0.716514954393171,,
IDRiD_77_0_1024,,,0.6124905943858171,0.5433911881784524,0.3970944308965873,0.2611464967321189,,
IDRiD_77_0_1536,0.0,0.0,0.6545454543966942,0.8470588230311419,0.7696629213242927,0.6823464305101081,,
IDRiD_77_0_2048,0.6182491037282496,0.4812747569232756,,,0.37692307685059173,0.23222748809662855,,
IDRiD_77_0_2560,0.7477417933438064,0.7701384161502901,0.0,0.0,0.28889523264947486,0.17228464418889056,,
IDRiD_77_0_3072,,,0.6359077231057264,0.9999999996845426,0.0,0.0,,
IDRiD_77_0_512,,,0.7035175877629353,0.9999999992857144,,,,
IDRiD_77_1024_0,,,0.23824451403189825,0.13523131667785362,,,,
IDRiD_77_1024_1024,,,0.5355191255855156,0.4285714284464806,0.7795918365755935,0.8127659571009507,,
IDRiD_77_1024_1536,0.0,0.0,0.5014925372947204,0.6885245900933888,0.8715231788057272,0.852246687252903,,
IDRiD_77_1024_2048,0.36288659790073335,0.252148997098546,,,0.7456609682794512,0.677978167995302,,
IDRiD_77_1024_2560,,,,,0.0,0.0,,
IDRiD_77_1024_3072,0.5330563363004637,0.8783729359291835,0.5351351350628196,0.9999999994949496,0.7317829456229794,0.57985257971011,,
IDRiD_77_1024_3584,,,,,0.28309859152935923,0.16529605261798552,,
IDRiD_77_1024_512,,,0.022222222209876543,0.013986013976233558,,,,
IDRiD_77_1536_1024,0.03177405119012471,0.017241379309519092,0.1502262443393597,0.2807215332265252,0.0,0.0,,
IDRiD_77_1536_1536,,,,,0.6325073498264382,0.5074123988876407,,
IDRiD_77_1536_2048,,,0.6395061728000304,0.9682242988844442,0.0,0.0,,
IDRiD_77_1536_512,0.858885464812154,0.9624460431516195,0.5030970405969873,0.46412698411224995,0.67457820988455,0.5748050682121149,,
IDRiD_77_2048_0,,,0.7468671677326147,0.9999999993288591,,,,
IDRiD_77_2048_1024,0.37089552237422035,0.36597938141634906,0.5412960609567156,0.7731397457761997,0.7134041331751334,0.6043768996887006,,
IDRiD_77_2048_1536,,,0.2302083333213433,0.9866071424166932,0.7083747103490835,0.60011217048233,,
IDRiD_77_2048_2048,,,0.5548738922593814,0.9736842102933769,0.757257257238307,0.6985226223130876,,
IDRiD_77_2048_512,,,0.38662790695801225,0.27179836510410094,0.29841496841498727,0.1784238278441154,,
IDRiD_77_512_1024,,,0.11874999996289062,0.06785714283290815,0.32746478867474216,0.1966173361106517,,
IDRiD_77_512_1536,0.3467758444146003,0.3302144249383932,0.3687095166732083,0.604575163299906,0.7374399584553504,0.6728058746851071,,
IDRiD_77_512_2048,,,,,0.754319549598358,0.6787492357351843,,
IDRiD_77_512_2560,0.39815349103299746,0.2641653904851328,,,0.659319699049917,0.5372129165854392,,
IDRiD_77_512_3072,,,0.4833462431848686,0.5199999999133333,0.1882352941046204,0.10397553516024652,,
IDRiD_77_512_512,0.0,0.0,0.31051344739480274,0.5746606332241355,,,,
IDRiD_78_0_1024,,,0.7307692300665681,0.5757575748852158,,,,
IDRiD_78_0_1536,,,0.5877610846248531,0.9685990336994446,,,,
IDRiD_78_0_2048,0.0,0.0,0.5084615384419823,0.39891369943277527,0.5090090088943673,0.366883116763999,,
IDRiD_78_0_2560,0.7142284568995145,0.5554862842719612,0.0,0.0,0.6762655547548617,0.5925333942163199,,
IDRiD_78_0_3072,,,0.0,0.0,0.36420233460200757,0.490566037633005,,
IDRiD_78_0_512,0.8021472392330465,0.7179135208841514,,,,,,
IDRiD_78_1024_0,,,0.0,0.0,,,,
IDRiD_78_1024_1024,,,,,0.6042553190846537,0.5008818341268286,,
IDRiD_78_1024_1536,,,,,0.3965517237960761,0.24731182769106258,,
IDRiD_78_1024_2048,0.53302719135886,0.3696735572517187,0.467948717911222,0.7870619943970183,0.7344114849024093,0.7590275294823199,,
IDRiD_78_1024_2560,0.4379177256854192,0.2874443895169619,0.18331616889175023,0.34630350190060916,0.7256676723629244,0.8319241608947653,,
IDRiD_78_1024_3072,,,0.047445255465794665,0.06598984768223866,,,,
IDRiD_78_1024_512,,,0.8832630097831742,0.9706336938221587,,,,
IDRiD_78_1536_1536,,,0.2966751917968878,0.9999999995689656,,,,
IDRiD_78_1536_2048,0.07342657342496883,0.038505615401363616,0.6279069767036235,0.5963190183317401,0.5982839313339203,0.4590065828570313,,
IDRiD_78_1536_2560,0.0,0.0,0.6161925601480879,0.585690515758262,0.3929961089341247,0.2941176470416938,,
IDRiD_78_1536_3072,,,0.6412300683006132,0.5590863951778464,0.13333333326495728,0.07142857138932496,,
IDRiD_78_2048_1024,,,0.0,0.0,,,,
IDRiD_78_2048_2048,,,0.568920105305626,0.4743777451721263,,,,
IDRiD_78_2048_2560,0.0,0.0,0.30634573300805845,0.1891891891636231,,,,
IDRiD_78_2048_3072,0.0,0.0,,,0.7642276419657611,0.6394557818779213,,
IDRiD_78_2048_512,,,0.1868131867105422,0.10303030296786042,0.2934947049480341,0.17198581557234294,,
IDRiD_78_512_0,,,0.8413793102722948,0.9549902150773013,,,,
IDRiD_78_512_1536,,,0.28450106155904453,0.9999999997014924,,,,
IDRiD_78_512_2048,,,0.8759439050228724,0.959810874591039,0.8413885979334853,0.9020614422038098,,
IDRiD_78_512_2560,0.5898521189288297,0.4597588791099726,0.47568145374261456,0.643994211194791,0.7851845966407315,0.8379829842538286,,
IDRiD_78_512_3072,,,,,0.5524671406905308,0.5843208750873145,,
IDRiD_78_512_512,,,0.8448275860855133,0.9865771808769874,0.826156299708747,0.9557195568429079,,
IDRiD_79_0_1024,,,0.7773851587359062,0.973451326572167,0.6169026168761518,0.6257615317122922,,
IDRiD_79_0_1536,0.5130315500635603,0.5804878048651777,0.08840413317517772,0.08351409977402234,0.558441558422473,0.5524002704156592,,
IDRiD_79_0_2048,0.7162294352982105,0.5998808282347702,0.5714285712801483,0.9909909900982063,,,,
IDRiD_79_0_2560,0.8145053262715618,0.8004638916700071,0.0,0.0,0.6394940266592063,0.6935975608698784,,
IDRiD_79_0_512,0.7811701412186874,0.990112512768665,0.7974276526476498,0.8711943791870739,,,,
IDRiD_79_1024_0,0.8560471976350675,0.8411594202801024,,,,,,
IDRiD_79_1024_1024,0.0,0.0,0.0,0.0,0.7550872092977526,0.8481632652945829,,
IDRiD_79_1024_1536,0.0,0.0,,,0.7905075508073662,0.8682963332393577,,
IDRiD_79_1024_2048,,,0.5135520684003493,0.7287449389762166,0.7638574077850615,0.9350485559221208,,
IDRiD_79_1024_2560,0.05718954248132396,0.11608623546996912,0.5244502789457024,0.543537414929011,0.8694368276711942,0.9333182384188083,,
IDRiD_79_1024_3072,,,,,0.8398595166910947,0.7956893126659148,,
IDRiD_79_1536_0,,,,,0.6522153406228629,0.7408008657607792,,
IDRiD_79_1536_1024,0.323272636559659,0.25909636144505815,0.6535764375418249,0.6036269429269914,0.7844311377077753,0.77058823526174,,
IDRiD_79_1536_1536,0.505572441717043,0.40048154089883775,0.5162622612020515,0.4401408450316777,0.8585929569749774,0.908197398303084,,
IDRiD_79_1536_2048,,,0.5441967716722369,0.4338235293586001,0.7934235389845747,0.8906849993778934,,
IDRiD_79_1536_2560,0.6091383163569762,0.7867222578323695,0.4680540343020061,0.39543491669368075,0.9413097232177693,0.9159009064916307,,
IDRiD_79_1536_3072,0.7444586141958327,0.880295849483841,0.35732516588272967,0.2538071065805796,0.8143652297477286,0.7806885590191562,,
IDRiD_79_1536_512,,,,,0.0,0.0,,
IDRiD_79_2048_1024,0.0,0.0,0.006153846153372781,0.00308641975284827,0.8475305844942508,0.8773452157392743,,
IDRiD_79_2048_1536,,,0.3496890117242786,0.8489932883057069,0.7551328339689736,0.8798819540318982,,
IDRiD_79_2048_2048,0.0,0.0,0.18481848182785277,0.11290322579127646,0.7535813095580892,0.7536739838851769,,
IDRiD_79_2048_2560,0.7946280009476482,0.7502805416267653,,,0.9029250457030138,0.9569109156411886,,
IDRiD_79_2048_3072,0.17397555714687366,0.4158075600660125,0.0,0.0,0.7454166489397872,0.7261727167186626,,
IDRiD_79_2048_512,0.0,0.0,0.3463687148902968,0.30999999969,0.8014869887879935,0.9871794869986852,,
IDRiD_79_512_0,0.8445952313557196,0.8438794726771398,,,0.7633136092416232,0.865771811499482,,
IDRiD_79_512_1024,0.006399999999829334,0.00859598853806619,0.23679417120602342,0.14254385963870292,0.7129737852670481,0.9246427024485786,,
IDRiD_79_512_1536,,,0.0,0.0,0.7014031988941084,0.785149384868516,,
IDRiD_79_512_2048,0.1443494776691026,0.07778915045263161,0.5916542473478648,0.8020202018581777,0.7077018249194602,0.8827160493486607,,
IDRiD_79_512_2560,0.8593911782799878,0.8033294618349467,0.1193181817842846,0.06461538459550295,0.8052553258129597,0.8479937316967793,,
IDRiD_79_512_3072,0.875208913624646,0.909143518465906,0.0,0.0,0.8195064629750939,0.7498924731021529,,
IDRiD_79_512_512,,,0.6598761733441207,0.6874739908161684,0.4770039421499997,0.9628647212300093,,
IDRiD_80_0_2048,0.803335269791876,0.6823010390626209,,,,,,
IDRiD_80_0_2560,,,0.9067524112840024,0.8812499994492188,0.7123050259348088,0.7919075142982838,,
IDRiD_80_0_3072,,,,,0.0,0.0,,
IDRiD_80_1024_2048,,,,,0.25111607142156483,0.15306122448458975,,
IDRiD_80_1024_2560,,,,,0.0,0.0,,
IDRiD_80_1536_1536,,,0.6242236023875429,0.9999999995024876,,,,
IDRiD_80_1536_2048,,,,,0.0,0.0,,
IDRiD_80_1536_2560,,,,,0.10393258425506566,0.054814814806694104,,
IDRiD_80_1536_3072,,,,,0.5441892831910794,0.3925702810850833,,
IDRiD_80_2048_1536,,,,,0.0,0.0,,
IDRiD_80_2048_2048,,,0.4177215188551514,0.2682926828177672,,,,
IDRiD_80_2048_3072,,,0.0,0.0,0.7019562714957472,0.616161616037139,,
IDRiD_80_512_2560,,,,,0.3843137253394848,0.23786407755443492,,
