image,dice_hemorrhages,recall_hemorrhages,dice_microaneurysms,recall_microaneurysms,dice_hard_exudates,recall_hard_exudates,dice_soft_exudates,recall_soft_exudates
IDRiD_01_0_1024,0.8003902438946303,0.9438564196745547,,,,,,
IDRiD_01_0_2048,0.0,0.0,,,,,,
IDRiD_01_0_2560,0.7759972723908627,0.7496706191864512,0.0,0.0,,,,
IDRiD_01_1024_1024,,,,,0.4663237229277865,0.6165770325651194,,
IDRiD_01_1024_1536,,,,,0.2556149732551975,0.16926345608465782,,
IDRiD_01_1024_2048,,,0.0,0.0,0.0,0.0,,
IDRiD_01_1024_2560,0.4449621432472357,0.3676612126691375,0.0,0.0,0.37632583792691043,0.26144625662938253,,
IDRiD_01_1024_512,0.5799410029327451,0.7021428570927041,,,0.0,0.0,,
IDRiD_01_1536_1024,0.8176800344941022,0.9345490389262242,0.0,0.0,0.0,0.0,,
IDRiD_01_1536_1536,,,,,0.0,0.0,,
IDRiD_01_1536_2048,,,0.0,0.0,0.6073047984438504,0.6711823338252592,,
IDRiD_01_1536_2560,,,,,0.0,0.0,,
IDRiD_01_1536_512,0.0,0.0,0.0,0.0,0.0,0.0,,
IDRiD_01_2048_1024,0.908068752587862,0.9757377698457541,0.0,0.0,0.5929040196821892,0.5452659373718358,,
IDRiD_01_2048_1536,,,,,0.6922883697544104,0.6735458643313227,,
IDRiD_01_2048_2048,,,0.0,0.0,0.6668837335494955,0.7277195475788247,,
IDRiD_01_2048_3072,,,0.0,0.0,,,,
IDRiD_01_512_1024,,,0.0,0.0,0.11770726714130739,0.06816834617462453,,
IDRiD_01_512_1536,0.28065630396024804,0.17159450896665288,,,0.4463000799462885,0.5710388724580351,,
IDRiD_01_512_2048,0.0,0.0,0.0,0.0,0.34097519246928165,0.3354654098580127,,
IDRiD_01_512_2560,0.7257412398677311,0.7867056244859966,,,,,,
IDRiD_02_0_1536,,,,,0.1642372636720416,0.10045903954624896,,
IDRiD_02_0_2048,0.0,0.0,,,0.0,0.0,,
IDRiD_02_0_2560,,,,,0.0,0.0,,
IDRiD_02_0_3072,,,,,0.0,0.0,,
IDRiD_02_1024_1024,,,,,0.0,0.0,,
IDRiD_02_1024_1536,,,,,0.0,0.0,,
IDRiD_02_1024_2048,0.0,0.0,0.0,0.0,0.16552528048716997,0.09656579394599514,,
IDRiD_02_1024_2560,0.0,0.0,0.0,0.0,0.6527728848750739,0.5902887227111929,,
IDRiD_02_1024_3072,0.0,0.0,0.0,0.0,0.4630332812099281,0.3697823760190906,,
IDRiD_02_1024_512,,,,,0.0,0.0,,
IDRiD_02_1536_1024,,,0.0,0.0,,,,
IDRiD_02_1536_1536,0.0,0.0,0.0,0.0,0.0,0.0,,
IDRiD_02_1536_2048,0.0,0.0,0.0,0.0,0.4103089264309557,0.4948538493003354,,
IDRiD_02_1536_2560,0.0,0.0,0.0,0.0,0.5990109296417757,0.5367742896490643,,
IDRiD_02_1536_3072,0.03395889186672747,0.026924893716252958,0.0,0.0,0.0,0.0,,
IDRiD_02_2048_1024,,,,,0.31821259307256516,0.22994129156262808,,
IDRiD_02_2048_1536,0.0,0.0,0.0,0.0,0.0,0.0,,
IDRiD_02_2048_2048,0.0,0.0,0.0,0.0,,,,
IDRiD_02_2048_2560,,,,,0.0,0.0,,
IDRiD_02_2048_3072,,,0.0,0.0,0.0,0.0,,
IDRiD_02_2048_512,,,,,0.5054151624244636,0.7228915661406383,,
IDRiD_02_512_1024,,,0.0,0.0,0.0,0.0,,
IDRiD_02_512_1536,,,0.0,0.0,0.5376116720381793,0.4495623729073507,,
IDRiD_02_512_2048,0.5614778921780516,0.4295644114821695,0.0,0.0,0.6265034131507936,0.6904705039325236,,
IDRiD_02_512_2560,,,0.0,0.0,0.0,0.0,,
IDRiD_02_512_3072,,,,,0.0,0.0,,
IDRiD_03_0_1024,0.0,0.0,,,0.0,0.0,,
IDRiD_03_0_1536,0.05388383484860245,0.027687882056316292,0.0,0.0,0.3038314176187006,0.3693525849851257,,
IDRiD_03_0_2048,0.33404894803202884,0.2612491604928644,0.0,0.0,0.0,0.0,,
IDRiD_03_0_2560,0.6492261668529282,0.6421885379513124,0.0,0.0,0.0,0.0,,
IDRiD_03_0_512,,,,,0.0,0.0,,
IDRiD_03_1024_0,0.0,0.0,,,,,,
IDRiD_03_1024_1024,0.1868787276280027,0.14664586582700748,0.0,0.0,0.4215833333315767,0.2899638906385627,,
IDRiD_03_1024_1536,0.6785202863880844,0.7256253190218064,0.0,0.0,0.7558413285060579,0.7571510684325853,,
IDRiD_03_1024_2048,0.11556202961603394,0.06959064327281898,0.0,0.0,0.5749999999988908,0.582369490463495,,
IDRiD_03_1024_2560,0.0,0.0,0.0,0.0,0.614481168330163,0.5561863416232193,,
IDRiD_03_1024_3072,0.5537959699029105,0.5007135381933144,0.0,0.0,0.0,0.0,,
IDRiD_03_1536_1024,0.0,0.0,0.0,0.0,0.4018746338558655,0.29872844451665687,,
IDRiD_03_1536_1536,0.0,0.0,0.0,0.0,0.6278439985486751,0.5189101547336403,,
IDRiD_03_1536_2048,0.5672710991590044,0.6192570869687557,0.0,0.0,0.7372786330864668,0.7083083973108283,,
IDRiD_03_1536_2560,0.480028873915303,0.3453748052377784,0.0,0.0,0.6865334782230909,0.6965186787062863,,
IDRiD_03_1536_3072,,,0.0,0.0,0.0,0.0,,
IDRiD_03_2048_0,,,0.0,0.0,,,,
IDRiD_03_2048_1024,0.6581320773608124,0.6495722268896218,0.0,0.0,0.0,0.0,,
IDRiD_03_2048_1536,0.37919332406014133,0.24030461147849277,,,0.5773727155576782,0.4684838160100009,,
IDRiD_03_2048_2048,,,0.0,0.0,0.5665814752773131,0.5547023295896919,,
IDRiD_03_2048_2560,0.0,0.0,0.0,0.0,0.27166033827629166,0.2329780935395803,,
IDRiD_03_2048_3072,0.49295462110011673,0.8449980981201027,,,,,,
IDRiD_03_512_0,0.0,0.0,0.0,0.0,0.0,0.0,,
IDRiD_03_512_1024,,,0.0,0.0,0.0,0.0,,
IDRiD_03_512_1536,0.4159457167020196,0.49675850889397255,0.0,0.0,0.28322566596295834,0.221830585557455,,
IDRiD_03_512_2048,0.0,0.0,0.0,0.0,0.37664535539322447,0.3692846607601533,,
IDRiD_03_512_2560,0.6847650923430673,0.6278699704335561,0.0,0.0,0.4107737698637977,0.3390949088570224,,
IDRiD_03_512_3072,0.0,0.0,0.0,0.0,0.27504363000785187,0.20725933718004946,,
IDRiD_03_512_512,0.4606604158079768,0.6094929881008904,0.0,0.0,0.0,0.0,,
IDRiD_04_0_1024,,,,,0.20591456735283262,0.2554347825855584,,
IDRiD_04_1024_0,,,,,0.0,0.0,,
IDRiD_04_1024_1024,0.8309214594826108,0.9010193132805521,0.0,0.0,0.0,0.0,,
IDRiD_04_1024_2560,,,,,0.3249701314023315,0.6355140185431042,,
IDRiD_04_1024_3072,,,,,0.0,0.0,,
IDRiD_04_1024_3584,,,,,0.0,0.0,,
IDRiD_04_1536_1024,0.8723404255249894,0.8117612293024267,,,,,,
IDRiD_04_1536_2560,,,0.0,0.0,,,,
IDRiD_04_1536_512,0.7420960916060362,0.6172481623292551,0.0,0.0,0.0,0.0,,
IDRiD_04_2048_512,0.8164608337670081,0.7527194975257177,,,,,,
IDRiD_04_512_1024,,,,,0.0,0.0,,
IDRiD_04_512_1536,,,,,0.0,0.0,,
IDRiD_04_512_2560,,,,,0.0,0.0,,
IDRiD_04_512_3072,0.0,0.0,,,0.0,0.0,,
IDRiD_04_512_3584,,,,,0.0,0.0,,
IDRiD_04_512_512,,,,,0.0,0.0,,
IDRiD_05_0_512,0.6481212372711621,0.9719800746592789,0.0,0.0,,,,
IDRiD_05_1024_1024,,,,,0.3867528637814817,0.3156238430152606,,
IDRiD_05_1024_1536,,,0.0,0.0,0.6091370558284691,0.8781747739613356,,
IDRiD_05_1024_2048,0.0,0.0,0.0,0.0,,,,
IDRiD_05_1024_512,,,0.0,0.0,,,,
IDRiD_05_1536_1024,0.0,0.0,0.0,0.0,0.0,0.0,,
IDRiD_05_1536_1536,,,,,0.0,0.0,,
IDRiD_05_1536_512,0.0,0.0,0.0,0.0,,,,
IDRiD_05_2048_1024,,,0.0,0.0,,,,
IDRiD_05_2048_1536,,,0.0,0.0,,,,
IDRiD_05_2048_512,0.7402501839451757,0.7321688500461365,,,,,,
IDRiD_05_512_1536,,,0.0,0.0,,,,
IDRiD_06_0_1536,0.49126290705934744,0.3341437060957822,0.0,0.0,,,,
IDRiD_06_0_2048,0.7952565026482653,0.7270004791479755,0.0,0.0,,,,
IDRiD_06_0_2560,0.8120403625721563,0.72743986516428,,,0.0,0.0,,
IDRiD_06_0_3072,,,0.0,0.0,,,,
IDRiD_06_0_512,,,0.0,0.0,0.0,0.0,,
IDRiD_06_1024_1024,,,0.0,0.0,0.7391145261572196,0.6235209383617293,,
IDRiD_06_1024_1536,,,,,0.12633526789362995,0.06993853603957963,,
IDRiD_06_1024_512,0.0,0.0,0.0,0.0,,,,
IDRiD_06_1536_0,,,,,0.0,0.0,,
IDRiD_06_1536_1024,0.5370111731656072,0.6186645212696167,,,,,,
IDRiD_06_1536_512,,,0.0,0.0,0.0,0.0,,
IDRiD_06_2048_512,,,0.0,0.0,,,,
IDRiD_06_512_0,,,0.0,0.0,,,,
IDRiD_06_512_1024,0.03359328134171606,0.017094017092973503,0.0,0.0,0.5599834599665064,0.49272330361791555,,
IDRiD_06_512_1536,0.0,0.0,,,0.49203127024363136,0.535590032905166,,
IDRiD_06_512_2048,0.7252374490934451,0.6115560640382405,0.0,0.0,0.0,0.0,,
IDRiD_06_512_3072,,,0.0,0.0,,,,
IDRiD_06_512_512,0.0,0.0,0.0,0.0,0.16350162111710279,0.11332263242011806,,
IDRiD_07_0_1024,,,0.0,0.0,0.2710176991000543,0.8974358971071663,,
IDRiD_07_0_1536,0.39702517161714296,0.4326683291590745,,,0.0,0.0,,
IDRiD_07_0_2048,0.7601121345310328,0.6716206652037069,0.0,0.0,0.0,0.0,,
IDRiD_07_0_512,0.7696130635154558,0.8300153138721275,,,,,,
IDRiD_07_1024_0,,,,,0.0,0.0,,
IDRiD_07_1024_1024,,,0.0,0.0,0.11810883139842804,0.0808697776672155,,
IDRiD_07_1024_1536,,,,,0.14800261951296656,0.09393183707202968,,
IDRiD_07_1024_2048,0.0,0.0,,,0.35863219346466785,0.5168269229526858,,
IDRiD_07_1024_2560,,,0.0,0.0,,,,
IDRiD_07_1024_512,,,0.0,0.0,0.4914933837402566,0.7538104704977832,,
IDRiD_07_1536_0,,,0.0,0.0,0.4893593560426799,0.5947467166819955,,
IDRiD_07_1536_1024,,,,,0.4436603308796523,0.5077720207215195,,
IDRiD_07_1536_1536,,,0.0,0.0,0.777729412083715,0.8122691367823712,,
IDRiD_07_1536_2048,0.0,0.0,,,0.6257072244118373,0.7669620950365247,,
IDRiD_07_1536_2560,,,0.0,0.0,0.4209002614857562,0.7030104507822258,,
IDRiD_07_1536_512,0.3837749248786701,0.32470533856425454,0.0,0.0,0.3543413578481379,0.2947794779345284,,
IDRiD_07_2048_0,,,,,0.0,0.0,,
IDRiD_07_2048_1024,,,,,0.3283026669355323,0.39017199015281706,,
IDRiD_07_2048_1536,,,,,0.4913411196117219,0.6023204147074604,,
IDRiD_07_2048_2048,0.45619634602434406,0.693956135933468,0.0,0.0,0.5562467599744578,0.6791139240363057,,
IDRiD_07_2048_512,0.5946378551398936,0.9357682619540213,0.0,0.0,0.4492202358268427,0.6135064934905583,,
IDRiD_07_512_0,,,0.0,0.0,0.0,0.0,,
IDRiD_07_512_1024,,,0.0,0.0,,,,
IDRiD_07_512_1536,,,0.0,0.0,0.0,0.0,,
IDRiD_07_512_2048,0.0,0.0,0.0,0.0,,,,
IDRiD_07_512_2560,0.0,0.0,,,,,,
IDRiD_07_512_512,,,0.0,0.0,,,,
IDRiD_08_0_1024,0.6745868454192965,0.5769754768326865,,,,,,
IDRiD_08_0_1536,0.6035566630780893,0.7541575260013151,0.0,0.0,,,,
IDRiD_08_1024_1024,0.5131658464947495,0.8350660297601836,0.0,0.0,0.366873705999077,0.5914552736719424,,
IDRiD_08_1024_1536,0.5906958861930742,0.7429400386703493,0.0,0.0,0.0,0.0,0.7383774988356044,0.998506876220051
IDRiD_08_1024_2048,,,,,0.49043930447705736,0.5128001812356955,,
IDRiD_08_1024_2560,,,,,0.0,0.0,,
IDRiD_08_1024_512,0.6154206702529245,0.8548177083055073,,,0.43578485178727855,0.6476345839074006,,
IDRiD_08_1536_1024,,,,,0.0,0.0,,
IDRiD_08_1536_1536,0.26083925832802984,0.759642712108825,,,0.6949350216536576,0.7534320809112458,,
IDRiD_08_1536_2048,,,,,0.07191780821507318,0.03730017761768501,,
IDRiD_08_512_1024,,,0.0,0.0,,,,
IDRiD_08_512_1536,,,0.0,0.0,0.0,0.0,0.8302404712182819,0.8780694326788552
IDRiD_08_512_2048,,,0.0,0.0,,,0.47273035709103245,0.9206034577588305
IDRiD_08_512_512,,,0.0,0.0,,,,
IDRiD_09_0_1024,0.30583414213142546,0.18314497901076432,,,,,,
IDRiD_09_0_1536,,,0.0,0.0,,,,
IDRiD_09_0_2560,,,0.0,0.0,,,,
IDRiD_09_0_3072,,,0.0,0.0,,,,
IDRiD_09_0_512,0.36444941307585854,0.2774468085059158,,,,,,
IDRiD_09_1024_1024,0.0,0.0,0.0,0.0,0.55708854403157,0.4738447770888633,,
IDRiD_09_1024_1536,0.8409753676190297,0.8055390467038447,,,0.7504604125612204,0.8504921618650192,,
IDRiD_09_1024_2048,0.497812641420291,0.6688285366706764,0.0,0.0,0.5229378196062926,0.6331658291343654,,
IDRiD_09_1024_2560,,,,,0.047142206905367245,0.7729211086596033,,
IDRiD_09_1024_3072,,,0.0,0.0,,,,
IDRiD_09_1024_3584,,,0.0,0.0,,,,
IDRiD_09_1024_512,0.4968677876607836,0.5558834378253087,0.0,0.0,0.6739698373094823,0.7414108425817021,,
IDRiD_09_1536_1024,0.0,0.0,0.0,0.0,0.5415545030147177,0.5890441421719393,,
IDRiD_09_1536_1536,0.6084518741500524,0.8557242990404287,0.0,0.0,0.7614681712241483,0.8078136690387177,,
IDRiD_09_1536_2048,0.7210545065778223,0.7042449547423715,0.0,0.0,0.20837808805495403,0.26287262865504807,,
IDRiD_09_1536_2560,,,0.0,0.0,,,,
IDRiD_09_1536_512,,,0.0,0.0,0.7729494089112012,0.7891186127621868,,
IDRiD_09_2048_1024,,,,,0.42273684210170326,0.43659766915225956,,
IDRiD_09_2048_1536,0.0,0.0,0.0,0.0,0.4944493486330833,0.42926149558555843,,
IDRiD_09_2048_2048,0.39322357431655397,0.29747292417698656,0.0,0.0,,,,
IDRiD_09_2048_2560,,,,,0.0,0.0,,
IDRiD_09_2048_512,,,0.0,0.0,0.0,0.0,,
IDRiD_09_512_0,0.0,0.0,,,,,,
IDRiD_09_512_1024,0.16509470730247802,0.1161948650415164,0.0,0.0,0.5283784976585384,0.4764027059253768,,
IDRiD_09_512_1536,0.0,0.0,0.0,0.0,0.5520236768245684,0.6309084519361192,,
IDRiD_09_512_2048,,,,,0.5284339457490751,0.5833869928981524,,
IDRiD_09_512_3072,,,0.0,0.0,,,,
IDRiD_09_512_512,0.1880450070310264,0.10544995662035293,0.0,0.0,0.391666666648534,0.9999999997635933,,
IDRiD_10_0_1024,,,,,0.5627299181887587,0.540359571885167,,
IDRiD_10_0_1536,,,0.0,0.0,0.6319434628967822,0.6100006821733861,,
IDRiD_10_0_2048,0.692846003116356,0.7099073998138989,0.0,0.0,0.7712231709512568,0.7717238871824041,,
IDRiD_10_0_2560,0.42299481548607815,0.59630266549457,0.0,0.0,0.3123654628004696,0.242660720912573,,
IDRiD_10_0_3072,,,,,0.08869179600777664,0.049126637553914755,,
IDRiD_10_0_512,,,,,0.0,0.0,,
IDRiD_10_1024_0,,,,,0.0,0.0,,
IDRiD_10_1024_1024,0.46552885694514334,0.5507438894646455,0.0,0.0,0.7393345988573317,0.7611602550837157,,
IDRiD_10_1024_1536,,,,,0.9614433308018661,0.9724399913311074,,
IDRiD_10_1024_2048,,,0.0,0.0,0.9563252650046721,0.9845203792089257,,
IDRiD_10_1024_2560,0.6890718896041368,0.6822388717459109,0.0,0.0,0.580428732050614,0.6190288971864791,,
IDRiD_10_1024_3072,0.40643863178445383,0.9365192581357689,0.0,0.0,0.6047679941514214,0.7013028280828163,,
IDRiD_10_1024_512,,,,,0.4543477295909523,0.39711359403788704,,
IDRiD_10_1536_0,,,0.0,0.0,0.47960725075075894,0.47717452563446977,,
IDRiD_10_1536_1024,,,0.0,0.0,0.47371529828531556,0.537984236118246,,
IDRiD_10_1536_1536,,,0.0,0.0,0.6476753016612139,0.6321112099330233,,
IDRiD_10_1536_2048,0.5925776522751608,0.9914510685941181,0.0,0.0,0.6110033968751671,0.6986131309165444,,
IDRiD_10_1536_2560,,,0.0,0.0,0.6229176470573579,0.5500290866760158,,
IDRiD_10_1536_3072,,,0.0,0.0,0.36497545007187737,0.3281020107735114,,
IDRiD_10_1536_512,0.633429276309278,0.565010086180726,,,,,,
IDRiD_10_2048_1024,0.0,0.0,0.0,0.0,0.0,0.0,,
IDRiD_10_2048_1536,0.0,0.0,0.0,0.0,0.25897075724353247,0.24798239177676737,,
IDRiD_10_2048_2048,0.7187839305047403,0.8107067879494279,0.0,0.0,0.38446043165098837,0.4862897354892917,,
IDRiD_10_2048_2560,0.0,0.0,,,0.0,0.0,,
IDRiD_10_2048_3072,0.0,0.0,0.0,0.0,0.2842548076837664,0.3545727136165987,,
IDRiD_10_2048_512,,,,,0.5024724229649586,0.6862337661981177,,
IDRiD_10_512_1024,,,0.0,0.0,0.6894102129256742,0.7884279711221023,,
IDRiD_10_512_1536,,,,,0.6674999500023323,0.6814553175836962,,
IDRiD_10_512_2048,0.5054263565820236,0.4047404063114054,0.0,0.0,0.8045556743202944,0.8513416536648185,,
IDRiD_10_512_2560,0.19359015862112045,0.15062972291432594,0.0,0.0,0.6064963025356052,0.695820267190619,,
IDRiD_10_512_3072,0.37308533916338776,0.30324588705417416,0.0,0.0,0.5593116507001579,0.5942251937720003,,
IDRiD_10_512_512,0.1740961231299038,0.974400650102625,0.0,0.0,0.1568280204628411,0.31120655992537266,,
IDRiD_11_0_1024,,,0.0,0.0,,,,
IDRiD_11_0_1536,0.10634495084422052,0.06156233833101074,0.0,0.0,0.0,0.0,,
IDRiD_11_0_2048,,,0.0,0.0,,,,
IDRiD_11_0_2560,0.6387387387315456,0.5017692851998979,0.0,0.0,,,,
IDRiD_11_0_3072,,,,,0.0,0.0,,
IDRiD_11_0_512,0.0,0.0,0.0,0.0,0.0,0.0,,
IDRiD_11_1024_1024,,,0.0,0.0,,,,
IDRiD_11_1024_1536,0.2205058306796834,0.16195773080841028,0.0,0.0,0.5345283689322283,0.5337907105075799,,
IDRiD_11_1024_2048,0.5373805508410691,0.6356382977878141,0.0,0.0,0.6061813275069935,0.6746281464517109,,
IDRiD_11_1024_2560,0.6187403993760562,0.4479537366448409,0.0,0.0,0.642063662819597,0.6930862507317301,,
IDRiD_11_1024_3072,0.2788635541065922,0.16947102166408518,,,0.0,0.0,,
IDRiD_11_1536_1024,,,0.0,0.0,,,,
IDRiD_11_1536_1536,,,0.0,0.0,0.35302491102700323,0.31819348215760346,,
IDRiD_11_1536_2048,0.0,0.0,0.0,0.0,0.688767175937617,0.6570420275876206,,
IDRiD_11_1536_2560,0.0,0.0,0.0,0.0,0.6771123043731451,0.7288319797642049,,
IDRiD_11_1536_3072,,,,,0.41060406758665785,0.32991869918162736,,
IDRiD_11_2048_1024,,,0.0,0.0,0.0,0.0,,
IDRiD_11_2048_1536,,,,,0.0,0.0,,
IDRiD_11_2048_2048,,,,,0.6093083825381143,0.6794239337974243,,
IDRiD_11_2048_2560,0.0,0.0,0.0,0.0,0.504078303422838,0.4100473933610422,,
IDRiD_11_2048_3072,0.4257211017086779,0.30056652885774665,0.0,0.0,0.0,0.0,,
IDRiD_11_512_1024,,,,,0.0,0.0,,
IDRiD_11_512_1536,,,0.0,0.0,0.41024044282854094,0.33370856081311584,,
IDRiD_11_512_2048,,,0.0,0.0,0.584837545125551,0.6241722824476291,,
IDRiD_11_512_2560,0.0,0.0,0.0,0.0,0.3629752066085704,0.26901874310585544,,
IDRiD_11_512_3072,0.0,0.0,0.0,0.0,0.0,0.0,,
IDRiD_11_512_512,,,0.0,0.0,,,,
IDRiD_12_0_1024,,,,,0.7538028168589407,0.9999999998505232,,
IDRiD_12_0_2560,0.06352512366405819,0.08507670850173803,0.0,0.0,,,,
IDRiD_12_0_3072,0.0,0.0,0.0,0.0,,,,
IDRiD_12_0_512,0.0,0.0,,,,,,
IDRiD_12_1024_1024,0.16441149212081174,0.6067031463333308,,,,,,
IDRiD_12_1024_2048,0.0,0.0,0.0,0.0,0.0,0.0,,
IDRiD_12_1024_2560,,,0.0,0.0,,,,
IDRiD_12_1536_2048,0.0,0.0,,,0.6156898106346647,0.6497906356937612,,
IDRiD_12_1536_3072,,,0.0,0.0,,,,
IDRiD_12_2048_1536,,,0.0,0.0,,,,
IDRiD_12_2048_2048,,,0.0,0.0,,,,
IDRiD_12_2048_2560,,,0.0,0.0,,,,
IDRiD_12_2048_3072,,,0.0,0.0,,,,
IDRiD_12_2048_512,0.6693325130523121,0.6061281336709677,0.0,0.0,,,,
IDRiD_12_512_2560,0.938976663281812,0.936668594557914,0.0,0.0,,,,
IDRiD_12_512_512,,,,,0.0,0.0,,
IDRiD_13_0_1024,0.5868596881850991,0.49748269350228186,0.0,0.0,,,,
IDRiD_13_0_1536,,,0.0,0.0,,,,
IDRiD_13_0_2048,0.379923318222727,0.3363159518563309,0.0,0.0,0.0,0.0,,
IDRiD_13_0_2560,0.7008405677180537,0.7206007367322018,0.0,0.0,,,,
IDRiD_13_0_3072,0.0,0.0,0.0,0.0,,,,
IDRiD_13_0_512,,,0.0,0.0,0.0,0.0,0.7732563176872974,0.8551261577716057
IDRiD_13_1024_0,0.0,0.0,0.0,0.0,,,,
IDRiD_13_1024_1024,0.06648575304840666,0.03864353311998079,0.0,0.0,0.7529325457165705,0.8037852830791258,,
IDRiD_13_1024_1536,0.0,0.0,0.0,0.0,0.6747808924066008,0.6194564279524614,0.0,0.0
IDRiD_13_1024_2048,,,0.0,0.0,0.0,0.0,0.0,0.0
IDRiD_13_1024_2560,,,,,0.0,0.0,,
IDRiD_13_1024_3072,,,,,0.43430022723944456,0.4516891422153248,,
IDRiD_13_1024_3584,,,0.0,0.0,0.0,0.0,,
IDRiD_13_1024_512,0.0,0.0,0.0,0.0,0.354180238866947,0.3050308584195805,,
IDRiD_13_1536_0,,,0.0,0.0,0.0,0.0,,
IDRiD_13_1536_1024,,,0.0,0.0,0.5087206153124394,0.6604781997001272,,
IDRiD_13_1536_1536,0.0,0.0,0.0,0.0,0.28412256266530106,0.27079646016101494,,
IDRiD_13_1536_2048,0.0,0.0,0.0,0.0,0.3123094958895121,0.2595479345183341,0.0,0.0
IDRiD_13_1536_2560,0.4263175562221515,0.3083522175411403,0.0,0.0,,,,
IDRiD_13_1536_3072,,,0.0,0.0,0.0,0.0,,
IDRiD_13_1536_3584,,,,,0.0,0.0,,
IDRiD_13_1536_512,,,0.0,0.0,0.0,0.0,,
IDRiD_13_2048_1024,0.0,0.0,0.0,0.0,0.0,0.0,0.9116517285401672,0.8804616652684677
IDRiD_13_2048_1536,,,0.0,0.0,,,0.0,0.0
IDRiD_13_2048_2048,0.0,0.0,0.0,0.0,0.0,0.0,,
IDRiD_13_2048_2560,0.0,0.0,0.0,0.0,,,,
IDRiD_13_2048_512,,,0.0,0.0,,,0.0,0.0
IDRiD_13_512_0,0.0,0.0,0.0,0.0,,,,
IDRiD_13_512_1024,0.0,0.0,0.0,0.0,0.644872796734561,0.6880993190330104,,
IDRiD_13_512_1536,,,0.0,0.0,0.6331692248280402,0.6018314614978312,,
IDRiD_13_512_2048,,,0.0,0.0,0.6056009334771373,0.654751892318976,,
IDRiD_13_512_2560,0.4908565928620194,0.551152737712453,0.0,0.0,,,,
IDRiD_13_512_3072,,,,,0.361571225728274,0.2996078431137562,,
IDRiD_13_512_3584,,,,,0.0,0.0,,
IDRiD_13_512_512,0.0,0.0,0.0,0.0,0.3640776698930939,0.3180961357060275,0.0,0.0
IDRiD_14_0_1024,,,0.0,0.0,,,,
IDRiD_14_0_1536,0.0,0.0,0.0,0.0,0.0,0.0,,
IDRiD_14_0_2048,0.6934642147074213,0.664642134087595,0.0,0.0,0.6803455723419665,0.8774373258645572,,
IDRiD_14_0_2560,0.4531317229058139,0.35265977802953824,0.0,0.0,,,0.7447688464815332,0.9615140621594257
IDRiD_14_0_3072,0.0,0.0,,,0.0,0.0,,
IDRiD_14_0_512,,,0.0,0.0,,,,
IDRiD_14_1024_0,,,0.0,0.0,,,,
IDRiD_14_1024_1024,0.0,0.0,0.0,0.0,,,,
IDRiD_14_1024_1536,0.5144383241443091,0.430446927362278,0.0,0.0,0.5888063456341528,0.6837365960909834,,
IDRiD_14_1024_2048,,,0.0,0.0,0.5719932990242946,0.6964663066427081,,
IDRiD_14_1024_2560,,,0.0,0.0,0.593254173118924,0.6297771282403004,,
IDRiD_14_1024_3072,,,0.0,0.0,0.5727291753841945,0.5632396830239452,,
IDRiD_14_1024_3584,,,,,0.0,0.0,,
IDRiD_14_1024_512,,,0.0,0.0,0.1799047857634702,0.10333909038274787,,
IDRiD_14_1536_0,0.3343848580379591,0.9646680941151319,,,,,,
IDRiD_14_1536_1024,,,0.0,0.0,,,,
IDRiD_14_1536_1536,0.7966264456565628,0.7794754473341001,0.0,0.0,0.44816053510824,0.3415292353720681,,
IDRiD_14_1536_2048,0.0,0.0,0.0,0.0,0.6627890480825254,0.758934372944804,,
IDRiD_14_1536_2560,,,0.0,0.0,0.4977626909350754,0.6519805981951504,,
IDRiD_14_1536_3072,0.0,0.0,0.0,0.0,0.0,0.0,,
IDRiD_14_1536_512,,,0.0,0.0,,,,
IDRiD_14_2048_1024,0.0,0.0,0.0,0.0,,,,
IDRiD_14_2048_1536,,,0.0,0.0,,,,
IDRiD_14_2048_2048,,,0.0,0.0,0.24792408064958932,0.15222141295322494,,
IDRiD_14_2048_2560,0.8094265514405432,0.8586666666380445,0.0,0.0,0.29983388703903885,0.24039955604349836,,
IDRiD_14_2048_3072,0.0,0.0,0.0,0.0,0.0,0.0,,
IDRiD_14_2048_512,0.5610612563183355,0.40100390404902375,,,,,,
IDRiD_14_512_1536,0.0,0.0,0.0,0.0,0.5183127571963136,0.4425509486921548,,
IDRiD_14_512_2048,0.10389610389245714,0.07901761878916083,0.0,0.0,0.5503992372767241,0.609931325934443,,
IDRiD_14_512_2560,0.0,0.0,0.0,0.0,0.5116336027420368,0.4834529044184083,0.0,0.0
IDRiD_14_512_3072,0.5598194130609583,0.5066394279359919,0.0,0.0,0.4277976494590925,0.5087506076687227,,
IDRiD_14_512_512,,,0.0,0.0,,,,
IDRiD_15_0_1536,,,0.0,0.0,,,,
IDRiD_15_1024_0,,,0.0,0.0,0.0,0.0,,
IDRiD_15_1024_1024,,,,,0.5344311377178839,0.5928591198285951,,
IDRiD_15_1024_1536,,,,,0.0,0.0,,
IDRiD_15_1024_512,,,,,0.6159417109234606,0.5633480529885052,,
IDRiD_15_1536_2048,,,0.0,0.0,0.0,0.0,,
IDRiD_15_1536_512,0.0,0.0,,,0.0,0.0,,
IDRiD_15_2048_2048,,,0.0,0.0,,,,
IDRiD_15_512_1024,0.0,0.0,,,0.4926507224682819,0.48302393746356836,,
IDRiD_15_512_512,0.0,0.0,0.0,0.0,,,,
IDRiD_16_0_2560,,,0.0,0.0,0.7515496732995217,0.9516334322888573,,
IDRiD_16_1024_2048,,,0.0,0.0,0.0,0.0,,
IDRiD_16_1024_2560,0.0,0.0,0.0,0.0,0.20342339793320538,0.12008350730588656,,
IDRiD_16_1024_3072,0.7800414198296005,0.6886640020351333,0.0,0.0,0.673822475302138,0.7411157355500996,,
IDRiD_16_1024_3584,0.29588607593766275,0.19448777950106666,,,,,,
IDRiD_16_1536_2048,,,,,0.4221569450095612,0.3396353814760543,,
IDRiD_16_1536_2560,,,,,0.48680781758561226,0.4138742730488248,,
IDRiD_16_1536_3072,,,,,0.626665773785397,0.5958232522526955,,
IDRiD_16_2048_1024,,,,,0.0,0.0,,
IDRiD_16_2048_1536,,,0.0,0.0,,,,
IDRiD_16_2048_2560,,,,,0.0,0.0,,
IDRiD_16_2048_3072,,,,,0.0,0.0,,
IDRiD_16_2048_512,,,0.0,0.0,0.0,0.0,,
IDRiD_16_512_1536,,,0.0,0.0,,,,
IDRiD_16_512_2048,,,,,0.0,0.0,,
IDRiD_16_512_2560,,,,,0.6833735722900416,0.6343770876869289,,
IDRiD_16_512_3072,,,,,0.2517558076688087,0.16401520484071497,,
IDRiD_17_0_1024,0.30023324283906155,0.9489968576033601,0.0,0.0,0.5198496074282879,0.6022290545656901,,
IDRiD_17_0_1536,0.4652763466997789,0.45787872642280314,0.0,0.0,0.5182423628184514,0.556600839678459,,
IDRiD_17_0_2048,0.45236873610301787,0.45333790384585937,,,0.14131205673633587,0.07602785462104332,,
IDRiD_17_0_2560,0.7803760749396108,0.7946426077461672,0.0,0.0,0.49941314552525196,0.5151331718816505,,
IDRiD_17_0_3072,0.790906938176867,0.9319196428051384,,,,,,
IDRiD_17_0_512,,,,,0.0,0.0,0.805007618495223,0.7853125502106274
IDRiD_17_1024_0,0.27975299401066733,0.319069469636975,0.0,0.0,0.0,0.0,,
IDRiD_17_1024_1024,0.20957827019149694,0.11882953716366353,0.0,0.0,0.6034837174071744,0.8639051588171213,,
IDRiD_17_1024_1536,0.6340401325971753,0.6938267364956906,0.0,0.0,0.5996304798130024,0.674433249361783,,
IDRiD_17_1024_2048,0.4675964823826035,0.6243829468913659,,,0.3443304685302252,0.3344103392508632,,
IDRiD_17_1024_2560,0.0,0.0,,,0.0,0.0,,
IDRiD_17_1024_3072,0.2194360267408003,0.5198947714510589,0.0,0.0,,,,
IDRiD_17_1024_3584,,,0.0,0.0,,,,
IDRiD_17_1024_512,0.6795163256542469,0.5295809367269434,0.0,0.0,0.49686374363355973,0.7053248699607453,,
IDRiD_17_1536_0,0.832815163974833,0.8938483342586357,,,,,,
IDRiD_17_1536_1024,0.0,0.0,,,0.48419460147908194,0.7170990565953171,,
IDRiD_17_1536_1536,0.4320739208060087,0.6269638891122237,0.0,0.0,0.3902088980992648,0.5486547085078777,,
IDRiD_17_1536_2048,0.45296409392392023,0.3442211055270873,0.0,0.0,0.0,0.0,0.6161959954600429,0.963374880144167
IDRiD_17_1536_2560,0.13412563667004881,0.07390084190694292,,,,,,
IDRiD_17_1536_3072,0.806396588485635,0.8721851429799878,0.0,0.0,,,0.849923430317254,0.9633186762212066
IDRiD_17_1536_512,0.9330563949874953,0.920385731452988,,,0.41176185631733875,0.8354629447447324,,
IDRiD_17_2048_0,0.0,0.0,,,,,,
IDRiD_17_2048_1024,0.9438957120947631,0.97119801152253,,,0.3445723684068844,0.28045515393035775,,
IDRiD_17_2048_1536,0.8257722905478706,0.9222890052751848,,,0.0,0.0,,
IDRiD_17_2048_2048,0.669909762708103,0.5394898172776115,,,0.0,0.0,0.0,0.0
IDRiD_17_2048_2560,0.9046499501423393,0.8446938636038597,0.0,0.0,,,0.0,0.0
IDRiD_17_2048_3072,0.5908045271898432,0.5822149679585835,,,,,,
IDRiD_17_2048_512,0.9845678448840227,0.9819056636406343,,,,,,
IDRiD_17_512_0,,,0.0,0.0,0.0,0.0,,
IDRiD_17_512_1024,0.26405384006072785,0.23087573554463697,0.0,0.0,0.5140919844261421,0.6259469267379181,,
IDRiD_17_512_1536,0.3006977393237491,0.44779717372861344,0.0,0.0,0.6683449110944676,0.7576764684605243,,
IDRiD_17_512_2048,0.7173748453442702,0.7224309145656919,0.0,0.0,0.23054158034580435,0.1933002481341613,,
IDRiD_17_512_2560,0.2050310653113727,0.1773263433790652,0.0,0.0,0.04913238447944761,0.026409557744154065,,
IDRiD_17_512_3072,0.5050895050865503,0.9473337721977764,0.0,0.0,,,,
IDRiD_17_512_512,0.17147785039864072,0.2959887182654969,0.0,0.0,0.43696776155551637,0.4432361560971522,0.3702021681777746,0.2384862212133023
IDRiD_18_0_1024,0.283987915398322,0.751332149067259,0.0,0.0,,,,
IDRiD_18_0_1536,0.2586349820320908,0.19864176569615274,0.0,0.0,0.0,0.0,,
IDRiD_18_0_2048,,,0.0,0.0,0.5008640552923262,0.7282244555808952,,
IDRiD_18_0_2560,0.7759089442847061,0.8360476663273481,0.0,0.0,0.38885941644218514,0.5236961181108908,0.8761987108910698,0.9096621511269001
IDRiD_18_0_3072,,,0.0,0.0,,,0.8672710936791042,0.886754635027781
IDRiD_18_0_512,,,0.0,0.0,,,,
IDRiD_18_1024_0,0.0,0.0,0.0,0.0,0.0,0.0,,
IDRiD_18_1024_1024,0.18624371859004016,0.2815764482297447,0.0,0.0,0.538078999713917,0.7832471561449509,,
IDRiD_18_1024_1536,0.5830847201733113,0.6374567745941727,0.0,0.0,0.5423357949418108,0.695321110102241,,
IDRiD_18_1024_2048,,,0.0,0.0,,,,
IDRiD_18_1024_3072,,,,,,,0.6074385527768501,0.9699129713968511
IDRiD_18_1024_512,0.5886230033828496,0.5511508951376006,0.0,0.0,0.5432763293140019,0.7681412187475919,,
IDRiD_18_1536_0,0.0,0.0,0.0,0.0,0.4654601070490579,0.45948666328840027,,
IDRiD_18_1536_1024,0.2817030019372023,0.24858984689265534,0.0,0.0,0.5021161638878788,0.7232166018064434,,
IDRiD_18_1536_1536,,,0.0,0.0,0.050836949779861314,0.026692708331595524,,
IDRiD_18_1536_2048,,,0.0,0.0,0.0,0.0,,
IDRiD_18_1536_3072,,,0.0,0.0,,,,
IDRiD_18_1536_3584,0.0,0.0,,,,,,
IDRiD_18_1536_512,0.0,0.0,0.0,0.0,0.47390970712291547,0.7558774032293545,,
IDRiD_18_2048_0,0.0,0.0,0.0,0.0,,,,
IDRiD_18_2048_1024,0.0,0.0,0.0,0.0,0.5335141418029179,0.738832997978017,,
IDRiD_18_2048_1536,,,0.0,0.0,0.0,0.0,0.14668057003695967,0.07914478619580696
IDRiD_18_2048_2048,,,0.0,0.0,0.0,0.0,,
IDRiD_18_2048_2560,,,0.0,0.0,,,,
IDRiD_18_2048_3072,0.42967388597386924,0.664357197793352,0.0,0.0,,,,
IDRiD_18_2048_512,0.5998078456211292,0.9313146702156331,0.0,0.0,0.4748919188402098,0.4857142856812439,,
IDRiD_18_512_1024,0.20606308889377176,0.17977126518299602,0.0,0.0,0.0,0.0,,
IDRiD_18_512_1536,0.3819343270157802,0.8996832100897738,,,0.0,0.0,,
IDRiD_18_512_2048,0.6179629410997526,0.6065801668070765,0.0,0.0,,,,
IDRiD_18_512_3072,,,0.0,0.0,0.24943052390379097,0.14590273150260474,,
IDRiD_18_512_512,0.5328767123196425,0.7838790931595023,0.0,0.0,0.5855423189653042,0.8110583153277662,,
IDRiD_19_0_1024,0.395339493756716,0.24636955431916024,,,,,0.7302422647606366,0.6398473525100994
IDRiD_19_0_1536,,,,,0.0,0.0,,
IDRiD_19_0_2048,,,,,,,0.6420487401847,0.49541050483815136
IDRiD_19_0_2560,0.0,0.0,,,,,,
IDRiD_19_1024_0,,,0.0,0.0,,,,
IDRiD_19_1024_1024,,,,,0.566989302074198,0.938448566531328,,
IDRiD_19_1024_1536,,,,,0.48303462675338377,0.3956670467390061,,
IDRiD_19_1024_2560,,,0.0,0.0,,,,
IDRiD_19_1024_512,0.0,0.0,0.0,0.0,,,,
IDRiD_19_1536_2048,0.0,0.0,0.0,0.0,,,,
IDRiD_19_1536_2560,,,0.0,0.0,,,,
IDRiD_19_1536_3072,,,0.0,0.0,0.1474311243374958,0.1153846153711673,,
IDRiD_19_1536_512,0.06657546739322502,0.05685358255008928,,,,,,
IDRiD_19_2048_1024,0.6519361190064031,0.53233297605654,0.0,0.0,,,,
IDRiD_19_2048_1536,0.0,0.0,0.0,0.0,,,,
IDRiD_19_2048_2048,0.6757123473235771,0.5616541352961162,0.0,0.0,,,,
IDRiD_19_2048_2560,0.6951520130899628,0.5723951284746421,,,,,,
IDRiD_19_2048_3072,,,0.0,0.0,,,0.0,0.0
IDRiD_19_2048_512,0.6099290780100646,0.7656435475535757,0.0,0.0,,,0.6507124083507351,0.9822509918358269
IDRiD_19_512_1024,0.4308536003763608,0.3439939082363603,0.0,0.0,0.3669623059663546,0.375283446669469,,
IDRiD_19_512_1536,0.6166604777799954,0.542612862819024,0.0,0.0,0.490280445637763,0.5864889705828448,0.08674072323225311,0.045336627547309
IDRiD_19_512_2048,0.0,0.0,,,,,,
IDRiD_19_512_512,0.0,0.0,0.0,0.0,,,,
IDRiD_20_0_1024,0.2811638591031803,0.22961480739221535,0.0,0.0,,,,
IDRiD_20_0_1536,0.37293251237249225,0.22920531275336345,0.0,0.0,0.34156137561424516,0.34918733960052717,,
IDRiD_20_0_2048,0.3653061224396606,0.4282296650461585,0.0,0.0,0.4008461131570374,0.38555442520928,,
IDRiD_20_0_2560,,,0.0,0.0,,,,
IDRiD_20_0_512,0.0,0.0,,,,,,
IDRiD_20_1024_0,,,0.0,0.0,,,,
IDRiD_20_1024_1024,0.47815196213531447,0.7212426531720199,0.0,0.0,0.4977682556675197,0.6018998272851797,,
IDRiD_20_1024_1536,0.0,0.0,0.0,0.0,0.5588942009944291,0.6199714222872061,,
IDRiD_20_1024_2048,,,0.0,0.0,0.0,0.0,,
IDRiD_20_1024_2560,,,0.0,0.0,,,,
IDRiD_20_1024_3072,0.32524807055332833,0.2783018867793254,0.0,0.0,,,,
IDRiD_20_1024_512,0.5437751003979667,0.7142605943254042,0.0,0.0,0.0,0.0,,
IDRiD_20_1536_1024,0.3110014104356689,0.37300628322410573,0.0,0.0,0.5244199040277249,0.5692878549980784,,
IDRiD_20_1536_1536,,,0.0,0.0,0.6741712119427714,0.6342528568263028,,
IDRiD_20_1536_2048,0.6130198914731908,0.5437048916965753,,,,,,
IDRiD_20_1536_3072,0.0,0.0,0.0,0.0,0.0,0.0,,
IDRiD_20_1536_512,0.3288150415247567,0.2046815459877691,0.0,0.0,0.7399990183049133,0.6736973813506685,,
IDRiD_20_2048_1024,,,0.0,0.0,0.5224896536688017,0.5972239511975773,,
IDRiD_20_2048_1536,0.1245674740451273,0.07285180572624994,0.0,0.0,0.5708404188618021,0.5345289976444095,,
IDRiD_20_2048_2560,0.0,0.0,,,,,,
IDRiD_20_2048_3072,0.43374422186310696,0.2798210735447405,0.0,0.0,0.0,0.0,,
IDRiD_20_2048_512,0.0046213093708698,0.0025810151992377113,0.0,0.0,0.8600462363111042,0.9299016645556781,,
IDRiD_20_512_1024,0.0,0.0,0.0,0.0,0.5825635033646346,0.7151565861800288,,
IDRiD_20_512_1536,0.4055491583023219,0.47108280254176965,0.0,0.0,0.46949084725300216,0.42631363821959983,,
IDRiD_20_512_2048,,,,,0.0,0.0,,
IDRiD_20_512_2560,0.4043818466227111,0.2599597585408467,0.0,0.0,,,,
IDRiD_20_512_3072,,,0.0,0.0,,,,
IDRiD_20_512_512,,,0.0,0.0,0.344615384597712,0.3271665043498377,,
IDRiD_21_0_1024,0.0,0.0,0.0,0.0,0.0,0.0,,
IDRiD_21_0_1536,0.0,0.0,0.0,0.0,0.0,0.0,,
IDRiD_21_0_2048,,,0.0,0.0,0.27530828791868917,0.2758620689496631,,
IDRiD_21_0_2560,,,0.0,0.0,,,,
IDRiD_21_0_3072,,,0.0,0.0,,,,
IDRiD_21_0_512,0.7032828282717285,0.5715751667375173,,,0.0,0.0,,
IDRiD_21_1024_1024,,,0.0,0.0,0.0,0.0,,
IDRiD_21_1024_1536,0.6844605059334824,0.7047629172793455,0.0,0.0,0.713248843592356,0.6710302858736519,,
IDRiD_21_1024_2048,0.2977458508756782,0.18373586059028224,0.0,0.0,0.6291984477442806,0.7618824715513399,,
IDRiD_21_1024_2560,0.5627417468716257,0.4669702172093232,0.0,0.0,0.5296438232612171,0.6925571112646639,,
IDRiD_21_1024_3072,0.7932379713859883,0.9553247609469944,0.0,0.0,,,,
IDRiD_21_1536_0,,,,,0.0,0.0,,
IDRiD_21_1536_1024,,,0.0,0.0,0.0,0.0,,
IDRiD_21_1536_1536,0.0,0.0,,,0.8296385008906265,0.8209289744163101,,
IDRiD_21_1536_2048,0.2697501164012145,0.20360824741790984,0.0,0.0,0.4519577227947035,0.5281032909934172,,
IDRiD_21_1536_2560,0.6335548560077977,0.5748642358376834,0.0,0.0,0.6507751555235494,0.7249845991343615,,
IDRiD_21_1536_3072,,,0.0,0.0,,,,
IDRiD_21_1536_512,0.6627335299771341,0.7422907488659785,,,0.4554198076304804,0.35769701917690094,,
IDRiD_21_2048_1024,0.33140569394280683,0.22916025837498738,0.0,0.0,0.0,0.0,,
IDRiD_21_2048_1536,0.10978184376812872,0.05807892777147882,0.0,0.0,0.3431919115530266,0.2900031938631427,,
IDRiD_21_2048_2048,0.30976172174852984,0.1926386233238904,0.0,0.0,0.582029907183349,0.6415174765528013,,
IDRiD_21_2048_2560,0.7436068490021835,0.6489423636590541,0.0,0.0,0.4241001564862265,0.6869455005901809,,
IDRiD_21_2048_3072,,,0.0,0.0,0.0,0.0,,
IDRiD_21_2048_512,0.0,0.0,0.0,0.0,0.0,0.0,,
IDRiD_21_512_1024,,,0.0,0.0,,,,
IDRiD_21_512_1536,,,0.0,0.0,0.2935919376251456,0.23401030614628646,,
IDRiD_21_512_2048,0.5168807096483723,0.5623739556242816,0.0,0.0,0.44039351851533276,0.5813598166428312,,
IDRiD_21_512_2560,0.6114695991946608,0.46470506975459724,0.0,0.0,0.4067796610028786,0.5439407955093486,,
IDRiD_21_512_3072,0.0,0.0,0.0,0.0,,,,
IDRiD_21_512_512,,,0.0,0.0,0.0,0.0,,
IDRiD_22_0_1024,0.7092056982497593,0.6471515091799342,0.0,0.0,,,0.531455927906135,0.9453962528710008
IDRiD_22_0_1536,0.0,0.0,0.0,0.0,,,,
IDRiD_22_0_2048,0.4245198527174393,0.3968372092949426,0.0,0.0,,,0.6779346680687969,0.7568941176399351
IDRiD_22_0_2560,0.7644307349984465,0.7553590166354102,,,0.3790905227288761,0.32806178740978076,,
IDRiD_22_0_3072,0.0,0.0,,,,,,
IDRiD_22_0_512,0.0,0.0,,,,,,
IDRiD_22_1024_1024,,,0.0,0.0,,,,
IDRiD_22_1024_1536,,,0.0,0.0,0.5420731389208042,0.5316449219722095,,
IDRiD_22_1024_2048,,,0.0,0.0,0.5833124294484772,0.6521190451128681,,
IDRiD_22_1024_3072,0.0,0.0,,,,,,
IDRiD_22_1024_512,,,0.0,0.0,,,,
IDRiD_22_1536_0,,,,,0.0,0.0,,
IDRiD_22_1536_1024,,,0.0,0.0,0.18068535822730758,0.15675675671439004,,
IDRiD_22_1536_1536,0.0,0.0,0.0,0.0,0.612947034851852,0.6025275898789155,,
IDRiD_22_1536_2048,0.24030514938842007,0.3880903490361304,0.0,0.0,0.6599016308557082,0.7567385711428587,,
IDRiD_22_1536_3072,0.7679575512774848,0.8737610380209327,0.0,0.0,0.395593635241234,0.31711145995615736,,
IDRiD_22_1536_3584,0.8169565062739893,0.7392675548642642,,,,,,
IDRiD_22_1536_512,,,0.0,0.0,0.14001530221614356,0.18382722249202274,,
IDRiD_22_2048_1024,0.19088493766215237,0.10842814023430629,0.0,0.0,,,0.8023038040944835,0.9320170308289336
IDRiD_22_2048_1536,0.7604722010590206,0.7222423146343175,,,,,,
IDRiD_22_2048_2048,,,0.0,0.0,,,,
IDRiD_22_2048_3072,,,0.0,0.0,,,,
IDRiD_22_2048_512,,,,,0.0,0.0,0.0,0.0
IDRiD_22_512_1024,0.6358869925979302,0.5530998017169779,,,0.3751526784090883,0.9102455545376591,0.5936263522062302,0.9677173360385884
IDRiD_22_512_1536,,,0.0,0.0,,,,
IDRiD_22_512_2560,0.0,0.0,,,,,,
IDRiD_22_512_3072,0.7794882663473667,0.7209530258736885,,,,,0.8576159712656464,0.9386838208992222
IDRiD_22_512_512,0.8191557289760968,0.8819126183794391,,,0.35217169136073406,0.3467498490572198,0.0,0.0
IDRiD_23_0_1024,0.2074905790955357,0.12703644410841852,0.0,0.0,,,,
IDRiD_23_0_1536,,,,,,,0.6929677802326463,0.9764258554984574
IDRiD_23_0_2048,0.39002367450096337,0.30555555555291963,,,,,,
IDRiD_23_0_2560,0.015773206863392446,0.008005625574684884,,,,,,
IDRiD_23_0_3072,0.06688330871472117,0.36777128004003345,,,,,,
IDRiD_23_1024_1024,,,,,0.0,0.0,,
IDRiD_23_1024_1536,,,0.0,0.0,,,,
IDRiD_23_1024_2560,,,,,,,0.0,0.0
IDRiD_23_1024_3072,,,0.0,0.0,,,,
IDRiD_23_1536_1024,,,0.0,0.0,0.43647656689902664,0.4034446763881292,,
IDRiD_23_1536_1536,,,0.0,0.0,0.30884557718824246,0.31498470943195955,,
IDRiD_23_1536_2560,,,,,0.0,0.0,,
IDRiD_23_1536_3072,,,0.0,0.0,0.0,0.0,,
IDRiD_23_1536_3584,,,,,0.0,0.0,,
IDRiD_23_1536_512,,,0.0,0.0,0.2672688629046953,0.2745633187623055,,
IDRiD_23_2048_1024,0.5264047317056864,0.3630536130324561,,,,,,
IDRiD_23_2048_2048,0.0,0.0,,,,,,
IDRiD_23_2048_2560,0.6073280331782982,0.44190140844514714,0.0,0.0,,,,
IDRiD_23_2048_3072,,,,,0.0,0.0,,
IDRiD_23_2048_512,0.7997216422992384,0.8378536016086949,,,0.0,0.0,,
IDRiD_23_512_1024,0.0,0.0,,,,,,
IDRiD_23_512_2048,,,0.0,0.0,,,,
IDRiD_23_512_2560,,,,,,,0.0,0.0
IDRiD_23_512_3072,0.0,0.0,,,,,0.0,0.0
IDRiD_23_512_512,,,0.0,0.0,,,,
IDRiD_24_0_2048,,,,,0.0,0.0,,
IDRiD_24_1024_1536,,,,,0.0,0.0,,
IDRiD_24_1024_2048,,,,,0.0,0.0,,
IDRiD_24_1024_2560,,,0.0,0.0,,,,
IDRiD_24_1536_1536,,,,,0.0,0.0,,
IDRiD_24_1536_2048,,,0.0,0.0,0.0,0.0,,
IDRiD_24_1536_2560,,,0.0,0.0,,,,
IDRiD_24_1536_512,0.4975550122215596,0.7404487568073489,,,0.0,0.0,,
IDRiD_24_2048_1024,0.7755757152799178,0.7758464223331528,,,,,,
IDRiD_24_2048_1536,0.35784851809232443,0.29395852116375487,0.0,0.0,,,,
IDRiD_24_512_1536,,,,,0.0,0.0,,
IDRiD_24_512_2048,,,,,0.04509445459810515,0.023096129836261164,,
IDRiD_24_512_2560,0.7184466019326888,0.6217808816974731,,,,,,
IDRiD_24_512_512,0.3166226912809415,0.19792648443930602,,,,,,
IDRiD_25_0_1024,,,0.0,0.0,0.4738576979754151,0.47476103533200104,0.0,0.0
IDRiD_25_0_1536,0.0,0.0,0.0,0.0,0.7461325364952017,0.6890000287420756,,
IDRiD_25_0_2048,0.6704540563775749,0.5536678987734314,0.0,0.0,0.534758967995229,0.5415773523522005,0.0,0.0
IDRiD_25_0_2560,0.08853529171676319,0.04631803628552488,0.0,0.0,0.800541847598526,0.8223528493759951,,
IDRiD_25_0_3072,0.1517183570808645,0.08371877890712737,,,0.0,0.0,,
IDRiD_25_0_512,0.6181327940472486,0.4473170731489114,0.0,0.0,0.0,0.0,0.0,0.0
IDRiD_25_1024_0,,,0.0,0.0,,,,
IDRiD_25_1024_1024,0.0,0.0,0.0,0.0,0.0,0.0,,
IDRiD_25_1024_1536,0.444237485443024,0.5973700688604455,0.0,0.0,0.7243184968419569,0.6826825373770137,,
IDRiD_25_1024_2048,,,0.0,0.0,0.6617234238376313,0.6953215667303007,,
IDRiD_25_1024_2560,0.5978616526093418,0.4782849137277751,0.0,0.0,0.6785051683004206,0.7430819841305057,,
IDRiD_25_1024_3072,0.0,0.0,,,0.7602937536079426,0.716931216927498,,
IDRiD_25_1024_512,,,0.0,0.0,,,,
IDRiD_25_1536_0,,,,,0.0,0.0,,
IDRiD_25_1536_1024,0.0,0.0,,,,,0.0,0.0
IDRiD_25_1536_1536,0.0,0.0,0.0,0.0,0.7400799454024177,0.6818712609800373,,
IDRiD_25_1536_2048,0.0,0.0,0.0,0.0,0.7628533352024218,0.7566439404453992,0.0,0.0
IDRiD_25_1536_2560,0.48658102056080776,0.39886917841149344,0.0,0.0,0.5802745867149042,0.5823959504979979,0.0,0.0
IDRiD_25_1536_3072,0.7285022915908833,0.5880374605443781,0.0,0.0,,,,
IDRiD_25_1536_512,0.0,0.0,0.0,0.0,0.0,0.0,,
IDRiD_25_2048_1024,0.0,0.0,,,,,,
IDRiD_25_2048_1536,0.3767878641927436,0.2692360633154216,0.0,0.0,0.29460093895849176,0.20389926887880183,,
IDRiD_25_2048_2048,0.19458070544189604,0.12706564295455805,0.0,0.0,,,,
IDRiD_25_2048_2560,0.0,0.0,0.0,0.0,0.0,0.0,,
IDRiD_25_2048_3072,,,0.0,0.0,0.0,0.0,,
IDRiD_25_512_1024,0.0,0.0,,,0.632342156142689,0.6488899531329357,,
IDRiD_25_512_1536,0.5706417782458765,0.4584061887340158,0.0,0.0,0.45285408143165373,0.46263309781607487,,
IDRiD_25_512_2048,0.7093273318320713,0.6403160270865907,0.0,0.0,0.40262941659346596,0.27192008878592167,0.937029813311946,0.9728087937377378
IDRiD_25_512_2560,0.6209322241233761,0.6546075965650698,0.0,0.0,0.7498499951604085,0.7922332876612089,,
IDRiD_25_512_3072,,,0.0,0.0,0.5559925919383438,0.5131703187558585,,
IDRiD_25_512_512,0.6736641221159776,0.5381097560702179,,,,,,
IDRiD_26_0_1024,0.2576441102724606,0.16201733648286812,0.0,0.0,,,,
IDRiD_26_0_1536,0.6441603574451513,0.4781647318872643,,,,,,
IDRiD_26_0_2048,,,0.0,0.0,,,,
IDRiD_26_0_2560,0.0,0.0,0.0,0.0,,,,
IDRiD_26_1024_1024,,,0.0,0.0,,,,
IDRiD_26_1024_1536,,,0.0,0.0,,,,
IDRiD_26_1024_2048,0.7204253433442435,0.7245989304167023,0.0,0.0,,,,
IDRiD_26_1024_2560,0.5432859823030919,0.6453358802723548,0.0,0.0,,,,
IDRiD_26_1024_3072,0.8863999103942922,0.9512019230712067,0.0,0.0,,,,
IDRiD_26_1536_1024,,,0.0,0.0,,,,
IDRiD_26_1536_1536,,,0.0,0.0,,,,
IDRiD_26_1536_2048,0.06877029389668828,0.2768096514559779,,,,,,
IDRiD_26_1536_2560,,,0.0,0.0,,,,
IDRiD_26_1536_3072,0.39913022468231146,0.3257097791669673,0.0,0.0,,,,
IDRiD_26_2048_1024,,,,,0.0,0.0,,
IDRiD_26_2048_1536,0.14983945772119445,0.5454545453837072,0.0,0.0,,,,
IDRiD_26_2048_2048,,,0.0,0.0,,,,
IDRiD_26_2048_3072,0.8076197013854607,0.8888189372842003,,,,,,
IDRiD_26_512_1024,0.6499309350750709,0.5031616142783786,0.0,0.0,,,,
IDRiD_26_512_1536,0.0,0.0,0.0,0.0,,,,
IDRiD_26_512_2048,0.560256410254415,0.8179265883246549,0.0,0.0,0.5266272189257462,0.720133269837214,,
IDRiD_26_512_2560,,,0.0,0.0,,,,
IDRiD_26_512_3072,0.7715586641492156,0.7663181786891591,0.0,0.0,,,,
IDRiD_26_512_3584,0.0,0.0,,,,,,
IDRiD_26_512_512,0.6157556269848973,0.7079482439271766,,,,,,
IDRiD_27_0_1024,,,,,0.0,0.0,,
IDRiD_27_0_1536,0.0,0.0,0.0,0.0,0.3762221353001087,0.26574585633890907,,
IDRiD_27_0_2048,0.23479415670027107,0.14080917489197806,,,,,,
IDRiD_27_0_2560,0.2891280399941604,0.3173363095179067,0.0,0.0,,,,
IDRiD_27_0_3072,,,0.0,0.0,,,,
IDRiD_27_0_512,0.0,0.0,0.0,0.0,,,,
IDRiD_27_1024_0,0.527795945056379,0.4430009149049771,0.0,0.0,0.0,0.0,,
IDRiD_27_1024_1024,0.0,0.0,0.0,0.0,0.5498674280940268,0.6944873776046117,,
IDRiD_27_1024_1536,0.0,0.0,0.0,0.0,0.6218616044058897,0.7143024618908053,,
IDRiD_27_1024_2048,,,0.0,0.0,0.4575281803496625,0.559438838283056,,
IDRiD_27_1024_2560,,,0.0,0.0,,,,
IDRiD_27_1024_512,0.6231094978700724,0.8966918165469128,0.0,0.0,0.41607536089787084,0.4014400377667441,,
IDRiD_27_1536_0,0.6925737538128395,0.9541886913266523,0.0,0.0,,,,
IDRiD_27_1536_1024,0.36081224427670244,0.30655336680434464,0.0,0.0,0.03024674980020571,0.015573770491377767,,
IDRiD_27_1536_1536,0.0,0.0,0.0,0.0,0.5514121530715771,0.7071182188663042,,
IDRiD_27_1536_2048,,,0.0,0.0,0.0,0.0,,
IDRiD_27_1536_2560,,,0.0,0.0,,,,
IDRiD_27_1536_512,0.6346343063264751,0.5791679137924856,0.0,0.0,0.44596385962153096,0.43997797356222496,,
IDRiD_27_2048_1024,0.2232024702151212,0.15213469632278204,0.0,0.0,0.6834611171835805,0.609573428830688,,
IDRiD_27_2048_1536,0.0,0.0,0.0,0.0,0.22654917566477334,0.15253588516454478,,
IDRiD_27_2048_2048,0.6641818859238099,0.696637998381811,0.0,0.0,0.05230386051978182,0.028225806449716007,,
IDRiD_27_2048_512,0.18595450048536327,0.1113084665416632,0.0,0.0,,,,
IDRiD_27_512_1024,0.0,0.0,0.0,0.0,0.34652173912290174,0.5260726072260018,,
IDRiD_27_512_1536,,,0.0,0.0,0.39711998881410254,0.5199048229109553,,
IDRiD_27_512_2048,,,0.0,0.0,0.44663038927954546,0.5193477731681834,,
IDRiD_27_512_512,0.33170731707158435,0.7781018622217164,0.0,0.0,,,,
IDRiD_28_0_3072,,,,,0.0,0.0,,
IDRiD_28_1024_1536,,,0.0,0.0,0.1586416624389599,0.11558345642113799,,
IDRiD_28_1024_2048,,,0.0,0.0,0.0,0.0,,
IDRiD_28_1024_2560,0.4659051574778157,0.4442244224129225,0.0,0.0,,,,
IDRiD_28_1024_3072,0.0,0.0,0.0,0.0,,,,
IDRiD_28_1536_1536,0.7393238433834821,0.605685131151189,,,0.0,0.0,,
IDRiD_28_1536_2048,0.5259321132923841,0.7695555555384543,0.0,0.0,0.0,0.0,,
IDRiD_28_1536_2560,0.70180602006376,0.8318181818093887,0.0,0.0,0.28793103445793694,0.23521126757250546,,
IDRiD_28_1536_3072,,,0.0,0.0,,,,
IDRiD_28_2048_1024,0.0,0.0,,,,,,
IDRiD_28_2048_1536,0.5569216757614545,0.9065974795473241,0.0,0.0,,,,
IDRiD_28_2048_2048,0.596610169479629,0.850483229059097,0.0,0.0,,,,
IDRiD_28_2048_2560,0.0,0.0,0.0,0.0,,,,
IDRiD_28_2048_3072,0.6776805960259903,0.7189003435932027,,,,,,
IDRiD_28_2048_512,0.0,0.0,,,,,,
IDRiD_28_512_1536,0.7529226323295295,0.7324303603186192,,,,,,
IDRiD_28_512_2048,0.576396939471913,0.5048740860883479,0.0,0.0,0.0,0.0,,
IDRiD_28_512_2560,0.0,0.0,0.0,0.0,,,,
IDRiD_28_512_3072,0.0,0.0,,,,,,
IDRiD_29_0_1024,,,0.0,0.0,,,,
IDRiD_29_0_1536,,,0.0,0.0,,,,
IDRiD_29_0_2560,0.0,0.0,0.0,0.0,,,,
IDRiD_29_1024_1024,,,,,0.4565217391188948,0.44482758618498386,,
IDRiD_29_1024_2048,,,0.0,0.0,,,,
IDRiD_29_1024_2560,,,0.0,0.0,,,,
IDRiD_29_1024_3072,0.0,0.0,,,,,,
IDRiD_29_1536_1024,,,0.0,0.0,0.0,0.0,,
IDRiD_29_1536_1536,,,0.0,0.0,,,,
IDRiD_29_1536_2560,,,0.0,0.0,,,,
IDRiD_29_1536_3072,0.15500289183603222,0.08401253917968574,0.0,0.0,,,,
IDRiD_29_2048_1024,,,0.0,0.0,0.0,0.0,,
IDRiD_29_2048_1536,,,0.0,0.0,,,,
IDRiD_29_2048_2560,,,0.0,0.0,0.26601586331506916,0.7985347982422949,,
IDRiD_29_2048_3072,,,0.0,0.0,,,,
IDRiD_29_512_2048,,,0.0,0.0,,,,
IDRiD_29_512_2560,,,0.0,0.0,,,,
IDRiD_29_512_3072,,,0.0,0.0,,,,
IDRiD_30_0_1024,,,0.0,0.0,,,,
IDRiD_30_0_2048,0.7499751169484673,0.909804395068161,0.0,0.0,,,,
IDRiD_30_0_2560,0.5669356507228029,0.5275317674036376,0.0,0.0,,,0.7233915732193742,0.9522361710381302
IDRiD_30_1024_1024,0.8276173738346592,0.8579013116712689,,,0.25529056096312913,0.3385300668000655,,
IDRiD_30_1024_1536,,,,,0.57320796189661,0.6455783248432736,,
IDRiD_30_1024_2048,0.0,0.0,0.0,0.0,0.10892857142532951,0.061845217976956905,,
IDRiD_30_1024_512,0.530051516881756,0.4194926223088339,0.0,0.0,0.0,0.0,,
IDRiD_30_1536_1024,,,,,0.33010335916246436,0.2060483870884658,,
IDRiD_30_1536_1536,,,,,0.2311719693825545,0.22474549724160175,,
IDRiD_30_1536_2048,0.8053959530251636,0.8352331606001235,0.0,0.0,0.4401627060492365,0.5629791894543823,,
IDRiD_30_1536_2560,,,0.0,0.0,,,,
IDRiD_30_1536_512,0.0,0.0,0.0,0.0,0.26599226419916716,0.2176241479932997,,
IDRiD_30_2048_2048,0.8071816804739945,0.8540586405123591,0.0,0.0,,,,
IDRiD_30_2048_2560,,,,,,,0.7674719585684324,0.7843915343569493
IDRiD_30_512_1024,0.0,0.0,,,,,,
IDRiD_30_512_2560,,,0.0,0.0,,,,
IDRiD_30_512_512,0.0,0.0,,,,,,
IDRiD_31_0_1024,,,0.0,0.0,,,,
IDRiD_31_0_1536,0.687462911580107,0.8259596115275707,0.0,0.0,0.3739156151401128,0.418422504132174,0.8821553566793927,0.8802737671063179
IDRiD_31_0_2048,0.5688096539521136,0.48947101815985616,0.0,0.0,0.537648540602718,0.6116371791600843,0.7627620443183666,0.7523449943933916
IDRiD_31_0_2560,0.7756627498154256,0.6792965716150045,0.0,0.0,0.3988350705027769,0.40529595014313724,0.8068997300624998,0.9135360763131554
IDRiD_31_0_3072,0.8356091126213568,0.8303103301627439,,,,,0.8609779693055923,0.8636173168937573
IDRiD_31_0_512,,,0.0,0.0,,,,
IDRiD_31_1024_0,,,0.0,0.0,,,0.0,0.0
IDRiD_31_1024_1536,0.8895594878837834,0.9524883849856557,0.0,0.0,0.6610282661869499,0.7638888888757907,,
IDRiD_31_1024_2048,,,0.0,0.0,0.5743611404410798,0.5984508405897504,,
IDRiD_31_1024_2560,0.0,0.0,,,,,,
IDRiD_31_1024_3072,0.0,0.0,,,,,,
IDRiD_31_1024_512,0.0,0.0,,,,,0.0,0.0
IDRiD_31_1536_0,0.2540263252067681,0.3308815912117385,,,,,0.19155484426876906,0.11105163615561842
IDRiD_31_1536_1024,0.6413807358346281,0.5163920785402498,,,0.4270718231926223,0.497425997393988,,
IDRiD_31_1536_1536,0.6070350347496521,0.5615744349108654,0.0,0.0,,,,
IDRiD_31_1536_2048,0.0,0.0,,,0.3744785275981723,0.39048106446312786,,
IDRiD_31_1536_2560,,,,,0.40792465084742047,0.5190082644199167,,
IDRiD_31_1536_512,0.7714860447554149,0.8277666864467287,0.0,0.0,0.0,0.0,0.0,0.0
IDRiD_31_2048_1024,,,0.0,0.0,,,,
IDRiD_31_2048_2048,,,,,0.0,0.0,,
IDRiD_31_512_0,0.7464684798611297,0.6960581932498175,,,0.0,0.0,,
IDRiD_31_512_1024,0.6446437468826873,0.9279873762598194,,,,,,
IDRiD_31_512_1536,0.4312252139338087,0.3399144455301114,0.0,0.0,,,,
IDRiD_31_512_2048,0.0,0.0,0.0,0.0,0.1874197689265118,0.14407894735894217,,
IDRiD_31_512_2560,0.0,0.0,0.0,0.0,0.361533068469718,0.3738521024559243,,
IDRiD_31_512_3072,0.6773445101363869,0.727725956887621,,,,,0.0,0.0
IDRiD_31_512_512,0.7433526278146269,0.8084775520400879,0.0,0.0,0.0,0.0,,
IDRiD_32_0_1024,0.8473181484140535,0.9048964218313733,,,,,,
IDRiD_32_0_2048,,,0.0,0.0,,,0.525018953742892,0.7161323681118856
IDRiD_32_0_2560,,,,,,,0.6632100086951789,0.970150714416029
IDRiD_32_0_512,0.0,0.0,,,,,,
IDRiD_32_1024_2048,,,0.0,0.0,0.6819984139030929,0.5555555554837783,,
IDRiD_32_1024_2560,0.0,0.0,,,0.6700943835925919,0.7595760137341184,,
IDRiD_32_1024_3072,0.0,0.0,0.0,0.0,0.6797768860942895,0.8708106559697291,,
IDRiD_32_1536_0,0.18369900725633018,0.11396335782927271,,,,,,
IDRiD_32_1536_1024,,,,,0.6863232681938486,0.7396630933866898,,
IDRiD_32_1536_2048,,,,,0.0,0.0,,
IDRiD_32_1536_2560,,,,,0.48972718086348116,0.594764112337203,,
IDRiD_32_1536_3072,,,,,0.5262390670477225,0.7257740249004514,,
IDRiD_32_1536_512,0.0,0.0,,,,,,
IDRiD_32_2048_0,0.0,0.0,,,,,,
IDRiD_32_2048_1024,0.8141856425706434,0.8635167415649884,,,,,0.6668868703440647,0.9758337360572338
IDRiD_32_2048_1536,0.0,0.0,0.0,0.0,,,,
IDRiD_32_2048_2048,0.6142083465876328,0.5196765498372142,,,,,0.763429488345562,0.7839275014920316
IDRiD_32_2048_2560,0.7286699507341302,0.6938954215574944,,,,,,
IDRiD_32_2048_3072,0.0,0.0,0.0,0.0,,,,
IDRiD_32_2048_512,0.8995580311140063,0.9748064558328985,,,,,0.8170386977208592,0.9985704074100888
IDRiD_32_512_1024,0.0,0.0,,,,,,
IDRiD_32_512_2048,,,,,0.258547008519386,0.8521126754562587,,
IDRiD_32_512_2560,,,0.0,0.0,0.47705516628601075,0.579964007191602,0.7875141030403345,0.8912155260318145
IDRiD_32_512_3072,,,,,0.5421403107517176,0.8064838903180612,,
IDRiD_32_512_512,0.0,0.0,,,,,,
IDRiD_33_0_1024,0.6878504672713525,0.5551724137691736,,,0.0,0.0,,
IDRiD_33_0_1536,0.6467184658585622,0.6888941065897053,0.0,0.0,,,,
IDRiD_33_0_2048,0.0,0.0,0.0,0.0,,,,
IDRiD_33_0_2560,0.4589943104265248,0.4261874197675317,0.0,0.0,,,,
IDRiD_33_0_3072,0.2839098186070066,0.6072887213129976,0.0,0.0,,,,
IDRiD_33_1024_0,0.754083857307485,0.8340672398068493,,,0.0,0.0,,
IDRiD_33_1024_1024,0.7418812494403868,0.8292779426146533,0.0,0.0,0.0,0.0,,
IDRiD_33_1024_1536,0.5689587810091377,0.7636339800634028,0.0,0.0,0.3188015485581653,0.5190463140444219,,
IDRiD_33_1024_2048,0.30089973100546424,0.24144090502766538,0.0,0.0,0.3584853125410101,0.3977448254495251,,
IDRiD_33_1024_2560,0.6455023044424356,0.6492058346797458,0.0,0.0,0.17903322060515153,0.16562384982828032,,
IDRiD_33_1024_3072,0.7728431094927734,0.8513364364851895,0.0,0.0,0.0,0.0,,
IDRiD_33_1024_3584,,,0.0,0.0,,,,
IDRiD_33_1024_512,0.7613606552576402,0.7490250057309645,,,0.0,0.0,,
IDRiD_33_1536_0,,,0.0,0.0,0.0,0.0,,
IDRiD_33_1536_1024,0.23860967590257928,0.33802281368178666,0.0,0.0,0.10246020260195485,0.07165991902543888,,
IDRiD_33_1536_1536,0.5520265465684756,0.45666666665771244,0.0,0.0,0.4376270075356432,0.49182260202605244,,
IDRiD_33_1536_2048,0.0,0.0,0.0,0.0,0.2997130876175248,0.3241307979924884,,
IDRiD_33_1536_2560,0.0,0.0,0.0,0.0,0.2694339622590673,0.23129251699931028,,
IDRiD_33_1536_3072,0.5232914647387831,0.45694792296004016,0.0,0.0,,,,
IDRiD_33_1536_3584,0.5153488371853326,0.42713955278125365,,,,,,
IDRiD_33_1536_512,0.6161199000822379,0.5171073964317182,,,0.0,0.0,,
IDRiD_33_2048_1024,,,0.0,0.0,0.31728045322782994,0.4107579461098391,,
IDRiD_33_2048_1536,0.44531533492673403,0.5117597998246579,0.0,0.0,0.0,0.0,,
IDRiD_33_2048_2048,0.40724637680421655,0.33058823528439446,0.0,0.0,0.3037771659218269,0.7317450096493014,,
IDRiD_33_2048_2560,0.7000315756125666,0.9015860105367391,0.0,0.0,0.2709514807642753,0.36317567561432845,,
IDRiD_33_2048_3072,0.17672790899591181,0.1823104692811714,0.0,0.0,,,,
IDRiD_33_2048_512,0.6794163549417113,0.6949624974625229,0.0,0.0,0.17965294317183897,0.48979591827647573,0.722521237269162,0.9999999999820499
IDRiD_33_512_0,0.5382558617797382,0.4110901665031246,,,,,,
IDRiD_33_512_1536,0.8602697643120997,0.9312064844546273,0.0,0.0,0.2529832935500481,0.31085043986446625,,
IDRiD_33_512_2048,0.7089598548845466,0.6042474707732668,0.0,0.0,0.38150448584704616,0.3543589743498882,,
IDRiD_33_512_2560,0.5364068788863607,0.6458908535472837,0.0,0.0,0.0,0.0,,
IDRiD_33_512_3072,0.32054727583418396,0.24444168425978832,0.0,0.0,,,,
IDRiD_33_512_512,0.548671016330741,0.4805184844264418,0.0,0.0,,,,
IDRiD_34_0_1024,0.7623430543706551,0.931996086094276,0.0,0.0,0.0,0.0,,
IDRiD_34_0_1536,,,0.0,0.0,,,,
IDRiD_34_0_2048,0.5365568544073509,0.41233156390026676,,,,,,
IDRiD_34_0_2560,0.0,0.0,,,0.0,0.0,,
IDRiD_34_0_3072,,,0.0,0.0,0.0,0.0,,
IDRiD_34_0_512,0.05664488017252895,0.030516431923859277,,,,,,
IDRiD_34_1024_1024,,,,,0.0,0.0,,
IDRiD_34_1024_1536,,,0.0,0.0,0.0,0.0,,
IDRiD_34_1024_2048,,,0.0,0.0,,,,
IDRiD_34_1024_3072,0.7470099679180398,0.680041525433478,0.0,0.0,0.6779540188793807,0.907010014262899,,
IDRiD_34_1024_3584,0.0,0.0,,,,,,
IDRiD_34_1024_512,,,,,0.0,0.0,,
IDRiD_34_1536_0,0.738731885433271,0.6770550094075364,,,,,,
IDRiD_34_1536_1024,0.35084815886012216,0.21295831239513016,0.0,0.0,0.045977011490729726,0.036101083028146685,,
IDRiD_34_1536_1536,0.550045745644098,0.3894791396633978,0.0,0.0,0.0,0.0,,
IDRiD_34_1536_2048,0.5780135004765862,0.5711835334367985,0.0,0.0,,,,
IDRiD_34_1536_3072,0.43274259698153905,0.27799666432941433,,,0.31999999999146667,0.34482758618707887,,
IDRiD_34_1536_3584,0.3666504144141078,0.2265060240827406,,,,,,
IDRiD_34_1536_512,0.7332396063456742,0.6768762978327972,0.0,0.0,,,,
IDRiD_34_2048_0,0.0,0.0,,,,,,
IDRiD_34_2048_1024,0.8185328184696113,0.9281961469477765,0.0,0.0,0.4026330224683141,0.5220483640793673,,
IDRiD_34_2048_1536,0.8138222541760598,0.7410522974337709,,,0.393223819281662,0.32320675102757745,,
IDRiD_34_2048_2048,0.44132821801241795,0.2926829268241326,0.0,0.0,0.0,0.0,,
IDRiD_34_2048_2560,0.6339918862738415,0.485330505476517,,,,,,
IDRiD_34_2048_3072,,,,,0.6890715667144809,0.6964809383823811,,
IDRiD_34_2048_512,0.7842688631259297,0.7706719959991473,0.0,0.0,0.0,0.0,,
IDRiD_34_512_1024,0.6980021681886609,0.6001198375522068,0.0,0.0,0.0,0.0,,
IDRiD_34_512_1536,0.2602016322486701,0.15139664803623482,0.0,0.0,0.5933734938865401,0.5580736542328403,,
IDRiD_34_512_2560,0.12921810699056716,0.06907171139159386,,,0.0,0.0,,
IDRiD_34_512_3072,0.5308826672343198,0.42070320438709635,0.0,0.0,0.0,0.0,,
IDRiD_34_512_3584,0.0,0.0,,,,,,
IDRiD_34_512_512,0.4705246078945696,0.3372419808104601,0.0,0.0,,,,
IDRiD_35_0_1024,,,0.0,0.0,0.0,0.0,,
IDRiD_35_0_1536,0.25574518418276554,0.27811466372401583,,,0.0,0.0,0.0,0.0
IDRiD_35_0_2048,0.9073014230262278,0.9285880732953531,0.0,0.0,,,0.0,0.0
IDRiD_35_0_2560,0.5610642741102906,0.8670810423037641,,,,,,
IDRiD_35_1024_0,0.6948505666128019,0.5858850904755653,,,,,,
IDRiD_35_1024_1024,0.29852316711022314,0.9552669552439811,,,,,,
IDRiD_35_1024_1536,0.2694699172432589,0.2652809582502617,,,0.0,0.0,0.4064845391743734,0.2631937020092993
IDRiD_35_1024_2048,0.7414615888427928,0.8138030194021382,0.0,0.0,0.6631840795996333,0.7655891040304759,,
IDRiD_35_1024_2560,0.36367118669967885,0.248098884155413,0.0,0.0,0.5495680789685403,0.5639510341678367,,
IDRiD_35_1024_3072,0.9047070711807573,0.8581618777984036,,,,,,
IDRiD_35_1024_512,0.5474835397773966,0.4128934522738109,0.0,0.0,,,,
IDRiD_35_1536_0,0.0,0.0,,,,,,
IDRiD_35_1536_1024,,,0.0,0.0,,,,
IDRiD_35_1536_1536,,,0.0,0.0,,,,
IDRiD_35_1536_2048,,,0.0,0.0,0.4022077554429351,0.44406249998612307,,
IDRiD_35_1536_2560,0.0,0.0,0.0,0.0,0.25375170528598207,0.19829424302808224,,
IDRiD_35_1536_3072,0.5561398849038404,0.702608384409187,,,,,,
IDRiD_35_1536_512,0.8504794246882479,0.7627877810590218,,,,,,
IDRiD_35_2048_1024,,,,,,,0.8838654478277846,0.7918986524587114
IDRiD_35_2048_2048,0.8796659707650967,0.8357664233444023,0.0,0.0,0.0,0.0,,
IDRiD_35_2048_512,0.420837076572926,0.9999999999937214,,,,,0.7741315639331848,0.8796397379852644
IDRiD_35_512_0,0.0,0.0,,,,,,
IDRiD_35_512_1024,,,0.0,0.0,,,,
IDRiD_35_512_1536,0.15187310158366735,0.08217677136445989,,,0.0,0.0,0.9630051223494023,0.9580973952073198
IDRiD_35_512_2048,0.798981385020889,0.7944420030535617,0.0,0.0,0.0,0.0,0.0,0.0
IDRiD_35_512_2560,0.4467205750144345,0.4230769230625229,0.0,0.0,,,,
IDRiD_35_512_512,0.17984943796865163,0.2412838959534786,0.0,0.0,,,,
IDRiD_36_0_1024,,,0.0,0.0,,,,
IDRiD_36_0_1536,0.6003320683040757,0.7056035684219235,0.0,0.0,0.33454766240635864,0.3105975197119167,,
IDRiD_36_1024_1024,,,0.0,0.0,0.0,0.0,,
IDRiD_36_1024_1536,0.7838957963137183,0.9683081423223644,0.0,0.0,0.0,0.0,,
IDRiD_36_1024_2048,,,0.0,0.0,,,,
IDRiD_36_1024_3584,0.0,0.0,,,,,,
IDRiD_36_1024_512,0.39220615963569433,0.34802007806201785,0.0,0.0,,,,
IDRiD_36_1536_1024,,,0.0,0.0,0.0,0.0,,
IDRiD_36_1536_1536,0.8558029614827525,0.8328302429148136,,,,,,
IDRiD_36_1536_2048,0.5322161224925682,0.40359333915847534,,,,,,
IDRiD_36_1536_3584,0.0,0.0,,,,,,
IDRiD_36_1536_512,0.0,0.0,0.0,0.0,0.0,0.0,,
IDRiD_36_2048_1024,,,0.0,0.0,0.37448979589926074,0.6220338981996553,,
IDRiD_36_2048_1536,,,0.0,0.0,,,,
IDRiD_36_2048_3072,0.7030305591937465,0.6639655103562174,,,,,,
IDRiD_36_2048_512,0.6976921125957686,0.5942968243552755,0.0,0.0,,,,
IDRiD_36_512_1024,,,0.0,0.0,,,,
IDRiD_36_512_1536,,,0.0,0.0,0.2589758681501184,0.3545527799875461,,
IDRiD_36_512_2048,,,0.0,0.0,0.0,0.0,,
IDRiD_37_0_1024,0.8319223054980852,0.9165852523800112,,,0.0,0.0,,
IDRiD_37_0_1536,,,0.0,0.0,,,,
IDRiD_37_0_2048,,,0.0,0.0,0.0,0.0,,
IDRiD_37_1024_1024,,,0.0,0.0,,,,
IDRiD_37_1024_1536,0.0,0.0,0.0,0.0,0.5620189028521776,0.6586730615432377,,
IDRiD_37_1024_2048,,,0.0,0.0,0.6275440431154873,0.7091818181753711,,
IDRiD_37_1024_2560,,,0.0,0.0,0.0,0.0,,
IDRiD_37_1024_3072,,,0.0,0.0,,,,
IDRiD_37_1536_1536,,,0.0,0.0,,,,
IDRiD_37_1536_2048,0.5802662489984234,0.4089403973284249,,,0.0,0.0,,
IDRiD_37_1536_2560,,,0.0,0.0,0.0,0.0,,
IDRiD_37_1536_3072,0.69476891819732,0.5886402753366058,0.0,0.0,0.0,0.0,,
IDRiD_37_1536_512,0.0,0.0,,,,,,
IDRiD_37_2048_3072,,,0.0,0.0,,,,
IDRiD_37_2048_512,0.8852082650000809,0.9286615437443667,,,,,,
IDRiD_37_512_1536,0.0,0.0,,,0.16864295124424056,0.14735226399483098,,
IDRiD_37_512_2048,0.5849389987329833,0.4133666309856895,0.0,0.0,0.5473864610017586,0.46009795446672147,,
IDRiD_37_512_2560,,,0.0,0.0,0.0,0.0,,
IDRiD_38_0_2048,,,0.0,0.0,,,,
IDRiD_38_0_2560,,,0.0,0.0,,,,
IDRiD_38_0_512,,,,,0.0,0.0,,
IDRiD_38_1024_1024,,,0.0,0.0,0.0,0.0,,
IDRiD_38_1024_1536,0.0,0.0,0.0,0.0,,,,
IDRiD_38_1024_2048,,,0.0,0.0,,,,
IDRiD_38_1024_3072,,,0.0,0.0,,,,
IDRiD_38_1536_1024,,,0.0,0.0,0.0,0.0,,
IDRiD_38_1536_1536,,,0.0,0.0,0.45469924811602724,0.4075821398414898,,
IDRiD_38_1536_2048,,,0.0,0.0,0.0,0.0,,
IDRiD_38_1536_2560,,,0.0,0.0,,,,
IDRiD_38_1536_3072,,,,,,,0.7307863171869481,0.9373219373041345
IDRiD_38_2048_1024,,,0.0,0.0,0.146793852672316,0.24066029537439962,,
IDRiD_38_2048_1536,,,0.0,0.0,0.0,0.0,,
IDRiD_38_2048_2048,0.45549074308324256,0.5323058683896768,,,,,,
IDRiD_38_512_1024,,,0.0,0.0,0.0,0.0,,
IDRiD_38_512_1536,,,0.0,0.0,0.0,0.0,,
IDRiD_38_512_2560,0.7658058771012324,0.9835315644563801,0.0,0.0,0.0,0.0,,
IDRiD_38_512_3072,,,0.0,0.0,,,0.8898529256131984,0.9520036223609387
IDRiD_39_0_1024,0.6475984889193849,0.7462686566700081,0.0,0.0,,,0.40450501608551476,0.6976820110774509
IDRiD_39_0_1536,0.0,0.0,0.0,0.0,0.0,0.0,,
IDRiD_39_0_2048,0.3811360448741035,0.23548526862574773,0.0,0.0,,,,
IDRiD_39_0_2560,0.7513088379413562,0.9076416565534128,,,,,0.7812437909640126,0.9208430912917639
IDRiD_39_0_3072,0.8291376539681539,0.7117241378983116,,,,,,
IDRiD_39_0_512,0.7725118483107223,0.9673590503494205,0.0,0.0,0.0,0.0,0.677176703749033,0.9357649694891602
IDRiD_39_1024_0,0.7813924249506412,0.9959935897236379,0.0,0.0,,,,
IDRiD_39_1024_1024,0.4773086475394602,0.5163654127739928,0.0,0.0,0.0,0.0,,
IDRiD_39_1024_1536,0.13653541387130883,0.12469383210588525,0.0,0.0,0.3485546711207141,0.3701067615329086,,
IDRiD_39_1024_2048,0.5263023493293373,0.6804225816876718,0.0,0.0,0.3615384615230112,0.5254658384440415,,
IDRiD_39_1024_3072,0.0,0.0,0.0,0.0,0.0,0.0,,
IDRiD_39_1024_3584,0.6306762814241642,0.9821536967223241,,,0.0,0.0,,
IDRiD_39_1024_512,0.36493119044976485,0.4787878787757882,0.0,0.0,0.0,0.0,,
IDRiD_39_1536_0,,,0.0,0.0,,,,
IDRiD_39_1536_1024,0.42559930890198255,0.28005684509445705,0.0,0.0,0.0,0.0,,
IDRiD_39_1536_1536,0.11959233126562901,0.3529659234180494,0.0,0.0,0.3616830796669149,0.35605170385687124,,
IDRiD_39_1536_2048,0.3997485331081318,0.819838404661856,0.0,0.0,,,,
IDRiD_39_1536_2560,0.5463333333287805,0.9978691019483146,0.0,0.0,,,,
IDRiD_39_1536_3072,0.48525079246509323,0.34687566645155216,0.0,0.0,0.0,0.0,,
IDRiD_39_1536_512,0.47491367051645517,0.35716468071013857,0.0,0.0,,,,
IDRiD_39_2048_0,0.0,0.0,,,,,,
IDRiD_39_2048_1024,0.5414155329743332,0.7846921796874428,0.0,0.0,0.0,0.0,0.024469450947628806,0.012386268063212889
IDRiD_39_2048_1536,0.3825645366019618,0.6126736699216309,0.0,0.0,0.0,0.0,,
IDRiD_39_2048_2048,0.38885830672257116,0.38491717523136626,0.0,0.0,,,,
IDRiD_39_2048_2560,0.7385775543384249,0.6158113730910285,0.0,0.0,,,,
IDRiD_39_2048_3072,0.6079951513911765,0.7561082846507373,,,,,0.8111464672964529,0.8830889277486674
IDRiD_39_2048_512,0.675584856144028,0.8490869600124761,0.0,0.0,0.0,0.0,0.0,0.0
IDRiD_39_512_0,,,0.0,0.0,,,,
IDRiD_39_512_1024,0.5341122169315804,0.6540091840281348,0.0,0.0,0.18607211670283313,0.12371888725755056,,
IDRiD_39_512_1536,0.5086310821542857,0.5425147734704393,0.0,0.0,0.055626598463694804,0.031016042779642924,,
IDRiD_39_512_2048,0.5411398204091887,0.625238196048587,0.0,0.0,0.2381267363376356,0.467289719601906,,
IDRiD_39_512_2560,0.4972947541637898,0.5688912809166367,0.0,0.0,,,0.16500711237472404,0.9999999999405469
IDRiD_39_512_512,0.5723137126986667,0.5856507230190695,0.0,0.0,0.0,0.0,,
IDRiD_40_0_1024,0.3364485981187474,0.293785310716021,0.0,0.0,,,,
IDRiD_40_0_1536,0.0,0.0,0.0,0.0,,,,
IDRiD_40_0_2048,,,0.0,0.0,0.48533663774798286,0.39030061450937886,,
IDRiD_40_1024_0,,,0.0,0.0,0.0,0.0,,
IDRiD_40_1024_2048,,,0.0,0.0,0.0,0.0,,
IDRiD_40_1024_2560,,,0.0,0.0,0.0,0.0,,
IDRiD_40_1024_3072,,,0.0,0.0,,,,
IDRiD_40_1536_1536,,,,,0.0,0.0,,
IDRiD_40_1536_2048,,,0.0,0.0,0.0,0.0,,
IDRiD_40_1536_2560,,,0.0,0.0,,,,
IDRiD_40_1536_3072,,,0.0,0.0,,,,
IDRiD_40_1536_512,,,,,0.0,0.0,,
IDRiD_40_2048_1024,,,0.0,0.0,,,,
IDRiD_40_2048_1536,0.0,0.0,0.0,0.0,,,,
IDRiD_40_2048_2048,,,0.0,0.0,0.0,0.0,,
IDRiD_40_2048_2560,,,0.0,0.0,,,,
IDRiD_40_2048_3072,,,0.0,0.0,,,,
IDRiD_40_2048_512,,,0.0,0.0,,,,
IDRiD_40_512_1536,,,0.0,0.0,,,,
IDRiD_40_512_2048,,,,,0.0,0.0,,
IDRiD_40_512_2560,,,0.0,0.0,0.0,0.0,,
IDRiD_41_0_3072,,,0.0,0.0,,,,
IDRiD_41_1024_1024,0.0,0.0,0.0,0.0,,,,
IDRiD_41_1024_1536,,,0.0,0.0,0.0,0.0,,
IDRiD_41_1024_2048,,,,,0.48577190229698025,0.49071978268489275,,
IDRiD_41_1024_512,,,,,0.0,0.0,,
IDRiD_41_1536_1024,,,,,0.11176470586591696,0.0824295010667181,,
IDRiD_41_1536_3072,0.009722222221547068,0.0049365303240524305,0.0,0.0,,,,
IDRiD_41_1536_3584,0.0,0.0,,,,,,
IDRiD_41_1536_512,,,,,0.0,0.0,,
IDRiD_41_2048_1024,0.0,0.0,0.0,0.0,,,,
IDRiD_41_2048_2048,,,0.0,0.0,,,,
IDRiD_41_2048_2560,,,0.0,0.0,,,,
IDRiD_41_512_1536,,,0.0,0.0,0.52251250691926,0.999999999787234,,
IDRiD_41_512_2048,,,,,0.0,0.0,,
IDRiD_41_512_3072,,,,,0.0,0.0,,
IDRiD_42_0_1024,,,,,0.0,0.0,,
IDRiD_42_0_512,0.0,0.0,0.0,0.0,,,,
IDRiD_42_1024_0,,,0.0,0.0,0.3299999999902941,0.2592421441654694,,
IDRiD_42_1024_1536,,,0.0,0.0,,,,
IDRiD_42_1024_2048,,,,,0.4724019794352417,0.4903200315886875,,
IDRiD_42_1024_2560,,,,,0.41343150378833743,0.4611747137764765,,
IDRiD_42_1024_3072,,,,,0.0,0.0,,
IDRiD_42_1024_512,,,,,0.0,0.0,,
IDRiD_42_1536_0,0.42829331600075965,0.40892193303483,,,,,,
IDRiD_42_1536_1536,,,0.0,0.0,,,,
IDRiD_42_1536_2048,,,0.0,0.0,0.10413885179545133,0.06098514463948513,,
IDRiD_42_1536_2560,,,,,0.0,0.0,,
IDRiD_42_2048_1536,,,0.0,0.0,,,,
IDRiD_42_2048_2048,,,,,0.0,0.0,,
IDRiD_42_2048_2560,,,0.0,0.0,0.0,0.0,,
IDRiD_42_512_1536,,,0.0,0.0,,,,
IDRiD_42_512_2048,,,0.0,0.0,,,,
IDRiD_42_512_2560,,,,,0.5554306063135815,0.5495086222830566,,
IDRiD_42_512_3072,,,,,0.0,0.0,,
IDRiD_42_512_512,0.5254138266694175,0.43264913404641925,,,0.0,0.0,,
IDRiD_43_1024_2048,,,,,0.7392069075771793,0.6930341794888415,,
IDRiD_43_1024_2560,,,0.0,0.0,0.609007004674519,0.7178741189939442,,
IDRiD_43_1024_3072,,,,,0.0,0.0,,
IDRiD_43_1024_3584,,,,,0.0,0.0,,
IDRiD_43_1536_2048,,,,,0.49796938455176604,0.4219163578389668,,
IDRiD_43_1536_2560,,,,,0.6604295942689239,0.7430719656203751,,
IDRiD_43_512_2048,,,,,0.5868431608386112,0.7441505594738479,,
IDRiD_43_512_2560,,,,,0.0,0.0,,
IDRiD_43_512_3072,,,,,0.0,0.0,,
IDRiD_44_0_1024,,,0.0,0.0,,,,
IDRiD_44_0_2560,,,,,0.6348556215311314,0.6978838360784384,,
IDRiD_44_0_3072,,,,,0.0,0.0,,
IDRiD_44_0_512,,,,,0.4864603481389526,0.4785918172713043,,
IDRiD_44_1024_0,,,,,0.0,0.0,,
IDRiD_44_1024_1024,,,0.0,0.0,0.0,0.0,,
IDRiD_44_1024_1536,,,,,0.0,0.0,,
IDRiD_44_1024_3072,,,,,0.2507645259555406,0.18101545249867207,,
IDRiD_44_1024_512,,,,,0.0,0.0,,
IDRiD_44_1536_1024,0.6081504702067262,0.5591852420999545,,,0.4314985938041081,0.3556291390610719,,
IDRiD_44_1536_1536,,,,,0.0,0.0,,
IDRiD_44_1536_2560,,,,,0.0,0.0,,
IDRiD_44_1536_3072,,,,,0.0,0.0,,
IDRiD_44_1536_512,,,0.0,0.0,0.0,0.0,,
IDRiD_44_2048_1024,,,,,0.0,0.0,,
IDRiD_44_2048_1536,0.7300587741240542,0.7263993316321471,,,0.2485681557704142,0.15839416057237998,,
IDRiD_44_2048_512,,,0.0,0.0,0.44077580235256997,0.4303911622091039,,
IDRiD_44_512_1024,,,0.0,0.0,,,,
IDRiD_44_512_1536,0.6620616365216757,0.6853685367782874,0.0,0.0,,,,
IDRiD_44_512_2048,,,,,0.4318936876837268,0.2754237287941085,,
IDRiD_44_512_2560,,,0.0,0.0,0.42836041352609155,0.8734939753774132,,
IDRiD_44_512_512,,,0.0,0.0,,,,
IDRiD_45_0_1024,,,0.0,0.0,0.2185833967928948,0.1520932697322685,,
IDRiD_45_0_1536,0.8303768557258074,0.8592925234313457,0.0,0.0,0.5541771244153668,0.6631199588067348,,
IDRiD_45_0_2048,,,,,0.0,0.0,,
IDRiD_45_0_2560,,,,,0.5872340425254263,0.68847006644252,,
IDRiD_45_0_512,,,,,0.0,0.0,,
IDRiD_45_1024_1024,0.0,0.0,0.0,0.0,0.0,0.0,,
IDRiD_45_1024_2560,,,,,0.033717834958575076,0.017568192324661665,,
IDRiD_45_1024_512,,,,,0.6675649663009131,0.6340036562839487,,
IDRiD_45_1536_0,,,0.0,0.0,,,,
IDRiD_45_1536_1024,,,0.0,0.0,0.08537030280607916,0.05086956521517959,,
IDRiD_45_1536_1536,,,,,0.0,0.0,,
IDRiD_45_1536_2048,,,0.0,0.0,,,,
IDRiD_45_1536_2560,,,,,0.0,0.0,,
IDRiD_45_1536_3072,,,,,0.0,0.0,,
IDRiD_45_1536_512,,,0.0,0.0,0.46774058926243434,0.45442750566891943,,
IDRiD_45_2048_1024,0.0,0.0,0.0,0.0,0.0,0.0,,
IDRiD_45_2048_1536,,,0.0,0.0,,,,
IDRiD_45_2048_2560,,,,,0.0,0.0,,
IDRiD_45_2048_512,,,,,0.5521146561465532,0.7511422803022936,,
IDRiD_45_512_1024,,,0.0,0.0,0.4848026614171359,0.45931232090374463,,
IDRiD_45_512_1536,,,,,0.0,0.0,,
IDRiD_45_512_2560,,,,,0.0,0.0,,
IDRiD_45_512_512,,,,,0.17973568280354751,0.12718204487192245,,
IDRiD_46_0_1024,,,0.0,0.0,,,,
IDRiD_46_0_1536,0.0,0.0,,,,,,
IDRiD_46_1024_1024,0.7284591823048547,0.6659362064605324,0.0,0.0,0.0,0.0,,
IDRiD_46_1024_1536,0.5598323762211705,0.6018437408726407,0.0,0.0,0.5685870652604937,0.6175775007950298,,
IDRiD_46_1024_2048,0.7438327864845551,0.7623614397760471,0.0,0.0,0.0,0.0,,
IDRiD_46_1536_1024,0.529504515263369,0.6640699904043136,0.0,0.0,,,,
IDRiD_46_1536_1536,0.7319148935987005,0.7602704107768969,0.0,0.0,0.0,0.0,,
IDRiD_46_1536_2048,0.7495235727835816,0.6792311157729505,0.0,0.0,,,,
IDRiD_46_1536_512,0.8165186867610302,0.738201911583496,,,,,,
IDRiD_46_2048_1024,0.7460292646311499,0.6924059081260195,0.0,0.0,,,0.0,0.0
IDRiD_46_2048_1536,0.6689895470318525,0.6095238095130595,0.0,0.0,,,,
IDRiD_46_2048_2048,0.08649011062398626,0.0451997196900771,0.0,0.0,0.0,0.0,0.0,0.0
IDRiD_46_2048_2560,,,,,,,0.0,0.0
IDRiD_46_2048_3072,0.6179500611086262,0.5328214393174824,0.0,0.0,,,0.0,0.0
IDRiD_46_2048_512,0.8347409687667147,0.817975558186882,0.0,0.0,0.0,0.0,0.6049770596434146,0.43371469431378723
IDRiD_46_512_1024,0.7861696628522993,0.7978549778410136,0.0,0.0,,,,
IDRiD_46_512_1536,0.7556699492674656,0.6722415795564219,0.0,0.0,0.15331196581114684,0.3739900964197553,0.4854019974649106,0.32508582928722196
IDRiD_46_512_2048,0.4699294898333686,0.3476526541830676,0.0,0.0,0.0,0.0,0.3470344088854327,0.21069744756607547
IDRiD_47_0_1024,0.0,0.0,,,0.3884892086156255,0.3864042933464754,,
IDRiD_47_0_1536,,,,,0.3574407667019483,0.3146383377548096,,
IDRiD_47_0_2048,,,0.0,0.0,0.0,0.0,,
IDRiD_47_0_2560,0.6669250145191451,0.6385899814234289,0.0,0.0,,,0.8714531106708623,0.9992891205799612
IDRiD_47_0_512,,,,,0.0,0.0,,
IDRiD_47_1024_0,,,,,0.7441941679632583,0.8466428287307651,,
IDRiD_47_1024_1024,0.0,0.0,,,,,,
IDRiD_47_1024_2048,,,0.0,0.0,0.025344081101014916,0.5164992826028336,,
IDRiD_47_1024_3072,0.0,0.0,,,,,,
IDRiD_47_1024_3584,,,0.0,0.0,,,,
IDRiD_47_1024_512,,,0.0,0.0,0.5897123041337345,0.6137138274369196,,
IDRiD_47_1536_0,,,0.0,0.0,,,,
IDRiD_47_1536_1024,,,,,0.03019043195470993,0.016021690904214403,,
IDRiD_47_1536_1536,,,,,0.0,0.0,,
IDRiD_47_1536_3072,0.7736961049285519,0.745898837997728,,,,,,
IDRiD_47_1536_512,,,0.0,0.0,,,,
IDRiD_47_2048_0,,,,,0.0,0.0,,
IDRiD_47_2048_1536,0.29881622801633356,0.71154898737211,,,,,,
IDRiD_47_2048_2048,0.0,0.0,,,,,,
IDRiD_47_2048_2560,0.0,0.0,0.0,0.0,,,,
IDRiD_47_2048_512,,,,,0.5335892514054005,0.7128205126986632,,
IDRiD_47_512_0,,,,,0.0,0.0,,
IDRiD_47_512_1024,,,0.0,0.0,,,,
IDRiD_47_512_1536,,,0.0,0.0,,,,
IDRiD_47_512_2048,,,,,0.5492988133646322,0.5083865814493456,,
IDRiD_47_512_2560,,,,,0.6100329549392153,0.6310606060127985,,
IDRiD_47_512_512,,,0.0,0.0,0.35724907062532996,0.41191598798062945,,
IDRiD_48_0_1536,,,0.0,0.0,,,,
IDRiD_48_0_2048,0.5006896551695362,0.3933893253825215,0.0,0.0,0.0,0.0,,
IDRiD_48_0_2560,0.0,0.0,0.0,0.0,0.5272856130362447,0.5060459492063778,,
IDRiD_48_0_3072,,,0.0,0.0,,,,
IDRiD_48_1024_0,0.0,0.0,0.0,0.0,,,,
IDRiD_48_1024_1024,0.0,0.0,0.0,0.0,0.0,0.0,0.7977292965253835,0.9867819573663777
IDRiD_48_1024_1536,0.038272592253865687,0.13357256777776824,,,0.194999999975625,0.16182572610750504,,
IDRiD_48_1024_2048,0.11753509398021048,0.2914110429413472,0.0,0.0,0.7361462902283552,0.773464883801461,,
IDRiD_48_1024_2560,0.3308766485583616,0.3319066147730776,0.0,0.0,0.6497788012841144,0.7694847136482238,,
IDRiD_48_1024_3072,0.2942814704762878,0.179827547082144,0.0,0.0,0.5779888326432292,0.7180085569724102,,
IDRiD_48_1024_512,0.5040322580543543,0.42329834065617006,,,,,,
IDRiD_48_1536_1024,,,,,0.3053486797528171,0.22209455022616392,0.7173543501666303,0.9024105753925968
IDRiD_48_1536_1536,0.4663409337549853,0.6220130339882683,0.0,0.0,0.5859969558585759,0.6415998333473513,,
IDRiD_48_1536_2048,,,,,0.5639302059476404,0.5912430649228426,,
IDRiD_48_1536_2560,0.782916052996085,0.6900311526121479,0.0,0.0,0.6463256555976895,0.8193999662867882,,
IDRiD_48_1536_3072,0.15710618078646163,0.08867165534803118,0.0,0.0,0.0,0.0,0.0,0.0
IDRiD_48_1536_512,0.0,0.0,0.0,0.0,0.6687725631618057,0.8960096734645701,,
IDRiD_48_2048_1024,,,0.0,0.0,0.7434932067319775,0.6652021089436086,0.7831334683040682,0.8179747864919237
IDRiD_48_2048_1536,,,,,0.37815619492788277,0.44660194168563083,,
IDRiD_48_2048_2048,0.0,0.0,0.0,0.0,0.4401182848585481,0.7587085810740264,,
IDRiD_48_2048_2560,0.49007383100500346,0.443175074177401,0.0,0.0,0.6685829261089801,0.9839255498321551,,
IDRiD_48_2048_3072,0.0,0.0,0.0,0.0,,,,
IDRiD_48_2048_512,0.551508163584075,0.67876664330526,,,0.30585424132593175,0.2949308755533847,,
IDRiD_48_512_1024,0.0,0.0,0.0,0.0,0.0,0.0,0.0,0.0
IDRiD_48_512_1536,0.30143266474780994,0.18308388443497794,0.0,0.0,0.5427010923400521,0.7632681563712801,0.6365600559914897,0.6393031784801998
IDRiD_48_512_2048,0.0,0.0,0.0,0.0,0.5742057159416284,0.7324882020844592,,
IDRiD_48_512_2560,0.628044717551536,0.5225130890020171,0.0,0.0,0.375325455630376,0.37797498990004136,,
IDRiD_48_512_3072,0.45968375993308563,0.47311634597243096,0.0,0.0,0.0,0.0,,
IDRiD_48_512_512,,,0.0,0.0,,,,
IDRiD_49_0_1024,0.10923735212410679,0.061316756144071304,0.0,0.0,0.38345290794713094,0.3869377695506181,,
IDRiD_49_0_1536,0.0,0.0,0.0,0.0,0.4786299978196166,0.5512284806860901,0.9117896522089997,0.8913764510040317
IDRiD_49_0_2048,0.0,0.0,0.0,0.0,0.18429591173366022,0.16099773240805015,,
IDRiD_49_0_2560,0.24710080285183872,0.6057955166426574,0.0,0.0,0.19400544958070814,0.14920368816854956,,
IDRiD_49_0_3072,0.3537559935879725,0.21671018275347845,0.0,0.0,0.0,0.0,,
IDRiD_49_0_512,0.39073359070341823,0.32025316451642366,,,0.0,0.0,,
IDRiD_49_1024_1024,0.39711191333948054,0.464135021048087,0.0,0.0,0.565571431705701,0.6708320316532811,,
IDRiD_49_1024_1536,0.0,0.0,0.0,0.0,0.5403981771861792,0.631719667811903,,
IDRiD_49_1024_2048,,,0.0,0.0,0.4913938575740162,0.6327683615727544,,
IDRiD_49_1024_2560,,,,,0.4438251175676045,0.5599999999753846,,
IDRiD_49_1024_3072,,,0.0,0.0,0.24919614146908378,0.42234332419314125,,
IDRiD_49_1024_512,0.6892144638296569,0.7976190475902736,,,0.16879744306663205,0.12444771722938958,,
IDRiD_49_1536_1024,0.6372124041325868,0.8686363636284669,0.0,0.0,0.7814987647435974,0.75019762843873,,
IDRiD_49_1536_1536,,,,,0.6873035211998747,0.7645484054453551,,
IDRiD_49_1536_2048,,,,,0.0,0.0,,
IDRiD_49_1536_512,0.39433260854040586,0.36553966189381615,0.0,0.0,0.36533689634729266,0.3552338529934954,,
IDRiD_49_2048_1024,0.7616157956672329,0.7945011337793414,0.0,0.0,0.8259820351242445,0.8573138149814724,,
IDRiD_49_2048_1536,0.29480467175614966,0.26217765041101876,0.0,0.0,0.6339930503077987,0.6862244897914297,,
IDRiD_49_2048_2048,0.37549864881771333,0.789929615550085,0.0,0.0,0.0,0.0,,
IDRiD_49_2048_2560,,,0.0,0.0,,,,
IDRiD_49_2048_3072,0.5833085833056959,0.615416753701531,0.0,0.0,0.0,0.0,,
IDRiD_49_2048_512,0.41987027368422924,0.5097963887625895,0.0,0.0,0.6155034218288405,0.7468174474911352,,
IDRiD_49_512_0,,,,,0.0,0.0,,
IDRiD_49_512_1024,0.6510696971035137,0.6467642640412183,,,0.29418282547661545,0.1954361427973708,0.8176788685507119,0.9310818491808872
IDRiD_49_512_1536,0.7073114733553728,0.8792942397463451,0.0,0.0,0.6672288337291163,0.8103670421857003,0.9424496765326893,0.9737116732049211
IDRiD_49_512_2048,,,,,0.4511338730578739,0.49782823296645773,,
IDRiD_49_512_3072,0.5394630717793555,0.9369621772876333,0.0,0.0,,,,
IDRiD_49_512_512,0.4694061395574152,0.536511959440258,0.0,0.0,0.0,0.0,,
IDRiD_50_0_1024,,,,,0.7030430220172339,0.8701298700733682,,
IDRiD_50_0_1536,,,,,0.18785692816068747,0.13885803154545973,,
IDRiD_50_0_2048,,,,,0.5300894914499218,0.6146389958914548,,
IDRiD_50_0_2560,,,,,,,0.7714859655748331,0.7514542569989269
IDRiD_50_0_512,,,,,0.15451577801538316,0.09108402822029879,,
IDRiD_50_1024_1024,0.33891050583327903,0.8098558809479379,,,0.0,0.0,,
IDRiD_50_1024_1536,0.635945104570369,0.8171267605541731,0.0,0.0,0.3717265616122224,0.4847723240614315,0.8590585844845305,0.9734458940756187
IDRiD_50_1024_2048,,,,,0.41419505244898075,0.49275808935307375,,
IDRiD_50_1024_2560,0.8392179748929207,0.8147308781638887,,,0.5427631578936347,0.5597202445742536,,
IDRiD_50_1024_3072,0.0,0.0,,,,,,
IDRiD_50_1536_0,,,0.0,0.0,,,,
IDRiD_50_1536_1024,0.0,0.0,,,0.0,0.0,,
IDRiD_50_1536_1536,,,,,0.561875089090024,0.6519232586681224,,
IDRiD_50_1536_2048,,,,,0.42682167323174547,0.525025536234677,,
IDRiD_50_1536_2560,0.0,0.0,0.0,0.0,0.6799999999964583,0.8207191350160835,,
IDRiD_50_1536_3072,0.8301041461944189,0.834927662259191,0.0,0.0,,,0.9364278506524033,0.9341585265756903
IDRiD_50_1536_512,0.0,0.0,,,0.0,0.0,,
IDRiD_50_2048_1024,0.46238166416386695,0.345623836113757,0.0,0.0,0.0,0.0,,
IDRiD_50_2048_1536,,,,,0.0,0.0,,
IDRiD_50_2048_2048,,,,,0.0,0.0,,
IDRiD_50_2048_2560,,,,,0.0,0.0,,
IDRiD_50_2048_512,,,,,0.0,0.0,,
IDRiD_50_512_1536,,,0.0,0.0,0.5692121089589902,0.6006933333301296,,
IDRiD_50_512_2048,,,0.0,0.0,0.4312084666481358,0.4717285945021892,,
IDRiD_50_512_2560,0.7117577664036225,0.7324969647619387,0.0,0.0,0.0,0.0,0.37904198180007626,0.2338382472243192
IDRiD_51_0_1024,,,0.0,0.0,0.0,0.0,,
IDRiD_51_0_1536,0.31828866948005907,0.18926474698939713,0.0,0.0,,,,
IDRiD_51_0_2048,0.0,0.0,0.0,0.0,,,0.0,0.0
IDRiD_51_0_3072,,,0.0,0.0,,,,
IDRiD_51_1024_1024,,,0.0,0.0,0.2869810560200125,0.5129682996748581,,
IDRiD_51_1024_1536,0.3953771289417465,0.2681518151704558,0.0,0.0,0.057130104886876955,0.03770620581266981,0.0,0.0
IDRiD_51_1024_2048,,,,,0.0,0.0,,
IDRiD_51_1024_3072,0.6877455795635575,0.6564697608924464,,,,,,
IDRiD_51_1024_3584,0.5269967895684065,0.7541417235033532,,,,,,
IDRiD_51_1024_512,0.0,0.0,0.0,0.0,0.37368494879543157,0.34259259258378105,0.274228284276895,0.15890183028176025
IDRiD_51_1536_0,,,0.0,0.0,,,,
IDRiD_51_1536_1024,,,0.0,0.0,,,,
IDRiD_51_1536_1536,,,0.0,0.0,0.0,0.0,0.0,0.0
IDRiD_51_1536_512,,,0.0,0.0,,,,
IDRiD_51_2048_1024,0.48096418111916556,0.3995508561766674,0.0,0.0,,,,
IDRiD_51_2048_1536,0.0,0.0,0.0,0.0,0.0,0.0,0.0,0.0
IDRiD_51_2048_2048,,,,,,,0.0,0.0
IDRiD_51_2048_2560,,,0.0,0.0,,,,
IDRiD_51_2048_512,0.0,0.0,0.0,0.0,0.0,0.0,0.0,0.0
IDRiD_51_512_1024,,,0.0,0.0,,,,
IDRiD_51_512_1536,,,,,0.0,0.0,,
IDRiD_51_512_2048,,,0.0,0.0,,,,
IDRiD_52_0_2560,,,0.0,0.0,,,,
IDRiD_52_1024_0,,,,,0.0,0.0,,
IDRiD_52_1024_2560,0.26915113868849366,0.15550239232589685,0.0,0.0,,,,
IDRiD_52_1024_3072,,,0.0,0.0,,,,
IDRiD_52_1536_2048,,,0.0,0.0,0.0,0.0,,
IDRiD_52_1536_2560,,,0.0,0.0,,,,
IDRiD_52_1536_3072,0.0,0.0,0.0,0.0,,,,
IDRiD_52_2048_2048,0.0,0.0,0.0,0.0,,,,
IDRiD_52_2048_2560,,,0.0,0.0,,,,
IDRiD_52_2048_3072,,,0.0,0.0,,,0.7014731699816695,0.8353026722262261
IDRiD_52_512_0,0.0,0.0,,,,,,
IDRiD_52_512_2048,,,0.0,0.0,0.0,0.0,,
IDRiD_52_512_2560,,,0.0,0.0,,,0.8065915004258785,0.9849376323609099
IDRiD_52_512_512,0.0,0.0,0.0,0.0,,,,
IDRiD_53_0_1024,0.5578285760016101,0.5869418702562178,0.0,0.0,,,,
IDRiD_53_0_1536,,,0.0,0.0,,,,
IDRiD_53_0_2048,,,0.0,0.0,,,,
IDRiD_53_0_2560,,,0.0,0.0,,,,
IDRiD_53_0_3072,,,0.0,0.0,,,,
IDRiD_53_0_512,0.44032384434003236,0.37768817203455,0.0,0.0,,,,
IDRiD_53_1024_1536,,,,,0.0,0.0,,
IDRiD_53_1024_2048,0.0,0.0,0.0,0.0,0.2994093153839507,0.23987587276586694,,
IDRiD_53_1024_2560,0.5545272354690388,0.6107033032406968,0.0,0.0,,,,
IDRiD_53_1024_3072,0.7013033228028055,0.5757797092938735,0.0,0.0,0.0,0.0,,
IDRiD_53_1536_1536,0.0,0.0,,,,,,
IDRiD_53_1536_2048,0.5828297675399704,0.7379376895404199,0.0,0.0,0.0,0.0,,
IDRiD_53_1536_2560,0.47984852582526577,0.5316152232384892,0.0,0.0,0.0,0.0,,
IDRiD_53_1536_3072,0.7154842508042722,0.7823917592019574,0.0,0.0,0.0,0.0,0.0,0.0
IDRiD_53_1536_3584,0.8153980752287052,0.9471544715126303,,,,,,
IDRiD_53_1536_512,,,0.0,0.0,,,,
IDRiD_53_2048_1024,0.09970089730310563,0.1538461538224852,0.0,0.0,0.0,0.0,,
IDRiD_53_2048_1536,0.0,0.0,0.0,0.0,,,,
IDRiD_53_2048_2048,0.0,0.0,0.0,0.0,0.0,0.0,,
IDRiD_53_2048_2560,0.48584789563165526,0.41348973605305867,0.0,0.0,0.4445783132262302,0.5961227785789786,,
IDRiD_53_2048_3072,0.0,0.0,0.0,0.0,,,,
IDRiD_53_2048_512,,,0.0,0.0,,,,
IDRiD_53_512_0,,,0.0,0.0,,,,
IDRiD_53_512_1536,,,0.0,0.0,,,,
IDRiD_53_512_2560,0.5842040854721632,0.4564242112197071,0.0,0.0,,,,
IDRiD_53_512_3072,,,,,0.0,0.0,,
IDRiD_53_512_512,0.0,0.0,0.0,0.0,,,,
IDRiD_54_0_1536,,,0.0,0.0,,,,
IDRiD_54_0_2048,,,0.0,0.0,,,,
IDRiD_54_0_2560,0.7230094043796488,0.8678506923278793,0.0,0.0,0.0,0.0,,
IDRiD_54_0_3072,0.0,0.0,0.0,0.0,,,,
IDRiD_54_1024_0,0.0,0.0,0.0,0.0,,,,
IDRiD_54_1024_1024,,,0.0,0.0,,,,
IDRiD_54_1024_1536,,,0.0,0.0,,,,
IDRiD_54_1024_2048,0.3150088447386378,0.43853002461756907,0.0,0.0,0.6247191010768001,0.9630484986228525,,
IDRiD_54_1024_2560,0.37447836590847267,0.45022445206099226,0.0,0.0,0.3704069050463525,0.6547515256621838,,
IDRiD_54_1024_3072,0.14889753566410124,0.13183279742159704,0.0,0.0,0.0,0.0,,
IDRiD_54_1024_3584,0.0,0.0,0.0,0.0,,,,
IDRiD_54_1024_512,0.0,0.0,,,,,,
IDRiD_54_1536_0,0.0,0.0,0.0,0.0,,,,
IDRiD_54_1536_1536,,,0.0,0.0,,,,
IDRiD_54_1536_2048,,,0.0,0.0,,,,
IDRiD_54_1536_2560,0.0,0.0,0.0,0.0,0.0,0.0,,
IDRiD_54_1536_512,0.35362917095446755,0.2147931466688344,0.0,0.0,,,,
IDRiD_54_2048_0,,,,,,,0.0,0.0
IDRiD_54_2048_1024,,,,,,,0.2153034300780195,0.6102303320188385
IDRiD_54_2048_1536,,,0.0,0.0,,,,
IDRiD_54_2048_2048,0.0,0.0,0.0,0.0,,,,
IDRiD_54_2048_2560,0.35758761785522886,0.6332703213211549,0.0,0.0,,,,
IDRiD_54_2048_3072,0.27028909786589034,0.39835728948682164,0.0,0.0,,,,
IDRiD_54_2048_512,,,,,,,0.8121660090854909,0.756653638556145
IDRiD_54_512_0,0.0,0.0,,,,,,
IDRiD_54_512_1024,,,0.0,0.0,,,,
IDRiD_54_512_1536,,,0.0,0.0,0.21491228065462448,0.13424657530568587,,
IDRiD_54_512_2048,,,0.0,0.0,,,,
IDRiD_54_512_2560,0.11145752142979512,0.0784851811153411,0.0,0.0,0.539806886495356,0.6869928124116162,,
IDRiD_54_512_3072,0.7234722880108747,0.6659762345942878,0.0,0.0,,,,
IDRiD_54_512_512,0.6002233389000496,0.8620689654481098,,,,,,
IDRiD_55_0_1024,,,,,0.0,0.0,,
IDRiD_55_0_1536,,,,,0.5821750610243502,0.7099635479865132,,
IDRiD_55_0_2048,,,0.0,0.0,0.6847490860058316,0.7793844150977339,,
IDRiD_55_1024_1024,,,0.0,0.0,0.6292620349725896,0.674059787846316,,
IDRiD_55_1024_1536,0.0,0.0,0.0,0.0,0.6813129166170587,0.629054347461955,,
IDRiD_55_1024_2048,,,0.0,0.0,0.7651232834749859,0.8499061204419901,,
IDRiD_55_1024_2560,,,0.0,0.0,0.705849548884955,0.8295297614848454,,
IDRiD_55_1536_1024,,,0.0,0.0,0.3915090443512719,0.3304056879920479,,
IDRiD_55_1536_1536,,,0.0,0.0,0.47424159606287836,0.5266712193601436,,
IDRiD_55_1536_2048,0.6103603603572361,0.5956639024818097,0.0,0.0,0.4516454673919791,0.5300947867256707,0.0,0.0
IDRiD_55_1536_2560,0.7463750020796978,0.7027933661450833,0.0,0.0,0.7039809924271371,0.8477768629048008,0.0,0.0
IDRiD_55_1536_3072,,,,,0.6396852164017297,0.7869986168378517,,
IDRiD_55_1536_512,,,,,0.48140043761042667,0.4170616113348756,,
IDRiD_55_2048_1024,,,,,0.5823846614390422,0.8632326819070635,,
IDRiD_55_2048_1536,,,0.0,0.0,0.0,0.0,,
IDRiD_55_2048_2048,,,0.0,0.0,0.556466102806624,0.8515289699456609,,
IDRiD_55_2048_2560,,,,,0.6615362063894714,0.918645677833365,,
IDRiD_55_512_1024,0.3525762536558233,0.4818652849513959,0.0,0.0,0.5922034254485048,0.7771649200196814,,
IDRiD_55_512_1536,0.6920917626493844,0.592475969496313,0.0,0.0,0.7573662323804278,0.9023454509068736,,
IDRiD_55_512_2048,0.879560210592079,0.9441071927773791,0.0,0.0,0.6449913344879896,0.740371352783182,,
IDRiD_55_512_2560,,,,,0.0,0.0,,
IDRiD_56_0_1024,,,0.0,0.0,,,,
IDRiD_56_0_1536,,,0.0,0.0,,,,
IDRiD_56_0_2048,0.23698993110506633,0.14024084294856698,0.0,0.0,,,,
IDRiD_56_0_2560,0.8000588278538127,0.6992647436868238,,,,,,
IDRiD_56_0_3072,0.24203543048595147,0.13767935638933665,,,,,0.8030739673377436,0.9835700132059793
IDRiD_56_0_512,,,0.0,0.0,,,,
IDRiD_56_1024_0,0.45747582444546564,0.3179389970677413,,,,,,
IDRiD_56_1024_1024,,,0.0,0.0,,,,
IDRiD_56_1024_1536,,,0.0,0.0,,,,
IDRiD_56_1024_2048,,,,,0.558022045311099,0.6878656350124954,,
IDRiD_56_1024_2560,0.0,0.0,0.0,0.0,0.35305917749718563,0.3365200764174914,,
IDRiD_56_1024_3072,0.20453646313988832,0.13456533055583406,0.0,0.0,,,,
IDRiD_56_1536_1024,0.0,0.0,,,,,,
IDRiD_56_1536_1536,,,0.0,0.0,,,,
IDRiD_56_1536_2048,0.11024844720425564,0.08279078806643872,,,0.23645930051883446,0.24177215188343212,,
IDRiD_56_1536_2560,0.06475236076190495,0.04757858963331695,0.0,0.0,,,0.0,0.0
IDRiD_56_1536_512,0.0,0.0,,,,,,
IDRiD_56_2048_1024,0.7702630265600077,0.7712466686379507,,,0.0,0.0,,
IDRiD_56_2048_1536,,,0.0,0.0,,,,
IDRiD_56_2048_2048,0.6404516254581762,0.5590800951562356,0.0,0.0,,,,
IDRiD_56_2048_2560,0.696780340177945,0.5750161872140643,,,,,0.5783132530087459,0.9999999999802528
IDRiD_56_2048_3072,,,0.0,0.0,,,,
IDRiD_56_2048_512,0.0,0.0,,,,,,
IDRiD_56_512_1024,0.5975094629403834,0.7188489968226128,0.0,0.0,,,,
IDRiD_56_512_1536,,,0.0,0.0,0.0,0.0,,
IDRiD_56_512_2048,,,,,0.4778367938147963,0.6459530025941005,,
IDRiD_56_512_2560,0.48310810810584126,0.4157648198964968,0.0,0.0,,,,
IDRiD_56_512_3072,0.1217910447753115,0.09245644072824598,0.0,0.0,0.08564231736956646,0.07375271148074779,0.910224517426362,0.9878340509808773
IDRiD_57_0_1024,,,,,0.0,0.0,,
IDRiD_57_0_1536,0.6856719733178204,0.8511029410982441,,,0.0,0.0,,
IDRiD_57_0_2048,,,,,0.0,0.0,,
IDRiD_57_0_512,,,,,0.0,0.0,,
IDRiD_57_1024_0,,,,,0.0,0.0,,
IDRiD_57_1024_1024,,,0.0,0.0,0.0,0.0,,
IDRiD_57_1024_1536,,,0.0,0.0,0.008357441336921973,0.004196255648670231,,
IDRiD_57_1024_2048,,,,,0.0,0.0,,
IDRiD_57_1024_512,,,,,0.0,0.0,,
IDRiD_57_1536_0,0.05332348596710987,0.49048913036814007,,,0.0,0.0,,
IDRiD_57_1536_1024,,,,,0.37570320814675606,0.3665084544591144,,
IDRiD_57_1536_1536,,,,,0.39004731031382434,0.3008108108026808,,
IDRiD_57_1536_2048,,,,,0.0,0.0,,
IDRiD_57_1536_512,,,0.0,0.0,0.0,0.0,,
IDRiD_57_2048_1024,,,,,0.0,0.0,,
IDRiD_57_2048_1536,,,,,0.0,0.0,,
IDRiD_57_2048_512,,,0.0,0.0,0.0,0.0,,
IDRiD_57_512_0,,,,,0.0,0.0,,
IDRiD_57_512_1024,,,0.0,0.0,0.0,0.0,,
IDRiD_57_512_1536,0.0,0.0,,,0.0,0.0,,
IDRiD_57_512_512,,,0.0,0.0,0.0,0.0,,
IDRiD_58_0_1536,0.0,0.0,0.0,0.0,,,,
IDRiD_58_0_2048,,,0.0,0.0,0.45518826232583354,0.5108113469448361,,
IDRiD_58_0_2560,,,0.0,0.0,0.6893787574952941,0.9925803791432332,,
IDRiD_58_0_3072,,,0.0,0.0,,,,
IDRiD_58_0_512,,,0.0,0.0,,,,
IDRiD_58_1024_0,,,,,0.5117162761133267,0.4830609804510538,,
IDRiD_58_1024_1024,,,0.0,0.0,,,,
IDRiD_58_1024_1536,0.7051523128863266,0.5812151270743579,0.0,0.0,0.5745426235814903,0.5800366780041908,,
IDRiD_58_1024_2048,,,,,0.5475871841254224,0.7511879049513782,,
IDRiD_58_1024_2560,0.0,0.0,0.0,0.0,0.6546949372495164,0.8842781998572684,,
IDRiD_58_1024_3584,,,,,0.0,0.0,,
IDRiD_58_1536_0,,,,,0.0,0.0,,
IDRiD_58_1536_1536,0.0,0.0,,,,,,
IDRiD_58_1536_2048,0.0,0.0,,,0.0,0.0,,
IDRiD_58_1536_2560,0.6239458889642308,0.48760897919621327,0.0,0.0,,,,
IDRiD_58_1536_3072,0.0,0.0,,,,,,
IDRiD_58_1536_512,,,0.0,0.0,0.6068441064523414,0.5079567154516882,,
IDRiD_58_2048_1024,,,,,0.0,0.0,,
IDRiD_58_2048_1536,0.0,0.0,,,,,,
IDRiD_58_2048_2048,,,0.0,0.0,,,,
IDRiD_58_2048_2560,0.5555784697761275,0.4026905829476027,,,,,,
IDRiD_58_2048_3072,0.49579254679292634,0.37084136158804315,,,0.5747582444758894,0.5491589670564047,,
IDRiD_58_512_1024,0.6187882343056281,0.49302263470325813,,,,,,
IDRiD_58_512_1536,0.0,0.0,0.0,0.0,0.5593820585021071,0.5649431114083309,,
IDRiD_58_512_2048,,,,,0.4491927825239829,0.45206919621091396,,
IDRiD_58_512_2560,0.8471340713365454,0.9297980343349195,0.0,0.0,0.0,0.0,,
IDRiD_58_512_3072,,,0.0,0.0,0.3061728394809734,0.34065934059694886,,
IDRiD_58_512_512,0.7685619892125842,0.736666666654389,,,,,,
IDRiD_59_0_1024,,,0.0,0.0,,,,
IDRiD_59_0_1536,0.6079999999953231,0.6248221343774731,0.0,0.0,0.0,0.0,0.7355280192326255,0.900690748494504
IDRiD_59_0_2048,,,,,,,0.9345870670436915,0.9402949327644291
IDRiD_59_1024_1024,0.3513129879305498,0.8781785924968551,0.0,0.0,0.0,0.0,0.0,0.0
IDRiD_59_1024_1536,,,0.0,0.0,0.6823271665029975,0.7066683474065857,,
IDRiD_59_1024_2048,0.640373637774777,0.9038637611993433,,,0.5842800834670782,0.6630803414766514,,
IDRiD_59_1024_512,0.0,0.0,0.0,0.0,,,,
IDRiD_59_1536_0,,,0.0,0.0,,,,
IDRiD_59_1536_1024,0.0,0.0,,,0.4170913367266063,0.511538461526165,,
IDRiD_59_1536_1536,,,0.0,0.0,0.5046777818402515,0.8209488182142332,,
IDRiD_59_1536_2048,0.739307712321165,0.8136337597706008,0.0,0.0,0.58330051200686,0.9063647490542729,,
IDRiD_59_1536_2560,,,,,0.0,0.0,,
IDRiD_59_1536_3072,,,,,0.13870967740816856,0.08159392788599677,,
IDRiD_59_1536_512,0.8086007410934722,0.7203035882664018,0.0,0.0,,,,
IDRiD_59_2048_1024,0.4026426426378061,0.26721938775084153,,,,,,
IDRiD_59_2048_1536,,,0.0,0.0,,,,
IDRiD_59_2048_2048,0.0,0.0,0.0,0.0,,,0.0,0.0
IDRiD_59_2048_2560,,,,,0.3182316977532806,0.2095808383190258,0.9272912009741553,0.9822909790161525
IDRiD_59_2048_3072,,,,,0.4054916985908313,0.3081028626830325,,
IDRiD_59_2048_512,,,0.0,0.0,,,,
IDRiD_59_512_1024,0.5979920518688664,0.7430799220176338,0.0,0.0,0.38585703304853297,0.607748184004655,0.9450857697695645,0.9634181548219527
IDRiD_59_512_1536,0.7143585819913527,0.7517444981145844,0.0,0.0,0.5465106382967095,0.7106573705139959,0.40298744636257766,0.2523383084526898
IDRiD_59_512_512,0.43979315438463945,0.34639255235273886,0.0,0.0,,,0.5066033078236651,0.9975695710171639
IDRiD_60_0_1536,,,0.0,0.0,,,,
IDRiD_60_0_512,,,,,,,0.7440805330959297,0.7910762737174835
IDRiD_60_1024_0,,,,,0.19603859826825704,0.17497733453422587,,
IDRiD_60_1024_1024,,,,,0.18431969026421238,0.7669735327521879,,
IDRiD_60_1024_1536,0.0,0.0,0.0,0.0,0.5832493937676432,0.6816952995493006,,
IDRiD_60_1024_2048,0.7038777907929566,0.548032936820857,0.0,0.0,0.0,0.0,0.7987021090627892,0.9953343701090098
IDRiD_60_1024_2560,0.81691142842209,0.977621016772347,0.0,0.0,0.11647727271900019,0.06226271829443715,0.5469448584134756,0.8021857923205032
IDRiD_60_1024_3072,,,,,0.0,0.0,,
IDRiD_60_1536_1024,,,0.0,0.0,0.07864665023482721,0.775690607649095,,
IDRiD_60_1536_1536,0.0,0.0,,,0.3220608899267254,0.4640928725576649,,
IDRiD_60_1536_2048,,,0.0,0.0,0.358293075669956,0.590185676314299,,
IDRiD_60_1536_2560,0.2902863559716371,0.17876901797445474,0.0,0.0,0.3809040694376006,0.4764523406588205,,
IDRiD_60_1536_3072,,,0.0,0.0,,,,
IDRiD_60_1536_512,,,,,0.5167958655996902,0.5547850207274917,,
IDRiD_60_2048_0,,,,,0.0,0.0,,
IDRiD_60_2048_1024,0.0,0.0,,,0.46471723743143833,0.4313205043074808,,
IDRiD_60_2048_1536,,,0.0,0.0,,,,
IDRiD_60_2048_2048,,,0.0,0.0,0.29651741293335643,0.3037923066426017,0.0,0.0
IDRiD_60_2048_2560,0.5588669792518502,0.48258458125078985,0.0,0.0,0.47749400309753787,0.7127211457155552,0.7479241300765144,0.7375801062565723
IDRiD_60_2048_512,0.0,0.0,0.0,0.0,0.0,0.0,,
IDRiD_60_512_0,,,,,0.0,0.0,,
IDRiD_60_512_1024,,,0.0,0.0,,,,
IDRiD_60_512_1536,,,0.0,0.0,0.42540386442151723,0.3558558558464267,,
IDRiD_60_512_2048,0.0,0.0,0.0,0.0,,,0.9381728112771788,0.933858043710901
IDRiD_60_512_2560,0.0,0.0,,,0.0,0.0,0.9043390002519776,0.9308474303816014
IDRiD_60_512_3072,,,,,,,0.8373917548602072,0.9186424163540331
IDRiD_61_0_1024,0.6298263961510564,0.483236739783872,,,,,,
IDRiD_61_0_1536,0.3851837126846729,0.2561357127109225,0.0,0.0,,,,
IDRiD_61_0_2048,0.7563467818352663,0.6717185891975702,0.0,0.0,,,,
IDRiD_61_0_2560,,,0.0,0.0,,,,
IDRiD_61_0_512,0.5424328981833705,0.37214952059998657,,,,,,
IDRiD_61_1024_0,0.43584260051209406,0.30585675158403985,0.0,0.0,,,,
IDRiD_61_1024_1024,0.7639362971408789,0.7413612565430098,0.0,0.0,0.0,0.0,,
IDRiD_61_1024_1536,0.6439659879840707,0.7193272917330138,0.0,0.0,0.556716211860675,0.5258171070886142,,
IDRiD_61_1024_2048,0.15699450213326224,0.20527156547881217,0.0,0.0,0.4995584014103579,0.5912713968301154,,
IDRiD_61_1024_2560,0.6862202545641718,0.8843573353009437,0.0,0.0,,,,
IDRiD_61_1024_3072,0.7270481679553922,0.7407718120494643,0.0,0.0,,,,
IDRiD_61_1536_0,0.0,0.0,,,,,,
IDRiD_61_1536_1024,0.43985385047161535,0.376111511646813,,,0.0,0.0,,
IDRiD_61_1536_1536,0.0,0.0,0.0,0.0,0.15057915057188326,0.14885496181785735,,
IDRiD_61_1536_2048,0.0,0.0,0.0,0.0,0.5029072956637252,0.5445473984254626,,
IDRiD_61_1536_2560,0.0,0.0,0.0,0.0,,,,
IDRiD_61_1536_512,0.6543727796907111,0.636477288510083,0.0,0.0,,,,
IDRiD_61_2048_1024,0.7456769587965386,0.6372514823853497,,,,,,
IDRiD_61_2048_1536,0.5900212705032366,0.5448561769311341,,,,,,
IDRiD_61_2048_2048,0.48835789948876057,0.3744166965791826,,,,,,
IDRiD_61_2048_2560,0.5832894925602214,0.6140368542884499,0.0,0.0,,,,
IDRiD_61_2048_512,0.5357101019162488,0.37248513480390844,,,,,,
IDRiD_61_512_0,0.3923474035809757,0.27820844099674236,,,,,,
IDRiD_61_512_1024,0.35510443234239486,0.2534812773698433,,,0.0,0.0,,
IDRiD_61_512_1536,0.5114017005909837,0.5105794584827925,0.0,0.0,0.7632702867369351,0.89039145901136,,
IDRiD_61_512_2048,0.5094774719977326,0.39702600762179935,0.0,0.0,0.0,0.0,,
IDRiD_61_512_2560,0.4192414506918158,0.29404154387940196,0.0,0.0,,,,
IDRiD_61_512_3072,0.0,0.0,,,,,,
IDRiD_61_512_512,0.8515701936731274,0.9790539690465526,,,,,,
IDRiD_62_0_1024,0.856042031513648,0.985748857193177,0.0,0.0,0.0,0.0,,
IDRiD_62_0_1536,,,,,0.0,0.0,,
IDRiD_62_0_512,0.0,0.0,,,0.22409959981217878,0.23639774857069437,,
IDRiD_62_1024_0,,,0.0,0.0,,,,
IDRiD_62_1024_2048,,,0.0,0.0,,,,
IDRiD_62_1024_2560,,,,,0.0,0.0,,
IDRiD_62_1024_3072,0.6057906458726317,0.6244562590472582,0.0,0.0,,,,
IDRiD_62_1536_0,,,0.0,0.0,,,,
IDRiD_62_1536_1024,,,0.0,0.0,,,,
IDRiD_62_1536_2560,,,,,0.6806568099701529,0.708209272639895,,
IDRiD_62_1536_3072,,,0.0,0.0,,,,
IDRiD_62_2048_2048,,,,,0.5145381691100941,0.6456936565073312,,
IDRiD_62_2048_2560,,,,,0.5507372072844581,0.8027437025901173,,
IDRiD_62_2048_512,,,,,0.0,0.0,,
IDRiD_62_512_1536,,,0.0,0.0,0.0,0.0,,
IDRiD_62_512_512,,,,,0.0,0.0,,
IDRiD_63_0_1024,,,,,0.6108334016175462,0.6656545811633211,,
IDRiD_63_0_1536,,,,,0.3944832797960612,0.2807961269424208,,
IDRiD_63_0_2560,0.37307613379082544,0.513269339327314,0.0,0.0,,,,
IDRiD_63_0_3072,,,0.0,0.0,,,,
IDRiD_63_1024_1024,,,,,0.7542072296373541,0.8428065440910304,,
IDRiD_63_1024_1536,,,,,0.7622261213804732,0.9281253423805398,,
IDRiD_63_1024_3072,0.6907216494743634,0.649584487516632,,,,,,
IDRiD_63_1024_3584,0.33315421814437646,0.3176229507871288,,,,,,
IDRiD_63_1024_512,0.6657360406006887,0.5281917035737376,,,,,,
IDRiD_63_1536_1536,,,0.0,0.0,0.4646602827071441,0.9999999999018646,,
IDRiD_63_1536_2048,,,,,0.0,0.0,,
IDRiD_63_1536_2560,,,,,0.0,0.0,,
IDRiD_63_1536_3072,,,,,0.19908466818462683,0.12458233889620132,,
IDRiD_63_1536_512,0.05299380591696511,0.06015624999530029,,,,,,
IDRiD_63_2048_1536,,,,,0.0,0.0,,
IDRiD_63_2048_2048,,,,,0.21197522367029192,0.16052814453924502,,
IDRiD_63_512_1024,,,,,0.6732678061282301,0.6407538823066183,,
IDRiD_63_512_1536,,,,,0.7086144265689619,0.7475302958649624,,
IDRiD_64_0_1024,,,0.0,0.0,0.0,0.0,0.8806485851699811,0.935155875295275
IDRiD_64_0_1536,0.551287463062645,0.5585970915272412,0.0,0.0,0.469812630101672,0.6017777777242864,,
IDRiD_64_0_2048,0.0,0.0,,,0.68681519356986,0.833801359733714,,
IDRiD_64_0_2560,,,,,0.430278884437662,0.28877005345387546,,
IDRiD_64_0_3072,,,,,0.1655328797998262,0.14038461535761834,,
IDRiD_64_0_512,,,0.0,0.0,0.0,0.0,,
IDRiD_64_1024_1536,,,0.0,0.0,0.0,0.0,,
IDRiD_64_1024_2048,,,0.0,0.0,0.0,0.0,,
IDRiD_64_1024_2560,,,0.0,0.0,0.4660878193973402,0.4941089837945076,,
IDRiD_64_1024_3072,,,0.0,0.0,0.4511500797033574,0.5547465695728159,,
IDRiD_64_1536_0,,,0.0,0.0,,,,
IDRiD_64_1536_2048,0.0,0.0,0.0,0.0,0.0,0.0,,
IDRiD_64_1536_2560,0.0,0.0,,,0.050202429148442584,0.030312907430563467,,
IDRiD_64_1536_3072,,,0.0,0.0,0.7071240105167744,0.9215955982226142,,
IDRiD_64_2048_1536,,,0.0,0.0,0.5642232683191636,0.890028288511668,,
IDRiD_64_2048_2560,0.5901331245013292,0.44771863116806754,0.0,0.0,0.0,0.0,0.8263056092818738,0.9247985079536082
IDRiD_64_2048_3072,0.0,0.0,0.0,0.0,0.0,0.0,,
IDRiD_64_512_1024,,,0.0,0.0,,,,
IDRiD_64_512_1536,,,,,0.5316602316576657,0.5959104186887816,,
IDRiD_64_512_2048,,,0.0,0.0,0.4097384648082439,0.5102833436268842,,
IDRiD_64_512_2560,,,0.0,0.0,0.5793858216221873,0.5591991171281854,,
IDRiD_64_512_3072,,,0.0,0.0,0.0,0.0,,
IDRiD_65_0_1024,,,0.0,0.0,0.0,0.0,,
IDRiD_65_0_1536,,,0.0,0.0,,,,
IDRiD_65_0_2048,0.6920031670351543,0.6086350974506521,0.0,0.0,0.3885545867568641,0.5967559411317709,,
IDRiD_65_0_2560,0.7513756878251282,0.7061589092286714,0.0,0.0,0.7893114079894036,0.6844919785689547,,
IDRiD_65_0_3072,0.251981304607763,0.2033453591274731,0.0,0.0,0.0,0.0,,
IDRiD_65_0_3584,0.0,0.0,0.0,0.0,,,,
IDRiD_65_0_512,,,0.0,0.0,0.0,0.0,,
IDRiD_65_1024_1024,,,0.0,0.0,0.18174650108058849,0.2011343804449767,,
IDRiD_65_1024_1536,0.33293627158692735,0.5492957746298953,0.0,0.0,0.1524701873870328,0.3792372880552463,,
IDRiD_65_1024_2048,0.6030299297868823,0.6149208741367767,0.0,0.0,0.6803157470169583,0.8745740951020958,,
IDRiD_65_1024_2560,0.48906831170965676,0.513673177698774,0.0,0.0,0.31161731205869625,0.2945736433854803,,
IDRiD_65_1024_3072,0.5011376564135058,0.4409409409188718,0.0,0.0,0.4371150407224893,0.5038937242096246,,
IDRiD_65_1024_3584,0.572441168127499,0.9001337494226452,0.0,0.0,,,,
IDRiD_65_1536_1024,,,0.0,0.0,0.5238934768439835,0.5534208978523149,,
IDRiD_65_1536_1536,,,0.0,0.0,0.3874302253382793,0.3715305313096142,,
IDRiD_65_1536_2048,0.5766312594403162,0.4909560722879902,0.0,0.0,0.4261062702814607,0.36050881756691217,,
IDRiD_65_1536_2560,,,0.0,0.0,0.0,0.0,,
IDRiD_65_1536_3072,0.5055981143044903,0.8597194387916113,0.0,0.0,0.0,0.0,,
IDRiD_65_1536_3584,0.06173152490790426,0.9788944722634277,0.0,0.0,,,,
IDRiD_65_1536_512,,,,,0.0,0.0,,
IDRiD_65_2048_1536,,,0.0,0.0,,,,
IDRiD_65_2048_2048,,,,,0.333333333197832,0.2455089818889168,,
IDRiD_65_2048_2560,0.7201679904983094,0.8977919417050355,,,,,,
IDRiD_65_2048_3072,,,0.0,0.0,0.0,0.0,,
IDRiD_65_512_1024,,,0.0,0.0,,,,
IDRiD_65_512_1536,,,,,0.5873823846954219,0.7062314539972029,,
IDRiD_65_512_2048,0.0,0.0,,,0.5936171302669248,0.6644495412767838,,
IDRiD_65_512_2560,0.0,0.0,0.0,0.0,0.4140054543818597,0.3578707224280172,,
IDRiD_65_512_3072,,,0.0,0.0,0.0,0.0,,
IDRiD_65_512_3584,0.8298418127227482,0.8037267080412536,0.0,0.0,,,,
IDRiD_66_0_1024,,,0.0,0.0,0.15959968395681856,0.08810700784855752,,
IDRiD_66_0_1536,,,0.0,0.0,0.48063349973764297,0.5477731999107756,,
IDRiD_66_0_2048,,,0.0,0.0,0.0,0.0,,
IDRiD_66_0_2560,,,,,0.0,0.0,,
IDRiD_66_0_512,,,0.0,0.0,,,,
IDRiD_66_1024_0,,,,,0.13662890490433818,0.08063209075848331,,
IDRiD_66_1024_1024,,,0.0,0.0,0.8052537654362177,0.7140831518707182,,
IDRiD_66_1024_1536,0.430203045657982,0.38876146784532556,0.0,0.0,0.7496547642518255,0.7072135784980749,,
IDRiD_66_1024_2048,,,0.0,0.0,0.7719419758805713,0.7647612196328208,,
IDRiD_66_1024_2560,,,,,0.622950819670607,0.55956043955798,,
IDRiD_66_1024_512,0.39108910889706194,0.2526267702031692,0.0,0.0,0.6022444958399533,0.5706168831076198,,
IDRiD_66_1536_1024,0.3672555361938976,0.3218491059606695,0.0,0.0,0.7523018658137297,0.6721468217989245,,
IDRiD_66_1536_1536,,,0.0,0.0,0.8357654531956447,0.9186924612353473,,
IDRiD_66_1536_2048,,,,,0.760829300351863,0.7765716476150394,,
IDRiD_66_1536_2560,,,0.0,0.0,0.5317387304385525,0.652738565745187,,
IDRiD_66_1536_512,,,,,0.7955869406394898,0.7860024427225804,,
IDRiD_66_2048_1024,,,,,0.7210087293882435,0.7062266051023082,,
IDRiD_66_2048_1536,,,,,0.6397669262088388,0.7737931894675453,,
IDRiD_66_2048_512,,,,,0.6520858646961488,0.5190199870716299,,
IDRiD_66_512_0,,,,,0.0,0.0,,
IDRiD_66_512_1024,0.23880457185572979,0.13559231873963726,0.0,0.0,0.6478708047630387,0.7212880933712583,,
IDRiD_66_512_1536,,,0.0,0.0,0.7929895296286934,0.7894372959470045,,
IDRiD_66_512_2048,,,0.0,0.0,0.7016726227750233,0.6424631887860438,,
IDRiD_66_512_2560,,,,,0.5359201773776505,0.4541525742116845,,
IDRiD_66_512_512,,,,,0.6126649596188071,0.6631489180187277,,
IDRiD_67_0_1024,0.7743262786950112,0.7109052600073422,0.0,0.0,0.27728613561142,0.1734317342533462,,
IDRiD_67_0_1536,0.39005499186437875,0.3913584084489997,0.0,0.0,0.0,0.0,0.6563489438101783,0.9919297243180122
IDRiD_67_0_2048,0.6297900886035305,0.838680860564138,0.0,0.0,,,,
IDRiD_67_0_512,,,0.0,0.0,,,,
IDRiD_67_1024_1024,0.6292668695009825,0.7162918682919034,0.0,0.0,,,,
IDRiD_67_1024_1536,0.2600117439801918,0.3206526986548165,,,0.1537992065867013,0.08527918781437296,,
IDRiD_67_1024_2048,0.4508950169218458,0.5774473357758706,0.0,0.0,,,,
IDRiD_67_1024_2560,,,0.0,0.0,0.0,0.0,,
IDRiD_67_1024_512,0.5613150810454169,0.4335132265750972,0.0,0.0,,,,
IDRiD_67_1536_1024,0.5064313808838821,0.6038022813611685,,,0.3108853410695082,0.39245144740225535,,
IDRiD_67_1536_1536,0.0,0.0,0.0,0.0,0.5647726121731875,0.8486416558796999,,
IDRiD_67_1536_2048,0.0,0.0,0.0,0.0,0.6511258277973212,0.8366235533807608,,
IDRiD_67_1536_2560,0.5677650429758756,0.6572139303373596,,,0.0,0.0,,
IDRiD_67_1536_512,0.0,0.0,0.0,0.0,,,,
IDRiD_67_2048_1024,0.6102429031296159,0.5144830989365187,0.0,0.0,0.0,0.0,,
IDRiD_67_2048_1536,0.5793636418505724,0.6520350614890804,,,0.0,0.0,,
IDRiD_67_2048_2048,0.0,0.0,0.0,0.0,,,,
IDRiD_67_2048_2560,0.45902476383816637,0.8635926992446116,,,,,,
IDRiD_67_2048_512,0.45688947281608727,0.47751458976180033,,,,,,
IDRiD_67_512_1024,0.8326237956494168,0.7227884540517949,0.0,0.0,0.04147880973476296,0.03185595567425818,,
IDRiD_67_512_1536,0.3777133032431887,0.4671717171655081,0.0,0.0,0.0,0.0,,
IDRiD_67_512_2048,0.792544505950884,0.8140391065956472,0.0,0.0,,,,
IDRiD_67_512_2560,,,0.0,0.0,,,,
IDRiD_67_512_512,0.327181208051196,0.4052522199054364,0.0,0.0,0.11952191233472485,0.09297520659236048,,
IDRiD_68_0_1536,,,0.0,0.0,,,,
IDRiD_68_0_2560,0.6630425403371168,0.8861722984559315,,,,,,
IDRiD_68_1024_0,0.7832520248180901,0.6902988812811983,,,,,,
IDRiD_68_1024_1536,0.0,0.0,0.0,0.0,,,,
IDRiD_68_1024_2048,0.0,0.0,0.0,0.0,0.0,0.0,,
IDRiD_68_1024_2560,0.0,0.0,,,0.5964166413514058,0.9370229007186536,,
IDRiD_68_1024_3072,0.549597083650472,0.48982558139116084,0.0,0.0,,,,
IDRiD_68_1024_512,0.0,0.0,,,,,,
IDRiD_68_1536_0,0.24506255816231484,0.1619958988368968,,,,,,
IDRiD_68_1536_1536,0.6451847585539265,0.6583766394416086,,,,,,
IDRiD_68_1536_2048,0.6494767748237419,0.9029253231414364,,,,,,
IDRiD_68_1536_2560,0.5455103795595805,0.49948263451390257,,,0.0,0.0,,
IDRiD_68_1536_3072,0.46001435749959313,0.9102272727100336,,,,,,
IDRiD_68_1536_512,0.7121819249107675,0.6969727245444252,,,,,,
IDRiD_68_2048_0,0.0,0.0,,,,,,
IDRiD_68_2048_1536,,,0.0,0.0,0.0,0.0,,
IDRiD_68_2048_2048,0.6171607970209961,0.4635806930110548,0.0,0.0,0.0,0.0,,
IDRiD_68_2048_2560,,,,,0.0,0.0,0.6739570821593841,0.9986717670757694
IDRiD_68_2048_512,0.8495112805052414,0.9365004066110852,,,,,,
IDRiD_68_512_1536,,,0.0,0.0,,,,
IDRiD_68_512_2048,0.6066018909261406,0.6333948213388441,0.0,0.0,0.5920186557317786,0.6331456154414067,0.380851110962582,0.9999999999883666
IDRiD_68_512_2560,0.5783885071812903,0.9529550132220626,0.0,0.0,0.0,0.0,,
IDRiD_68_512_3072,0.1020582145899353,0.6394993894798688,0.0,0.0,,,,
IDRiD_69_0_1024,0.1963591861704257,0.13171612691322204,,,,,,
IDRiD_69_0_1536,0.8190217519284573,0.8773924450858128,,,,,,
IDRiD_69_0_2048,0.7660154713497679,0.9395947249859145,0.0,0.0,0.7720687198142874,0.9855814580178844,,
IDRiD_69_0_2560,0.0,0.0,0.0,0.0,0.45227606454445285,0.4569732936329456,,
IDRiD_69_0_3072,0.5275333662824762,0.7826342035558043,,,,,,
IDRiD_69_0_512,0.10466760961316986,0.055223880594267465,0.0,0.0,,,,
IDRiD_69_1024_1024,,,0.0,0.0,0.0,0.0,,
IDRiD_69_1024_1536,0.45532738414979396,0.4619328097680853,0.0,0.0,0.37674392751722113,0.5217056650165993,,
IDRiD_69_1024_2048,0.5309755240598316,0.49616984021676147,0.0,0.0,0.4431284324738863,0.7608498068534327,,
IDRiD_69_1024_2560,0.4944123314049633,0.48696862347870085,0.0,0.0,0.3826650943283413,0.42006472489190516,,
IDRiD_69_1024_3072,0.48922512607773444,0.3239222829288427,,,0.1677148846784366,0.39603960376433683,,
IDRiD_69_1536_0,0.2979025950836153,0.36916299556218823,0.0,0.0,,,,
IDRiD_69_1536_1536,,,0.0,0.0,0.2616219884584048,0.421081376274108,,
IDRiD_69_1536_2048,0.37651578820760884,0.2372342839833782,0.0,0.0,0.3941142527371214,0.7499999999725476,,
IDRiD_69_1536_2560,0.5959089154689836,0.6791788856105813,,,,,,
IDRiD_69_1536_3072,,,0.0,0.0,,,,
IDRiD_69_2048_1024,0.5467405251445976,0.44047198829892353,,,,,,
IDRiD_69_2048_1536,0.585300474528085,0.5237488114778206,,,0.0,0.0,,
IDRiD_69_2048_2048,0.6184340587867537,0.8905258952160489,0.0,0.0,0.0,0.0,,
IDRiD_69_2048_2560,,,0.0,0.0,,,,
IDRiD_69_2048_3072,,,0.0,0.0,,,,
IDRiD_69_512_1024,0.3143763729519846,0.9984496123257015,0.0,0.0,0.0,0.0,,
IDRiD_69_512_1536,0.6225544075552587,0.67848586486156,0.0,0.0,0.21236203090038935,0.25639658847247354,,
IDRiD_69_512_2048,0.7088374794291239,0.8194941808369545,0.0,0.0,0.0,0.0,,
IDRiD_69_512_2560,0.6262674057028988,0.6280078628033077,0.0,0.0,0.0,0.0,,
IDRiD_69_512_3072,0.6676589038638797,0.7993710691656316,,,0.0,0.0,,
IDRiD_69_512_512,,,0.0,0.0,,,,
IDRiD_70_0_1536,0.673206751047751,0.6181712514409499,,,0.02352249338395292,0.012347584503590869,,
IDRiD_70_1024_1024,0.0,0.0,0.0,0.0,0.0,0.0,0.0,0.0
IDRiD_70_1024_1536,0.7712387363690165,0.7940974729227543,0.0,0.0,0.0,0.0,,
IDRiD_70_1024_2048,0.66703613388753,0.6138310893387632,0.0,0.0,0.0,0.0,,
IDRiD_70_1024_512,0.4952318316180457,0.45581113798693634,0.0,0.0,,,0.8800278398025693,0.81026380433189
IDRiD_70_1536_0,,,0.0,0.0,,,,
IDRiD_70_1536_1024,0.0,0.0,,,0.0,0.0,,
IDRiD_70_1536_1536,0.7485334610297242,0.8895923738999104,0.0,0.0,,,,
IDRiD_70_1536_2048,0.7781173593894218,0.8607167004150968,0.0,0.0,0.2725082400102687,0.17297575060519985,,
IDRiD_70_1536_512,,,0.0,0.0,,,,
IDRiD_70_2048_512,,,0.0,0.0,,,,
IDRiD_70_512_0,0.7897045919628634,0.6524891251497106,,,,,,
IDRiD_70_512_1024,,,0.0,0.0,,,,
IDRiD_70_512_1536,0.794600073715469,0.7311964724774764,0.0,0.0,0.0,0.0,,
IDRiD_70_512_2048,,,,,0.25965457014826987,0.15298422135483686,,
IDRiD_70_512_512,0.4493861477843457,0.5822328931456136,0.0,0.0,,,0.0,0.0
IDRiD_71_0_1024,0.0,0.0,0.0,0.0,0.0,0.0,,
IDRiD_71_0_1536,,,0.0,0.0,,,,
IDRiD_71_0_2048,,,0.0,0.0,0.0,0.0,,
IDRiD_71_0_2560,0.42853087871364287,0.3152556530021165,,,,,,
IDRiD_71_0_512,,,0.0,0.0,0.0,0.0,,
IDRiD_71_1024_0,0.0,0.0,0.0,0.0,0.0,0.0,,
IDRiD_71_1024_1024,0.0,0.0,0.0,0.0,0.6585893973667876,0.7597316943090013,0.0,0.0
IDRiD_71_1024_1536,,,0.0,0.0,0.6038065159549376,0.5863126462707907,,
IDRiD_71_1024_2048,,,0.0,0.0,0.0,0.0,,
IDRiD_71_1024_512,,,0.0,0.0,0.4590833178686698,0.6138577011313575,0.4063280599480515,0.2549634273756533
IDRiD_71_1536_0,0.0,0.0,,,0.0,0.0,,
IDRiD_71_1536_1024,0.4725609756074323,0.3967140026387325,0.0,0.0,0.745828759960807,0.917366991530728,,
IDRiD_71_1536_1536,,,0.0,0.0,0.6295429515404057,0.7923645604667184,,
IDRiD_71_1536_2048,,,0.0,0.0,0.5258791182262029,0.7784918594576051,,
IDRiD_71_1536_2560,,,,,0.0,0.0,,
IDRiD_71_1536_3072,,,0.0,0.0,,,,
IDRiD_71_1536_512,0.0,0.0,0.0,0.0,0.7188348009075716,0.9269442262350284,,
IDRiD_71_2048_0,,,,,0.0,0.0,,
IDRiD_71_2048_1024,0.0,0.0,0.0,0.0,0.4754597765980044,0.49605650382286015,,
IDRiD_71_2048_1536,,,,,0.44863912797697436,0.6158759124031398,,
IDRiD_71_2048_2048,,,0.0,0.0,0.4991123305338157,0.6696621914176086,,
IDRiD_71_2048_3072,0.45035772561534854,0.9857142856872056,,,,,,
IDRiD_71_2048_512,0.673088149425771,0.5498330948712526,0.0,0.0,0.4154756037354491,0.3158486324347753,,
IDRiD_71_512_0,,,,,0.0,0.0,,
IDRiD_71_512_1024,0.654752915507553,0.5554448398497446,0.0,0.0,0.6038481813363036,0.6317676256950844,,
IDRiD_71_512_1536,0.0,0.0,0.0,0.0,0.5415244596107325,0.6907360111366294,,
IDRiD_71_512_2048,0.0,0.0,0.0,0.0,0.0,0.0,,
IDRiD_71_512_512,0.19166867324671585,0.34438996249367204,0.0,0.0,0.3774789915945239,0.5554822753412122,0.0,0.0
IDRiD_72_0_1024,,,0.0,0.0,,,,
IDRiD_72_0_1536,,,0.0,0.0,0.0,0.0,,
IDRiD_72_0_2048,0.0,0.0,0.0,0.0,0.25725094576472257,0.20717670953235093,,
IDRiD_72_0_2560,,,0.0,0.0,0.0,0.0,0.06835655934605744,0.035387772871227144
IDRiD_72_0_3072,,,0.0,0.0,0.0,0.0,,
IDRiD_72_0_512,,,0.0,0.0,,,,
IDRiD_72_1024_0,,,,,0.0,0.0,,
IDRiD_72_1024_2048,0.0,0.0,,,0.4963729235502581,0.5317759587921294,,
IDRiD_72_1024_2560,0.6539008927331621,0.605849916072744,,,0.8022814756517033,0.8665857359583211,,
IDRiD_72_1024_3072,0.0,0.0,0.0,0.0,0.5915306988532346,0.664266045315309,,
IDRiD_72_1024_512,,,,,0.0,0.0,,
IDRiD_72_1536_1024,,,0.0,0.0,0.6576544527373691,0.6911764705710076,,
IDRiD_72_1536_1536,,,0.0,0.0,0.6337308347349878,0.8322147650386118,,
IDRiD_72_1536_2048,,,0.0,0.0,0.7431120724597996,0.7354562483235993,,
IDRiD_72_1536_2560,,,,,0.7274044828697276,0.7807429261076015,,
IDRiD_72_1536_3072,0.0,0.0,0.0,0.0,0.7492877847296701,0.8658462953886724,,
IDRiD_72_2048_1024,,,,,0.06685044796461577,0.03978671041674378,,
IDRiD_72_2048_1536,0.0,0.0,,,0.5636942675009635,0.8303362000914514,,
IDRiD_72_2048_2048,0.0,0.0,0.0,0.0,,,,
IDRiD_72_2048_2560,,,0.0,0.0,0.0,0.0,,
IDRiD_72_2048_3072,,,0.0,0.0,0.0,0.0,,
IDRiD_72_512_0,,,,,0.514194504611627,0.546269379831728,,
IDRiD_72_512_1536,,,,,0.20873015872601727,0.23192239857883942,,
IDRiD_72_512_2048,0.15235173823351986,0.1459353574783609,0.0,0.0,0.5352759961604584,0.6499264164787225,,
IDRiD_72_512_2560,,,0.0,0.0,0.0,0.0,,
IDRiD_72_512_3072,,,,,0.33865414709425185,0.5283203124484062,,
IDRiD_72_512_512,,,0.0,0.0,0.3745325922163995,0.7265242109247888,,
IDRiD_73_0_1024,,,0.0,0.0,,,,
IDRiD_73_0_1536,,,0.0,0.0,0.0,0.0,,
IDRiD_73_1024_1024,,,0.0,0.0,,,,
IDRiD_73_1024_1536,,,0.0,0.0,0.5691998581660654,0.8971684053317002,,
IDRiD_73_1024_2048,,,0.0,0.0,0.465331278866701,0.6555716352162704,,
IDRiD_73_1024_2560,,,0.0,0.0,,,,
IDRiD_73_1536_1024,0.887522292596473,0.8414179104379498,0.0,0.0,0.5204269414604186,0.5881863560242773,0.8351531440706782,0.8087517622773628
IDRiD_73_1536_1536,0.34623749455532327,0.40653728292101443,0.0,0.0,0.5376152244859467,0.8871442589904668,,
IDRiD_73_1536_2048,,,0.0,0.0,0.0,0.0,,
IDRiD_73_1536_2560,,,0.0,0.0,,,,
IDRiD_73_1536_3072,0.0,0.0,,,,,,
IDRiD_73_1536_512,0.2676962676790414,0.18738738737050561,,,,,,
IDRiD_73_2048_1024,,,,,,,0.6149035956066987,0.4441098983649187
IDRiD_73_2048_1536,,,0.0,0.0,,,,
IDRiD_73_2048_2048,0.0,0.0,0.0,0.0,,,,
IDRiD_73_2048_2560,0.6059751972857106,0.47587428064462434,0.0,0.0,,,0.6968400717490214,0.9025915996264059
IDRiD_73_2048_3072,0.7251445690745827,0.7366930917223005,0.0,0.0,,,,
IDRiD_73_512_1024,,,0.0,0.0,,,,
IDRiD_73_512_1536,0.5443592551728171,0.6980337077671301,0.0,0.0,0.3901170351059213,0.5481727574568713,,
IDRiD_73_512_2048,0.0,0.0,0.0,0.0,0.0,0.0,,
IDRiD_73_512_2560,0.49852681199183696,0.3877176901569461,,,,,,
IDRiD_74_0_2048,0.0,0.0,0.0,0.0,0.0,0.0,,
IDRiD_74_0_2560,,,0.0,0.0,0.0,0.0,,
IDRiD_74_0_3072,,,0.0,0.0,,,,
IDRiD_74_0_512,,,0.0,0.0,,,,
IDRiD_74_1024_1024,,,0.0,0.0,,,,
IDRiD_74_1024_1536,,,0.0,0.0,,,0.5240317312138433,0.36468932669014187
IDRiD_74_1024_2048,0.022989973816900856,0.7531380751562472,0.0,0.0,0.21365248226003314,0.5738095236729025,0.5590769680070239,0.7680577848808966
IDRiD_74_1024_2560,0.6042024726916659,0.5801746166888823,0.0,0.0,0.4447019867512855,0.5576084699905002,,
IDRiD_74_1024_3072,0.5075154730295092,0.5513928914429616,0.0,0.0,0.4368468584642389,0.5975997175927427,,
IDRiD_74_1536_0,,,0.0,0.0,,,,
IDRiD_74_1536_1024,,,0.0,0.0,,,,
IDRiD_74_1536_2048,,,0.0,0.0,0.47879742013874965,0.7616739376189744,,
IDRiD_74_1536_2560,0.3358080339365252,0.23018902217166312,0.0,0.0,0.0,0.0,,
IDRiD_74_1536_3072,0.31856659141987465,0.22521444244738464,0.0,0.0,0.0,0.0,,
IDRiD_74_2048_1536,0.4397952370255999,0.8727915193575272,0.0,0.0,,,,
IDRiD_74_2048_2048,0.36491416308817104,0.33330066640206485,0.0,0.0,,,,
IDRiD_74_2048_2560,0.6456421347967334,0.5319046472403953,0.0,0.0,0.0,0.0,,
IDRiD_74_2048_3072,0.7805081215997396,0.6851919560992618,0.0,0.0,,,,
IDRiD_74_2048_512,,,0.0,0.0,,,,
IDRiD_74_512_1024,,,0.0,0.0,,,,
IDRiD_74_512_1536,,,0.0,0.0,,,,
IDRiD_74_512_2048,0.0,0.0,0.0,0.0,0.2955465586990146,0.3322300372224977,,
IDRiD_74_512_2560,0.5922449435624958,0.459670424970344,0.0,0.0,0.30270787891523804,0.43554807102823717,,
IDRiD_74_512_3072,,,0.0,0.0,,,,
IDRiD_74_512_512,,,0.0,0.0,,,,
IDRiD_75_0_1024,0.25738007379836364,0.19670050761143965,0.0,0.0,,,,
IDRiD_75_0_1536,0.7681926341557404,0.7187956932027196,0.0,0.0,0.0,0.0,,
IDRiD_75_0_2048,0.786750103043479,0.6551422865660562,,,0.5070856438537559,0.3573599652471837,,
IDRiD_75_0_2560,0.43087614792217827,0.27459664662646954,0.0,0.0,,,,
IDRiD_75_0_512,0.41519493500782423,0.5226510066675628,0.0,0.0,,,,
IDRiD_75_1024_0,,,0.0,0.0,0.0,0.0,,
IDRiD_75_1024_1024,0.636326288398063,0.9308226495602188,0.0,0.0,0.0,0.0,,
IDRiD_75_1024_1536,0.0,0.0,0.0,0.0,0.0,0.0,,
IDRiD_75_1024_2048,,,0.0,0.0,0.0,0.0,,
IDRiD_75_1024_512,0.0,0.0,0.0,0.0,,,,
IDRiD_75_1536_0,,,0.0,0.0,,,,
IDRiD_75_1536_1024,0.3978965819398496,0.4514418296171216,0.0,0.0,0.0,0.0,,
IDRiD_75_1536_1536,,,0.0,0.0,0.0,0.0,,
IDRiD_75_1536_2048,,,0.0,0.0,0.0,0.0,,
IDRiD_75_1536_2560,0.12663817663727464,0.4587203302136883,0.0,0.0,,,,
IDRiD_75_1536_3072,0.5385421344029555,0.3840734414947892,,,,,,
IDRiD_75_1536_512,,,0.0,0.0,,,,
IDRiD_75_2048_1024,0.7280638143523642,0.7615034552374599,0.0,0.0,0.0,0.0,0.8442945900862089,0.867497080569346
IDRiD_75_2048_1536,0.28702107914432573,0.6892709328019971,0.0,0.0,,,,
IDRiD_75_2048_2048,0.17981072554496016,0.29765013050944517,0.0,0.0,,,,
IDRiD_75_2048_2560,0.51447963799741,0.3816717019005817,0.0,0.0,,,,
IDRiD_75_2048_3072,0.8375052930847044,0.8753667172461422,0.0,0.0,,,,
IDRiD_75_2048_512,0.4221535365137214,0.9423940949784597,0.0,0.0,0.0,0.0,0.0,0.0
IDRiD_75_512_0,,,0.0,0.0,,,,
IDRiD_75_512_1024,0.5853391684848164,0.6180207932110509,0.0,0.0,0.47784082195737954,0.6068553622356939,,
IDRiD_75_512_1536,,,0.0,0.0,0.04516129032015262,0.04439746299742099,,
IDRiD_75_512_2048,0.6482119988114647,0.8563248307949942,0.0,0.0,0.4014615934514142,0.9652406416743606,,
IDRiD_75_512_2560,0.7227044312443935,0.755552017824122,,,,,,
IDRiD_75_512_512,,,0.0,0.0,,,,
IDRiD_76_0_1024,0.23382696803909145,0.1360852801057817,0.0,0.0,,,,
IDRiD_76_0_1536,0.42706249127343043,0.3375009193179561,0.0,0.0,,,,
IDRiD_76_0_2560,0.0,0.0,0.0,0.0,,,,
IDRiD_76_0_512,0.0,0.0,,,,,,
IDRiD_76_1024_0,,,0.0,0.0,,,,
IDRiD_76_1024_1024,0.5048756037500695,0.5163094128515133,0.0,0.0,0.5473219293316263,0.7457967137908588,,
IDRiD_76_1024_1536,,,0.0,0.0,0.786143423234142,0.7869481765734235,,
IDRiD_76_1024_2048,0.0,0.0,0.0,0.0,0.39101717304506245,0.3940099833479531,,
IDRiD_76_1024_3072,,,0.0,0.0,,,,
IDRiD_76_1024_3584,,,0.0,0.0,,,,
IDRiD_76_1024_512,0.380036871209112,0.28327444051269585,0.0,0.0,0.20612635609115945,0.20919689118493534,,
IDRiD_76_1536_0,,,0.0,0.0,,,,
IDRiD_76_1536_1024,,,0.0,0.0,0.7413373970438615,0.9156583310843806,,
IDRiD_76_1536_1536,,,0.0,0.0,,,,
IDRiD_76_1536_2048,0.6427669780196221,0.4760658189799527,0.0,0.0,,,,
IDRiD_76_1536_2560,0.8552674055648846,0.7575295463065663,0.0,0.0,,,,
IDRiD_76_1536_3072,,,,,0.0,0.0,,
IDRiD_76_1536_512,0.3379305364983903,0.22328244274596104,0.0,0.0,0.0,0.0,,
IDRiD_76_2048_1024,,,0.0,0.0,,,,
IDRiD_76_2048_1536,,,0.0,0.0,,,,
IDRiD_76_2048_2560,,,0.0,0.0,0.0,0.0,,
IDRiD_76_2048_3072,,,0.0,0.0,,,,
IDRiD_76_2048_512,0.6333385408496935,0.7063538157659849,0.0,0.0,,,,
IDRiD_76_512_0,0.6422714849583622,0.8779576587431317,0.0,0.0,,,,
IDRiD_76_512_1024,0.5200648846849562,0.5230529152997155,0.0,0.0,0.18729245073749629,0.1556864188385835,,
IDRiD_76_512_1536,0.48625997259661324,0.7769765644919656,0.0,0.0,,,,
IDRiD_76_512_2048,,,0.0,0.0,,,,
IDRiD_76_512_3072,,,0.0,0.0,,,,
IDRiD_76_512_512,0.5015512674952588,0.6879800705690683,0.0,0.0,0.26215182958699335,0.3120936280478422,,
IDRiD_77_0_1024,,,0.0,0.0,0.0,0.0,,
IDRiD_77_0_1536,0.0,0.0,0.0,0.0,0.3837879369884021,0.5528500276395766,,
IDRiD_77_0_2048,0.41504072740656334,0.39449045732094906,,,0.0,0.0,,
IDRiD_77_0_2560,0.6713085420854547,0.6526737765626452,0.0,0.0,0.3461256416439471,0.24106230846983107,,
IDRiD_77_0_3072,,,0.0,0.0,0.0,0.0,,
IDRiD_77_0_512,,,0.0,0.0,,,,
IDRiD_77_1024_0,,,0.0,0.0,,,,
IDRiD_77_1024_1024,,,0.0,0.0,0.0,0.0,,
IDRiD_77_1024_1536,0.0,0.0,0.0,0.0,0.6957038869577628,0.7284547175414543,,
IDRiD_77_1024_2048,0.0,0.0,,,0.14354435250830203,0.08851447555556444,,
IDRiD_77_1024_2560,,,,,0.0,0.0,,
IDRiD_77_1024_3072,0.5594820609581942,0.8352799033090906,0.0,0.0,0.0,0.0,,
IDRiD_77_1024_3584,,,,,0.0,0.0,,
IDRiD_77_1024_512,,,0.0,0.0,,,,
IDRiD_77_1536_1024,0.32981132074227126,0.20929118772944008,0.0,0.0,0.0,0.0,,
IDRiD_77_1536_1536,,,,,0.29573934835857396,0.23854447437745657,,
IDRiD_77_1536_2048,,,0.0,0.0,0.0,0.0,,
IDRiD_77_1536_512,0.79733353765384,0.7486330935144082,0.0,0.0,0.36174315464247664,0.34283625730158784,,
IDRiD_77_2048_0,,,0.0,0.0,,,,
IDRiD_77_2048_1024,0.0,0.0,0.0,0.0,0.28706446607217473,0.24741641337085205,,
IDRiD_77_2048_1536,,,0.0,0.0,0.31016986542443925,0.1971396522659243,,
IDRiD_77_2048_2048,,,0.0,0.0,0.2530521642525693,0.15789473683481559,,
IDRiD_77_2048_512,,,0.0,0.0,0.0,0.0,,
IDRiD_77_512_1024,,,0.0,0.0,0.0,0.0,,
IDRiD_77_512_1536,0.15885509838429857,0.08654970759896492,0.0,0.0,0.4137956973054995,0.32577282956102227,,
IDRiD_77_512_2048,,,,,0.4399565296122081,0.42431653419142,,
IDRiD_77_512_2560,0.23876592889076015,0.13629402755464823,,,0.2647602613057468,0.18546019685398965,,
IDRiD_77_512_3072,,,0.0,0.0,0.0,0.0,,
IDRiD_77_512_512,0.0,0.0,0.0,0.0,,,,
IDRiD_78_0_1024,,,0.0,0.0,,,,
IDRiD_78_0_1536,,,0.0,0.0,,,,
IDRiD_78_0_2048,0.0,0.0,0.0,0.0,0.0,0.0,,
IDRiD_78_0_2560,0.7391621129191409,0.632481296738389,0.0,0.0,0.39132891559875005,0.4348669939441161,,
IDRiD_78_0_3072,,,0.0,0.0,0.0,0.0,,
IDRiD_78_0_512,0.5822345593135936,0.5758407686632916,,,,,,
IDRiD_78_1024_0,,,0.0,0.0,,,,
IDRiD_78_1024_1024,,,,,0.0,0.0,,
IDRiD_78_1024_1536,,,,,0.0,0.0,,
IDRiD_78_1024_2048,0.4384608303405172,0.2809117985306216,0.0,0.0,0.4873521383031178,0.478727207714002,,
IDRiD_78_1024_2560,0.48465067042621157,0.3394710825464722,0.0,0.0,0.501193697276376,0.5378768468653353,,
IDRiD_78_1024_3072,,,0.0,0.0,,,,
IDRiD_78_1024_512,,,0.0,0.0,,,,
IDRiD_78_1536_1536,,,0.0,0.0,,,,
IDRiD_78_1536_2048,0.21005128204697332,0.11735044693748911,0.0,0.0,0.5618294748570912,0.5954518252187042,,
IDRiD_78_1536_2560,0.0,0.0,0.0,0.0,0.0,0.0,,
IDRiD_78_1536_3072,,,0.0,0.0,0.0,0.0,,
IDRiD_78_2048_1024,,,0.0,0.0,,,,
IDRiD_78_2048_2048,,,0.0,0.0,,,,
IDRiD_78_2048_2560,0.0,0.0,0.0,0.0,,,,
IDRiD_78_2048_3072,0.0,0.0,,,0.0,0.0,,
IDRiD_78_2048_512,,,0.0,0.0,0.0,0.0,,
IDRiD_78_512_0,,,0.0,0.0,,,,
IDRiD_78_512_1536,,,0.0,0.0,,,,
IDRiD_78_512_2048,,,0.0,0.0,0.7010292775836772,0.8781984438883524,,
IDRiD_78_512_2560,0.4365913191104924,0.3351254480259439,0.0,0.0,0.5828613870571641,0.7097995986299506,,
IDRiD_78_512_3072,,,,,0.1792915531310723,0.2999088422835046,,
IDRiD_78_512_512,,,0.0,0.0,0.0,0.0,,
IDRiD_79_0_1024,,,0.0,0.0,0.0,0.0,,
IDRiD_79_0_1536,0.4228803102377676,0.5319290465513985,0.0,0.0,0.0,0.0,,
IDRiD_79_0_2048,0.6710427606838799,0.5329956800158946,0.0,0.0,,,,
IDRiD_79_0_2560,0.59071257005368,0.4625125376099391,0.0,0.0,0.31959910911360806,0.43749999993330796,,
IDRiD_79_0_512,0.7583857442298323,0.9867030344189106,0.0,0.0,,,,
IDRiD_79_1024_0,0.8260967126622568,0.853681159410392,,,,,,
IDRiD_79_1024_1024,0.0,0.0,0.0,0.0,0.501142319577334,0.5073469387686075,,
IDRiD_79_1024_1536,0.0,0.0,,,0.5602406015003895,0.5808181591346867,,
IDRiD_79_1024_2048,,,0.0,0.0,0.5713778093605251,0.8111993946170867,,
IDRiD_79_1024_2560,0.0,0.0,0.0,0.0,0.7101837581488792,0.8477301030179569,,
IDRiD_79_1024_3072,,,,,0.6712976089184798,0.7055025824324046,,
IDRiD_79_1536_0,,,,,0.38520305588288695,0.5183982683702165,,
IDRiD_79_1536_1024,0.0,0.0,0.0,0.0,0.46927154917594205,0.5021008403150378,,
IDRiD_79_1536_1536,0.5329512893677392,0.3731942214788768,0.0,0.0,0.6591252877332142,0.8277513937607773,,
IDRiD_79_1536_2048,,,0.0,0.0,0.6349426796618416,0.7786758330212478,,
IDRiD_79_1536_2560,0.0,0.0,0.0,0.0,0.9010666752587717,0.8680305476193094,,
IDRiD_79_1536_3072,0.7501380235004727,0.6829671118721602,0.0,0.0,0.654359268329962,0.7127692787991009,,
IDRiD_79_1536_512,,,,,0.0,0.0,,
IDRiD_79_2048_1024,0.0,0.0,0.0,0.0,0.5182059319927874,0.5039868667799253,,
IDRiD_79_2048_1536,,,0.0,0.0,0.5558424579161436,0.5339068190346985,,
IDRiD_79_2048_2048,0.0,0.0,0.0,0.0,0.5564650095123487,0.5664391563637309,,
IDRiD_79_2048_2560,0.5492704017269444,0.45619809979459713,,,0.7757047035095052,0.9130468477527162,,
IDRiD_79_2048_3072,0.0,0.0,0.0,0.0,0.5115969283791271,0.5411072434896311,,
IDRiD_79_2048_512,0.0,0.0,0.0,0.0,0.2788203753102037,0.2857142856619571,,
IDRiD_79_512_0,0.8051236749045483,0.8581920903793184,,,0.0,0.0,,
IDRiD_79_512_1024,0.0,0.0,0.0,0.0,0.5132241813561617,0.705933304445519,,
IDRiD_79_512_1536,,,0.0,0.0,0.3167230501936845,0.3804920913800419,,
IDRiD_79_512_2048,0.0,0.0,0.0,0.0,0.43054806827618064,0.46219135800685995,,
IDRiD_79_512_2560,0.6813773035722266,0.5439411536761928,0.0,0.0,0.5923713460304683,0.7483607571415384,,
IDRiD_79_512_3072,0.6274170273989201,0.6290509258895225,0.0,0.0,0.6662824207428791,0.7458064515968644,,
IDRiD_79_512_512,,,0.0,0.0,0.4193194291526543,0.506631299600363,,
IDRiD_80_0_2048,0.9005181971532281,0.8675335229531111,,,,,,
IDRiD_80_0_2560,,,0.0,0.0,0.0,0.0,,
IDRiD_80_0_3072,,,,,0.0,0.0,,
IDRiD_80_1024_2048,,,,,0.17206182560011485,0.10034013605100885,,
IDRiD_80_1024_2560,,,,,0.0,0.0,,
IDRiD_80_1536_1536,,,0.0,0.0,,,,
IDRiD_80_1536_2048,,,,,0.0,0.0,,
IDRiD_80_1536_2560,,,,,0.0,0.0,,
IDRiD_80_1536_3072,,,,,0.0,0.0,,
IDRiD_80_2048_1536,,,,,0.0,0.0,,
IDRiD_80_2048_2048,,,0.0,0.0,,,,
IDRiD_80_2048_3072,,,0.0,0.0,0.0,0.0,,
IDRiD_80_512_2560,,,,,0.0,0.0,,
