image,dice_hemorrhages,recall_hemorrhages,dice_microaneurysms,recall_microaneurysms,dice_hard_exudates,recall_hard_exudates,dice_soft_exudates,recall_soft_exudates
IDRiD_01_0_1024,0.7589723082999202,0.8734468476559263,,,,,,
IDRiD_01_0_2048,0.0,0.0,,,,,,
IDRiD_01_0_2560,0.18285466878205472,0.8346508563350032,0.0,0.0,,,,
IDRiD_01_1024_1024,,,,,0.4476006618802041,0.5134451122899891,,
IDRiD_01_1024_1536,,,,,0.3897058823449815,0.3378186968718903,,
IDRiD_01_1024_2048,,,0.0,0.0,0.07028942705049353,0.038031319909299095,,
IDRiD_01_1024_2560,0.41511771992471386,0.32242540901612843,0.0,0.0,0.2564387917308709,0.15847907250777676,,
IDRiD_01_1024_512,0.5822884012311016,0.5307142856763776,,,0.0,0.0,,
IDRiD_01_1536_1024,0.8502769258898234,0.9155248890989105,0.0,0.0,0.47031371531059596,0.3654311039337055,,
IDRiD_01_1536_1536,,,,,0.0,0.0,,
IDRiD_01_1536_2048,,,0.0,0.0,0.557134894089863,0.5504157717905699,,
IDRiD_01_1536_2560,,,,,0.0,0.0,,
IDRiD_01_1536_512,0.0,0.0,0.0,0.0,0.0,0.0,,
IDRiD_01_2048_1024,0.9040003841862171,0.9320657555859371,0.0,0.0,0.6090241796134604,0.5320633723022998,,
IDRiD_01_2048_1536,,,,,0.6959187248184273,0.6473143974330782,,
IDRiD_01_2048_2048,,,0.0,0.0,0.4376753035316916,0.33034286729339035,,
IDRiD_01_2048_3072,,,0.0,0.0,,,,
IDRiD_01_512_1024,,,0.0,0.0,0.20960698689474588,0.1351511558940382,,
IDRiD_01_512_1536,0.0,0.0,,,0.4369814302604012,0.5028415548874099,,
IDRiD_01_512_2048,0.0,0.0,0.0,0.0,0.32224727545732573,0.2886719407458564,,
IDRiD_01_512_2560,0.5847382430973941,0.4813732651218865,,,,,,
IDRiD_02_0_1536,,,,,0.17261036722560505,0.11493644067593686,,
IDRiD_02_0_2048,0.0,0.0,,,0.0,0.0,,
IDRiD_02_0_2560,,,,,0.0,0.0,,
IDRiD_02_0_3072,,,,,0.0,0.0,,
IDRiD_02_1024_1024,,,,,0.0,0.0,,
IDRiD_02_1024_1536,,,,,0.0,0.0,,
IDRiD_02_1024_2048,0.0,0.0,0.0,0.0,0.3094794520514029,0.24005440326011468,,
IDRiD_02_1024_2560,0.0,0.0,0.0,0.0,0.6493621527938677,0.5654236947108322,,
IDRiD_02_1024_3072,0.0,0.0,0.0,0.0,0.45963018260641286,0.3569389939287025,,
IDRiD_02_1024_512,,,,,0.0,0.0,,
IDRiD_02_1536_1024,,,0.0,0.0,,,,
IDRiD_02_1536_1536,0.0,0.0,0.0,0.0,0.0,0.0,,
IDRiD_02_1536_2048,0.0,0.0,0.0,0.0,0.41910631740333,0.44792095510712554,,
IDRiD_02_1536_2560,0.0,0.0,0.0,0.0,0.5743487698973988,0.47294529475115277,,
IDRiD_02_1536_3072,0.0,0.0,0.0,0.0,0.0,0.0,,
IDRiD_02_2048_1024,,,,,0.4469273742808693,0.46966731893643177,,
IDRiD_02_2048_1536,0.0,0.0,0.0,0.0,0.0,0.0,,
IDRiD_02_2048_2048,0.0,0.0,0.0,0.0,,,,
IDRiD_02_2048_2560,,,,,0.0,0.0,,
IDRiD_02_2048_3072,,,0.0,0.0,0.0,0.0,,
IDRiD_02_2048_512,,,,,0.5725578768733733,0.8726333905554848,,
IDRiD_02_512_1024,,,0.0,0.0,0.0,0.0,,
IDRiD_02_512_1536,,,0.0,0.0,0.5404600533962802,0.4652992661969295,,
IDRiD_02_512_2048,0.5940949227291101,0.4988415199142993,0.0,0.0,0.6079090204147848,0.561738715063748,,
IDRiD_02_512_2560,,,0.0,0.0,0.0,0.0,,
IDRiD_02_512_3072,,,,,0.0,0.0,,
IDRiD_03_0_1024,0.0,0.0,,,0.0,0.0,,
IDRiD_03_0_1536,0.0,0.0,0.0,0.0,0.33218588639560703,0.35957149509270747,,
IDRiD_03_0_2048,0.4443493150494714,0.3485560778812252,0.0,0.0,0.29728344437225607,0.26802218112125487,,
IDRiD_03_0_2560,0.6367327603686921,0.5682106407357436,0.0,0.0,0.0,0.0,,
IDRiD_03_0_512,,,,,0.0,0.0,,
IDRiD_03_1024_0,0.0,0.0,,,,,,
IDRiD_03_1024_1024,0.2394183328943283,0.2397295891711009,0.0,0.0,0.4376966774267943,0.30692955808845684,,
IDRiD_03_1024_1536,0.7111379414320685,0.601327207743713,0.0,0.0,0.7552804760722663,0.7498985664039256,,
IDRiD_03_1024_2048,0.06984623403518775,0.039181286548561955,0.0,0.0,0.563334581304207,0.5291497342898985,,
IDRiD_03_1024_2560,0.0,0.0,0.0,0.0,0.5637874329220363,0.5438303556490018,,
IDRiD_03_1024_3072,0.4491747445608516,0.32622966415825105,0.0,0.0,0.0,0.0,,
IDRiD_03_1536_1024,0.0,0.0,0.0,0.0,0.39921817737113097,0.28461940428001015,,
IDRiD_03_1536_1536,0.0,0.0,0.0,0.0,0.631596853071164,0.5234922984719484,,
IDRiD_03_1536_2048,0.0,0.0,0.0,0.0,0.728279186069028,0.6872595455077761,,
IDRiD_03_1536_2560,0.6063459256684413,0.4570950429888793,0.0,0.0,0.6548715894408357,0.6238816096314129,,
IDRiD_03_1536_3072,,,0.0,0.0,0.0,0.0,,
IDRiD_03_2048_0,,,0.0,0.0,,,,
IDRiD_03_2048_1024,0.7169516709881961,0.7039216655916921,0.0,0.0,0.0,0.0,,
IDRiD_03_2048_1536,0.32322166534680613,0.1944013538281117,,,0.5377902677092254,0.4223323524824041,,
IDRiD_03_2048_2048,,,0.0,0.0,0.5319670305166765,0.515099223464063,,
IDRiD_03_2048_2560,0.0,0.0,0.0,0.0,0.2500470721097713,0.1965660153879051,,
IDRiD_03_2048_3072,0.6116875292816675,0.8689615823341772,,,,,,
IDRiD_03_512_0,0.0,0.0,0.0,0.0,0.0,0.0,,
IDRiD_03_512_1024,,,0.0,0.0,0.0,0.0,,
IDRiD_03_512_1536,0.49999999999024963,0.5194489464943497,0.0,0.0,0.3115397864256869,0.25707788515910085,,
IDRiD_03_512_2048,0.0,0.0,0.0,0.0,0.39924959494841605,0.4316002949772935,,
IDRiD_03_512_2560,0.6862542065663182,0.6026369629324247,0.0,0.0,0.4046528668217196,0.3471087366381661,,
IDRiD_03_512_3072,0.0,0.0,0.0,0.0,0.1851289833010194,0.12835349815211186,,
IDRiD_03_512_512,0.573319103509641,0.7243797194862793,0.0,0.0,0.0,0.0,,
IDRiD_04_0_1024,,,,,0.20253164556229544,0.253623188382824,,
IDRiD_04_1024_0,,,,,0.0,0.0,,
IDRiD_04_1024_1024,0.8516684045770117,0.8763412016932313,0.0,0.0,0.0,0.0,,
IDRiD_04_1024_2560,,,,,0.27551020406155174,0.441588784943554,,
IDRiD_04_1024_3072,,,,,0.0,0.0,,
IDRiD_04_1024_3584,,,,,0.0,0.0,,
IDRiD_04_1536_1024,0.8524240051195812,0.8846040188994592,,,,,,
IDRiD_04_1536_2560,,,0.0,0.0,,,,
IDRiD_04_1536_512,0.7927998216629915,0.7364116368077812,0.0,0.0,0.0641399416722624,0.07382550330615738,,
IDRiD_04_2048_512,0.8098085452798695,0.7710009354516344,,,,,,
IDRiD_04_512_1024,,,,,0.0,0.0,,
IDRiD_04_512_1536,,,,,0.0,0.0,,
IDRiD_04_512_2560,,,,,0.0,0.0,,
IDRiD_04_512_3072,0.0,0.0,,,0.0,0.0,,
IDRiD_04_512_3584,,,,,0.0,0.0,,
IDRiD_04_512_512,,,,,0.0,0.0,,
IDRiD_05_0_512,0.7378497790687814,0.935865504300382,0.0,0.0,,,,
IDRiD_05_1024_1024,,,,,0.38981003623158217,0.3285820066581159,,
IDRiD_05_1024_1536,,,0.0,0.0,0.6110536120759459,0.6353852776308487,,
IDRiD_05_1024_2048,0.0,0.0,0.0,0.0,,,,
IDRiD_05_1024_512,,,0.0,0.0,,,,
IDRiD_05_1536_1024,0.0,0.0,0.0,0.0,0.0,0.0,,
IDRiD_05_1536_1536,,,,,0.0,0.0,,
IDRiD_05_1536_512,0.0,0.0,0.0,0.0,,,,
IDRiD_05_2048_1024,,,0.0,0.0,,,,
IDRiD_05_2048_1536,,,0.0,0.0,,,,
IDRiD_05_2048_512,0.6157163392281813,0.46761280929884963,,,,,,
IDRiD_05_512_1536,,,0.0,0.0,,,,
IDRiD_06_0_1536,0.3271577044661736,0.1955699621773212,0.0,0.0,,,,
IDRiD_06_0_2048,0.7014716187765623,0.7194537613713529,0.0,0.0,,,,
IDRiD_06_0_2560,0.557388809178211,0.5952198559737212,,,0.0,0.0,,
IDRiD_06_0_3072,,,0.0,0.0,,,,
IDRiD_06_0_512,,,0.0,0.0,0.0,0.0,,
IDRiD_06_1024_1024,,,0.0,0.0,0.7834963845130609,0.758102685453667,,
IDRiD_06_1024_1536,,,,,0.11546914623740093,0.0636058856391916,,
IDRiD_06_1024_512,0.0,0.0,0.0,0.0,,,,
IDRiD_06_1536_0,,,,,0.0,0.0,,
IDRiD_06_1536_1024,0.10318664642616186,0.054706355586910185,,,,,,
IDRiD_06_1536_512,,,0.0,0.0,0.0,0.0,,
IDRiD_06_2048_512,,,0.0,0.0,,,,
IDRiD_06_512_0,,,0.0,0.0,,,,
IDRiD_06_512_1024,0.06572237959967578,0.035409035406873686,0.0,0.0,0.5171150543774553,0.41086046934504794,,
IDRiD_06_512_1536,0.0,0.0,,,0.41333007812247724,0.3183826986335836,,
IDRiD_06_512_2048,0.8040404040201,0.9107551486893161,0.0,0.0,0.0,0.0,,
IDRiD_06_512_3072,,,0.0,0.0,,,,
IDRiD_06_512_512,0.0,0.0,0.0,0.0,0.16701680671830313,0.102086677364299,,
IDRiD_07_0_1024,,,0.0,0.0,0.22015503874262363,0.5201465199559903,,
IDRiD_07_0_1536,0.156900263093077,0.2726517040618183,,,0.0,0.0,,
IDRiD_07_0_2048,0.7269540833954801,0.7338995045482024,0.0,0.0,0.0,0.0,,
IDRiD_07_0_512,0.6705426356372564,0.794793261807443,,,,,,
IDRiD_07_1024_0,,,,,0.0,0.0,,
IDRiD_07_1024_1024,,,0.0,0.0,0.21709997319462476,0.19789885169318597,,
IDRiD_07_1024_1536,,,,,0.15094936708621917,0.09912718204282778,,
IDRiD_07_1024_2048,0.0,0.0,,,0.0,0.0,,
IDRiD_07_1024_2560,,,0.0,0.0,,,,
IDRiD_07_1024_512,,,0.0,0.0,0.558499511919129,0.6635188866689278,,
IDRiD_07_1536_0,,,0.0,0.0,0.49839449540712844,0.5824175824019722,,
IDRiD_07_1536_1024,,,,,0.4266076896889193,0.4776744894812734,,
IDRiD_07_1536_1536,,,0.0,0.0,0.7577815430993319,0.8069273171540406,,
IDRiD_07_1536_2048,0.0,0.0,,,0.6197465794347682,0.6751289369574631,,
IDRiD_07_1536_2560,,,0.0,0.0,0.48812335957845104,0.5801746997303059,,
IDRiD_07_1536_512,0.0,0.0,0.0,0.0,0.320478325849911,0.24122412240138508,,
IDRiD_07_2048_0,,,,,0.0,0.0,,
IDRiD_07_2048_1024,,,,,0.3031350283805694,0.3017199017050752,,
IDRiD_07_2048_1536,,,,,0.42680033672447076,0.4588990372709709,,
IDRiD_07_2048_2048,0.5093724531351397,0.837100284600082,0.0,0.0,0.5528455284499337,0.6025316455569086,,
IDRiD_07_2048_512,0.7118261850005992,0.9396610945621746,0.0,0.0,0.5011907912079758,0.4919480519352741,,
IDRiD_07_512_0,,,0.0,0.0,0.26289517466507567,0.37980769212509247,,
IDRiD_07_512_1024,,,0.0,0.0,,,,
IDRiD_07_512_1536,,,0.0,0.0,0.00818553888019297,0.004291845492948234,,
IDRiD_07_512_2048,0.0,0.0,0.0,0.0,,,,
IDRiD_07_512_2560,0.24924012157423406,0.16147029864911486,,,,,,
IDRiD_07_512_512,,,0.0,0.0,,,,
IDRiD_08_0_1024,0.5063858019530072,0.34661671207599204,,,,,,
IDRiD_08_0_1536,0.6892492894141807,0.7293185195617484,0.0,0.0,,,,
IDRiD_08_1024_1024,0.5657669969155148,0.4652992413468587,0.0,0.0,0.341169724760861,0.2647975077763775,,
IDRiD_08_1024_1536,0.5677340838170858,0.7218568665237552,0.0,0.0,0.0,0.0,0.8775576957991003,0.948762278970933
IDRiD_08_1024_2048,,,,,0.49819922048202575,0.5719302220143642,,
IDRiD_08_1024_2560,,,,,0.0,0.0,,
IDRiD_08_1024_512,0.6063723863158584,0.5947265624806405,,,0.4101633393643302,0.7373572592598112,,
IDRiD_08_1536_1024,,,,,0.0,0.0,,
IDRiD_08_1536_1536,0.6410317649715541,0.5448639869855922,,,0.6998758791832861,0.7639089595237734,,
IDRiD_08_1536_2048,,,,,0.5544340302611956,0.45529899346031383,,
IDRiD_08_512_1024,,,0.0,0.0,,,,
IDRiD_08_512_1536,,,0.0,0.0,0.0,0.0,0.7766818700091884,0.8239385508599012
IDRiD_08_512_2048,,,0.0,0.0,,,0.6880698267264915,0.8767756854875368
IDRiD_08_512_512,,,0.0,0.0,,,,
IDRiD_09_0_1024,0.34907446360775624,0.21433645463213213,,,,,,
IDRiD_09_0_1536,,,0.0,0.0,,,,
IDRiD_09_0_2560,,,0.0,0.0,,,,
IDRiD_09_0_3072,,,0.0,0.0,,,,
IDRiD_09_0_512,0.37085335163153904,0.27591489361232485,,,,,,
IDRiD_09_1024_1024,0.0,0.0,0.0,0.0,0.6157495478977529,0.5332329970690968,,
IDRiD_09_1024_1536,0.820964688983611,0.7475335789760188,,,0.7438700846606419,0.8024061246795435,,
IDRiD_09_1024_2048,0.66958967570591,0.8202269963352204,0.0,0.0,0.52740452616224,0.5353553481598106,,
IDRiD_09_1024_2560,,,,,0.04118404118393301,0.8358208954332814,,
IDRiD_09_1024_3072,,,0.0,0.0,,,,
IDRiD_09_1024_3584,,,0.0,0.0,,,,
IDRiD_09_1024_512,0.37853740543039316,0.49834009588718775,0.0,0.0,0.7111749954103884,0.7594382756318783,,
IDRiD_09_1536_1024,0.0,0.0,0.0,0.0,0.55677160190081,0.5034283384585322,,
IDRiD_09_1536_1536,0.5996466430989462,0.49561915886402985,0.0,0.0,0.7697416974157907,0.8142871084193283,,
IDRiD_09_1536_2048,0.5034284450231491,0.3959638134865705,0.0,0.0,0.0,0.0,,
IDRiD_09_1536_2560,,,0.0,0.0,,,,
IDRiD_09_1536_512,,,0.0,0.0,0.792062377590392,0.8247229632648657,,
IDRiD_09_2048_1024,,,,,0.46542526421272845,0.40215689684463113,,
IDRiD_09_2048_1536,0.0,0.0,0.0,0.0,0.490399064951048,0.4092429168582943,,
IDRiD_09_2048_2048,0.31341511673301514,0.2859205776070065,0.0,0.0,,,,
IDRiD_09_2048_2560,,,,,0.37596899223591834,0.6728323698644124,,
IDRiD_09_2048_512,,,0.0,0.0,0.0,0.0,,
IDRiD_09_512_0,0.06685279381930297,0.20874134224483543,,,,,,
IDRiD_09_512_1024,0.3701923076903302,0.38018433179306355,0.0,0.0,0.5584012417512689,0.45809789096332587,,
IDRiD_09_512_1536,0.0,0.0,0.0,0.0,0.5319656488528468,0.5877701634107558,,
IDRiD_09_512_2048,,,,,0.5605800922800187,0.6844816484003708,,
IDRiD_09_512_3072,,,0.0,0.0,,,,
IDRiD_09_512_512,0.34526868825112633,0.2384257433532737,0.0,0.0,0.47896440126349743,0.8747044915189823,,
IDRiD_10_0_1024,,,,,0.5322099734646382,0.5128908103521227,,
IDRiD_10_0_1536,,,0.0,0.0,0.6510726585284504,0.7028674079616553,,
IDRiD_10_0_2048,0.6988619904792102,0.6919609931927234,0.0,0.0,0.7594122063693033,0.7354697969109465,,
IDRiD_10_0_2560,0.37539257342738974,0.4368013757335855,0.0,0.0,0.41020490155865397,0.37941285765962796,,
IDRiD_10_0_3072,,,,,0.2344623826080567,0.15161026200666472,,
IDRiD_10_0_512,,,,,0.0,0.0,,
IDRiD_10_1024_0,,,,,0.0,0.0,,
IDRiD_10_1024_1024,0.0,0.0,0.0,0.0,0.7209956709917694,0.6852499485632045,,
IDRiD_10_1024_1536,,,,,0.9453080950460221,0.9724272438710387,,
IDRiD_10_1024_2048,,,0.0,0.0,0.9545876803385632,0.9803851483618655,,
IDRiD_10_1024_2560,0.6091958005592003,0.4842992507685968,0.0,0.0,0.6130942916190708,0.6063691763294422,,
IDRiD_10_1024_3072,0.5290373906020478,0.9486447930849754,0.0,0.0,0.5853164556935083,0.6734456095681236,,
IDRiD_10_1024_512,,,,,0.4363914519269666,0.35412787088489966,,
IDRiD_10_1536_0,,,0.0,0.0,0.2649501661092892,0.17978583505204235,,
IDRiD_10_1536_1024,,,0.0,0.0,0.46971406340996025,0.5062049303999144,,
IDRiD_10_1536_1536,,,0.0,0.0,0.6352521650523338,0.5750897651264121,,
IDRiD_10_1536_2048,0.6396691034951936,0.7480314960461636,0.0,0.0,0.5698960256523761,0.520058170466002,,
IDRiD_10_1536_2560,,,0.0,0.0,0.6559905360688414,0.6221224964654611,,
IDRiD_10_1536_3072,,,0.0,0.0,0.3768880364330643,0.3854830799222421,,
IDRiD_10_1536_512,0.46040563234129434,0.32679259122819015,,,,,,
IDRiD_10_2048_1024,0.0,0.0,0.0,0.0,0.0,0.0,,
IDRiD_10_2048_1536,0.0,0.0,0.0,0.0,0.22987197723712843,0.19760332599174363,,
IDRiD_10_2048_2048,0.6725093439832935,0.9128761371428818,0.0,0.0,0.3395238095211149,0.5190487745566841,,
IDRiD_10_2048_2560,0.0,0.0,,,0.0,0.0,,
IDRiD_10_2048_3072,0.0,0.0,0.0,0.0,0.24163265305136195,0.22188905545563048,,
IDRiD_10_2048_512,,,,,0.6511044176543398,0.6737662337312329,,
IDRiD_10_512_1024,,,0.0,0.0,0.6881677540664138,0.7807563840086612,,
IDRiD_10_512_1536,,,,,0.6970706757587792,0.7346005430883958,,
IDRiD_10_512_2048,0.2553950419073409,0.16162528216339447,0.0,0.0,0.7865296322811546,0.8739313572529268,,
IDRiD_10_512_2560,0.24831081080556777,0.29622166245359083,0.0,0.0,0.6076053782054615,0.6328450534789603,,
IDRiD_10_512_3072,0.42117988394074973,0.38728323698560957,0.0,0.0,0.5383296026031619,0.5478374060674053,,
IDRiD_10_512_512,0.2784738040962632,0.39739943110941084,0.0,0.0,0.5359979502809122,0.4084342053725719,,
IDRiD_11_0_1024,,,0.0,0.0,,,,
IDRiD_11_0_1536,0.29730606944831856,0.23693740298825983,0.0,0.0,0.0,0.0,,
IDRiD_11_0_2048,,,0.0,0.0,,,,
IDRiD_11_0_2560,0.7281563437004637,0.622965321998886,0.0,0.0,,,,
IDRiD_11_0_3072,,,,,0.0,0.0,,
IDRiD_11_0_512,0.017764256613709575,0.9999999998802396,0.0,0.0,0.0,0.0,,
IDRiD_11_1024_1024,,,0.0,0.0,,,,
IDRiD_11_1024_1536,0.0,0.0,0.0,0.0,0.5500249070753342,0.5659648292676763,,
IDRiD_11_1024_2048,0.0,0.0,0.0,0.0,0.5844276570958292,0.5587610330161843,,
IDRiD_11_1024_2560,0.5208741030573896,0.35520462632661914,0.0,0.0,0.6246645782102209,0.6117983571273915,,
IDRiD_11_1024_3072,0.32951279476322065,0.2616298251387791,,,0.0,0.0,,
IDRiD_11_1536_1024,,,0.0,0.0,,,,
IDRiD_11_1536_1536,,,0.0,0.0,0.4575055836316268,0.4993584808699164,,
IDRiD_11_1536_2048,0.0,0.0,0.0,0.0,0.6704993585768269,0.6467757459065641,,
IDRiD_11_1536_2560,0.0,0.0,0.0,0.0,0.6908021969514477,0.7058312091198731,,
IDRiD_11_1536_3072,,,,,0.4239140251022856,0.3816260162539573,,
IDRiD_11_2048_1024,,,0.0,0.0,0.0,0.0,,
IDRiD_11_2048_1536,,,,,0.0,0.0,,
IDRiD_11_2048_2048,,,,,0.5978627350122905,0.6243236791827486,,
IDRiD_11_2048_2560,0.012841530054469379,0.006462257665248697,0.0,0.0,0.4893401015199203,0.3883412322238072,,
IDRiD_11_2048_3072,0.3846242375372928,0.25585668350549906,0.0,0.0,0.0,0.0,,
IDRiD_11_512_1024,,,,,0.5136712749458165,0.6224869694249823,,
IDRiD_11_512_1536,,,0.0,0.0,0.3908975059151979,0.30213316823154085,,
IDRiD_11_512_2048,,,0.0,0.0,0.5582569458678853,0.5183709346600692,,
IDRiD_11_512_2560,0.0,0.0,0.0,0.0,0.4533715925364981,0.4258238392695599,,
IDRiD_11_512_3072,0.31365285173795127,0.4605621033440489,0.0,0.0,0.0,0.0,,
IDRiD_11_512_512,,,0.0,0.0,,,,
IDRiD_12_0_1024,,,,,0.5640809443269781,0.9999999998505232,,
IDRiD_12_0_2560,0.24327018941957776,0.17015341700347605,0.0,0.0,,,,
IDRiD_12_0_3072,0.0,0.0,0.0,0.0,,,,
IDRiD_12_0_512,0.29013854929937144,0.16968541467525627,,,,,,
IDRiD_12_1024_1024,0.40167364015802715,0.5909712721894,,,,,,
IDRiD_12_1024_2048,0.5686274509339356,0.8018433177875937,0.0,0.0,0.0,0.0,,
IDRiD_12_1024_2560,,,0.0,0.0,,,,
IDRiD_12_1536_2048,0.0,0.0,,,0.5925272138806263,0.5749904834302438,,
IDRiD_12_1536_3072,,,0.0,0.0,,,,
IDRiD_12_2048_1536,,,0.0,0.0,,,,
IDRiD_12_2048_2048,,,0.0,0.0,,,,
IDRiD_12_2048_2560,,,0.0,0.0,,,,
IDRiD_12_2048_3072,,,0.0,0.0,,,,
IDRiD_12_2048_512,0.0,0.0,0.0,0.0,,,,
IDRiD_12_512_2560,0.9261103253156262,0.9467322151477922,0.0,0.0,,,,
IDRiD_12_512_512,,,,,0.0,0.0,,
IDRiD_13_0_1024,0.5770287598355555,0.49559471364079316,0.0,0.0,,,,
IDRiD_13_0_1536,,,0.0,0.0,,,,
IDRiD_13_0_2048,0.40047505937291034,0.2601049058852174,0.0,0.0,0.0,0.0,,
IDRiD_13_0_2560,0.601811472650087,0.5083593085715965,0.0,0.0,,,,
IDRiD_13_0_3072,0.07573366992503207,0.16107382548173507,0.0,0.0,,,,
IDRiD_13_0_512,,,0.0,0.0,0.0,0.0,0.8207944232512797,0.7972532737093755
IDRiD_13_1024_0,0.0,0.0,0.0,0.0,,,,
IDRiD_13_1024_1024,0.0,0.0,0.0,0.0,0.739408992589182,0.7334312285842169,,
IDRiD_13_1024_1536,0.0,0.0,0.0,0.0,0.6326967001977142,0.5616479723875684,0.0,0.0
IDRiD_13_1024_2048,,,0.0,0.0,0.0,0.0,0.0,0.0
IDRiD_13_1024_2560,,,,,0.0,0.0,,
IDRiD_13_1024_3072,,,,,0.4046680334300215,0.3567357152737837,,
IDRiD_13_1024_3584,,,0.0,0.0,0.0,0.0,,
IDRiD_13_1024_512,0.0,0.0,0.0,0.0,0.30867778583141553,0.23882550962710258,,
IDRiD_13_1536_0,,,0.0,0.0,0.0,0.0,,
IDRiD_13_1536_1024,,,0.0,0.0,0.5117049927438191,0.6947960618651253,,
IDRiD_13_1536_1536,0.0,0.0,0.0,0.0,0.0,0.0,,
IDRiD_13_1536_2048,0.0,0.0,0.0,0.0,0.32082237627729326,0.26149649258528856,0.0,0.0
IDRiD_13_1536_2560,0.4300755321534667,0.3041437358319174,0.0,0.0,,,,
IDRiD_13_1536_3072,,,0.0,0.0,0.1866666666542222,0.18817204298546075,,
IDRiD_13_1536_3584,,,,,0.0,0.0,,
IDRiD_13_1536_512,,,0.0,0.0,0.0,0.0,,
IDRiD_13_2048_1024,0.0,0.0,0.0,0.0,0.0,0.0,0.8843801282875671,0.814509480604163
IDRiD_13_2048_1536,,,0.0,0.0,,,0.31330784634704795,0.18945398502653615
IDRiD_13_2048_2048,0.0,0.0,0.0,0.0,0.333333333197832,0.21354166655544707,,
IDRiD_13_2048_2560,0.0,0.0,0.0,0.0,,,,
IDRiD_13_2048_512,,,0.0,0.0,,,0.0,0.0
IDRiD_13_512_0,0.0,0.0,0.0,0.0,,,,
IDRiD_13_512_1024,0.0,0.0,0.0,0.0,0.5677057647875935,0.5066011951625825,,
IDRiD_13_512_1536,,,0.0,0.0,0.6218005386396026,0.5550356015551732,,
IDRiD_13_512_2048,,,0.0,0.0,0.6288841117719585,0.6766190075409328,,
IDRiD_13_512_2560,0.5670191483118886,0.7146974062885665,0.0,0.0,,,,
IDRiD_13_512_3072,,,,,0.31905195987606877,0.27450980390003843,,
IDRiD_13_512_3584,,,,,0.0,0.0,,
IDRiD_13_512_512,0.0,0.0,0.0,0.0,0.3177660086586961,0.31102733269033805,0.0,0.0
IDRiD_14_0_1024,,,0.0,0.0,,,,
IDRiD_14_0_1536,0.0,0.0,0.0,0.0,0.0,0.0,,
IDRiD_14_0_2048,0.7792574409280193,0.7561033702422757,0.0,0.0,0.528822055129561,0.7836583100843242,,
IDRiD_14_0_2560,0.3515702152850644,0.25545350171971437,0.0,0.0,,,0.8485773358233308,0.9112920279032428
IDRiD_14_0_3072,0.0,0.0,,,0.0,0.0,,
IDRiD_14_0_512,,,0.0,0.0,,,,
IDRiD_14_1024_0,,,0.0,0.0,,,,
IDRiD_14_1024_1024,0.0,0.0,0.0,0.0,,,,
IDRiD_14_1024_1536,0.47461669505153975,0.3891061452405278,0.0,0.0,0.5604025828339637,0.6353450646093254,,
IDRiD_14_1024_2048,,,0.0,0.0,0.5620466036483814,0.6003169758141573,,
IDRiD_14_1024_2560,,,0.0,0.0,0.5628175859773127,0.5584581658730052,,
IDRiD_14_1024_3072,,,0.0,0.0,0.5121481322888144,0.4924359370125302,,
IDRiD_14_1024_3584,,,,,0.0,0.0,,
IDRiD_14_1024_512,,,0.0,0.0,0.24835414301365827,0.15745538283945149,,
IDRiD_14_1536_0,0.3557692307521265,0.39614561023595873,,,,,,
IDRiD_14_1536_1024,,,0.0,0.0,,,,
IDRiD_14_1536_1536,0.7836578465602277,0.7695073126826578,0.0,0.0,0.3466179158985993,0.2842578710559443,,
IDRiD_14_1536_2048,0.0,0.0,0.0,0.0,0.621413346440049,0.6156595191482892,,
IDRiD_14_1536_2560,,,0.0,0.0,0.4893509978116829,0.5897332255218378,,
IDRiD_14_1536_3072,0.0,0.0,0.0,0.0,0.1387559808446464,0.12083333330815972,,
IDRiD_14_1536_512,,,0.0,0.0,,,,
IDRiD_14_2048_1024,0.0,0.0,0.0,0.0,,,,
IDRiD_14_2048_1536,,,0.0,0.0,,,,
IDRiD_14_2048_2048,,,0.0,0.0,0.37538252293861335,0.4020393299051683,,
IDRiD_14_2048_2560,0.7680180180036033,0.6819999999772667,0.0,0.0,0.331821274661694,0.3247502774622697,,
IDRiD_14_2048_3072,0.0,0.0,0.0,0.0,0.0,0.0,,
IDRiD_14_2048_512,0.5900709219648911,0.4640267707493571,,,,,,
IDRiD_14_512_1536,0.0,0.0,0.0,0.0,0.5334581188532198,0.5007027406798893,,
IDRiD_14_512_2048,0.0,0.0,0.0,0.0,0.5281006995903147,0.5363444268328772,,
IDRiD_14_512_2560,0.0,0.0,0.0,0.0,0.49586242565189237,0.4437630178182374,0.0,0.0
IDRiD_14_512_3072,0.5325630251821133,0.517875382991024,0.0,0.0,0.42725944478785993,0.49756927563204745,,
IDRiD_14_512_512,,,0.0,0.0,,,,
IDRiD_15_0_1536,,,0.0,0.0,,,,
IDRiD_15_1024_0,,,0.0,0.0,0.21209302325088156,0.20457604305946273,,
IDRiD_15_1024_1024,,,,,0.4805479451988966,0.4854691392060485,,
IDRiD_15_1024_1536,,,,,0.29523681014575076,0.9999999999695308,,
IDRiD_15_1024_512,,,,,0.6449624187132739,0.6131674026470768,,
IDRiD_15_1536_2048,,,0.0,0.0,0.0,0.0,,
IDRiD_15_1536_512,0.0,0.0,,,0.0,0.0,,
IDRiD_15_2048_2048,,,0.0,0.0,,,,
IDRiD_15_512_1024,0.0,0.0,,,0.4422222222194924,0.4374694675080915,,
IDRiD_15_512_512,0.33212209301118745,0.2082004555713804,0.0,0.0,,,,
IDRiD_16_0_2560,,,0.0,0.0,0.7539089054936453,0.9410267288527354,,
IDRiD_16_1024_2048,,,0.0,0.0,0.0,0.0,,
IDRiD_16_1024_2560,0.0,0.0,0.0,0.0,0.31046058815422006,0.19306889352657144,,
IDRiD_16_1024_3072,0.5062031614049612,0.34178076366747356,0.0,0.0,0.6882907133230373,0.7163038258335349,,
IDRiD_16_1024_3584,0.6299311208318744,0.5231409256098211,,,,,,
IDRiD_16_1536_2048,,,,,0.018898122499211144,0.6218771100187793,,
IDRiD_16_1536_2560,,,,,0.44717719395953703,0.38770423704807944,,
IDRiD_16_1536_3072,,,,,0.6347048300498824,0.6777027887345256,,
IDRiD_16_2048_1024,,,,,0.0,0.0,,
IDRiD_16_2048_1536,,,0.0,0.0,,,,
IDRiD_16_2048_2560,,,,,0.0,0.0,,
IDRiD_16_2048_3072,,,,,0.0,0.0,,
IDRiD_16_2048_512,,,0.0,0.0,0.0,0.0,,
IDRiD_16_512_1536,,,0.0,0.0,,,,
IDRiD_16_512_2048,,,,,0.0,0.0,,
IDRiD_16_512_2560,,,,,0.6966882340998076,0.6659698726361097,,
IDRiD_16_512_3072,,,,,0.6145982783302134,0.4824721948404551,,
IDRiD_17_0_1024,0.21821103681746432,0.9190234469200139,0.0,0.0,0.5079087298882149,0.4833461439856092,,
IDRiD_17_0_1536,0.5273471775363276,0.5850334617700871,0.0,0.0,0.4989234601237011,0.45941533198212237,,
IDRiD_17_0_2048,0.3496341203487114,0.3163081669366856,,,0.06675887505701467,0.03453209958948266,,
IDRiD_17_0_2560,0.7582378935446135,0.6925504874146181,0.0,0.0,0.5738908394326878,0.5441888619525309,,
IDRiD_17_0_3072,0.7902077995789865,0.7745535713853485,,,,,,
IDRiD_17_0_512,,,,,0.3642276422171988,0.35331230272766173,0.7670917545197408,0.6693716856767686
IDRiD_17_1024_0,0.0,0.0,0.0,0.0,0.0,0.0,,
IDRiD_17_1024_1024,0.23557726339466567,0.13487881980923336,0.0,0.0,0.6634363661407897,0.8135278215791464,,
IDRiD_17_1024_1536,0.6343902497640943,0.5664548810828263,0.0,0.0,0.5086441714352735,0.5761964735443804,,
IDRiD_17_1024_2048,0.6023860747085743,0.4607329842897477,,,0.48411856473956866,0.6962843295513143,,
IDRiD_17_1024_2560,0.0,0.0,,,0.0,0.0,,
IDRiD_17_1024_3072,0.22669699402322116,0.5571632138489843,0.0,0.0,,,,
IDRiD_17_1024_3584,,,0.0,0.0,,,,
IDRiD_17_1024_512,0.6647789733146847,0.5124281018872615,0.0,0.0,0.46648915937530144,0.5405977254670695,,
IDRiD_17_1536_0,0.7174452078449949,0.8383236755694402,,,,,,
IDRiD_17_1536_1024,0.0,0.0,,,0.44322315356459263,0.660966981124281,,
IDRiD_17_1536_1536,0.37830862682032446,0.4943653861931861,0.0,0.0,0.4542249974775483,0.5056053811545829,,
IDRiD_17_1536_2048,0.374741174846117,0.23894952469314895,0.0,0.0,0.0,0.0,0.6331520078215477,0.993192713317419
IDRiD_17_1536_2560,0.1246513110693819,0.1463049579018465,,,,,,
IDRiD_17_1536_3072,0.8002528884965894,0.9358212599694289,0.0,0.0,,,0.8134181939952461,0.9834529044088931
IDRiD_17_1536_512,0.9201668856991007,0.9399419644160155,,,0.436307982102447,0.7285236878174066,,
IDRiD_17_2048_0,0.8141604009974049,0.6865687414066726,,,,,,
IDRiD_17_2048_1024,0.9232250651386871,0.9801553211224241,,,0.4116666666495139,0.33065595713984897,,
IDRiD_17_2048_1536,0.8289444078526806,0.9790116537493196,,,0.0,0.0,,
IDRiD_17_2048_2048,0.6781705330799574,0.6910792786844969,,,0.0,0.0,0.0,0.0
IDRiD_17_2048_2560,0.8674688685254359,0.8830292469576277,0.0,0.0,,,0.0,0.0
IDRiD_17_2048_3072,0.6170278830024007,0.7508161044591016,,,,,,
IDRiD_17_2048_512,0.9889739183336725,0.9915332161938659,,,,,,
IDRiD_17_512_0,,,0.0,0.0,0.0,0.0,,
IDRiD_17_512_1024,0.6121694954322575,0.4588092765583453,0.0,0.0,0.5321201629746625,0.5716942617347621,,
IDRiD_17_512_1536,0.5605781978336374,0.5448046550245652,0.0,0.0,0.7002105844569679,0.7327143992459623,,
IDRiD_17_512_2048,0.6479124009602992,0.6767210919750187,0.0,0.0,0.38269183622968017,0.38734491314175323,,
IDRiD_17_512_2560,0.0,0.0,0.0,0.0,0.0,0.0,,
IDRiD_17_512_3072,0.5187259362922757,0.650427913086451,0.0,0.0,,,,
IDRiD_17_512_512,0.05860255446995615,0.07333124412295,0.0,0.0,0.41663338214877454,0.36202375443188317,0.3158730158705089,0.18780671951502634
IDRiD_18_0_1024,0.0013531799728448456,0.0017761989339651512,0.0,0.0,,,,
IDRiD_18_0_1536,0.005349636988714191,0.0029711375210963015,0.0,0.0,0.0,0.0,,
IDRiD_18_0_2048,,,0.0,0.0,0.5120905504971345,0.6252093802083246,,
IDRiD_18_0_2560,0.7423327698587667,0.7631578947292635,0.0,0.0,0.3278126784657017,0.34174803523834846,0.7959112046995003,0.7402480822528134
IDRiD_18_0_3072,,,0.0,0.0,,,0.8718036725512973,0.848505094356965
IDRiD_18_0_512,,,0.0,0.0,,,,
IDRiD_18_1024_0,0.0,0.0,0.0,0.0,0.0,0.0,,
IDRiD_18_1024_1024,0.13374667847060467,0.07169990502983382,0.0,0.0,0.578205769549032,0.7171664943048897,,
IDRiD_18_1024_1536,0.5380254424760162,0.6116001257418139,0.0,0.0,0.5230895720069287,0.5736900110151919,,
IDRiD_18_1024_2048,,,0.0,0.0,,,,
IDRiD_18_1024_3072,,,,,,,0.7355366617632949,0.9536676336431523
IDRiD_18_1024_512,0.57756606692989,0.5291893695066764,0.0,0.0,0.5448129563893754,0.7058295016082351,,
IDRiD_18_1536_0,0.0,0.0,0.0,0.0,0.5300572518957525,0.5591343733991376,,
IDRiD_18_1536_1024,0.244539158227963,0.18493150684558962,0.0,0.0,0.5163363101692641,0.6149156938960452,,
IDRiD_18_1536_1536,,,0.0,0.0,0.0,0.0,,
IDRiD_18_1536_2048,,,0.0,0.0,0.0,0.0,,
IDRiD_18_1536_3072,,,0.0,0.0,,,,
IDRiD_18_1536_3584,0.0,0.0,,,,,,
IDRiD_18_1536_512,0.0,0.0,0.0,0.0,0.5001233857026813,0.6201234127154871,,
IDRiD_18_2048_0,0.07543581616242676,0.3333333332399626,0.0,0.0,,,,
IDRiD_18_2048_1024,0.0,0.0,0.0,0.0,0.4837793392112235,0.6511066398303004,,
IDRiD_18_2048_1536,,,0.0,0.0,0.5557543231630439,0.7213622289905013,0.0,0.0
IDRiD_18_2048_2048,,,0.0,0.0,0.0,0.0,,
IDRiD_18_2048_2560,,,0.0,0.0,,,,
IDRiD_18_2048_3072,0.51581349851595,0.6089299460655173,0.0,0.0,,,,
IDRiD_18_2048_512,0.585632758720979,0.9478194629534195,0.0,0.0,0.17262918795158266,0.10340136053718357,,
IDRiD_18_512_1024,0.0,0.0,0.0,0.0,0.26314398942501604,0.21727748690151497,,
IDRiD_18_512_1536,0.6604477611817081,0.9345300949876172,,,0.0,0.0,,
IDRiD_18_512_2048,0.5488799881241821,0.4286376274228768,0.0,0.0,,,,
IDRiD_18_512_3072,,,0.0,0.0,0.28620102213025544,0.16788807460573696,,
IDRiD_18_512_512,0.5980780101639707,0.7994962216221916,0.0,0.0,0.6281295512843188,0.7824622030169981,,
IDRiD_19_0_1024,0.6012982575810968,0.4406609914651647,,,,,0.7331189710552,0.7250755286893771
IDRiD_19_0_1536,,,,,0.0,0.0,,
IDRiD_19_0_2048,,,,,,,0.7212837837782456,0.5988016318128658
IDRiD_19_0_2560,0.37908496729548463,0.4055944055376791,,,,,,
IDRiD_19_1024_0,,,0.0,0.0,,,,
IDRiD_19_1024_1024,,,,,0.6584992342780054,0.7251264754869201,,
IDRiD_19_1024_1536,,,,,0.4377542717597267,0.46009122005529957,,
IDRiD_19_1024_2560,,,0.0,0.0,,,,
IDRiD_19_1024_512,0.17886178860172883,0.2877906975907585,0.0,0.0,,,,
IDRiD_19_1536_2048,0.0,0.0,0.0,0.0,,,,
IDRiD_19_1536_2560,,,0.0,0.0,,,,
IDRiD_19_1536_3072,,,0.0,0.0,0.212380952370839,0.2599067598764678,,
IDRiD_19_1536_512,0.0,0.0,,,,,,
IDRiD_19_2048_1024,0.664082302067511,0.5304275336366508,0.0,0.0,,,,
IDRiD_19_2048_1536,0.0,0.0,0.0,0.0,,,,
IDRiD_19_2048_2048,0.5147304057523774,0.3481203007257052,0.0,0.0,,,,
IDRiD_19_2048_2560,0.0,0.0,,,,,,
IDRiD_19_2048_3072,,,0.0,0.0,,,0.43371219569663405,0.27777637842805525
IDRiD_19_2048_512,0.6357998590511924,0.7649652365479911,0.0,0.0,,,0.7197307662149195,0.9601169346218393
IDRiD_19_512_1024,0.6040201836330216,0.6950314106092703,0.0,0.0,0.25365853656989884,0.23582766437235514,,
IDRiD_19_512_1536,0.6645846346013962,0.608397320695919,0.0,0.0,0.4832087872491077,0.49329044117193666,0.5161964472267808,0.39666460777768175
IDRiD_19_512_2048,0.0,0.0,,,,,,
IDRiD_19_512_512,0.0,0.0,0.0,0.0,,,,
IDRiD_20_0_1024,0.5564779874073842,0.5532766382914819,0.0,0.0,,,,
IDRiD_20_0_1536,0.41573231581792935,0.26274393410801555,0.0,0.0,0.3157232704369421,0.25765611633434293,,
IDRiD_20_0_2048,0.2940420059882537,0.2051435406575871,0.0,0.0,0.4183367887487138,0.4618514750528051,,
IDRiD_20_0_2560,,,0.0,0.0,,,,
IDRiD_20_0_512,0.0,0.0,,,,,,
IDRiD_20_1024_0,,,0.0,0.0,,,,
IDRiD_20_1024_1024,0.3375447859638404,0.7514693534213711,0.0,0.0,0.5440911656394117,0.5463082901524918,,
IDRiD_20_1024_1536,0.0,0.0,0.0,0.0,0.5636938444765981,0.5830402286184708,,
IDRiD_20_1024_2048,,,0.0,0.0,0.0,0.0,,
IDRiD_20_1024_2560,,,0.0,0.0,,,,
IDRiD_20_1024_3072,0.4579780755065048,0.44339622639417947,0.0,0.0,,,,
IDRiD_20_1024_512,0.5516276329315685,0.6585194302680056,0.0,0.0,0.02175883952658578,0.011787819252280176,,
IDRiD_20_1536_1024,0.5922109840221561,0.7570082165205774,0.0,0.0,0.5352024922097539,0.4903667760775626,,
IDRiD_20_1536_1536,,,0.0,0.0,0.6890595714942889,0.6823640730716765,,
IDRiD_20_1536_2048,0.6798328902134512,0.7177225340242404,,,,,,
IDRiD_20_1536_3072,0.0,0.0,0.0,0.0,0.0,0.0,,
IDRiD_20_1536_512,0.2576459684774029,0.15133369623563778,0.0,0.0,0.7324322976373625,0.6562695504454708,,
IDRiD_20_2048_1024,,,0.0,0.0,0.5109034267896364,0.4950827835149067,,
IDRiD_20_2048_1536,0.26833455971870657,0.17029887919768685,0.0,0.0,0.3036426482278165,0.19141803553148815,,
IDRiD_20_2048_2560,0.0,0.0,,,,,,
IDRiD_20_2048_3072,0.0,0.0,0.0,0.0,0.0,0.0,,
IDRiD_20_2048_512,0.13529517315386155,0.1081158589014019,0.0,0.0,0.8408947368398924,0.8777124649734784,,
IDRiD_20_512_1024,0.0,0.0,0.0,0.0,0.5934129196452045,0.5852557972729343,,
IDRiD_20_512_1536,0.41642485628022763,0.48445859871994323,0.0,0.0,0.47355514829128426,0.4165947590698188,,
IDRiD_20_512_2048,,,,,0.0,0.0,,
IDRiD_20_512_2560,0.4082259054509446,0.2676056337920481,0.0,0.0,,,,
IDRiD_20_512_3072,,,0.0,0.0,,,,
IDRiD_20_512_512,,,0.0,0.0,0.08196721310864626,0.05355404089059843,,
IDRiD_21_0_1024,0.0,0.0,0.0,0.0,0.0,0.0,,
IDRiD_21_0_1536,0.0,0.0,0.0,0.0,0.0,0.0,,
IDRiD_21_0_2048,,,0.0,0.0,0.16238159674504368,0.10344827585612366,,
IDRiD_21_0_2560,,,0.0,0.0,,,,
IDRiD_21_0_3072,,,0.0,0.0,,,,
IDRiD_21_0_512,0.2049274694864166,0.11416110825771777,,,0.0,0.0,,
IDRiD_21_1024_1024,,,0.0,0.0,0.0,0.0,,
IDRiD_21_1024_1536,0.6218939725816993,0.5281735062669767,0.0,0.0,0.6988711560905043,0.6352250212261703,,
IDRiD_21_1024_2048,0.30294328786428637,0.19351880158676982,0.0,0.0,0.620849447753352,0.6416174564286273,,
IDRiD_21_1024_2560,0.5994025591840947,0.5017541240538795,0.0,0.0,0.5428329092415812,0.6131171702194087,,
IDRiD_21_1024_3072,0.8501514426841211,0.8791625453201589,0.0,0.0,,,,
IDRiD_21_1536_0,,,,,0.0,0.0,,
IDRiD_21_1536_1024,,,0.0,0.0,0.004551920341264526,0.0022811519816857387,,
IDRiD_21_1536_1536,0.0,0.0,,,0.8100186317529979,0.8344024525315341,,
IDRiD_21_1536_2048,0.19612358472085736,0.11972820993159025,0.0,0.0,0.47038385727969,0.49400042101961966,,
IDRiD_21_1536_2560,0.6221238938030158,0.5949643839438962,0.0,0.0,0.6342687150327807,0.6285752002084459,,
IDRiD_21_1536_3072,,,0.0,0.0,,,,
IDRiD_21_1536_512,0.4389423076817562,0.402202643154088,,,0.4216341959749452,0.2960391996612479,,
IDRiD_21_2048_1024,0.2669671925803414,0.16394955397834668,0.0,0.0,0.0,0.0,,
IDRiD_21_2048_1536,0.0,0.0,0.0,0.0,0.31450191769136,0.2422548706444865,,
IDRiD_21_2048_2048,0.4646754105536793,0.33588272784678325,0.0,0.0,0.5468648998046622,0.500852514916639,,
IDRiD_21_2048_2560,0.7324128862510145,0.6485542402358131,0.0,0.0,0.43753533068294137,0.49049429654686344,,
IDRiD_21_2048_3072,,,0.0,0.0,0.0,0.0,,
IDRiD_21_2048_512,0.0,0.0,0.0,0.0,0.0,0.0,,
IDRiD_21_512_1024,,,0.0,0.0,,,,
IDRiD_21_512_1536,,,0.0,0.0,0.16742081447585022,0.11215519854161397,,
IDRiD_21_512_2048,0.5396705455603773,0.5144050705774358,0.0,0.0,0.4779841196897566,0.695569136732323,,
IDRiD_21_512_2560,0.3777468110153527,0.24340378504982174,0.0,0.0,0.30637119112724737,0.5115633672052208,,
IDRiD_21_512_3072,0.0,0.0,0.0,0.0,,,,
IDRiD_21_512_512,,,0.0,0.0,0.0,0.0,,
IDRiD_22_0_1024,0.675908084321199,0.578610468262452,0.0,0.0,,,0.5222090657906846,0.8616371105013361
IDRiD_22_0_1536,0.5787451984449826,0.5885416666283502,0.0,0.0,,,,
IDRiD_22_0_2048,0.27716463761204724,0.2266046511585748,0.0,0.0,,,0.778855654357411,0.8160941176393779
IDRiD_22_0_2560,0.7975010771197827,0.7399190526121026,,,0.3806409417837227,0.3210739242250433,,
IDRiD_22_0_3072,0.5089225767676988,0.44546860500807006,,,,,,
IDRiD_22_0_512,0.0,0.0,,,,,,
IDRiD_22_1024_1024,,,0.0,0.0,,,,
IDRiD_22_1024_1536,,,0.0,0.0,0.5835219312410186,0.5540547454563619,,
IDRiD_22_1024_2048,,,0.0,0.0,0.6163901288627703,0.6413573106157627,,
IDRiD_22_1024_3072,0.0,0.0,,,,,,
IDRiD_22_1024_512,,,0.0,0.0,,,,
IDRiD_22_1536_0,,,,,0.0,0.0,,
IDRiD_22_1536_1024,,,0.0,0.0,0.0,0.0,,
IDRiD_22_1536_1536,0.0,0.0,0.0,0.0,0.598038203401156,0.5154859380470722,,
IDRiD_22_1536_2048,0.2987075155505336,0.6406570841231358,0.0,0.0,0.6051933466285746,0.6185236493147891,,
IDRiD_22_1536_3072,0.7071535435239336,0.8624526941752457,0.0,0.0,0.21505376343548255,0.16875981161033127,,
IDRiD_22_1536_3584,0.7469639505009119,0.627469910532101,,,,,,
IDRiD_22_1536_512,,,0.0,0.0,0.098191214467747,0.09542943244121399,,
IDRiD_22_2048_1024,0.2212711998696898,0.1620617599219396,0.0,0.0,,,0.8750212476608978,0.9634117812147878
IDRiD_22_2048_1536,0.8163039468755412,0.8003616636383298,,,,,,
IDRiD_22_2048_2048,,,0.0,0.0,,,,
IDRiD_22_2048_3072,,,0.0,0.0,,,,
IDRiD_22_2048_512,,,,,0.0,0.0,0.0,0.0
IDRiD_22_512_1024,0.7306691000822209,0.7197356245850106,,,0.46370131365605666,0.8518204910371023,0.6196714031957823,0.8868200304976689
IDRiD_22_512_1536,,,0.0,0.0,,,,
IDRiD_22_512_2560,0.05003829461194694,0.025661167844313666,,,,,,
IDRiD_22_512_3072,0.6297132891371046,0.5340544586204753,,,,,0.8667306556398077,0.8989891254380482
IDRiD_22_512_512,0.793827353902602,0.7740604949469285,,,0.43162206920219975,0.4982893942342868,0.0,0.0
IDRiD_23_0_1024,0.0,0.0,0.0,0.0,,,,
IDRiD_23_0_1536,,,,,,,0.6833578792274584,0.5292775665318741
IDRiD_23_0_2048,0.45250636207343015,0.3297964113153054,,,,,,
IDRiD_23_0_2560,0.1174808081575164,0.08319359549909021,,,,,,
IDRiD_23_0_3072,0.08403521943883142,0.9999999999675114,,,,,,
IDRiD_23_1024_1024,,,,,0.0,0.0,,
IDRiD_23_1024_1536,,,0.0,0.0,,,,
IDRiD_23_1024_2560,,,,,,,0.0,0.0
IDRiD_23_1024_3072,,,0.0,0.0,,,,
IDRiD_23_1536_1024,,,0.0,0.0,0.4344738540853947,0.3512526095850077,,
IDRiD_23_1536_1536,,,0.0,0.0,0.0,0.0,,
IDRiD_23_1536_2560,,,,,0.0,0.0,,
IDRiD_23_1536_3072,,,0.0,0.0,0.04437022900657514,0.022822085889010503,,
IDRiD_23_1536_3584,,,,,0.0,0.0,,
IDRiD_23_1536_512,,,0.0,0.0,0.0,0.0,,
IDRiD_23_2048_1024,0.5445180279417028,0.43123543121030095,,,,,,
IDRiD_23_2048_2048,0.7036621066766636,0.5961502464572405,,,,,,
IDRiD_23_2048_2560,0.6969033011926898,0.5999748490870225,0.0,0.0,,,,
IDRiD_23_2048_3072,,,,,0.0,0.0,,
IDRiD_23_2048_512,0.6110478359821889,0.6258384368438076,,,0.0,0.0,,
IDRiD_23_512_1024,0.10949868073517485,0.057920446613471024,,,,,,
IDRiD_23_512_2048,,,0.0,0.0,,,,
IDRiD_23_512_2560,,,,,,,0.10652222974377654,0.05625744934378715
IDRiD_23_512_3072,0.0,0.0,,,,,0.0,0.0
IDRiD_23_512_512,,,0.0,0.0,,,,
IDRiD_24_0_2048,,,,,0.0,0.0,,
IDRiD_24_1024_1536,,,,,0.0,0.0,,
IDRiD_24_1024_2048,,,,,0.03306727479951348,0.0183660544642696,,
IDRiD_24_1024_2560,,,0.0,0.0,,,,
IDRiD_24_1536_1536,,,,,0.0,0.0,,
IDRiD_24_1536_2048,,,0.0,0.0,0.0,0.0,,
IDRiD_24_1536_2560,,,0.0,0.0,,,,
IDRiD_24_1536_512,0.5248226950301436,0.5235496260253982,,,0.0,0.0,,
IDRiD_24_2048_1024,0.7796695583284271,0.7560209424030992,,,,,,
IDRiD_24_2048_1536,0.4956485702239682,0.5392245265519184,0.0,0.0,,,,
IDRiD_24_512_1536,,,,,0.0,0.0,,
IDRiD_24_512_2048,,,,,0.0,0.0,,
IDRiD_24_512_2560,0.6422659079068512,0.541903099071543,,,,,,
IDRiD_24_512_512,0.6128133704564677,0.5183788878172301,,,,,,
IDRiD_25_0_1024,,,0.0,0.0,0.43338827084042925,0.33890022553786436,0.0,0.0
IDRiD_25_0_1536,0.0,0.0,0.0,0.0,0.7219119303875143,0.6492196257643511,,
IDRiD_25_0_2048,0.6396237988115329,0.5559425646818599,0.0,0.0,0.48416445461999924,0.4415330031767258,0.0,0.0
IDRiD_25_0_2560,0.0,0.0,0.0,0.0,0.7453844826589223,0.6741748380879208,,
IDRiD_25_0_3072,0.17681159420056902,0.10345359235116476,,,0.0,0.0,,
IDRiD_25_0_512,0.1318993968354848,0.5653658536309578,0.0,0.0,0.6926243002906435,0.6524503721983181,0.0,0.0
IDRiD_25_1024_0,,,0.0,0.0,,,,
IDRiD_25_1024_1024,0.0,0.0,0.0,0.0,0.0,0.0,,
IDRiD_25_1024_1536,0.5792230466918546,0.41546649967390525,0.0,0.0,0.7275806719425166,0.6814797917991798,,
IDRiD_25_1024_2048,,,0.0,0.0,0.6501682352363521,0.64472920696247,,
IDRiD_25_1024_2560,0.5397692326603691,0.40443887332102774,0.0,0.0,0.6632310352034805,0.6475090842618686,,
IDRiD_25_1024_3072,0.0,0.0,,,0.7596855220936063,0.6942110177368285,,
IDRiD_25_1024_512,,,0.0,0.0,,,,
IDRiD_25_1536_0,,,,,0.0,0.0,,
IDRiD_25_1536_1024,0.785273539985442,0.7164387508572521,,,,,0.9185439813337515,0.8857582573589942
IDRiD_25_1536_1536,0.0,0.0,0.0,0.0,0.7214254148078407,0.6452041751241485,,
IDRiD_25_1536_2048,0.0,0.0,0.0,0.0,0.7571895080572401,0.7501043550829619,0.0,0.0
IDRiD_25_1536_2560,0.5130704991250474,0.35395787555508346,0.0,0.0,0.5730830949516983,0.5774746906555474,0.0,0.0
IDRiD_25_1536_3072,0.7366488334523515,0.6020075541956744,0.0,0.0,,,,
IDRiD_25_1536_512,0.0,0.0,0.0,0.0,0.0,0.0,,
IDRiD_25_2048_1024,0.0,0.0,,,,,,
IDRiD_25_2048_1536,0.27546026567105353,0.20337233310252323,0.0,0.0,0.30851663845717664,0.22217709178626416,,
IDRiD_25_2048_2048,0.2044870019380189,0.13138760359927093,0.0,0.0,,,,
IDRiD_25_2048_2560,0.0,0.0,0.0,0.0,0.0,0.0,,
IDRiD_25_2048_3072,,,0.0,0.0,0.0,0.0,,
IDRiD_25_512_1024,0.0,0.0,,,0.653285428037288,0.6468716861059526,,
IDRiD_25_512_1536,0.44426088890230286,0.37047634186305706,0.0,0.0,0.4405391394482087,0.4228281420994842,,
IDRiD_25_512_2048,0.640775317355495,0.5081941309243607,0.0,0.0,0.4274776690724428,0.3186935151368528,0.9133768001654125,0.9218975990610081
IDRiD_25_512_2560,0.6181740353433065,0.651899142318618,0.0,0.0,0.7560556369878876,0.733072943292094,,
IDRiD_25_512_3072,,,0.0,0.0,0.49370729953155595,0.4023377722775296,,
IDRiD_25_512_512,0.4086696561971798,0.6946138211029159,,,,,,
IDRiD_26_0_1024,0.3159351024988563,0.1979511426288739,0.0,0.0,,,,
IDRiD_26_0_1536,0.5628345653764615,0.40685461580234283,,,,,,
IDRiD_26_0_2048,,,0.0,0.0,,,,
IDRiD_26_0_2560,0.0,0.0,0.0,0.0,,,,
IDRiD_26_1024_1024,,,0.0,0.0,,,,
IDRiD_26_1024_1536,,,0.0,0.0,,,,
IDRiD_26_1024_2048,0.07754375801680993,0.8351158644531982,0.0,0.0,,,,
IDRiD_26_1024_2560,0.0998185117937139,0.052531041068050593,0.0,0.0,,,,
IDRiD_26_1024_3072,0.8639659981382283,0.9772836538402807,0.0,0.0,,,,
IDRiD_26_1536_1024,,,0.0,0.0,,,,
IDRiD_26_1536_1536,,,0.0,0.0,,,,
IDRiD_26_1536_2048,0.01285808830469076,0.04557640750364769,,,,,,
IDRiD_26_1536_2560,,,0.0,0.0,,,,
IDRiD_26_1536_3072,0.35654596099375674,0.2776025236483595,0.0,0.0,,,,
IDRiD_26_2048_1024,,,,,0.0,0.0,,
IDRiD_26_2048_1536,0.27677977376734664,0.27012987009478834,0.0,0.0,,,,
IDRiD_26_2048_2048,,,0.0,0.0,,,,
IDRiD_26_2048_3072,0.8786507609976782,0.8068496600250964,,,,,,
IDRiD_26_512_1024,0.649665089407917,0.49153803235548127,0.0,0.0,,,,
IDRiD_26_512_1536,0.0,0.0,0.0,0.0,,,,
IDRiD_26_512_2048,0.5643757502980028,0.7821565976834547,0.0,0.0,0.5510757548264134,0.7253688719312057,,
IDRiD_26_512_2560,,,0.0,0.0,,,,
IDRiD_26_512_3072,0.7137648131255473,0.7539720751057364,0.0,0.0,,,,
IDRiD_26_512_3584,0.0,0.0,,,,,,
IDRiD_26_512_512,0.6592865928388977,0.7430683917982376,,,,,,
IDRiD_27_0_1024,,,,,0.031047865455233137,0.02357563850224447,,
IDRiD_27_0_1536,0.0,0.0,0.0,0.0,0.0,0.0,,
IDRiD_27_0_2048,0.0,0.0,,,,,,
IDRiD_27_0_2560,0.11517118626201264,0.1023065476171446,0.0,0.0,,,,
IDRiD_27_0_3072,,,0.0,0.0,,,,
IDRiD_27_0_512,0.0,0.0,0.0,0.0,,,,
IDRiD_27_1024_0,0.5718698716037082,0.5419945105115829,0.0,0.0,0.0,0.0,,
IDRiD_27_1024_1024,0.0,0.0,0.0,0.0,0.6236696466448772,0.7547655847112433,,
IDRiD_27_1024_1536,0.0,0.0,0.0,0.0,0.6133279113474643,0.7072684642355537,,
IDRiD_27_1024_2048,,,0.0,0.0,0.44510239328343076,0.44400689144858463,,
IDRiD_27_1024_2560,,,0.0,0.0,,,,
IDRiD_27_1024_512,0.6682085786234607,0.9222286708692844,0.0,0.0,0.4719384184711551,0.39801699716244077,,
IDRiD_27_1536_0,0.6523817372650326,0.792487586090081,0.0,0.0,,,,
IDRiD_27_1536_1024,0.330128995149699,0.2586584266736364,0.0,0.0,0.15049342104953756,0.09999999999726776,,
IDRiD_27_1536_1536,0.0,0.0,0.0,0.0,0.5597408371939291,0.6908121668126245,,
IDRiD_27_1536_2048,,,0.0,0.0,0.0,0.0,,
IDRiD_27_1536_2560,,,0.0,0.0,,,,
IDRiD_27_1536_512,0.5258505223645469,0.3916990920842891,0.0,0.0,0.3228264634540801,0.25660792951188593,,
IDRiD_27_2048_1024,0.13138686130822727,0.0920024052861093,0.0,0.0,0.5990972507058043,0.47541517419487417,,
IDRiD_27_2048_1536,0.0,0.0,0.0,0.0,0.3289709573294283,0.3511961722420824,,
IDRiD_27_2048_2048,0.5433300876074328,0.4362783424209321,0.0,0.0,0.0,0.0,,
IDRiD_27_2048_512,0.32260947272910595,0.213735938412449,0.0,0.0,,,,
IDRiD_27_512_1024,0.0,0.0,0.0,0.0,0.3488475177227649,0.5194719471604309,,
IDRiD_27_512_1536,,,0.0,0.0,0.40851187029383135,0.5165187151046351,,
IDRiD_27_512_2048,,,0.0,0.0,0.4640392299267704,0.6218057921484107,,
IDRiD_27_512_512,0.22404188200475186,0.7489342606966809,0.0,0.0,,,,
IDRiD_28_0_3072,,,,,0.0,0.0,,
IDRiD_28_1024_1536,,,0.0,0.0,0.1874511845824668,0.13293943869523858,,
IDRiD_28_1024_2048,,,0.0,0.0,0.0,0.0,,
IDRiD_28_1024_2560,0.5679574791048353,0.7405940593570565,0.0,0.0,,,,
IDRiD_28_1024_3072,0.0,0.0,0.0,0.0,,,,
IDRiD_28_1536_1536,0.8058659217595717,0.8411078716588113,,,0.0,0.0,,
IDRiD_28_1536_2048,0.6705049551612033,0.7893333333157926,0.0,0.0,0.0,0.0,,
IDRiD_28_1536_2560,0.6814295321323786,0.7497885835015878,0.0,0.0,0.18887908206629486,0.15070422533088673,,
IDRiD_28_1536_3072,,,0.0,0.0,,,,
IDRiD_28_2048_1024,0.0,0.0,,,,,,
IDRiD_28_2048_1536,0.4977324262944495,0.9762787249090972,0.0,0.0,,,,
IDRiD_28_2048_2048,0.6008849557389185,0.7720295622073888,0.0,0.0,,,,
IDRiD_28_2048_2560,0.0,0.0,0.0,0.0,,,,
IDRiD_28_2048_3072,0.6490781945121081,0.7017182130101911,,,,,,
IDRiD_28_2048_512,0.0,0.0,,,,,,
IDRiD_28_512_1536,0.7435837610739199,0.8144646051414652,,,,,,
IDRiD_28_512_2048,0.5892575039378108,0.6060113728429728,0.0,0.0,0.0,0.0,,
IDRiD_28_512_2560,0.0,0.0,0.0,0.0,,,,
IDRiD_28_512_3072,0.7131603336257377,0.8414434116543771,,,,,,
IDRiD_29_0_1024,,,0.0,0.0,,,,
IDRiD_29_0_1536,,,0.0,0.0,,,,
IDRiD_29_0_2560,0.0,0.0,0.0,0.0,,,,
IDRiD_29_1024_1024,,,,,0.48562603942775895,0.5034482758372686,,
IDRiD_29_1024_2048,,,0.0,0.0,,,,
IDRiD_29_1024_2560,,,0.0,0.0,,,,
IDRiD_29_1024_3072,0.0,0.0,,,,,,
IDRiD_29_1536_1024,,,0.0,0.0,0.0,0.0,,
IDRiD_29_1536_1536,,,0.0,0.0,,,,
IDRiD_29_1536_2560,,,0.0,0.0,,,,
IDRiD_29_1536_3072,0.49737161340487784,0.3855799372799009,0.0,0.0,,,,
IDRiD_29_2048_1024,,,0.0,0.0,0.0,0.0,,
IDRiD_29_2048_1536,,,0.0,0.0,,,,
IDRiD_29_2048_2560,,,0.0,0.0,0.31455399057340916,0.49084249066269503,,
IDRiD_29_2048_3072,,,0.0,0.0,,,,
IDRiD_29_512_2048,,,0.0,0.0,,,,
IDRiD_29_512_2560,,,0.0,0.0,,,,
IDRiD_29_512_3072,,,0.0,0.0,,,,
IDRiD_30_0_1024,,,0.0,0.0,,,,
IDRiD_30_0_2048,0.7042206342097359,0.7615310311472981,0.0,0.0,,,,
IDRiD_30_0_2560,0.5140939597200427,0.44243357718743037,0.0,0.0,,,0.8279359127287031,0.952824637103248
IDRiD_30_1024_1024,0.811010999940241,0.7636893608082064,,,0.3663541241966795,0.6004454342716952,,
IDRiD_30_1024_1536,,,,,0.5972962433342175,0.6319625911066984,,
IDRiD_30_1024_2048,0.0,0.0,0.0,0.0,0.37172557171784354,0.3021290976579206,,
IDRiD_30_1024_512,0.40046029919063614,0.27025627750103215,0.0,0.0,0.0,0.0,,
IDRiD_30_1536_1024,,,,,0.4191640378466253,0.42862903224078114,,
IDRiD_30_1536_1536,,,,,0.22450441843266053,0.36805011743398197,,
IDRiD_30_1536_2048,0.8255486085469468,0.8722797927235161,0.0,0.0,0.3936010664823596,0.6467688937214255,,
IDRiD_30_1536_2560,,,0.0,0.0,,,,
IDRiD_30_1536_512,0.0,0.0,0.0,0.0,0.3658177225770192,0.4230769230563254,,
IDRiD_30_2048_2048,0.8201463477221098,0.9034599792504623,0.0,0.0,,,,
IDRiD_30_2048_2560,,,,,,,0.7385749385567918,0.6626984126691933
IDRiD_30_512_1024,0.0,0.0,,,,,,
IDRiD_30_512_2560,,,0.0,0.0,,,,
IDRiD_30_512_512,0.0,0.0,,,,,,
IDRiD_31_0_1024,,,0.0,0.0,,,,
IDRiD_31_0_1536,0.7023672958586186,0.7786727300725348,0.0,0.0,0.17307008181987663,0.10733590733472326,0.898494438049246,0.8784455278413723
IDRiD_31_0_2048,0.6414264980276118,0.5596642304033601,0.0,0.0,0.5050285796939076,0.4348367804580758,0.8096653730675702,0.8154091204034706
IDRiD_31_0_2560,0.7581707873939652,0.6447353822220973,0.0,0.0,0.37265750490143396,0.3252336448496812,0.6990862137409687,0.6557841383325017
IDRiD_31_0_3072,0.8500814389885628,0.8505030466143509,,,,,0.8362279080163004,0.7831418300492179
IDRiD_31_0_512,,,0.0,0.0,,,,
IDRiD_31_1024_0,,,0.0,0.0,,,0.0,0.0
IDRiD_31_1024_1536,0.9189565280241812,0.9722195667533942,0.0,0.0,0.6515280537359113,0.5903635116496851,,
IDRiD_31_1024_2048,,,0.0,0.0,0.5606026228590071,0.5437021388914381,,
IDRiD_31_1024_2560,0.0,0.0,,,,,,
IDRiD_31_1024_3072,0.0,0.0,,,,,,
IDRiD_31_1024_512,0.0,0.0,,,,,0.0,0.0
IDRiD_31_1536_0,0.34075851635275306,0.3383404123035497,,,,,0.0,0.0
IDRiD_31_1536_1024,0.6897698433474247,0.6558495589839266,,,0.19477434678409625,0.131917631909143,,
IDRiD_31_1536_1536,0.41435161455239,0.2625357235611518,0.0,0.0,,,,
IDRiD_31_1536_2048,0.0,0.0,,,0.2934386391162382,0.2471852609904204,,
IDRiD_31_1536_2560,,,,,0.4038511579390099,0.6413223139965849,,
IDRiD_31_1536_512,0.7101563733984831,0.606485728157306,0.0,0.0,0.0,0.0,0.0,0.0
IDRiD_31_2048_1024,,,0.0,0.0,,,,
IDRiD_31_2048_2048,,,,,0.4096749810725869,0.9124579121506875,,
IDRiD_31_512_0,0.658751436227124,0.5072250073674704,,,0.0,0.0,,
IDRiD_31_512_1024,0.6608317312523483,0.9368813656442851,,,,,,
IDRiD_31_512_1536,0.3361611876899215,0.20862125698556694,0.0,0.0,,,,
IDRiD_31_512_2048,0.0,0.0,0.0,0.0,0.31465677178795337,0.2789473684027008,,
IDRiD_31_512_2560,0.0,0.0,0.0,0.0,0.5154530059217246,0.5884485258436818,,
IDRiD_31_512_3072,0.7770188830793329,0.7775812158125188,,,,,0.0,0.0
IDRiD_31_512_512,0.7701233842519337,0.7890142964595485,0.0,0.0,0.0,0.0,,
IDRiD_32_0_1024,0.8728368355927624,0.8865348399107574,,,,,,
IDRiD_32_0_2048,,,0.0,0.0,,,0.0,0.0
IDRiD_32_0_2560,,,,,,,0.6336923915986035,0.909669211187026
IDRiD_32_0_512,0.0,0.0,,,,,,
IDRiD_32_1024_2048,,,0.0,0.0,0.5157501334481713,0.6240310076713138,,
IDRiD_32_1024_2560,0.0,0.0,,,0.6590109544366058,0.7608308017409826,,
IDRiD_32_1024_3072,0.0,0.0,0.0,0.0,0.6930463381677732,0.7511696743984494,,
IDRiD_32_1536_0,0.09789402827100784,0.0526860573434149,,,,,,
IDRiD_32_1536_1024,,,,,0.0,0.0,,
IDRiD_32_1536_2048,,,,,0.07002188183424388,0.24806201540772788,,
IDRiD_32_1536_2560,,,,,0.4674019265605556,0.4565039541735341,,
IDRiD_32_1536_3072,,,,,0.531576556098783,0.4704463208496001,,
IDRiD_32_1536_512,0.0,0.0,,,,,,
IDRiD_32_2048_0,0.0,0.0,,,,,,
IDRiD_32_2048_1024,0.7666585790838241,0.7036317259779601,,,,,0.5056207233564807,0.9999999999516676
IDRiD_32_2048_1536,0.0,0.0,0.0,0.0,,,,
IDRiD_32_2048_2048,0.29633027521576466,0.1741239892089421,,,,,0.7538984553959283,0.7640053924448471
IDRiD_32_2048_2560,0.6677714355817359,0.6805103827785776,,,,,,
IDRiD_32_2048_3072,0.0,0.0,0.0,0.0,,,,
IDRiD_32_2048_512,0.8169584245031895,0.9797926781133737,,,,,0.853303471435882,0.9985704074100888
IDRiD_32_512_1024,0.0,0.0,,,,,,
IDRiD_32_512_2048,,,,,0.45999999992333335,0.971830985231105,,
IDRiD_32_512_2560,,,0.0,0.0,0.5048777929271746,0.5774445110908525,0.7452440033033826,0.9203268641314211
IDRiD_32_512_3072,,,,,0.5693223702809816,0.602761656982134,,
IDRiD_32_512_512,0.0,0.0,,,,,,
IDRiD_33_0_1024,0.7185750635949473,0.6086206896289388,,,0.36363636358845375,0.22512234906604858,,
IDRiD_33_0_1536,0.6034304608348596,0.5142052124851584,0.0,0.0,,,,
IDRiD_33_0_2048,0.0,0.0,0.0,0.0,,,,
IDRiD_33_0_2560,0.5714889458245443,0.7121556235781832,0.0,0.0,,,,
IDRiD_33_0_3072,0.4382913593958655,0.9896324222120757,0.0,0.0,,,,
IDRiD_33_1024_0,0.7137096774169566,0.742293981961681,,,0.0,0.0,,
IDRiD_33_1024_1024,0.7645111810707635,0.936696340238641,0.0,0.0,0.0,0.0,,
IDRiD_33_1024_1536,0.5427356992853857,0.6946775039237719,0.0,0.0,0.23372199659067572,0.24445053438628528,,
IDRiD_33_1024_2048,0.37355451958361957,0.4592140517942957,0.0,0.0,0.37293825718600976,0.3946555452518589,,
IDRiD_33_1024_2560,0.6331637843315253,0.6052512155552333,0.0,0.0,0.14848484848109889,0.10820758188780981,,
IDRiD_33_1024_3072,0.743028576360306,0.8259993281787705,0.0,0.0,0.0,0.0,,
IDRiD_33_1024_3584,,,0.0,0.0,,,,
IDRiD_33_1024_512,0.7261646524094406,0.6047832071541364,,,0.0,0.0,,
IDRiD_33_1536_0,,,0.0,0.0,0.0,0.0,,
IDRiD_33_1536_1024,0.498093681910429,0.3477186311720966,0.0,0.0,0.05425867507715273,0.03481781376377256,,
IDRiD_33_1536_1536,0.5499547238097399,0.535882352930669,0.0,0.0,0.45423065341422586,0.4445263002733973,,
IDRiD_33_1536_2048,0.0,0.0,0.0,0.0,0.28861386138494793,0.2783037632247728,,
IDRiD_33_1536_2560,0.32093362507947,0.19434628974406598,0.0,0.0,0.260549664569129,0.19501133786216354,,
IDRiD_33_1536_3072,0.5049773001769962,0.5235339839319152,0.0,0.0,,,,
IDRiD_33_1536_3584,0.48529411762157065,0.35620663065873504,,,,,,
IDRiD_33_1536_512,0.694944149696956,0.7121652596838146,,,0.0,0.0,,
IDRiD_33_2048_1024,,,0.0,0.0,0.18315018311663916,0.1222493887231664,,
IDRiD_33_2048_1536,0.38172411643469595,0.5107589657963176,0.0,0.0,0.0,0.0,,
IDRiD_33_2048_2048,0.5090838054208032,0.38323529410637547,0.0,0.0,0.2872835121369145,0.5052157115195722,,
IDRiD_33_2048_2560,0.6462513199492311,0.9955266368037606,0.0,0.0,0.21807747486110798,0.12837837835669286,,
IDRiD_33_2048_3072,0.0,0.0,0.0,0.0,,,,
IDRiD_33_2048_512,0.6923551932797521,0.7102675856440793,0.0,0.0,0.0,0.0,0.820951091548308,0.8707592891604603
IDRiD_33_512_0,0.5442043221944531,0.39161168708150157,,,,,,
IDRiD_33_512_1536,0.8348585881773517,0.9432609373278263,0.0,0.0,0.2576538344874916,0.2492668621554682,,
IDRiD_33_512_2048,0.722519451647688,0.6611516450116327,0.0,0.0,0.35786087655330573,0.3423076922989152,,
IDRiD_33_512_2560,0.5335545303717165,0.6895964283575774,0.0,0.0,0.0,0.0,,
IDRiD_33_512_3072,0.26092955074363255,0.1879269655920019,0.0,0.0,,,,
IDRiD_33_512_512,0.1404905794515429,0.07577849363341173,0.0,0.0,,,,
IDRiD_34_0_1024,0.7746341463374858,0.9225782778752131,0.0,0.0,0.0,0.0,,
IDRiD_34_0_1536,,,0.0,0.0,,,,
IDRiD_34_0_2048,0.39285941172484046,0.2525112290710289,,,,,,
IDRiD_34_0_2560,0.19918367346613577,0.11072789979831679,,,0.20602950609100668,0.12527301091848247,,
IDRiD_34_0_3072,,,0.0,0.0,0.0,0.0,,
IDRiD_34_0_512,0.1716992303087123,0.09725016766944165,,,,,,
IDRiD_34_1024_1024,,,,,0.0,0.0,,
IDRiD_34_1024_1536,,,0.0,0.0,0.033670033664365315,0.020202020197938986,,
IDRiD_34_1024_2048,,,0.0,0.0,,,,
IDRiD_34_1024_3072,0.6735714992874262,0.5531262898518429,0.0,0.0,0.6520681265093489,0.8946113495043104,,
IDRiD_34_1024_3584,0.0,0.0,,,,,,
IDRiD_34_1024_512,,,,,0.0,0.0,,
IDRiD_34_1536_0,0.17067970905335667,0.09488949313187695,,,,,,
IDRiD_34_1536_1024,0.0,0.0,0.0,0.0,0.0,0.0,,
IDRiD_34_1536_1536,0.5916051161846225,0.42549883388376525,0.0,0.0,0.0,0.0,,
IDRiD_34_1536_2048,0.5590273238258723,0.4074709357650568,0.0,0.0,,,,
IDRiD_34_1536_3072,0.22798436532128413,0.12900340818416522,,,0.29085631348938007,0.2879310344662108,,
IDRiD_34_1536_3584,0.4971885172981004,0.5060240963550587,,,,,,
IDRiD_34_1536_512,0.6980067590858707,0.6254573321451956,0.0,0.0,,,,
IDRiD_34_2048_0,0.3494383751319477,0.23352185089734165,,,,,,
IDRiD_34_2048_1024,0.604817127510721,0.5936952713496155,0.0,0.0,0.4032539221148603,0.4935988619497015,,
IDRiD_34_2048_1536,0.8106668786248894,0.8093802079167948,,,0.17385159009372073,0.10379746834567109,,
IDRiD_34_2048_2048,0.2507673419237144,0.14335848394203618,0.0,0.0,0.0,0.0,,
IDRiD_34_2048_2560,0.6600178920491037,0.5029540978614202,,,,,,
IDRiD_34_2048_3072,,,,,0.7815866797066213,0.7800586509882669,,
IDRiD_34_2048_512,0.8406879151412371,0.8157381963486597,0.0,0.0,0.0,0.0,,
IDRiD_34_512_1024,0.7136429867830036,0.6195379596533154,0.0,0.0,0.0,0.0,,
IDRiD_34_512_1536,0.0,0.0,0.0,0.0,0.34344590724994584,0.8498583566997567,,
IDRiD_34_512_2560,0.0,0.0,,,0.0,0.0,,
IDRiD_34_512_3072,0.3714080855972014,0.22810107716124853,0.0,0.0,0.0,0.0,,
IDRiD_34_512_3584,0.0,0.0,,,,,,
IDRiD_34_512_512,0.5638358139759905,0.5304777594702467,0.0,0.0,,,,
IDRiD_35_0_1024,,,0.0,0.0,0.0,0.0,,
IDRiD_35_0_1536,0.27786098141010546,0.28978316795029596,,,0.0,0.0,0.0,0.0
IDRiD_35_0_2048,0.7669503681735118,0.6795890265847271,0.0,0.0,,,0.0,0.0
IDRiD_35_0_2560,0.5780788605151204,0.7956012431174324,,,,,,
IDRiD_35_1024_0,0.5451594976097086,0.6070747827793967,,,,,,
IDRiD_35_1024_1024,0.0,0.0,,,,,,
IDRiD_35_1024_1536,0.5304450416185015,0.7127884445947438,,,0.0,0.0,0.5234533379900492,0.36388375935111394
IDRiD_35_1024_2048,0.6947378216131078,0.7667659443281629,0.0,0.0,0.6075598517111611,0.719396127332463,,
IDRiD_35_1024_2560,0.3511119706046198,0.23722789871106376,0.0,0.0,0.41607795370484585,0.36048965806836264,,
IDRiD_35_1024_3072,0.8564561677571875,0.794342524685597,,,,,,
IDRiD_35_1024_512,0.6690922777700954,0.8976603265292432,0.0,0.0,,,,
IDRiD_35_1536_0,0.0,0.0,,,,,,
IDRiD_35_1536_1024,,,0.0,0.0,,,,
IDRiD_35_1536_1536,,,0.0,0.0,,,,
IDRiD_35_1536_2048,,,0.0,0.0,0.3548099232490664,0.31062499999029297,,
IDRiD_35_1536_2560,0.0,0.0,0.0,0.0,0.0,0.0,,
IDRiD_35_1536_3072,0.5173972935734261,0.7141962328275504,,,,,,
IDRiD_35_1536_512,0.740810280801225,0.7952611305169074,,,,,,
IDRiD_35_2048_1024,,,,,,,0.884998784338743,0.8811425804818757
IDRiD_35_2048_2048,0.8301824757452722,0.8013329101745267,0.0,0.0,0.0,0.0,,
IDRiD_35_2048_512,0.3522022478979438,0.7023921642449777,,,,,0.0,0.0
IDRiD_35_512_0,0.5949319685358266,0.8408609738588264,,,,,,
IDRiD_35_512_1024,,,0.0,0.0,,,,
IDRiD_35_512_1536,0.20311730926656082,0.11303871438800149,,,0.0,0.0,0.0,0.0
IDRiD_35_512_2048,0.7852099671951671,0.756356331218205,0.0,0.0,0.0,0.0,0.0,0.0
IDRiD_35_512_2560,0.6059293804029658,0.6191286589305947,0.0,0.0,,,,
IDRiD_35_512_512,0.11267205903061342,0.10985058107056307,0.0,0.0,,,,
IDRiD_36_0_1024,,,0.0,0.0,,,,
IDRiD_36_0_1536,0.468391363538837,0.3356565374871576,0.0,0.0,0.3474259418939481,0.34047350618148403,,
IDRiD_36_1024_1024,,,0.0,0.0,0.0,0.0,,
IDRiD_36_1024_1536,0.8087012155937577,0.9244271086823781,0.0,0.0,0.0,0.0,,
IDRiD_36_1024_2048,,,0.0,0.0,,,,
IDRiD_36_1024_3584,0.0,0.0,,,,,,
IDRiD_36_1024_512,0.519083969450973,0.5119910763796993,0.0,0.0,,,,
IDRiD_36_1536_1024,,,0.0,0.0,0.0,0.0,,
IDRiD_36_1536_1536,0.8006363560210975,0.6872215035166938,,,,,,
IDRiD_36_1536_2048,0.0,0.0,,,,,,
IDRiD_36_1536_3584,0.0,0.0,,,,,,
IDRiD_36_1536_512,0.0,0.0,0.0,0.0,0.0,0.0,,
IDRiD_36_2048_1024,,,0.0,0.0,0.3753901025245034,0.7135593219129561,,
IDRiD_36_2048_1536,,,0.0,0.0,,,,
IDRiD_36_2048_3072,0.7985714840246912,0.8212047423223775,,,,,,
IDRiD_36_2048_512,0.619629375420458,0.48757831063971535,0.0,0.0,,,,
IDRiD_36_512_1024,,,0.0,0.0,,,,
IDRiD_36_512_1536,,,0.0,0.0,0.19905660376419546,0.17002417403948233,,
IDRiD_36_512_2048,,,0.0,0.0,0.0,0.0,,
IDRiD_37_0_1024,0.6107074002651321,0.4789485926937476,,,0.0,0.0,,
IDRiD_37_0_1536,,,0.0,0.0,,,,
IDRiD_37_0_2048,,,0.0,0.0,0.0,0.0,,
IDRiD_37_1024_1024,,,0.0,0.0,,,,
IDRiD_37_1024_1536,0.0,0.0,0.0,0.0,0.5916193888693559,0.678771268691575,,
IDRiD_37_1024_2048,,,0.0,0.0,0.6302860572089206,0.7160909090843991,,
IDRiD_37_1024_2560,,,0.0,0.0,0.0,0.0,,
IDRiD_37_1024_3072,,,0.0,0.0,,,,
IDRiD_37_1536_1536,,,0.0,0.0,,,,
IDRiD_37_1536_2048,0.0,0.0,,,0.0,0.0,,
IDRiD_37_1536_2560,,,0.0,0.0,0.0,0.0,,
IDRiD_37_1536_3072,0.7171888230009658,0.728915662587873,0.0,0.0,0.0,0.0,,
IDRiD_37_1536_512,0.0,0.0,,,,,,
IDRiD_37_2048_3072,,,0.0,0.0,,,,
IDRiD_37_2048_512,0.8619331607918198,0.8785411170905086,,,,,,
IDRiD_37_512_1536,0.0,0.0,,,0.20361635219325408,0.19877206445136053,,
IDRiD_37_512_2048,0.7036276522875988,0.5501248662082278,0.0,0.0,0.5381414701709754,0.44713339094073373,,
IDRiD_37_512_2560,,,0.0,0.0,0.0,0.0,,
IDRiD_38_0_2048,,,0.0,0.0,,,,
IDRiD_38_0_2560,,,0.0,0.0,,,,
IDRiD_38_0_512,,,,,0.0,0.0,,
IDRiD_38_1024_1024,,,0.0,0.0,0.0,0.0,,
IDRiD_38_1024_1536,0.013363028952485353,0.00797872340372482,0.0,0.0,,,,
IDRiD_38_1024_2048,,,0.0,0.0,,,,
IDRiD_38_1024_3072,,,0.0,0.0,,,,
IDRiD_38_1536_1024,,,0.0,0.0,0.0,0.0,,
IDRiD_38_1536_1536,,,0.0,0.0,0.40839986874758394,0.3145745577032085,,
IDRiD_38_1536_2048,,,0.0,0.0,0.0,0.0,,
IDRiD_38_1536_2560,,,0.0,0.0,,,,
IDRiD_38_1536_3072,,,,,,,0.7504025764824248,0.7523266856457298
IDRiD_38_2048_1024,,,0.0,0.0,0.1286379511021933,0.1920069504611636,,
IDRiD_38_2048_1536,,,0.0,0.0,0.0,0.0,,
IDRiD_38_2048_2048,0.5636242504921569,0.626852400692743,,,,,,
IDRiD_38_512_1024,,,0.0,0.0,0.0,0.0,,
IDRiD_38_512_1536,,,0.0,0.0,0.0,0.0,,
IDRiD_38_512_2560,0.7416075196481564,0.8842634949275269,0.0,0.0,0.19857433807542899,0.13504155123718548,,
IDRiD_38_512_3072,,,0.0,0.0,,,0.8921572259441627,0.9086861368884711
IDRiD_39_0_1024,0.5917745620490567,0.4832089551938303,0.0,0.0,,,0.47135275641209406,0.7104146261602868
IDRiD_39_0_1536,0.0,0.0,0.0,0.0,0.0,0.0,,
IDRiD_39_0_2048,0.6589496770968812,0.5857885615124396,0.0,0.0,,,,
IDRiD_39_0_2560,0.7166584904321334,0.8859816322943107,,,,,0.8082832331149347,0.8501170959789173
IDRiD_39_0_3072,0.9198156681815711,0.9177011493830942,,,,,,
IDRiD_39_0_512,0.5647632311781071,0.802176063224315,0.0,0.0,0.04170562932446507,0.3181169757035497,0.0,0.0
IDRiD_39_1024_0,0.7364241040331934,0.7429887820363985,0.0,0.0,,,,
IDRiD_39_1024_1024,0.6293515358218578,0.6756228626929348,0.0,0.0,0.0,0.0,,
IDRiD_39_1024_1536,0.0,0.0,0.0,0.0,0.0,0.0,,
IDRiD_39_1024_2048,0.7969477014554821,0.7068339385702598,0.0,0.0,0.43478260866864704,0.4347826086416419,,
IDRiD_39_1024_3072,0.0,0.0,0.0,0.0,0.31661442004615387,0.18808193667361378,,
IDRiD_39_1024_3584,0.7174330469898058,0.8618429039594288,,,0.0,0.0,,
IDRiD_39_1024_512,0.32480580010020915,0.395959595949597,0.0,0.0,0.0,0.0,,
IDRiD_39_1536_0,,,0.0,0.0,,,,
IDRiD_39_1536_1024,0.561357996838702,0.47153008052608686,0.0,0.0,0.0,0.0,,
IDRiD_39_1536_1536,0.1080657791696161,0.7837610432989583,0.0,0.0,0.3904910366176738,0.2943595769509777,,
IDRiD_39_1536_2048,0.5462475560193544,0.6243768265321579,0.0,0.0,,,,
IDRiD_39_1536_2560,0.5814027292861377,0.8365296803398317,0.0,0.0,,,,
IDRiD_39_1536_3072,0.5506552790437688,0.3987523992301197,0.0,0.0,0.13333333330930933,0.10422535208331679,,
IDRiD_39_1536_512,0.3222416812528836,0.19676138099001647,0.0,0.0,,,,
IDRiD_39_2048_0,0.0,0.0,,,,,,
IDRiD_39_2048_1024,0.5225066195911159,0.788019966709018,0.0,0.0,0.0,0.0,0.0,0.0
IDRiD_39_2048_1536,0.25051468197799853,0.3917316163879454,0.0,0.0,0.0,0.0,,
IDRiD_39_2048_2048,0.3781782275934562,0.33391455971373335,0.0,0.0,,,,
IDRiD_39_2048_2560,0.7232686072339187,0.6118970565553647,0.0,0.0,,,,
IDRiD_39_2048_3072,0.4013632064696844,0.7730042082735192,,,,,0.7759579263688176,0.8684245930252359
IDRiD_39_2048_512,0.6911182349591706,0.8844823425236547,0.0,0.0,0.0,0.0,0.0,0.0
IDRiD_39_512_0,,,0.0,0.0,,,,
IDRiD_39_512_1024,0.4826968043628889,0.5468915577486145,0.0,0.0,0.1987491313366053,0.1570278184422757,,
IDRiD_39_512_1536,0.5509694052020336,0.5729919019447746,0.0,0.0,0.0,0.0,,
IDRiD_39_512_2048,0.5755566082357229,0.5145034935313465,0.0,0.0,0.23042647994541016,0.3759086188797555,,
IDRiD_39_512_2560,0.2154603133469447,0.4477933261330574,0.0,0.0,,,0.7880149812537325,0.9381688465554001
IDRiD_39_512_512,0.5271039233271811,0.4894327029978928,0.0,0.0,0.0,0.0,,
IDRiD_40_0_1024,0.5163418290699748,0.5404896421506283,0.0,0.0,,,,
IDRiD_40_0_1536,0.0,0.0,0.0,0.0,,,,
IDRiD_40_0_2048,,,0.0,0.0,0.49567016629246935,0.5371200797120558,,
IDRiD_40_1024_0,,,0.0,0.0,0.0,0.0,,
IDRiD_40_1024_2048,,,0.0,0.0,0.0,0.0,,
IDRiD_40_1024_2560,,,0.0,0.0,0.0,0.0,,
IDRiD_40_1024_3072,,,0.0,0.0,,,,
IDRiD_40_1536_1536,,,,,0.0,0.0,,
IDRiD_40_1536_2048,,,0.0,0.0,0.0,0.0,,
IDRiD_40_1536_2560,,,0.0,0.0,,,,
IDRiD_40_1536_3072,,,0.0,0.0,,,,
IDRiD_40_1536_512,,,,,0.0,0.0,,
IDRiD_40_2048_1024,,,0.0,0.0,,,,
IDRiD_40_2048_1536,0.0,0.0,0.0,0.0,,,,
IDRiD_40_2048_2048,,,0.0,0.0,0.0,0.0,,
IDRiD_40_2048_2560,,,0.0,0.0,,,,
IDRiD_40_2048_3072,,,0.0,0.0,,,,
IDRiD_40_2048_512,,,0.0,0.0,,,,
IDRiD_40_512_1536,,,0.0,0.0,,,,
IDRiD_40_512_2048,,,,,0.0,0.0,,
IDRiD_40_512_2560,,,0.0,0.0,0.0,0.0,,
IDRiD_41_0_3072,,,0.0,0.0,,,,
IDRiD_41_1024_1024,0.0,0.0,0.0,0.0,,,,
IDRiD_41_1024_1536,,,0.0,0.0,0.0,0.0,,
IDRiD_41_1024_2048,,,,,0.014992503747564,0.009053870529241564,,
IDRiD_41_1024_512,,,,,0.0,0.0,,
IDRiD_41_1536_1024,,,,,0.135057471244963,0.10195227763515134,,
IDRiD_41_1536_3072,0.0,0.0,0.0,0.0,,,,
IDRiD_41_1536_3584,0.0,0.0,,,,,,
IDRiD_41_1536_512,,,,,0.0,0.0,,
IDRiD_41_2048_1024,0.0,0.0,0.0,0.0,,,,
IDRiD_41_2048_2048,,,0.0,0.0,,,,
IDRiD_41_2048_2560,,,0.0,0.0,,,,
IDRiD_41_512_1536,,,0.0,0.0,0.2819499340866996,0.22765957441964688,,
IDRiD_41_512_2048,,,,,0.0,0.0,,
IDRiD_41_512_3072,,,,,0.0,0.0,,
IDRiD_42_0_1024,,,,,0.03825136611499298,0.020648967548576848,,
IDRiD_42_0_512,0.0,0.0,0.0,0.0,,,,
IDRiD_42_1024_0,,,0.0,0.0,0.24898236091421364,0.1695933456483552,,
IDRiD_42_1024_1536,,,0.0,0.0,,,,
IDRiD_42_1024_2048,,,,,0.4360587002005019,0.4109047807028485,,
IDRiD_42_1024_2560,,,,,0.4648051192508745,0.5965654554356256,,
IDRiD_42_1024_3072,,,,,0.0,0.0,,
IDRiD_42_1024_512,,,,,0.0,0.0,,
IDRiD_42_1536_0,0.6772867420001394,0.8166047086968272,,,,,,
IDRiD_42_1536_1536,,,0.0,0.0,,,,
IDRiD_42_1536_2048,,,0.0,0.0,0.09388971683354025,0.049257232208814915,,
IDRiD_42_1536_2560,,,,,0.322348094731084,0.30990099006832666,,
IDRiD_42_2048_1536,,,0.0,0.0,,,,
IDRiD_42_2048_2048,,,,,0.0,0.0,,
IDRiD_42_2048_2560,,,0.0,0.0,0.0,0.0,,
IDRiD_42_512_1536,,,0.0,0.0,,,,
IDRiD_42_512_2048,,,0.0,0.0,,,,
IDRiD_42_512_2560,,,,,0.4881041588587106,0.4831262747961883,,
IDRiD_42_512_3072,,,,,0.0,0.0,,
IDRiD_42_512_512,0.5526798451079544,0.4348941629110041,,,0.0,0.0,,
IDRiD_43_1024_2048,,,,,0.7345749257522146,0.661253248047865,,
IDRiD_43_1024_2560,,,0.0,0.0,0.6115433257950187,0.6538682183221854,,
IDRiD_43_1024_3072,,,,,0.0,0.0,,
IDRiD_43_1024_3584,,,,,0.0,0.0,,
IDRiD_43_1536_2048,,,,,0.5784005798362309,0.6336686076954119,,
IDRiD_43_1536_2560,,,,,0.6488374318216016,0.7283566057923914,,
IDRiD_43_512_2048,,,,,0.5592307692200148,0.7395727364832364,,
IDRiD_43_512_2560,,,,,0.0,0.0,,
IDRiD_43_512_3072,,,,,0.0,0.0,,
IDRiD_44_0_1024,,,0.0,0.0,,,,
IDRiD_44_0_2560,,,,,0.64146959458105,0.6839261593568696,,
IDRiD_44_0_3072,,,,,0.0,0.0,,
IDRiD_44_0_512,,,,,0.0,0.0,,
IDRiD_44_1024_0,,,,,0.0,0.0,,
IDRiD_44_1024_1024,,,0.0,0.0,0.0,0.0,,
IDRiD_44_1024_1536,,,,,0.0,0.0,,
IDRiD_44_1024_3072,,,,,0.0,0.0,,
IDRiD_44_1024_512,,,,,0.0,0.0,,
IDRiD_44_1536_1024,0.6858888676592345,0.6902382782209747,,,0.40561375765159885,0.33973509932649887,,
IDRiD_44_1536_1536,,,,,0.0,0.0,,
IDRiD_44_1536_2560,,,,,0.0,0.0,,
IDRiD_44_1536_3072,,,,,0.0,0.0,,
IDRiD_44_1536_512,,,0.0,0.0,0.0,0.0,,
IDRiD_44_2048_1024,,,,,0.0,0.0,,
IDRiD_44_2048_1536,0.5492993630433299,0.4502923976420095,,,0.42304593068400304,0.3832116788041451,,
IDRiD_44_2048_512,,,0.0,0.0,0.3702245552612261,0.2862135046749384,,
IDRiD_44_512_1024,,,0.0,0.0,,,,
IDRiD_44_512_1536,0.0,0.0,0.0,0.0,,,,
IDRiD_44_512_2048,,,,,0.6766439908990185,0.5268361581548844,,
IDRiD_44_512_2560,,,0.0,0.0,0.0,0.0,,
IDRiD_44_512_512,,,0.0,0.0,,,,
IDRiD_45_0_1024,,,0.0,0.0,0.36443883983718667,0.3063063062900738,,
IDRiD_45_0_1536,0.8465757718192816,0.8511778145367432,0.0,0.0,0.5885934645805212,0.6221039986217427,,
IDRiD_45_0_2048,,,,,0.0,0.0,,
IDRiD_45_0_2560,,,,,0.7717277486506948,0.8170731706411227,,
IDRiD_45_0_512,,,,,0.0,0.0,,
IDRiD_45_1024_1024,0.0,0.0,0.0,0.0,0.0,0.0,,
IDRiD_45_1024_2560,,,,,0.25599435824203126,0.1678224687855838,,
IDRiD_45_1024_512,,,,,0.658054097685546,0.5959780621354305,,
IDRiD_45_1536_0,,,0.0,0.0,,,,
IDRiD_45_1536_1024,,,0.0,0.0,0.15185318459331223,0.09173913043079396,,
IDRiD_45_1536_1536,,,,,0.3073136427458751,0.25950118763304625,,
IDRiD_45_1536_2048,,,0.0,0.0,,,,
IDRiD_45_1536_2560,,,,,0.0,0.0,,
IDRiD_45_1536_3072,,,,,0.0,0.0,,
IDRiD_45_1536_512,,,0.0,0.0,0.46886383347381727,0.4383717158540647,,
IDRiD_45_2048_1024,0.0,0.0,0.0,0.0,0.0,0.0,,
IDRiD_45_2048_1536,,,0.0,0.0,,,,
IDRiD_45_2048_2560,,,,,0.0,0.0,,
IDRiD_45_2048_512,,,,,0.517907227613172,0.5101476994951636,,
IDRiD_45_512_1024,,,0.0,0.0,0.434585942929113,0.35787965615020406,,
IDRiD_45_512_1536,,,,,0.0,0.0,,
IDRiD_45_512_2560,,,,,0.0,0.0,,
IDRiD_45_512_512,,,,,0.024125452349321418,0.012468827928619848,,
IDRiD_46_0_1024,,,0.0,0.0,,,,
IDRiD_46_0_1536,0.0,0.0,,,,,,
IDRiD_46_1024_1024,0.4428190580323821,0.7886535183640455,0.0,0.0,0.0,0.0,,
IDRiD_46_1024_1536,0.5533226807020334,0.613898969671656,0.0,0.0,0.5734934853400736,0.5401725790953009,,
IDRiD_46_1024_2048,0.7951597405693155,0.8245734213424799,0.0,0.0,0.0,0.0,,
IDRiD_46_1536_1024,0.5034899156403738,0.7045781399723804,0.0,0.0,,,,
IDRiD_46_1536_1536,0.10224525042824714,0.07696307851913868,0.0,0.0,0.0,0.0,,
IDRiD_46_1536_2048,0.7548836164901214,0.7573209190455426,0.0,0.0,,,,
IDRiD_46_1536_512,0.8141209774746508,0.730137395454524,,,,,,
IDRiD_46_2048_1024,0.7557835666922182,0.797278082467725,0.0,0.0,,,0.3959821668346351,0.2868036103307905
IDRiD_46_2048_1536,0.6726209462980051,0.5578483245051526,0.0,0.0,,,,
IDRiD_46_2048_2048,0.45282156727318207,0.34723195513849925,0.0,0.0,0.0,0.0,0.7798203845411378,0.646124650413043
IDRiD_46_2048_2560,,,,,,,0.0,0.0
IDRiD_46_2048_3072,0.6674767691160295,0.7029509183874895,0.0,0.0,,,0.14363327673942483,0.07737333089398589
IDRiD_46_2048_512,0.7838707855628173,0.7157221677888118,0.0,0.0,0.0,0.0,0.5089804402267522,0.34143725419970883
IDRiD_46_512_1024,0.7598136284172404,0.7604336675127018,0.0,0.0,,,,
IDRiD_46_512_1536,0.7127261851342713,0.7907748465213513,0.0,0.0,0.21641221373632802,0.14777169663414721,0.36440808291955706,0.2337713586668491
IDRiD_46_512_2048,0.4910632025014643,0.40886775083754423,0.0,0.0,0.0,0.0,0.0,0.0
IDRiD_47_0_1024,0.0,0.0,,,0.0,0.0,,
IDRiD_47_0_1536,,,,,0.385413124784211,0.35416341196134726,,
IDRiD_47_0_2048,,,0.0,0.0,0.0,0.0,,
IDRiD_47_0_2560,0.41770933589320325,0.48311688309895673,0.0,0.0,,,0.8677248677237425,0.9909659074050207
IDRiD_47_0_512,,,,,0.0,0.0,,
IDRiD_47_1024_0,,,,,0.7993158494716968,0.8355184743410601,,
IDRiD_47_1024_1024,0.0,0.0,,,,,,
IDRiD_47_1024_2048,,,0.0,0.0,0.06103794575722822,0.7281205164470501,,
IDRiD_47_1024_3072,0.0,0.0,,,,,,
IDRiD_47_1024_3584,,,0.0,0.0,,,,
IDRiD_47_1024_512,,,0.0,0.0,0.594021527685793,0.6122435340465665,,
IDRiD_47_1536_0,,,0.0,0.0,,,,
IDRiD_47_1536_1024,,,,,0.09965195090493402,0.06704461424532797,,
IDRiD_47_1536_1536,,,,,0.0,0.0,,
IDRiD_47_1536_3072,0.6625604927386288,0.8363807245314732,,,,,,
IDRiD_47_1536_512,,,0.0,0.0,,,,
IDRiD_47_2048_0,,,,,0.0,0.0,,
IDRiD_47_2048_1536,0.18993621544330488,0.146688560473635,,,,,,
IDRiD_47_2048_2048,0.0,0.0,,,,,,
IDRiD_47_2048_2560,0.0,0.0,0.0,0.0,,,,
IDRiD_47_2048_512,,,,,0.42510361157933074,0.613675213570312,,
IDRiD_47_512_0,,,,,0.0,0.0,,
IDRiD_47_512_1024,,,0.0,0.0,,,,
IDRiD_47_512_1536,,,0.0,0.0,,,,
IDRiD_47_512_2048,,,,,0.5293808103748574,0.6026357827235369,,
IDRiD_47_512_2560,,,,,0.6210018104821665,0.779545454486398,,
IDRiD_47_512_512,,,0.0,0.0,0.42863087806016165,0.441491641644171,,
IDRiD_48_0_1536,,,0.0,0.0,,,,
IDRiD_48_0_2048,0.5668438161056352,0.49607152532740834,0.0,0.0,0.0,0.0,,
IDRiD_48_0_2560,0.0,0.0,0.0,0.0,0.48093747491386996,0.45284159612374786,,
IDRiD_48_0_3072,,,0.0,0.0,,,,
IDRiD_48_1024_0,0.0,0.0,0.0,0.0,,,,
IDRiD_48_1024_1024,0.0,0.0,0.0,0.0,0.060027285126874615,0.11806797851197354,0.7309325046193997,0.9909676708652807
IDRiD_48_1024_1536,0.09127906976655736,0.18779904305471296,,,0.14184397161108597,0.10373443981250323,,
IDRiD_48_1024_2048,0.09069233103548209,0.2468145351551815,0.0,0.0,0.7444054829407433,0.7578865377027407,,
IDRiD_48_1024_2560,0.3593179049866156,0.3443579766402974,0.0,0.0,0.6733468742939818,0.7137457537899772,,
IDRiD_48_1024_3072,0.14389746577197884,0.08407079645922315,0.0,0.0,0.6228975756836626,0.696227148960246,,
IDRiD_48_1024_512,0.0,0.0,,,,,,
IDRiD_48_1536_1024,,,,,0.3106642566616509,0.22570584372577635,0.6370186335324594,0.9968895800545533
IDRiD_48_1536_1536,0.5323741006992665,0.5090514119834141,0.0,0.0,0.5842459680304243,0.6348297052357316,,
IDRiD_48_1536_2048,,,,,0.5071062147821583,0.45209176787785205,,
IDRiD_48_1536_2560,0.6538595878334988,0.9719626167719645,0.0,0.0,0.6095290052725777,0.7061773133292341,,
IDRiD_48_1536_3072,0.1818669939396262,0.10255633894155215,0.0,0.0,0.0,0.0,0.3094395829425671,0.18303964757507665
IDRiD_48_1536_512,0.0,0.0,0.0,0.0,0.0,0.0,,
IDRiD_48_2048_1024,,,0.0,0.0,0.7645250537847444,0.7284710017361316,0.7519456507685774,0.7111834078836016
IDRiD_48_2048_1536,,,,,0.3234126983966561,0.4521497918929057,,
IDRiD_48_2048_2048,0.0,0.0,0.0,0.0,0.45526886905099423,0.8020390823447715,,
IDRiD_48_2048_2560,0.5827697262432949,0.536943620170075,0.0,0.0,0.6699138253776729,0.756345177600986,,
IDRiD_48_2048_3072,0.0,0.0,0.0,0.0,,,,
IDRiD_48_2048_512,0.5269707548344181,0.9599859845796777,,,0.022299651566390268,0.012288786481391029,,
IDRiD_48_512_1024,0.5040621688360286,0.4006176305333909,0.0,0.0,0.0,0.0,0.0,0.0
IDRiD_48_512_1536,0.0,0.0,0.0,0.0,0.4978482446093353,0.7674581005050657,0.6009186526407905,0.5517726161335466
IDRiD_48_512_2048,0.0,0.0,0.0,0.0,0.6089383278935225,0.7167576570674862,,
IDRiD_48_512_2560,0.6347463211046389,0.5340314136092761,0.0,0.0,0.1763356276572817,0.10851149656682084,,
IDRiD_48_512_3072,0.4485261768538437,0.3666606725343165,0.0,0.0,0.0,0.0,,
IDRiD_48_512_512,,,0.0,0.0,,,,
IDRiD_49_0_1024,0.1331066310387878,0.07742300084550939,0.0,0.0,0.45021370903197383,0.4380776339975947,,
IDRiD_49_0_1536,0.0,0.0,0.0,0.0,0.43726034642048617,0.5527327427619466,0.0,0.0
IDRiD_49_0_2048,0.0,0.0,0.0,0.0,0.0,0.0,,
IDRiD_49_0_2560,0.2533150434346393,0.45434663748199305,0.0,0.0,0.0,0.0,,
IDRiD_49_0_3072,0.6656334753713432,0.5607049607989095,0.0,0.0,0.0,0.0,,
IDRiD_49_0_512,0.44626743228496574,0.3443037974247717,,,0.33141762448932777,0.30350877187657743,,
IDRiD_49_1024_1024,0.2510410469809018,0.222573839638969,0.0,0.0,0.5548843990822401,0.6241799437643227,,
IDRiD_49_1024_1536,0.0,0.0,0.0,0.0,0.5252233218419414,0.5740328134471377,,
IDRiD_49_1024_2048,,,0.0,0.0,0.39930313588571914,0.4150369404546569,,
IDRiD_49_1024_2560,,,,,0.3989060363274291,0.4487912087714817,,
IDRiD_49_1024_3072,,,0.0,0.0,0.3653738054881746,0.44277929149280937,,
IDRiD_49_1024_512,0.6562820249916729,0.577561327540492,,,0.5092939768607156,0.4701030927765817,,
IDRiD_49_1536_1024,0.6338200295856634,0.8958181818100379,0.0,0.0,0.7690483249218938,0.68353096177382,,
IDRiD_49_1536_1536,,,,,0.6875446353942539,0.7570859686083824,,
IDRiD_49_1536_2048,,,,,0.12890231620051337,0.5871559627640771,,
IDRiD_49_1536_512,0.3997357992047573,0.39349804940970745,0.0,0.0,0.3872263506650487,0.3578322197343047,,
IDRiD_49_2048_1024,0.7453211937247288,0.835317460309568,0.0,0.0,0.8120457475099256,0.8240008905687854,,
IDRiD_49_2048_1536,0.22096956030944281,0.2808022922434955,0.0,0.0,0.6366863905305079,0.6510334903149461,,
IDRiD_49_2048_2048,0.1521357518972459,0.14076881428582735,0.0,0.0,0.0,0.0,,
IDRiD_49_2048_2560,,,0.0,0.0,,,,
IDRiD_49_2048_3072,0.5583358825311767,0.9532066012016586,0.0,0.0,0.0,0.0,,
IDRiD_49_2048_512,0.4023408924593659,0.5282366499989153,0.0,0.0,0.5966932937005489,0.6226817447455723,,
IDRiD_49_512_0,,,,,0.0,0.0,,
IDRiD_49_512_1024,0.6146725295061102,0.5867624966844774,,,0.3329964628516171,0.24254692674852607,0.8550451562583002,0.9350132625950406
IDRiD_49_512_1536,0.7332317073152103,0.7488323819369547,0.0,0.0,0.678759768726287,0.7058706927856689,0.8958881728217848,0.9809670526214731
IDRiD_49_512_2048,,,,,0.4576657144021129,0.5456071075957986,,
IDRiD_49_512_3072,0.49574384125094,0.8799279567564553,0.0,0.0,,,,
IDRiD_49_512_512,0.47683427008600304,0.49722794233332446,0.0,0.0,0.0,0.0,,
IDRiD_50_0_1024,,,,,0.6824696802457975,0.8038961038439028,,
IDRiD_50_0_1536,,,,,0.258657432069011,0.21572983780902621,,
IDRiD_50_0_2048,,,,,0.512985649278873,0.4553249658201153,,
IDRiD_50_0_2560,,,,,,,0.7514538264669024,0.6833421470049356
IDRiD_50_0_512,,,,,0.2695344405045049,0.15875561256707008,,
IDRiD_50_1024_1024,0.5627359537960752,0.589028358875452,,,0.4904891304014613,0.3984547460928858,,
IDRiD_50_1024_1536,0.5437477860400062,0.5188732394307732,0.0,0.0,0.3771378708518574,0.3194855115269148,0.874643446923325,0.8942440521735343
IDRiD_50_1024_2048,,,,,0.43673668782874553,0.413251155611302,,
IDRiD_50_1024_2560,0.8370803818780862,0.7699716713662897,,,0.5346746367290308,0.4607588575238263,,
IDRiD_50_1024_3072,0.0,0.0,,,,,,
IDRiD_50_1536_0,,,0.0,0.0,,,,
IDRiD_50_1536_1024,0.0,0.0,,,0.0,0.0,,
IDRiD_50_1536_1536,,,,,0.5616900052149386,0.6615159247676896,,
IDRiD_50_1536_2048,,,,,0.5164541950632536,0.4448416751560346,,
IDRiD_50_1536_2560,0.0,0.0,0.0,0.0,0.6826923076886199,0.7944430475132708,,
IDRiD_50_1536_3072,0.5860609631939462,0.43244525258571864,0.0,0.0,,,0.911936431159399,0.9841175154650352
IDRiD_50_1536_512,0.0,0.0,,,0.0,0.0,,
IDRiD_50_2048_1024,0.10420168066876634,0.057728119178483125,0.0,0.0,0.0,0.0,,
IDRiD_50_2048_1536,,,,,0.0,0.0,,
IDRiD_50_2048_2048,,,,,0.0,0.0,,
IDRiD_50_2048_2560,,,,,0.09077598827367848,0.06935123040954111,,
IDRiD_50_2048_512,,,,,0.0,0.0,,
IDRiD_50_512_1536,,,0.0,0.0,0.5289239881526927,0.5715199999969519,,
IDRiD_50_512_2048,,,0.0,0.0,0.3830584317582441,0.3964458804480727,,
IDRiD_50_512_2560,0.740951963133561,0.6835289356259195,0.0,0.0,0.0,0.0,0.6476023647880551,0.9999999999864756
IDRiD_51_0_1024,,,0.0,0.0,0.4075275794673895,0.3390928725335753,,
IDRiD_51_0_1536,0.147591921280487,0.07967570589657043,0.0,0.0,,,,
IDRiD_51_0_2048,0.0,0.0,0.0,0.0,,,0.7045101088537401,0.8701498270891223
IDRiD_51_0_3072,,,0.0,0.0,,,,
IDRiD_51_1024_1024,,,0.0,0.0,0.16160576427372075,0.11311239192268642,,
IDRiD_51_1024_1536,0.5925018377703382,0.4987623762170478,0.0,0.0,0.0,0.0,0.0,0.0
IDRiD_51_1024_2048,,,,,0.0,0.0,,
IDRiD_51_1024_3072,0.6541288370053864,0.8866619784237381,,,,,,
IDRiD_51_1024_3584,0.4281251414840036,0.6582207990998438,,,,,,
IDRiD_51_1024_512,0.0,0.0,0.0,0.0,0.21237932992215827,0.14429012345307896,0.45093611816515694,0.33229339988677
IDRiD_51_1536_0,,,0.0,0.0,,,,
IDRiD_51_1536_1024,,,0.0,0.0,,,,
IDRiD_51_1536_1536,,,0.0,0.0,0.0,0.0,0.0,0.0
IDRiD_51_1536_512,,,0.0,0.0,,,,
IDRiD_51_2048_1024,0.4967564288024606,0.49798820997007587,0.0,0.0,,,,
IDRiD_51_2048_1536,0.0,0.0,0.0,0.0,0.0,0.0,0.0,0.0
IDRiD_51_2048_2048,,,,,,,0.5544225752773436,0.38353018371445113
IDRiD_51_2048_2560,,,0.0,0.0,,,,
IDRiD_51_2048_512,0.0,0.0,0.0,0.0,0.0,0.0,0.0,0.0
IDRiD_51_512_1024,,,0.0,0.0,,,,
IDRiD_51_512_1536,,,,,0.0,0.0,,
IDRiD_51_512_2048,,,0.0,0.0,,,,
IDRiD_52_0_2560,,,0.0,0.0,,,,
IDRiD_52_1024_0,,,,,0.5009633911046266,0.4887218044500349,,
IDRiD_52_1024_2560,0.0,0.0,0.0,0.0,,,,
IDRiD_52_1024_3072,,,0.0,0.0,,,,
IDRiD_52_1536_2048,,,0.0,0.0,0.0,0.0,,
IDRiD_52_1536_2560,,,0.0,0.0,,,,
IDRiD_52_1536_3072,0.0,0.0,0.0,0.0,,,,
IDRiD_52_2048_2048,0.0,0.0,0.0,0.0,,,,
IDRiD_52_2048_2560,,,0.0,0.0,,,,
IDRiD_52_2048_3072,,,0.0,0.0,,,0.7485670023179816,0.8783857480298422
IDRiD_52_512_0,0.0,0.0,,,,,,
IDRiD_52_512_2048,,,0.0,0.0,0.0,0.0,,
IDRiD_52_512_2560,,,0.0,0.0,,,0.836515513118173,0.9898799717347639
IDRiD_52_512_512,0.0,0.0,0.0,0.0,,,,
IDRiD_53_0_1024,0.576694099104462,0.554928390896757,0.0,0.0,,,,
IDRiD_53_0_1536,,,0.0,0.0,,,,
IDRiD_53_0_2048,,,0.0,0.0,,,,
IDRiD_53_0_2560,,,0.0,0.0,,,,
IDRiD_53_0_3072,,,0.0,0.0,,,,
IDRiD_53_0_512,0.49808523779495883,0.4516129032156897,0.0,0.0,,,,
IDRiD_53_1024_1536,,,,,0.0,0.0,,
IDRiD_53_1024_2048,0.0,0.0,0.0,0.0,0.3599250936295887,0.29821567105821234,,
IDRiD_53_1024_2560,0.5568714322216988,0.6483483781338738,0.0,0.0,,,,
IDRiD_53_1024_3072,0.7200279928236888,0.6011978672076459,0.0,0.0,0.0,0.0,,
IDRiD_53_1536_1536,0.0,0.0,,,,,,
IDRiD_53_1536_2048,0.5353037766799478,0.6291701130324073,0.0,0.0,0.0,0.0,,
IDRiD_53_1536_2560,0.5082673336041647,0.5480970931810579,0.0,0.0,0.0,0.0,,
IDRiD_53_1536_3072,0.7197247034652238,0.79108321260597,0.0,0.0,0.0,0.0,0.661205383260231,0.5009975615107404
IDRiD_53_1536_3584,0.8766935345416448,0.8658536585072544,,,,,,
IDRiD_53_1536_512,,,0.0,0.0,,,,
IDRiD_53_2048_1024,0.37878787875918274,0.384615384556213,0.0,0.0,0.0,0.0,,
IDRiD_53_2048_1536,0.0,0.0,0.0,0.0,,,,
IDRiD_53_2048_2048,0.0,0.0,0.0,0.0,0.0,0.0,,
IDRiD_53_2048_2560,0.24634384139595894,0.15877670715715222,0.0,0.0,0.3747035572826321,0.3828756057539781,,
IDRiD_53_2048_3072,0.0,0.0,0.0,0.0,,,,
IDRiD_53_2048_512,,,0.0,0.0,,,,
IDRiD_53_512_0,,,0.0,0.0,,,,
IDRiD_53_512_1536,,,0.0,0.0,,,,
IDRiD_53_512_2560,0.5395923167358898,0.40494226667349453,0.0,0.0,,,,
IDRiD_53_512_3072,,,,,0.0,0.0,,
IDRiD_53_512_512,0.0,0.0,0.0,0.0,,,,
IDRiD_54_0_1536,,,0.0,0.0,,,,
IDRiD_54_0_2048,,,0.0,0.0,,,,
IDRiD_54_0_2560,0.592007157760334,0.5975316074473952,0.0,0.0,0.6767935578207029,0.7537708927536172,,
IDRiD_54_0_3072,0.0,0.0,0.0,0.0,,,,
IDRiD_54_1024_0,0.0,0.0,0.0,0.0,,,,
IDRiD_54_1024_1024,,,0.0,0.0,,,,
IDRiD_54_1024_1536,,,0.0,0.0,,,,
IDRiD_54_1024_2048,0.5637751908804134,0.4265959461938512,0.0,0.0,0.0,0.0,,
IDRiD_54_1024_2560,0.2722607133657652,0.28016899920041805,0.0,0.0,0.5255692422349545,0.6137750653344572,,
IDRiD_54_1024_3072,0.18332381495764352,0.1474506201126573,0.0,0.0,0.0,0.0,,
IDRiD_54_1024_3584,0.019066403681161526,0.00962495851279041,0.0,0.0,,,,
IDRiD_54_1024_512,0.0,0.0,,,,,,
IDRiD_54_1536_0,0.0,0.0,0.0,0.0,,,,
IDRiD_54_1536_1536,,,0.0,0.0,,,,
IDRiD_54_1536_2048,,,0.0,0.0,,,,
IDRiD_54_1536_2560,0.0,0.0,0.0,0.0,0.0,0.0,,
IDRiD_54_1536_512,0.12900703674241568,0.06895110739369198,0.0,0.0,,,,
IDRiD_54_2048_0,,,,,,,0.9616186900091444,0.9612176813610835
IDRiD_54_2048_1024,,,,,,,0.1141570652889877,0.5157044570590577
IDRiD_54_2048_1536,,,0.0,0.0,,,,
IDRiD_54_2048_2048,0.0,0.0,0.0,0.0,,,,
IDRiD_54_2048_2560,0.3595821615034234,0.5639571518233171,0.0,0.0,,,,
IDRiD_54_2048_3072,0.0,0.0,0.0,0.0,,,,
IDRiD_54_2048_512,,,,,,,0.7015612231701794,0.7589800856061885
IDRiD_54_512_0,0.0,0.0,,,,,,
IDRiD_54_512_1024,,,0.0,0.0,,,,
IDRiD_54_512_1536,,,0.0,0.0,0.0,0.0,,
IDRiD_54_512_2048,,,0.0,0.0,,,,
IDRiD_54_512_2560,0.5177376849682194,0.7008781558341999,0.0,0.0,0.5316733067676128,0.6188268026751953,,
IDRiD_54_512_3072,0.6578371962225411,0.5739670772857955,0.0,0.0,,,,
IDRiD_54_512_512,0.40039254169773325,0.654370489121542,,,,,,
IDRiD_55_0_1024,,,,,0.0,0.0,,
IDRiD_55_0_1536,,,,,0.5492740871065261,0.6068043742332101,,
IDRiD_55_0_2048,,,0.0,0.0,0.6567420177661695,0.69429979542173,,
IDRiD_55_1024_1024,,,0.0,0.0,0.6211976469389582,0.5957087753105318,,
IDRiD_55_1024_1536,0.0,0.0,0.0,0.0,0.684510594461499,0.6436850719834257,,
IDRiD_55_1024_2048,,,0.0,0.0,0.7596092962168104,0.8163237017518098,,
IDRiD_55_1024_2560,,,0.0,0.0,0.6954211130471755,0.7657233808469308,,
IDRiD_55_1536_1024,,,0.0,0.0,0.4234657327037852,0.3708350759741972,,
IDRiD_55_1536_1536,,,0.0,0.0,0.49535978479994835,0.5589194931287736,,
IDRiD_55_1536_2048,0.38250563228336515,0.39014886601668347,0.0,0.0,0.3974949346089611,0.4261453396490826,0.0,0.0
IDRiD_55_1536_2560,0.7468254938592793,0.6702511207929578,0.0,0.0,0.6590118450531864,0.6356113626993914,0.691292875966646,0.7757216875813677
IDRiD_55_1536_3072,,,,,0.5793577981518496,0.5822959889081468,,
IDRiD_55_1536_512,,,,,0.5347258485360457,0.4853080568260371,,
IDRiD_55_2048_1024,,,,,0.6288594832622016,0.8863232680486105,,
IDRiD_55_2048_1536,,,0.0,0.0,0.0,0.0,,
IDRiD_55_2048_2048,,,0.0,0.0,0.5672686371269933,0.608771459219303,,
IDRiD_55_2048_2560,,,,,0.638828276787808,0.7250644592161415,,
IDRiD_55_512_1024,0.0,0.0,0.0,0.0,0.5992488601236203,0.6624992339257753,,
IDRiD_55_512_1536,0.6973710616024746,0.5759032151048077,0.0,0.0,0.7681274454998501,0.8085980252541294,,
IDRiD_55_512_2048,0.8889385183729387,0.9537920843465119,0.0,0.0,0.6582497032472954,0.7281167108734002,,
IDRiD_55_512_2560,,,,,0.0,0.0,,
IDRiD_56_0_1024,,,0.0,0.0,,,,
IDRiD_56_0_1536,,,0.0,0.0,,,,
IDRiD_56_0_2048,0.06269744835889796,0.0323632714496693,0.0,0.0,,,,
IDRiD_56_0_2560,0.7011472152779895,0.5624967864657244,,,,,,
IDRiD_56_0_3072,0.8865729302327542,0.8184457161746832,,,,,0.8003023939507765,0.9832810435890716
IDRiD_56_0_512,,,0.0,0.0,,,,
IDRiD_56_1024_0,0.0,0.0,,,,,,
IDRiD_56_1024_1024,,,0.0,0.0,,,,
IDRiD_56_1024_1536,,,0.0,0.0,,,,
IDRiD_56_1024_2048,,,,,0.4832515767310213,0.6506888091970053,,
IDRiD_56_1024_2560,0.0,0.0,0.0,0.0,0.17207665232021602,0.4206500955218643,,
IDRiD_56_1024_3072,0.05903376879431209,0.04155821620647615,0.0,0.0,,,,
IDRiD_56_1536_1024,0.0,0.0,,,,,,
IDRiD_56_1536_1536,,,0.0,0.0,,,,
IDRiD_56_1536_2048,0.04536838887162722,0.03605091827775676,,,0.1836190476120526,0.15253164555996634,,
IDRiD_56_1536_2560,0.11093439363596552,0.07901444349818708,0.0,0.0,,,0.0,0.0
IDRiD_56_1536_512,0.0,0.0,,,,,,
IDRiD_56_2048_1024,0.7223382824727256,0.716723423153995,,,0.0,0.0,,
IDRiD_56_2048_1536,,,0.0,0.0,,,,
IDRiD_56_2048_2048,0.662253541172594,0.5270193723742266,0.0,0.0,,,,
IDRiD_56_2048_2560,0.6540709937905922,0.5019424660045234,,,,,0.6773222764617313,0.9999999999802528
IDRiD_56_2048_3072,,,0.0,0.0,,,,
IDRiD_56_2048_512,0.0,0.0,,,,,,
IDRiD_56_512_1024,0.6170421155686509,0.5821013727483884,0.0,0.0,,,,
IDRiD_56_512_1536,,,0.0,0.0,0.11495673670488524,0.24932975864629228,,
IDRiD_56_512_2048,,,,,0.46564566072084984,0.7263707571611914,,
IDRiD_56_512_2560,0.4945696770744096,0.4137457599708145,0.0,0.0,,,,
IDRiD_56_512_3072,0.18570254724631222,0.17071205559300318,0.0,0.0,0.2709677419105099,0.3188720172844095,0.9068598370096891,0.9925500649238428
IDRiD_57_0_1024,,,,,0.0,0.0,,
IDRiD_57_0_1536,0.0,0.0,,,0.0,0.0,,
IDRiD_57_0_2048,,,,,0.0,0.0,,
IDRiD_57_0_512,,,,,0.0,0.0,,
IDRiD_57_1024_0,,,,,0.0,0.0,,
IDRiD_57_1024_1024,,,0.0,0.0,0.34170522141064436,0.2386521003194545,,
IDRiD_57_1024_1536,,,0.0,0.0,0.710693031278351,0.5974822465914306,,
IDRiD_57_1024_2048,,,,,0.5143487858151933,0.6067708331753201,,
IDRiD_57_1024_512,,,,,0.0,0.0,,
IDRiD_57_1536_0,0.007981218111721882,0.9999999998641305,,,0.0,0.0,,
IDRiD_57_1536_1024,,,,,0.30557097908286535,0.24488282408417558,,
IDRiD_57_1536_1536,,,,,0.4723146747281042,0.4218918918804894,,
IDRiD_57_1536_2048,,,,,0.3106688778158834,0.21516079630818064,,
IDRiD_57_1536_512,,,0.0,0.0,0.31325951930020907,0.22620904835311198,,
IDRiD_57_2048_1024,,,,,0.05343511449973777,0.050724637673808026,,
IDRiD_57_2048_1536,,,,,0.0,0.0,,
IDRiD_57_2048_512,,,0.0,0.0,0.0,0.0,,
IDRiD_57_512_0,,,,,0.0,0.0,,
IDRiD_57_512_1024,,,0.0,0.0,0.0,0.0,,
IDRiD_57_512_1536,0.0,0.0,,,0.0,0.0,,
IDRiD_57_512_512,,,0.0,0.0,0.2175374274299561,0.16496756255027956,,
IDRiD_58_0_1536,0.07854984894134918,0.11222171739608262,0.0,0.0,,,,
IDRiD_58_0_2048,,,0.0,0.0,0.4752003052224799,0.49414798650081043,,
IDRiD_58_0_2560,,,0.0,0.0,0.6606942888952774,0.9727947237450292,,
IDRiD_58_0_3072,,,0.0,0.0,,,,
IDRiD_58_0_512,,,0.0,0.0,,,,
IDRiD_58_1024_0,,,,,0.0,0.0,,
IDRiD_58_1024_1024,,,0.0,0.0,,,,
IDRiD_58_1024_1536,0.7007863153441746,0.7873527588100635,0.0,0.0,0.504569442650218,0.5134922714038908,,
IDRiD_58_1024_2048,,,,,0.5544394618784355,0.6676025917782376,,
IDRiD_58_1024_2560,0.0,0.0,0.0,0.0,0.6327173456464434,0.8804792518737441,,
IDRiD_58_1024_3584,,,,,0.0,0.0,,
IDRiD_58_1536_0,,,,,0.47549651792316544,0.34262614998287677,,
IDRiD_58_1536_1536,0.0,0.0,,,,,,
IDRiD_58_1536_2048,0.0,0.0,,,0.0,0.0,,
IDRiD_58_1536_2560,0.6744111520562633,0.5778815130048885,0.0,0.0,,,,
IDRiD_58_1536_3072,0.2962152701783393,0.2388849682385518,,,,,,
IDRiD_58_1536_512,,,0.0,0.0,0.6904080171673156,0.613940165480142,,
IDRiD_58_2048_1024,,,,,0.0,0.0,,
IDRiD_58_2048_1536,0.1384750219065593,0.1453987729972148,,,,,,
IDRiD_58_2048_2048,,,0.0,0.0,,,,
IDRiD_58_2048_2560,0.5829506887485936,0.4364723467731996,,,,,,
IDRiD_58_2048_3072,0.5043855512543206,0.3434810533032308,,,0.5614925751927721,0.5240464344817805,,
IDRiD_58_512_1024,0.7554716280198264,0.8147158977043819,,,,,,
IDRiD_58_512_1536,0.6148867313694755,0.5477258167490245,0.0,0.0,0.5768962145534938,0.5815590852732817,,
IDRiD_58_512_2048,,,,,0.28030911900908617,0.21666825957931118,,
IDRiD_58_512_2560,0.8774931821780787,0.8861648126051823,0.0,0.0,0.3403185246990512,0.3605683835949257,,
IDRiD_58_512_3072,,,0.0,0.0,0.44631901837068105,0.53296703286942,,
IDRiD_58_512_512,0.7915133145645412,0.9139999999847667,,,,,,
IDRiD_59_0_1024,,,0.0,0.0,,,,
IDRiD_59_0_1536,0.47317240589780146,0.32695652173396117,0.0,0.0,0.0,0.0,0.7901024674888799,0.9735590533293309
IDRiD_59_0_2048,,,,,,,0.9387094528732098,0.9228110993228082
IDRiD_59_1024_1024,0.0,0.0,0.0,0.0,0.0,0.0,0.0,0.0
IDRiD_59_1024_1536,,,0.0,0.0,0.6658856108197553,0.6567502836226028,,
IDRiD_59_1024_2048,0.6043316477377699,0.5799304156641654,,,0.62481272328966,0.6340194129304524,,
IDRiD_59_1024_512,0.0,0.0,0.0,0.0,,,,
IDRiD_59_1536_0,,,0.0,0.0,,,,
IDRiD_59_1536_1024,0.0,0.0,,,0.410737838463723,0.6362980769077813,,
IDRiD_59_1536_1536,,,0.0,0.0,0.5997100848995671,0.7386498894620193,,
IDRiD_59_1536_2048,0.23069484735142015,0.15944242886844678,0.0,0.0,0.49681115554538086,0.7031823745194865,,
IDRiD_59_1536_2560,,,,,0.0,0.0,,
IDRiD_59_1536_3072,,,,,0.2927088876906488,0.2609108159145246,,
IDRiD_59_1536_512,0.832463076232452,0.7517851529134962,0.0,0.0,,,,
IDRiD_59_2048_1024,0.36022044087725175,0.22927295918001797,,,,,,
IDRiD_59_2048_1536,,,0.0,0.0,,,,
IDRiD_59_2048_2048,0.07279602930577178,0.1341463414517294,0.0,0.0,,,0.0,0.0
IDRiD_59_2048_2560,,,,,0.4095390965327959,0.3687796820076651,0.9304220303067047,0.9833242444218497
IDRiD_59_2048_3072,,,,,0.4419125127116794,0.3512857835945126,,
IDRiD_59_2048_512,,,0.0,0.0,,,,
IDRiD_59_512_1024,0.42259554246420855,0.41026640675230325,0.0,0.0,0.43340951588995,0.5050847457504822,0.9370127049993195,0.9343011506565289
IDRiD_59_512_1536,0.677697251466896,0.6650563607025849,0.0,0.0,0.49302815048553483,0.5703297919401819,0.0,0.0
IDRiD_59_512_512,0.0,0.0,0.0,0.0,,,0.48318901164382444,0.9832300400901296
IDRiD_60_0_1536,,,0.0,0.0,,,,
IDRiD_60_0_512,,,,,,,0.6779268090631243,0.6171239071264057
IDRiD_60_1024_0,,,,,0.15214994486901462,0.12511332728353974,,
IDRiD_60_1024_1024,,,,,0.5257196790815073,0.6409666282715208,,
IDRiD_60_1024_1536,0.0,0.0,0.0,0.0,0.59526827207226,0.7372460102839692,,
IDRiD_60_1024_2048,0.0,0.0,0.0,0.0,0.0,0.0,0.9259087393514941,0.9309486780425833
IDRiD_60_1024_2560,0.797525692850823,0.995743128180543,0.0,0.0,0.0,0.0,0.0,0.0
IDRiD_60_1024_3072,,,,,0.0,0.0,,
IDRiD_60_1536_1024,,,0.0,0.0,0.01357036232866001,0.7182320441195325,,
IDRiD_60_1536_1536,0.0,0.0,,,0.3506941522898553,0.562634989185674,,
IDRiD_60_1536_2048,,,0.0,0.0,0.25530642749610444,0.5663129972723723,,
IDRiD_60_1536_2560,0.39000757001680536,0.4453665283386803,0.0,0.0,0.3966276447191675,0.520727580364908,,
IDRiD_60_1536_3072,,,0.0,0.0,,,,
IDRiD_60_1536_512,,,,,0.7183288409219455,0.7392510401193827,,
IDRiD_60_2048_0,,,,,0.0,0.0,,
IDRiD_60_2048_1024,0.7133079847637526,0.6051612902835379,,,0.451483732567383,0.4189781021842206,,
IDRiD_60_2048_1536,,,0.0,0.0,,,,
IDRiD_60_2048_2048,,,0.0,0.0,0.30059899117039246,0.25920891667447044,0.0,0.0
IDRiD_60_2048_2560,0.47238786621551765,0.35368829728034556,0.0,0.0,0.47696879642501916,0.5408593091600312,0.7791336180576318,0.7694035164552259
IDRiD_60_2048_512,0.5940170939747851,0.5353016687374452,0.0,0.0,0.3873179091356197,0.3138888888452932,,
IDRiD_60_512_0,,,,,0.0,0.0,,
IDRiD_60_512_1024,,,0.0,0.0,,,,
IDRiD_60_512_1536,,,0.0,0.0,0.429967426703095,0.34976152622284684,,
IDRiD_60_512_2048,0.0,0.0,0.0,0.0,,,0.9420926022346003,0.9005737044194179
IDRiD_60_512_2560,0.0,0.0,,,0.0,0.0,0.9442341264374096,0.9671314340781647
IDRiD_60_512_3072,,,,,,,0.6959481899643312,0.6805781097648493
IDRiD_61_0_1024,0.7257765737593955,0.6215703176577089,,,,,,
IDRiD_61_0_1536,0.26059460638125825,0.15796430931853728,0.0,0.0,,,,
IDRiD_61_0_2048,0.7432530245024132,0.6724670221660355,0.0,0.0,,,,
IDRiD_61_0_2560,,,0.0,0.0,,,,
IDRiD_61_0_512,0.5223405528287128,0.35349183726239475,,,,,,
IDRiD_61_1024_0,0.437158169574173,0.2983904250917405,0.0,0.0,,,,
IDRiD_61_1024_1024,0.6735670762604057,0.6021345146987472,0.0,0.0,0.0,0.0,,
IDRiD_61_1024_1536,0.6229727470287969,0.48701638201039543,0.0,0.0,0.5483276270715989,0.5429415855307463,,
IDRiD_61_1024_2048,0.49048843185138874,0.3809904153050327,0.0,0.0,0.5067139899408062,0.5596498105245048,,
IDRiD_61_1024_2560,0.6234468190835504,0.5301389402476088,0.0,0.0,,,,
IDRiD_61_1024_3072,0.49689762149697786,0.40310402682872887,0.0,0.0,,,,
IDRiD_61_1536_0,0.0,0.0,,,,,,
IDRiD_61_1536_1024,0.4847545219575613,0.4508531602871701,,,0.0,0.0,,
IDRiD_61_1536_1536,0.0,0.0,0.0,0.0,0.016006053198284922,0.7872137403828994,,
IDRiD_61_1536_2048,0.0,0.0,0.0,0.0,0.49861654422050083,0.6208125445400235,,
IDRiD_61_1536_2560,0.0,0.0,0.0,0.0,,,,
IDRiD_61_1536_512,0.46203175895647897,0.315252118348676,0.0,0.0,,,,
IDRiD_61_2048_1024,0.8262166526798354,0.7710380319966496,,,,,,
IDRiD_61_2048_1536,0.6961668280171139,0.6281470149388746,,,,,,
IDRiD_61_2048_2048,0.5515350967176165,0.4307727808824794,,,,,,
IDRiD_61_2048_2560,0.637308653885533,0.7315476789776301,0.0,0.0,,,,
IDRiD_61_2048_512,0.662128301885793,0.5955037875686364,,,,,,
IDRiD_61_512_0,0.4354659004255235,0.3198105081798466,,,,,,
IDRiD_61_512_1024,0.2615661677942794,0.1554396496576405,,,0.0,0.0,,
IDRiD_61_512_1536,0.6054823320101662,0.4815743777703931,0.0,0.0,0.5334098078424603,0.6619217081379415,,
IDRiD_61_512_2048,0.5381838378221476,0.420979877168939,0.0,0.0,0.4832904884141282,0.36514983349804936,,
IDRiD_61_512_2560,0.5009758755629851,0.3634442607627924,0.0,0.0,,,,
IDRiD_61_512_3072,0.0,0.0,,,,,,
IDRiD_61_512_512,0.8269003487912516,0.9021889545798075,,,,,,
IDRiD_62_0_1024,0.9218095100314813,0.8574885721737702,0.0,0.0,0.0,0.0,,
IDRiD_62_0_1536,,,,,0.0,0.0,,
IDRiD_62_0_512,0.0,0.0,,,0.2822458270020563,0.43621013129116226,,
IDRiD_62_1024_0,,,0.0,0.0,,,,
IDRiD_62_1024_2048,,,0.0,0.0,,,,
IDRiD_62_1024_2560,,,,,0.0,0.0,,
IDRiD_62_1024_3072,0.6393173613285311,0.47075882067494546,0.0,0.0,,,,
IDRiD_62_1536_0,,,0.0,0.0,,,,
IDRiD_62_1536_1024,,,0.0,0.0,,,,
IDRiD_62_1536_2560,,,,,0.6903395665922477,0.7249397419435001,,
IDRiD_62_1536_3072,,,0.0,0.0,,,,
IDRiD_62_2048_2048,,,,,0.49925335987639574,0.7759154202997444,,
IDRiD_62_2048_2560,,,,,0.579012186826868,0.7374285981798978,,
IDRiD_62_2048_512,,,,,0.0,0.0,,
IDRiD_62_512_1536,,,0.0,0.0,0.5457317072754777,0.5457317072338824,,
IDRiD_62_512_512,,,,,0.0,0.0,,
IDRiD_63_0_1024,,,,,0.6221282322347195,0.5779603500521886,,
IDRiD_63_0_1536,,,,,0.39586466164669426,0.28321678320916577,,
IDRiD_63_0_2560,0.4363814660349012,0.5025409372951699,0.0,0.0,,,,
IDRiD_63_0_3072,,,0.0,0.0,,,,
IDRiD_63_1024_1024,,,,,0.750439058651647,0.7206948895139029,,
IDRiD_63_1024_1536,,,,,0.7336856978348753,0.7680508381640402,,
IDRiD_63_1024_3072,0.0,0.0,,,,,,
IDRiD_63_1024_3584,0.0,0.0,,,,,,
IDRiD_63_1024_512,0.0,0.0,,,,,,
IDRiD_63_1536_1536,,,0.0,0.0,0.5953377166588363,0.977428851719585,,
IDRiD_63_1536_2048,,,,,0.0,0.0,,
IDRiD_63_1536_2560,,,,,0.0,0.0,,
IDRiD_63_1536_3072,,,,,0.2743475493229043,0.20572792361786504,,
IDRiD_63_1536_512,0.0,0.0,,,,,,
IDRiD_63_2048_1536,,,,,0.0,0.0,,
IDRiD_63_2048_2048,,,,,0.2959749337118348,0.2133425990196893,,
IDRiD_63_512_1024,,,,,0.6463947468098336,0.5896963273554688,,
IDRiD_63_512_1536,,,,,0.696146290655518,0.6569537412579766,,
IDRiD_64_0_1024,,,0.0,0.0,0.0,0.0,0.8310517854512811,0.818177458029649
IDRiD_64_0_1536,0.5872323746970397,0.4272169945792186,0.0,0.0,0.4612760149962035,0.6008888888354765,,
IDRiD_64_0_2048,0.0,0.0,,,0.6946410179717112,0.7725391664146279,,
IDRiD_64_0_2560,,,,,0.5724637680863114,0.42245989301585485,,
IDRiD_64_0_3072,,,,,0.2111724984523528,0.3307692307056213,,
IDRiD_64_0_512,,,0.0,0.0,0.0,0.0,,
IDRiD_64_1024_1536,,,0.0,0.0,0.0,0.0,,
IDRiD_64_1024_2048,,,0.0,0.0,0.0,0.0,,
IDRiD_64_1024_2560,,,0.0,0.0,0.4863961263518192,0.44382495265680805,,
IDRiD_64_1024_3072,,,0.0,0.0,0.4214277503112837,0.5133015961771689,,
IDRiD_64_1536_0,,,0.0,0.0,,,,
IDRiD_64_1536_2048,0.0,0.0,0.0,0.0,0.0,0.0,,
IDRiD_64_1536_2560,0.0,0.0,,,0.2133451694006015,0.23500651889716406,,
IDRiD_64_1536_3072,,,0.0,0.0,0.7177914109989084,0.804676753671984,,
IDRiD_64_2048_1536,,,0.0,0.0,0.540106951864781,0.7499999999734795,,
IDRiD_64_2048_2560,0.527669270824745,0.3852186311695528,0.0,0.0,0.0,0.0,0.8269021410401992,0.9106774129027464
IDRiD_64_2048_3072,0.0,0.0,0.0,0.0,0.5836619717981035,0.9999999998069499,,
IDRiD_64_512_1024,,,0.0,0.0,,,,
IDRiD_64_512_1536,,,,,0.538534031410793,0.5564210754023973,,
IDRiD_64_512_2048,,,0.0,0.0,0.445193670738879,0.512843145904203,,
IDRiD_64_512_2560,,,0.0,0.0,0.5555281950212958,0.5335014977056046,,
IDRiD_64_512_3072,,,0.0,0.0,0.0,0.0,,
IDRiD_65_0_1024,,,0.0,0.0,0.0,0.0,,
IDRiD_65_0_1536,,,0.0,0.0,,,,
IDRiD_65_0_2048,0.7876334191833776,0.7451253481375261,0.0,0.0,0.0,0.0,,
IDRiD_65_0_2560,0.7064133016459284,0.699106723051288,0.0,0.0,0.0,0.0,,
IDRiD_65_0_3072,0.26994394134821165,0.20531321744160994,0.0,0.0,0.0,0.0,,
IDRiD_65_0_3584,0.16151103401598235,0.818359374920082,0.0,0.0,,,,
IDRiD_65_0_512,,,0.0,0.0,0.0,0.0,,
IDRiD_65_1024_1024,,,0.0,0.0,0.22629051619969118,0.16448516578688985,,
IDRiD_65_1024_1536,0.21696280842948734,0.49394038648889815,0.0,0.0,0.23117569351181136,0.37076271178585535,,
IDRiD_65_1024_2048,0.6252739225636075,0.6450640542415207,0.0,0.0,0.7594973487306372,0.7744802725753075,,
IDRiD_65_1024_2560,0.5591712805838215,0.7457837065198114,0.0,0.0,0.22462462461113364,0.16106804477510178,,
IDRiD_65_1024_3072,0.5562194459381798,0.5125125124868612,0.0,0.0,0.4501517627725858,0.441594136489162,,
IDRiD_65_1024_3584,0.5180835779841458,0.9244315648478727,0.0,0.0,,,,
IDRiD_65_1536_1024,,,0.0,0.0,0.5439659755391391,0.5014702999313572,,
IDRiD_65_1536_1536,,,0.0,0.0,0.3417108600336244,0.29381443297804066,,
IDRiD_65_1536_2048,0.0,0.0,0.0,0.0,0.46437552388156955,0.40040474124312214,,
IDRiD_65_1536_2560,,,0.0,0.0,0.0,0.0,,
IDRiD_65_1536_3072,0.48437964889960194,0.8156312624433235,0.0,0.0,0.31492063490063993,0.32333767922772655,,
IDRiD_65_1536_3584,0.11286937779982491,0.9999999998994975,0.0,0.0,,,,
IDRiD_65_1536_512,,,,,0.2585383767808102,0.16525821595468274,,
IDRiD_65_2048_1536,,,0.0,0.0,,,,
IDRiD_65_2048_2048,,,,,0.0,0.0,,
IDRiD_65_2048_2560,0.6255704346478225,0.9517414067618543,,,,,,
IDRiD_65_2048_3072,,,0.0,0.0,0.0,0.0,,
IDRiD_65_512_1024,,,0.0,0.0,,,,
IDRiD_65_512_1536,,,,,0.5982615515286696,0.5659000989049716,,
IDRiD_65_512_2048,0.0,0.0,,,0.5248957850826488,0.5198394495353229,,
IDRiD_65_512_2560,0.0,0.0,0.0,0.0,0.39979475149978155,0.4147528517047186,,
IDRiD_65_512_3072,,,0.0,0.0,0.0,0.0,,
IDRiD_65_512_3584,0.8612648221173663,0.9022774326748539,0.0,0.0,,,,
IDRiD_66_0_1024,,,0.0,0.0,0.5373647139574409,0.45478336724469953,,
IDRiD_66_0_1536,,,0.0,0.0,0.03912248628813304,0.020992740827526137,,
IDRiD_66_0_2048,,,0.0,0.0,0.0,0.0,,
IDRiD_66_0_2560,,,,,0.0,0.0,,
IDRiD_66_0_512,,,0.0,0.0,,,,
IDRiD_66_1024_0,,,,,0.23300370827462907,0.15275526741682516,,
IDRiD_66_1024_1024,,,0.0,0.0,0.8412550143847579,0.7838785638319847,,
IDRiD_66_1024_1536,0.23461091752412247,0.23165137612022346,0.0,0.0,0.7240657814960714,0.6891237995954399,,
IDRiD_66_1024_2048,,,0.0,0.0,0.7482354569354914,0.7180344197878169,,
IDRiD_66_1024_2560,,,,,0.4809104258428753,0.3454945054929868,,
IDRiD_66_1024_512,0.6521374685484176,0.5331201461611184,0.0,0.0,0.5829477858504112,0.5011363636282283,,
IDRiD_66_1536_1024,0.35566922420535946,0.4548626253617592,0.0,0.0,0.7624242343412556,0.7098953224135325,,
IDRiD_66_1536_1536,,,0.0,0.0,0.8456786792293663,0.8920225563332357,,
IDRiD_66_1536_2048,,,,,0.7379273693527565,0.7258154446600121,,
IDRiD_66_1536_2560,,,0.0,0.0,0.5004236091358254,0.5002823263410343,,
IDRiD_66_1536_512,,,,,0.6071410786300305,0.4512380176895842,,
IDRiD_66_2048_1024,,,,,0.712334932437924,0.6616124190072743,,
IDRiD_66_2048_1536,,,,,0.6111335487324612,0.5662342522105137,,
IDRiD_66_2048_512,,,,,0.6569767441621739,0.582849774301557,,
IDRiD_66_512_0,,,,,0.0,0.0,,
IDRiD_66_512_1024,0.25311663126672307,0.14580562795815838,0.0,0.0,0.6036571777090401,0.5169448964412363,,
IDRiD_66_512_1536,,,0.0,0.0,0.786107318687277,0.7298252352595258,,
IDRiD_66_512_2048,,,0.0,0.0,0.5693752715840833,0.43095683853593253,,
IDRiD_66_512_2560,,,,,0.0,0.0,,
IDRiD_66_512_512,,,,,0.3821939115592756,0.27502398464689237,,
IDRiD_67_0_1024,0.7926063561570234,0.7153062623886156,0.0,0.0,0.0,0.0,,
IDRiD_67_0_1536,0.28443673860343827,0.48445756915628757,0.0,0.0,0.0,0.0,0.553432918723733,0.9962148264462489
IDRiD_67_0_2048,0.5958433727170172,0.8606417032648677,0.0,0.0,,,,
IDRiD_67_0_512,,,0.0,0.0,,,,
IDRiD_67_1024_1024,0.6442471527188403,0.6816586013788627,0.0,0.0,,,,
IDRiD_67_1024_1536,0.2896147849553576,0.36767403687971734,,,0.2560344827531027,0.2010152284195934,,
IDRiD_67_1024_2048,0.0,0.0,0.0,0.0,,,,
IDRiD_67_1024_2560,,,0.0,0.0,0.0,0.0,,
IDRiD_67_1024_512,0.2706501342938642,0.16270016809624568,0.0,0.0,,,,
IDRiD_67_1536_1024,0.5956104944462941,0.5984790874448862,,,0.3185503099615554,0.36716746059482713,,
IDRiD_67_1536_1536,0.0,0.0,0.0,0.0,0.5851304105671695,0.7195799406383108,,
IDRiD_67_1536_2048,0.0,0.0,0.0,0.0,0.712041884797133,0.8795098706004417,,
IDRiD_67_1536_2560,0.42139929742080356,0.47744610281131933,,,0.0,0.0,,
IDRiD_67_1536_512,0.0,0.0,0.0,0.0,,,,
IDRiD_67_2048_1024,0.6017240888770613,0.5218356772735167,0.0,0.0,0.0,0.0,,
IDRiD_67_2048_1536,0.6620558072956217,0.6601888971892356,,,0.10546874999313353,0.09597156396967162,,
IDRiD_67_2048_2048,0.1844660194062824,0.1116005873633186,0.0,0.0,,,,
IDRiD_67_2048_2560,0.0,0.0,,,,,,
IDRiD_67_2048_512,0.651270619699944,0.6268451767829241,,,,,,
IDRiD_67_512_1024,0.7351080773572919,0.6284135999328685,0.0,0.0,0.1143934632234825,0.12603878114597802,,
IDRiD_67_512_1536,0.4481225018271231,0.5289739500195512,0.0,0.0,0.3130990414835305,0.3888888887345679,,
IDRiD_67_512_2048,0.5846105062858862,0.4525075676965351,0.0,0.0,,,,
IDRiD_67_512_2560,,,0.0,0.0,,,,
IDRiD_67_512_512,0.6240940254591175,0.6019270734819209,0.0,0.0,0.40218579230577206,0.3801652891776518,,
IDRiD_68_0_1536,,,0.0,0.0,,,,
IDRiD_68_0_2560,0.6660249358238631,0.8378503056067598,,,,,,
IDRiD_68_1024_0,0.7753948099349502,0.6525797295030012,,,,,,
IDRiD_68_1024_1536,0.0,0.0,0.0,0.0,,,,
IDRiD_68_1024_2048,0.0,0.0,0.0,0.0,0.0,0.0,,
IDRiD_68_1024_2560,0.0,0.0,,,0.5011642949482386,0.9241412213299551,,
IDRiD_68_1024_3072,0.6287646528375619,0.5961867305010585,0.0,0.0,,,,
IDRiD_68_1024_512,0.0,0.0,,,,,,
IDRiD_68_1536_0,0.6006114290170078,0.5237183868727018,,,,,,
IDRiD_68_1536_1536,0.1270266525006835,0.0850655778267442,,,,,,
IDRiD_68_1536_2048,0.0,0.0,,,,,,
IDRiD_68_1536_2560,0.6262691419495745,0.5459780457068878,,,0.0,0.0,,
IDRiD_68_1536_3072,0.08100502512556551,0.9922348484660561,,,,,,
IDRiD_68_1536_512,0.7266243612042269,0.6463682685550686,,,,,,
IDRiD_68_2048_0,0.0,0.0,,,,,,
IDRiD_68_2048_1536,,,0.0,0.0,0.45760233914783605,0.5807050091687004,,
IDRiD_68_2048_2048,0.6618764114132587,0.6744513331532674,0.0,0.0,0.0,0.0,,
IDRiD_68_2048_2560,,,,,0.5944055943363163,0.6028368792901094,0.7546378448121579,0.9941557751514496
IDRiD_68_2048_512,0.870949800567511,0.9285714285682821,,,,,,
IDRiD_68_512_1536,,,0.0,0.0,,,,
IDRiD_68_512_2048,0.48924140097185,0.42563366809847897,0.0,0.0,0.5854082943174984,0.5683829444845665,0.4739874831119241,0.9999999999883666
IDRiD_68_512_2560,0.5952061532931079,0.6522591394623908,0.0,0.0,0.7396664248919749,0.685483870875607,,
IDRiD_68_512_3072,0.08380887488265108,0.45054945053569756,0.0,0.0,,,,
IDRiD_69_0_1024,0.23451454912044614,0.1336452817791994,,,,,,
IDRiD_69_0_1536,0.8354553613525948,0.9237108547194259,,,,,,
IDRiD_69_0_2048,0.7423075478050032,0.635509810224281,0.0,0.0,0.818841420940275,0.9504783721806328,,
IDRiD_69_0_2560,0.0,0.0,0.0,0.0,0.2898852971543394,0.41246290788947687,,
IDRiD_69_0_3072,0.2381060986168038,0.7656204165219824,,,,,,
IDRiD_69_0_512,0.0,0.0,0.0,0.0,,,,
IDRiD_69_1024_1024,,,0.0,0.0,0.0,0.0,,
IDRiD_69_1024_1536,0.5333753545506879,0.46149650959357,0.0,0.0,0.37259350489160176,0.4424261083675735,,
IDRiD_69_1024_2048,0.5632941176404318,0.5239658568499899,0.0,0.0,0.5213828425073778,0.6939331969927978,,
IDRiD_69_1024_2560,0.4926833873540841,0.4951923076891751,0.0,0.0,0.42911348740205046,0.805177993475393,,
IDRiD_69_1024_3072,0.6950380969950746,0.5676988463701367,,,0.0,0.0,,
IDRiD_69_1536_0,0.26213592231737204,0.237885462534107,0.0,0.0,,,,
IDRiD_69_1536_1536,,,0.0,0.0,0.14628699050537342,0.2146368104743508,,
IDRiD_69_1536_2048,0.22411498535916877,0.12739238974107425,0.0,0.0,0.37944954128092245,0.7569546119781496,,
IDRiD_69_1536_2560,0.5821691643309351,0.6721407624436323,,,,,,
IDRiD_69_1536_3072,,,0.0,0.0,,,,
IDRiD_69_2048_1024,0.5990400538900299,0.538096918962543,,,,,,
IDRiD_69_2048_1536,0.5644759933984277,0.46568415593295515,,,0.0,0.0,,
IDRiD_69_2048_2048,0.5493184704912902,0.72356789691493,0.0,0.0,0.0,0.0,,
IDRiD_69_2048_2560,,,0.0,0.0,,,,
IDRiD_69_2048_3072,,,0.0,0.0,,,,
IDRiD_69_512_1024,0.23596256684097658,0.547286821663001,0.0,0.0,0.0,0.0,,
IDRiD_69_512_1536,0.6694643843106629,0.7261619549418744,0.0,0.0,0.24055944055523498,0.3667377398525193,,
IDRiD_69_512_2048,0.6866513673726174,0.8036034019650649,0.0,0.0,0.09619952493490501,0.13545150499407166,,
IDRiD_69_512_2560,0.6319456440357231,0.7439164915559959,0.0,0.0,0.0,0.0,,
IDRiD_69_512_3072,0.5135296855228141,0.8096436058530473,,,0.0,0.0,,
IDRiD_69_512_512,,,0.0,0.0,,,,
IDRiD_70_0_1536,0.7574080104118375,0.675900813625031,,,0.0,0.0,,
IDRiD_70_1024_1024,0.0,0.0,0.0,0.0,0.0,0.0,0.0,0.0
IDRiD_70_1024_1536,0.7613380684707532,0.87648014440275,0.0,0.0,0.0,0.0,,
IDRiD_70_1024_2048,0.6736079673984425,0.6070991431944697,0.0,0.0,0.0,0.0,,
IDRiD_70_1024_512,0.5764135702560125,0.5399515738171942,0.0,0.0,,,0.8615429830981292,0.7827085335854816
IDRiD_70_1536_0,,,0.0,0.0,,,,
IDRiD_70_1536_1024,0.0,0.0,,,0.0,0.0,,
IDRiD_70_1536_1536,0.7299818871510544,0.7597638187325904,0.0,0.0,,,,
IDRiD_70_1536_2048,0.7698036560335205,0.7687626774328085,0.0,0.0,0.0,0.0,,
IDRiD_70_1536_512,,,0.0,0.0,,,,
IDRiD_70_2048_512,,,0.0,0.0,,,,
IDRiD_70_512_0,0.7811487481360486,0.6408893184803824,,,,,,
IDRiD_70_512_1024,,,0.0,0.0,,,,
IDRiD_70_512_1536,0.7814938214297942,0.7856355465039799,0.0,0.0,0.0,0.0,,
IDRiD_70_512_2048,,,,,0.0,0.0,,
IDRiD_70_512_512,0.4623740692031329,0.5280112044712283,0.0,0.0,,,0.0,0.0
IDRiD_71_0_1024,0.0,0.0,0.0,0.0,0.0,0.0,,
IDRiD_71_0_1536,,,0.0,0.0,,,,
IDRiD_71_0_2048,,,0.0,0.0,0.0,0.0,,
IDRiD_71_0_2560,0.5175671455320208,0.39550146172426764,,,,,,
IDRiD_71_0_512,,,0.0,0.0,0.0,0.0,,
IDRiD_71_1024_0,0.47656249993794764,0.5512048191110829,0.0,0.0,0.0,0.0,,
IDRiD_71_1024_1024,0.0,0.0,0.0,0.0,0.6523372802997894,0.7406191237946153,0.0,0.0
IDRiD_71_1024_1536,,,0.0,0.0,0.602224576268908,0.6423210394589434,,
IDRiD_71_1024_2048,,,0.0,0.0,0.0,0.0,,
IDRiD_71_1024_512,,,0.0,0.0,0.4658006362659973,0.5449413808042619,0.0,0.0
IDRiD_71_1536_0,0.0,0.0,,,0.0,0.0,,
IDRiD_71_1536_1024,0.5094204382525629,0.41074966974561794,0.0,0.0,0.7629337125652291,0.8828407093770845,,
IDRiD_71_1536_1536,,,0.0,0.0,0.6155009636246602,0.7286011320276735,,
IDRiD_71_1536_2048,,,0.0,0.0,0.5095458199331313,0.7242216509465265,,
IDRiD_71_1536_2560,,,,,0.0,0.0,,
IDRiD_71_1536_3072,,,0.0,0.0,,,,
IDRiD_71_1536_512,0.0,0.0,0.0,0.0,0.7371919298857545,0.8950224951774738,,
IDRiD_71_2048_0,,,,,0.0,0.0,,
IDRiD_71_2048_1024,0.0,0.0,0.0,0.0,0.48677667269301883,0.5070041200676456,,
IDRiD_71_2048_1536,,,,,0.4050739633616729,0.4822080291926806,,
IDRiD_71_2048_2048,,,0.0,0.0,0.47172208349554595,0.5829363360699119,,
IDRiD_71_2048_3072,0.3090916818960807,0.9989010988736566,,,,,,
IDRiD_71_2048_512,0.14510636197549426,0.7010014305817358,0.0,0.0,0.5265848670666908,0.5788684900494991,,
IDRiD_71_512_0,,,,,0.0,0.0,,
IDRiD_71_512_1024,0.6041763341011213,0.4633451957229417,0.0,0.0,0.601696080675674,0.603272359586329,,
IDRiD_71_512_1536,0.0,0.0,0.0,0.0,0.5410470953834996,0.6568377060522772,,
IDRiD_71_512_2048,0.0,0.0,0.0,0.0,0.04756097560830607,0.07169117646399897,,
IDRiD_71_512_512,0.2451706084108578,0.3916931064207761,0.0,0.0,0.38807047948882095,0.44303380048733665,0.0,0.0
IDRiD_72_0_1024,,,0.0,0.0,,,,
IDRiD_72_0_1536,,,0.0,0.0,0.0,0.0,,
IDRiD_72_0_2048,0.0,0.0,0.0,0.0,0.21821036105893996,0.18821936356207045,,
IDRiD_72_0_2560,,,0.0,0.0,0.0,0.0,0.6090417969835937,0.4662603395704567
IDRiD_72_0_3072,,,0.0,0.0,0.0,0.0,,
IDRiD_72_0_512,,,0.0,0.0,,,,
IDRiD_72_1024_0,,,,,0.0,0.0,,
IDRiD_72_1024_2048,0.0,0.0,,,0.4537686908740701,0.547043134364508,,
IDRiD_72_1024_2560,0.5206611570158288,0.3625029968745504,,,0.8141453601912068,0.8475265553818055,,
IDRiD_72_1024_3072,0.0,0.0,0.0,0.0,0.5626740947027713,0.7059944926772719,,
IDRiD_72_1024_512,,,,,0.0,0.0,,
IDRiD_72_1536_1024,,,0.0,0.0,0.6914634146257138,0.7066301096533741,,
IDRiD_72_1536_1536,,,0.0,0.0,0.5583352817264827,0.8903803131327084,,
IDRiD_72_1536_2048,,,0.0,0.0,0.7609088561818722,0.7886004816655681,,
IDRiD_72_1536_2560,,,,,0.7051247952731706,0.6754995306405377,,
IDRiD_72_1536_3072,0.010355029585032911,0.005208333332945808,0.0,0.0,0.7450427212629036,0.7972456226077536,,
IDRiD_72_2048_1024,,,,,0.0,0.0,,
IDRiD_72_2048_1536,0.0,0.0,,,0.48146267139457943,0.7412040656183577,,
IDRiD_72_2048_2048,0.0,0.0,0.0,0.0,,,,
IDRiD_72_2048_2560,,,0.0,0.0,0.0,0.0,,
IDRiD_72_2048_3072,,,0.0,0.0,0.0,0.0,,
IDRiD_72_512_0,,,,,0.5329175329113777,0.558866279056229,,
IDRiD_72_512_1536,,,,,0.19319562575550434,0.21031746030818707,,
IDRiD_72_512_2048,0.0,0.0,0.0,0.0,0.5373504852162679,0.5840078489049301,,
IDRiD_72_512_2560,,,0.0,0.0,0.0,0.0,,
IDRiD_72_512_3072,,,,,0.3172242874714075,0.3749999999633789,,
IDRiD_72_512_512,,,0.0,0.0,0.404239212714238,0.47108410114740085,,
IDRiD_73_0_1024,,,0.0,0.0,,,,
IDRiD_73_0_1536,,,0.0,0.0,0.0,0.0,,
IDRiD_73_1024_1024,,,0.0,0.0,,,,
IDRiD_73_1024_1536,,,0.0,0.0,0.554410726879966,0.7317436661426325,,
IDRiD_73_1024_2048,,,0.0,0.0,0.4990298796857187,0.930535455726406,,
IDRiD_73_1024_2560,,,0.0,0.0,,,,
IDRiD_73_1536_1024,0.811689994810707,0.7302938432750665,0.0,0.0,0.5399046104756787,0.7063227952823359,0.8508319155660462,0.799967465563388
IDRiD_73_1536_1536,0.01903035795110873,0.010725229825805658,0.0,0.0,0.5584832904704857,0.85279685958265,,
IDRiD_73_1536_2048,,,0.0,0.0,0.0,0.0,,
IDRiD_73_1536_2560,,,0.0,0.0,,,,
IDRiD_73_1536_3072,0.0,0.0,,,,,,
IDRiD_73_1536_512,0.0,0.0,,,,,,
IDRiD_73_2048_1024,,,,,,,0.7005745184065466,0.7802032367037937
IDRiD_73_2048_1536,,,0.0,0.0,,,,
IDRiD_73_2048_2048,0.0,0.0,0.0,0.0,,,,
IDRiD_73_2048_2560,0.5792131844686442,0.4822930500114588,0.0,0.0,,,0.41906762704872413,0.7487042001653493
IDRiD_73_2048_3072,0.7385234561643911,0.8312570781309279,0.0,0.0,,,,
IDRiD_73_512_1024,,,0.0,0.0,,,,
IDRiD_73_512_1536,0.5571309424288102,0.9382022470592413,0.0,0.0,0.38617200674071095,0.5325581395171908,,
IDRiD_73_512_2048,0.0,0.0,0.0,0.0,0.0,0.0,,
IDRiD_73_512_2560,0.09302325580622729,0.05132905590730256,,,,,,
IDRiD_74_0_2048,0.0,0.0,0.0,0.0,0.0,0.0,,
IDRiD_74_0_2560,,,0.0,0.0,0.0,0.0,,
IDRiD_74_0_3072,,,0.0,0.0,,,,
IDRiD_74_0_512,,,0.0,0.0,,,,
IDRiD_74_1024_1024,,,0.0,0.0,,,,
IDRiD_74_1024_1536,,,0.0,0.0,,,0.32540742719453725,0.19777008010177774
IDRiD_74_1024_2048,0.0,0.0,0.0,0.0,0.1879382888936973,0.15952380948582764,0.3145827779174998,0.23675762438857315
IDRiD_74_1024_2560,0.6123390135503496,0.5796422487161451,0.0,0.0,0.4797716971589745,0.5933153414865411,,
IDRiD_74_1024_3072,0.43240782885425266,0.39110745162081645,0.0,0.0,0.45789602147354286,0.6621955523945572,,
IDRiD_74_1536_0,,,0.0,0.0,,,,
IDRiD_74_1536_1024,,,0.0,0.0,,,,
IDRiD_74_1536_2048,,,0.0,0.0,0.531958762883372,0.7086766844286851,,
IDRiD_74_1536_2560,0.45983451690364296,0.32070156306506087,0.0,0.0,0.0,0.0,,
IDRiD_74_1536_3072,0.4277348810673797,0.41162976261308964,0.0,0.0,0.0,0.0,,
IDRiD_74_2048_1536,0.4519990423640891,0.8339222614104308,0.0,0.0,,,,
IDRiD_74_2048_2048,0.3411959709273161,0.2622500979982139,0.0,0.0,,,,
IDRiD_74_2048_2560,0.7268777157024804,0.6203226583162998,0.0,0.0,0.39862542950760305,0.3339731285347461,,
IDRiD_74_2048_3072,0.7728055077286402,0.656672760487873,0.0,0.0,,,,
IDRiD_74_2048_512,,,0.0,0.0,,,,
IDRiD_74_512_1024,,,0.0,0.0,,,,
IDRiD_74_512_1536,,,0.0,0.0,,,,
IDRiD_74_512_2048,0.0,0.0,0.0,0.0,0.0,0.0,,
IDRiD_74_512_2560,0.6804436439408432,0.6225498698937979,0.0,0.0,0.29136316336896145,0.2571953459850399,,
IDRiD_74_512_3072,,,0.0,0.0,,,,
IDRiD_74_512_512,,,0.0,0.0,,,,
IDRiD_75_0_1024,0.4555441125947859,0.3742244782801153,0.0,0.0,,,,
IDRiD_75_0_1536,0.7807127573202216,0.7032433869420228,0.0,0.0,0.40554298641387043,0.395259095898828,,
IDRiD_75_0_2048,0.7819223699831264,0.6769845232109524,,,0.3923611110974875,0.24533217541270813,,
IDRiD_75_0_2560,0.26223199559837507,0.15090161341108982,0.0,0.0,,,,
IDRiD_75_0_512,0.4859176725321598,0.6585570469246177,0.0,0.0,,,,
IDRiD_75_1024_0,,,0.0,0.0,0.0,0.0,,
IDRiD_75_1024_1024,0.580806555960402,0.8991720085350003,0.0,0.0,0.0,0.0,,
IDRiD_75_1024_1536,0.0,0.0,0.0,0.0,0.0,0.0,,
IDRiD_75_1024_2048,,,0.0,0.0,0.007125890735495737,0.0035756853392639233,,
IDRiD_75_1024_512,0.0,0.0,0.0,0.0,,,,
IDRiD_75_1536_0,,,0.0,0.0,,,,
IDRiD_75_1536_1024,0.5834803528374742,0.6029168047529693,0.0,0.0,0.2501250625187531,0.1707650273107401,,
IDRiD_75_1536_1536,,,0.0,0.0,0.0,0.0,,
IDRiD_75_1536_2048,,,0.0,0.0,0.0,0.0,,
IDRiD_75_1536_2560,0.12720848056465753,0.5851393188552559,0.0,0.0,,,,
IDRiD_75_1536_3072,0.24371520161867843,0.6167805294488306,,,,,,
IDRiD_75_1536_512,,,0.0,0.0,,,,
IDRiD_75_2048_1024,0.6628395860231012,0.6908815101855574,0.0,0.0,0.0,0.0,0.8557766970417435,0.8151031529714666
IDRiD_75_2048_1536,0.34844160291872994,0.4858325373930012,0.0,0.0,,,,
IDRiD_75_2048_2048,0.36773428231412414,0.8093994777011229,0.0,0.0,,,,
IDRiD_75_2048_2560,0.5646023263036057,0.6028868747699602,0.0,0.0,,,,
IDRiD_75_2048_3072,0.8038863362158227,0.7920333839130196,0.0,0.0,,,,
IDRiD_75_2048_512,0.5846887417187566,0.8854300384967037,0.0,0.0,0.0,0.0,0.0,0.0
IDRiD_75_512_0,,,0.0,0.0,,,,
IDRiD_75_512_1024,0.47844192452765427,0.7189064304828859,0.0,0.0,0.514041909696943,0.6178914567564543,,
IDRiD_75_512_1536,,,0.0,0.0,0.13822894167471353,0.10147991542267655,,
IDRiD_75_512_2048,0.7997784547106096,0.7516918271537821,0.0,0.0,0.44973436861003535,0.8407181053918749,,
IDRiD_75_512_2560,0.7414518566904634,0.7223593090764756,,,,,,
IDRiD_75_512_512,,,0.0,0.0,,,,
IDRiD_76_0_1024,0.0,0.0,0.0,0.0,,,,
IDRiD_76_0_1536,0.46331452026442627,0.3320585423230708,0.0,0.0,,,,
IDRiD_76_0_2560,0.0,0.0,0.0,0.0,,,,
IDRiD_76_0_512,0.21322941646469593,0.6121629374290211,,,,,,
IDRiD_76_1024_0,,,0.0,0.0,,,,
IDRiD_76_1024_1024,0.4142102736398059,0.4020503261807633,0.0,0.0,0.5474043550963821,0.7582632785596185,,
IDRiD_76_1024_1536,,,0.0,0.0,0.763615220616554,0.7562380038290949,,
IDRiD_76_1024_2048,0.0,0.0,0.0,0.0,0.4265978050299987,0.5497504159550832,,
IDRiD_76_1024_3072,,,0.0,0.0,,,,
IDRiD_76_1024_3584,,,0.0,0.0,,,,
IDRiD_76_1024_512,0.3071143460870261,0.2567726737287638,0.0,0.0,0.33315261588054823,0.3979922279663863,,
IDRiD_76_1536_0,,,0.0,0.0,,,,
IDRiD_76_1536_1024,,,0.0,0.0,0.7819581765649577,0.8010217800412205,,
IDRiD_76_1536_1536,,,0.0,0.0,,,,
IDRiD_76_1536_2048,0.6240448293269474,0.4581151832289411,0.0,0.0,,,,
IDRiD_76_1536_2560,0.8447181065918344,0.8368280594579331,0.0,0.0,,,,
IDRiD_76_1536_3072,,,,,0.0,0.0,,
IDRiD_76_1536_512,0.4062937953853593,0.3042938931268674,0.0,0.0,0.002586067560973233,0.0014010507880665316,,
IDRiD_76_2048_1024,,,0.0,0.0,,,,
IDRiD_76_2048_1536,,,0.0,0.0,,,,
IDRiD_76_2048_2560,,,0.0,0.0,0.0,0.0,,
IDRiD_76_2048_3072,,,0.0,0.0,,,,
IDRiD_76_2048_512,0.46104589113886707,0.4014403531141661,0.0,0.0,,,,
IDRiD_76_512_0,0.5757952727816635,0.6724782066968669,0.0,0.0,,,,
IDRiD_76_512_1024,0.49135399673415103,0.5341183146469837,0.0,0.0,0.0,0.0,,
IDRiD_76_512_1536,0.6779097994036296,0.6832346123954871,0.0,0.0,,,,
IDRiD_76_512_2048,,,0.0,0.0,,,,
IDRiD_76_512_3072,,,0.0,0.0,,,,
IDRiD_76_512_512,0.6007271371250048,0.6688810462804883,0.0,0.0,0.31101511877370325,0.37451235365741065,,
IDRiD_77_0_1024,,,0.0,0.0,0.0,0.0,,
IDRiD_77_0_1536,0.0,0.0,0.0,0.0,0.0,0.0,,
IDRiD_77_0_2048,0.30745981590455473,0.20147641339212322,,,0.0,0.0,,
IDRiD_77_0_2560,0.650413582932084,0.7345132743307274,0.0,0.0,0.0,0.0,,
IDRiD_77_0_3072,,,0.0,0.0,0.0,0.0,,
IDRiD_77_0_512,,,0.0,0.0,,,,
IDRiD_77_1024_0,,,0.0,0.0,,,,
IDRiD_77_1024_1024,,,0.0,0.0,0.0,0.0,,
IDRiD_77_1024_1536,0.0,0.0,0.0,0.0,0.7189347005608513,0.7544086878511785,,
IDRiD_77_1024_2048,0.002496878901061563,0.0014326647562417387,,,0.2641577709378658,0.173232083526976,,
IDRiD_77_1024_2560,,,,,0.0,0.0,,
IDRiD_77_1024_3072,0.19787386099607882,0.8920660490981851,0.0,0.0,0.0,0.0,,
IDRiD_77_1024_3584,,,,,0.0,0.0,,
IDRiD_77_1024_512,,,0.0,0.0,,,,
IDRiD_77_1536_1024,0.05767441860196863,0.029693486588616213,0.0,0.0,0.0,0.0,,
IDRiD_77_1536_1536,,,,,0.22822580644241025,0.19070080861248645,,
IDRiD_77_1536_2048,,,0.0,0.0,0.0,0.0,,
IDRiD_77_1536_512,0.781654253228919,0.8607194244480472,0.0,0.0,0.3082259662981793,0.22733918128101027,,
IDRiD_77_2048_0,,,0.0,0.0,,,,
IDRiD_77_2048_1024,0.0,0.0,0.0,0.0,0.06478247062490967,0.03720364741596105,,
IDRiD_77_2048_1536,,,0.0,0.0,0.44735365624747797,0.33538979247517137,,
IDRiD_77_2048_2048,,,0.0,0.0,0.32147395170516285,0.2336103416327973,,
IDRiD_77_2048_512,,,0.0,0.0,0.0,0.0,,
IDRiD_77_512_1024,,,0.0,0.0,0.0,0.0,,
IDRiD_77_512_1536,0.05526116578140571,0.028460038985245226,0.0,0.0,0.34357926345938367,0.24392988274165622,,
IDRiD_77_512_2048,,,,,0.21885591754707853,0.13817800681161518,,
IDRiD_77_512_2560,0.0,0.0,,,0.15780705739576242,0.08996719046641397,,
IDRiD_77_512_3072,,,0.0,0.0,0.0,0.0,,
IDRiD_77_512_512,0.0,0.0,0.0,0.0,,,,
IDRiD_78_0_1024,,,0.0,0.0,,,,
IDRiD_78_0_1536,,,0.0,0.0,,,,
IDRiD_78_0_2048,0.0,0.0,0.0,0.0,0.0,0.0,,
IDRiD_78_0_2560,0.6929789765828446,0.5445760598333985,0.0,0.0,0.33023548319243773,0.2697796552087021,,
IDRiD_78_0_3072,,,0.0,0.0,0.0,0.0,,
IDRiD_78_0_512,0.4684831232017697,0.39533287574500114,,,,,,
IDRiD_78_1024_0,,,0.0,0.0,,,,
IDRiD_78_1024_1024,,,,,0.25214198283327516,0.18165784829247658,,
IDRiD_78_1024_1536,,,,,0.0,0.0,,
IDRiD_78_1024_2048,0.7014460918896185,0.5650084043509038,0.0,0.0,0.479868370107628,0.443153378612028,,
IDRiD_78_1024_2560,0.5163416154553714,0.3582550667281481,0.0,0.0,0.5232739643765328,0.5582884960239278,,
IDRiD_78_1024_3072,,,0.0,0.0,,,,
IDRiD_78_1024_512,,,0.0,0.0,,,,
IDRiD_78_1536_1536,,,0.0,0.0,,,,
IDRiD_78_1536_2048,0.060723514210578734,0.03231721292614446,0.0,0.0,0.48020935556165495,0.4392579293573155,,
IDRiD_78_1536_2560,0.0,0.0,0.0,0.0,0.5467386788306299,0.3832265579275931,,
IDRiD_78_1536_3072,,,0.0,0.0,0.0,0.0,,
IDRiD_78_2048_1024,,,0.0,0.0,,,,
IDRiD_78_2048_2048,,,0.0,0.0,,,,
IDRiD_78_2048_2560,0.0,0.0,0.0,0.0,,,,
IDRiD_78_2048_3072,0.0,0.0,,,0.0,0.0,,
IDRiD_78_2048_512,,,0.0,0.0,0.0,0.0,,
IDRiD_78_512_0,,,0.0,0.0,,,,
IDRiD_78_512_1536,,,0.0,0.0,,,,
IDRiD_78_512_2048,,,0.0,0.0,0.6750033056901812,0.7165717494155909,,
IDRiD_78_512_2560,0.04959201457617371,0.025496904528954895,0.0,0.0,0.5950231415339194,0.5886825517945994,,
IDRiD_78_512_3072,,,,,0.06297083252727505,0.07429352779971315,,
IDRiD_78_512_512,,,0.0,0.0,0.0,0.0,,
IDRiD_79_0_1024,,,0.0,0.0,0.0,0.0,,
IDRiD_79_0_1536,0.45300192542925777,0.57383592016466,0.0,0.0,0.0,0.0,,
IDRiD_79_0_2048,0.6285434036230647,0.4772828839493925,0.0,0.0,,,,
IDRiD_79_0_2560,0.4230589554310798,0.28385155466221257,0.0,0.0,0.3720642768620479,0.45884146334468884,,
IDRiD_79_0_512,0.7213409543335602,0.9573815206110232,0.0,0.0,,,,
IDRiD_79_1024_0,0.8123700951010117,0.7477101449188671,,,,,,
IDRiD_79_1024_1024,0.0,0.0,0.0,0.0,0.5042886510207394,0.48394557822470824,,
IDRiD_79_1024_1536,0.5410404623651976,0.4457142856293878,,,0.5745635910188618,0.5747069094465614,,
IDRiD_79_1024_2048,,,0.0,0.0,0.5887964278435721,0.7317442300323906,,
IDRiD_79_1024_2560,0.0,0.0,0.0,0.0,0.6927379712795294,0.8096909317286896,,
IDRiD_79_1024_3072,,,,,0.6790075968810511,0.7013309495361408,,
IDRiD_79_1536_0,,,,,0.33572955118834796,0.46753246750716815,,
IDRiD_79_1536_1024,0.0,0.0,0.0,0.0,0.4356792987771158,0.35504201679180497,,
IDRiD_79_1536_1536,0.32414256890893456,0.19341894059442866,0.0,0.0,0.6407641306428271,0.7563080735050328,,
IDRiD_79_1536_2048,,,0.0,0.0,0.6340332587392846,0.7326272761032682,,
IDRiD_79_1536_2560,0.0,0.0,0.0,0.0,0.9145935667866985,0.895939401462511,,
IDRiD_79_1536_3072,0.7885978545135188,0.7469481545257292,0.0,0.0,0.6332600062842709,0.629126103367215,,
IDRiD_79_1536_512,,,,,0.0,0.0,,
IDRiD_79_2048_1024,0.0,0.0,0.0,0.0,0.5252843788655784,0.546904315184172,,
IDRiD_79_2048_1536,,,0.0,0.0,0.5441812313484435,0.5610950646705947,,
IDRiD_79_2048_2048,0.0,0.0,0.0,0.0,0.5342245483477812,0.5209370964734616,,
IDRiD_79_2048_2560,0.5036980639520138,0.34645021320904873,,,0.7731255119002812,0.9052776378484417,,
IDRiD_79_2048_3072,0.0,0.0,0.0,0.0,0.539591800274487,0.5006630200522073,,
IDRiD_79_2048_512,0.0,0.0,0.0,0.0,0.5177151120377647,0.6556776555575682,,
IDRiD_79_512_0,0.7488624431156032,0.805838041416086,,,0.0,0.0,,
IDRiD_79_512_1024,0.0,0.0,0.0,0.0,0.5235982250865381,0.702685145069236,,
IDRiD_79_512_1536,,,0.0,0.0,0.36553958627261324,0.4833040421686445,,
IDRiD_79_512_2048,0.0,0.0,0.0,0.0,0.43641734926230136,0.626929012321492,,
IDRiD_79_512_2560,0.496952104484849,0.3313975996774527,0.0,0.0,0.5671162491961623,0.6554497092636585,,
IDRiD_79_512_3072,0.6194781709992385,0.6938657407005865,0.0,0.0,0.7081339712849513,0.7797849462197896,,
IDRiD_79_512_512,,,0.0,0.0,0.0,0.0,,
IDRiD_80_0_2048,0.8318937733633108,0.7491728101192943,,,,,,
IDRiD_80_0_2560,,,0.0,0.0,0.0,0.0,,
IDRiD_80_0_3072,,,,,0.0,0.0,,
IDRiD_80_1024_2048,,,,,0.2150012215925971,0.14965986394048778,,
IDRiD_80_1024_2560,,,,,0.0,0.0,,
IDRiD_80_1536_1536,,,0.0,0.0,,,,
IDRiD_80_1536_2048,,,,,0.0,0.0,,
IDRiD_80_1536_2560,,,,,0.0,0.0,,
IDRiD_80_1536_3072,,,,,0.0,0.0,,
IDRiD_80_2048_1536,,,,,0.0,0.0,,
IDRiD_80_2048_2048,,,0.0,0.0,,,,
IDRiD_80_2048_3072,,,0.0,0.0,0.0,0.0,,
IDRiD_80_512_2560,,,,,0.0,0.0,,
