image,dice_hemorrhages,recall_hemorrhages,dice_microaneurysms,recall_microaneurysms,dice_hard_exudates,recall_hard_exudates,dice_soft_exudates,recall_soft_exudates
IDRiD_01_0_1024,0.6962746054929536,0.9848136216984626,,,,,,
IDRiD_01_0_2048,0.0,0.0,,,,,,
IDRiD_01_0_2560,0.6712962962790304,0.8596837944097705,0.0,0.0,,,,
IDRiD_01_1024_1024,,,,,0.44449632309507997,0.6023410313001474,,
IDRiD_01_1024_1536,,,,,0.32860824741738714,0.3611898016869267,,
IDRiD_01_1024_2048,,,0.0,0.0,0.24928699693409434,0.3771172898569154,,
IDRiD_01_1024_2560,0.2552594670227728,0.17516843116697126,0.0,0.0,0.576640934053168,0.737571232061922,,
IDRiD_01_1024_512,0.6836461125822079,0.9107142856492346,,,0.0,0.0,,
IDRiD_01_1536_1024,0.8312426242369367,0.9373090192120521,0.0,0.0,0.46762066455329565,0.38839645445655135,,
IDRiD_01_1536_1536,,,,,0.011892963328851045,0.009244992294415257,,
IDRiD_01_1536_2048,,,0.0,0.0,0.6132632685220951,0.8033482019890779,,
IDRiD_01_1536_2560,,,,,0.0,0.0,,
IDRiD_01_1536_512,0.0,0.0,0.0,0.0,0.0,0.0,,
IDRiD_01_2048_1024,0.884022424663262,0.9994058229253375,0.0,0.0,0.653755242084226,0.8085628064728676,,
IDRiD_01_2048_1536,,,,,0.7164662024320263,0.8297941671599968,,
IDRiD_01_2048_2048,,,0.0,0.0,0.6536171461399743,0.7914372002108384,,
IDRiD_01_2048_3072,,,0.0,0.0,,,,
IDRiD_01_512_1024,,,0.0,0.0,0.09606756399852026,0.05394190871209419,,
IDRiD_01_512_1536,0.0,0.0,,,0.4814641013570979,0.6997044782746146,,
IDRiD_01_512_2048,0.0,0.0,0.0,0.0,0.38953687821278266,0.382258878970169,,
IDRiD_01_512_2560,0.0,0.0,,,,,,
IDRiD_02_0_1536,,,,,0.2558267977437774,0.20444915253876325,,
IDRiD_02_0_2048,0.0,0.0,,,0.0,0.0,,
IDRiD_02_0_2560,,,,,0.0,0.0,,
IDRiD_02_0_3072,,,,,0.0,0.0,,
IDRiD_02_1024_1024,,,,,0.0,0.0,,
IDRiD_02_1024_1536,,,,,0.0,0.0,,
IDRiD_02_1024_2048,0.0,0.0,0.0,0.0,0.36661601909738856,0.28714722882884824,,
IDRiD_02_1024_2560,0.0,0.0,0.0,0.0,0.574995480193186,0.5065893162527974,,
IDRiD_02_1024_3072,0.0,0.0,0.0,0.0,0.5931273990075568,0.5788440956015191,,
IDRiD_02_1024_512,,,,,0.0,0.0,,
IDRiD_02_1536_1024,,,0.0,0.0,,,,
IDRiD_02_1536_1536,0.0,0.0,0.0,0.0,0.0,0.0,,
IDRiD_02_1536_2048,0.0,0.0,0.0,0.0,0.4468965517185342,0.7336352408096487,,
IDRiD_02_1536_2560,0.0,0.0,0.0,0.0,0.5859039592928409,0.5488772204202551,,
IDRiD_02_1536_3072,0.25361766945442465,0.3145961265793767,0.0,0.0,0.19662058371304322,0.10913520097176285,,
IDRiD_02_2048_1024,,,,,0.4250391236173697,0.6643835615788275,,
IDRiD_02_2048_1536,0.0,0.0,0.0,0.0,0.0,0.0,,
IDRiD_02_2048_2048,0.0,0.0,0.0,0.0,,,,
IDRiD_02_2048_2560,,,,,0.0,0.0,,
IDRiD_02_2048_3072,,,0.0,0.0,0.0,0.0,,
IDRiD_02_2048_512,,,,,0.43964935937696226,0.5611015489567812,,
IDRiD_02_512_1024,,,0.0,0.0,0.0,0.0,,
IDRiD_02_512_1536,,,0.0,0.0,0.6276660572794129,0.6374325877408059,,
IDRiD_02_512_2048,0.6346985499792076,0.5780815569838258,0.0,0.0,0.5990401806690551,0.7602101743400977,,
IDRiD_02_512_2560,,,0.0,0.0,0.0,0.0,,
IDRiD_02_512_3072,,,,,0.0,0.0,,
IDRiD_03_0_1024,0.0,0.0,,,0.09662122109968521,0.050763002178425325,,
IDRiD_03_0_1536,0.0889270386250828,0.04656598345835013,0.0,0.0,0.3208076275879453,0.39962738703308676,,
IDRiD_03_0_2048,0.3122326774887839,0.24513096035962853,0.0,0.0,0.2639425731494234,0.2208872458206204,,
IDRiD_03_0_2560,0.6358651392566483,0.7072890875010128,0.0,0.0,0.0,0.0,,
IDRiD_03_0_512,,,,,0.0,0.0,,
IDRiD_03_1024_0,0.0,0.0,,,,,,
IDRiD_03_1024_1024,0.24650880387836951,0.21112844512682638,0.0,0.0,0.5675637493799266,0.460537628242904,,
IDRiD_03_1024_1536,0.7276288407304734,0.7585502807361268,0.0,0.0,0.7542238751270833,0.8176900189328886,,
IDRiD_03_1024_2048,0.0,0.0,0.0,0.0,0.5606950160026325,0.5989371678626174,,
IDRiD_03_1024_2560,0.0,0.0,0.0,0.0,0.61816702819789,0.6344409194599296,,
IDRiD_03_1024_3072,0.48959785245733517,0.4511464180339535,0.0,0.0,0.0,0.0,,
IDRiD_03_1536_1024,0.0,0.0,0.0,0.0,0.41307133703104365,0.33687510886018335,,
IDRiD_03_1536_1536,0.0,0.0,0.0,0.0,0.6724998618441386,0.6434034753775214,,
IDRiD_03_1536_2048,0.48730311795283504,0.3704789833641017,0.0,0.0,0.7409384508614558,0.7120017782933297,,
IDRiD_03_1536_2560,0.5048136701108217,0.4100063477384153,0.0,0.0,0.6928976903395309,0.6780307848845438,,
IDRiD_03_1536_3072,,,0.0,0.0,0.0,0.0,,
IDRiD_03_2048_0,,,0.0,0.0,,,,
IDRiD_03_2048_1024,0.720651719814509,0.7677661836666447,0.0,0.0,0.0,0.0,,
IDRiD_03_2048_1536,0.3993347939698563,0.266676068254595,,,0.5851109520379917,0.6329564813331814,,
IDRiD_03_2048_2048,,,0.0,0.0,0.6037881716247744,0.6064710957669847,,
IDRiD_03_2048_2560,0.0,0.0,0.0,0.0,0.20718654433854766,0.1604499703919346,,
IDRiD_03_2048_3072,0.5082508250800415,0.9958158995626509,,,,,,
IDRiD_03_512_0,0.0,0.0,0.0,0.0,0.0,0.0,,
IDRiD_03_512_1024,,,0.0,0.0,0.5499799277177848,0.41240216734422624,,
IDRiD_03_512_1536,0.4059224318605094,0.6276337114818625,0.0,0.0,0.3515908605575935,0.37441728254264445,,
IDRiD_03_512_2048,0.0,0.0,0.0,0.0,0.4205658750652828,0.49465339232126376,,
IDRiD_03_512_2560,0.7489914836312305,0.7597181177367648,0.0,0.0,0.39575566389162775,0.4336895034501306,,
IDRiD_03_512_3072,0.0,0.0,0.0,0.0,0.2173435784792167,0.2083114150337553,,
IDRiD_03_512_512,0.38705061705621446,0.5836030204647463,0.0,0.0,0.0,0.0,,
IDRiD_04_0_1024,,,,,0.16118935836615067,0.18659420288164907,,
IDRiD_04_1024_0,,,,,0.27734711453252825,0.7285067870006757,,
IDRiD_04_1024_1024,0.8438113948815839,0.9216738197177663,0.0,0.0,0.0,0.0,,
IDRiD_04_1024_2560,,,,,0.23823910227715844,0.644859812933444,,
IDRiD_04_1024_3072,,,,,0.0,0.0,,
IDRiD_04_1024_3584,,,,,0.0,0.0,,
IDRiD_04_1536_1024,0.838473078839486,0.7432033096816902,,,,,,
IDRiD_04_1536_2560,,,0.0,0.0,,,,
IDRiD_04_1536_512,0.7959712230170015,0.715912620346662,0.0,0.0,0.0,0.0,,
IDRiD_04_2048_512,0.798838763454393,0.742803688358298,,,,,,
IDRiD_04_512_1024,,,,,0.0,0.0,,
IDRiD_04_512_1536,,,,,0.0,0.0,,
IDRiD_04_512_2560,,,,,0.0,0.0,,
IDRiD_04_512_3072,0.0,0.0,,,0.46039603949000096,0.7439999994048,,
IDRiD_04_512_3584,,,,,0.0,0.0,,
IDRiD_04_512_512,,,,,0.0,0.0,,
IDRiD_05_0_512,0.4115310698217613,0.9999999999377335,0.0,0.0,,,,
IDRiD_05_1024_1024,,,,,0.40487983855801796,0.4085523879968798,,
IDRiD_05_1024_1536,,,0.0,0.0,0.5347627305607006,0.7300904003129536,,
IDRiD_05_1024_2048,0.0,0.0,0.0,0.0,,,,
IDRiD_05_1024_512,,,0.0,0.0,,,,
IDRiD_05_1536_1024,0.0,0.0,0.0,0.0,0.0,0.0,,
IDRiD_05_1536_1536,,,,,0.0,0.0,,
IDRiD_05_1536_512,0.0,0.0,0.0,0.0,,,,
IDRiD_05_2048_1024,,,0.0,0.0,,,,
IDRiD_05_2048_1536,,,0.0,0.0,,,,
IDRiD_05_2048_512,0.7518321119128609,0.8213245996789912,,,,,,
IDRiD_05_512_1536,,,0.0,0.0,,,,
IDRiD_06_0_1536,0.5464882943052427,0.44138303618472763,0.0,0.0,,,,
IDRiD_06_0_2048,0.6579384661833025,0.782582654518656,0.0,0.0,,,,
IDRiD_06_0_2560,0.7682053813809906,0.7151830856332897,,,0.0,0.0,,
IDRiD_06_0_3072,,,0.0,0.0,,,,
IDRiD_06_0_512,,,0.0,0.0,0.0,0.0,,
IDRiD_06_1024_1024,,,0.0,0.0,0.7850950221003324,0.7034674349140501,,
IDRiD_06_1024_1536,,,,,0.10122194297511723,0.05438629167392078,,
IDRiD_06_1024_512,0.0,0.0,0.0,0.0,,,,
IDRiD_06_1536_0,,,,,0.0,0.0,,
IDRiD_06_1536_1024,0.46511627905861624,0.7803700723426894,,,,,,
IDRiD_06_1536_512,,,0.0,0.0,0.0,0.0,,
IDRiD_06_2048_512,,,0.0,0.0,,,,
IDRiD_06_512_0,,,0.0,0.0,,,,
IDRiD_06_512_1024,0.23599405055845343,0.14529914529027477,0.0,0.0,0.5696951613691141,0.5210114607944287,,
IDRiD_06_512_1536,0.0,0.0,,,0.5153374233105924,0.5449929478086977,,
IDRiD_06_512_2048,0.9076071116028095,0.890732265395267,0.0,0.0,0.0,0.0,,
IDRiD_06_512_3072,,,0.0,0.0,,,,
IDRiD_06_512_512,0.0,0.0,0.0,0.0,0.16300181561099453,0.129695024072883,,
IDRiD_07_0_1024,,,0.0,0.0,0.2705461970254953,0.9706959703404043,,
IDRiD_07_0_1536,0.7891231964337935,0.8865336657985647,,,0.0,0.0,,
IDRiD_07_0_2048,0.6075816993305208,0.8223637649807244,0.0,0.0,0.0,0.0,,
IDRiD_07_0_512,0.6309178743808957,0.9999999999234302,,,,,,
IDRiD_07_1024_0,,,,,0.0,0.0,,
IDRiD_07_1024_1024,,,0.0,0.0,0.22638735758634831,0.22575128267222694,,
IDRiD_07_1024_1536,,,,,0.17458662296775532,0.12177888611550751,,
IDRiD_07_1024_2048,0.0,0.0,,,0.28325358850319365,0.7115384613674186,,
IDRiD_07_1024_2560,,,0.0,0.0,,,,
IDRiD_07_1024_512,,,0.0,0.0,0.5012724085251299,0.7342611000541044,,
IDRiD_07_1536_0,,,0.0,0.0,0.4923641987193856,0.6826588045917272,,
IDRiD_07_1536_1024,,,,,0.44886123361188646,0.5661383724431107,,
IDRiD_07_1536_1536,,,0.0,0.0,0.715902253898371,0.8790418821365032,,
IDRiD_07_1536_2048,0.7383361438906924,0.7790628706767775,,,0.6221191110870617,0.7810158062510957,,
IDRiD_07_1536_2560,,,0.0,0.0,0.5465207997512037,0.6214319138931412,,
IDRiD_07_1536_512,0.5840651782818319,0.6378553270016674,0.0,0.0,0.37748917748100674,0.3924392439067309,,
IDRiD_07_2048_0,,,,,0.0,0.0,,
IDRiD_07_2048_1024,,,,,0.42411038488699876,0.5739557739275697,,
IDRiD_07_2048_1536,,,,,0.4897946749512892,0.6614827614526332,,
IDRiD_07_2048_2048,0.39970736325515466,0.7774987443365562,0.0,0.0,0.5958191055168166,0.7546413501950497,,
IDRiD_07_2048_512,0.5907541542373571,0.9524845431537383,0.0,0.0,0.49810935104243115,0.6329870129705718,,
IDRiD_07_512_0,,,0.0,0.0,0.0,0.0,,
IDRiD_07_512_1024,,,0.0,0.0,,,,
IDRiD_07_512_1536,,,0.0,0.0,0.47279730378079937,0.7024320456791943,,
IDRiD_07_512_2048,0.0,0.0,0.0,0.0,,,,
IDRiD_07_512_2560,0.7111315547269069,0.7610764686327183,,,,,,
IDRiD_07_512_512,,,0.0,0.0,,,,
IDRiD_08_0_1024,0.7447946883211191,0.6558810172495926,,,,,,
IDRiD_08_0_1536,0.7370310536685902,0.8717005165885521,0.0,0.0,,,,
IDRiD_08_1024_1024,0.48384210002501893,0.683618994080258,0.0,0.0,0.398691474128017,0.43391188249070267,,
IDRiD_08_1024_1536,0.5320007687838298,0.8030947775473289,0.0,0.0,0.0,0.0,0.7897241334936991,0.9651080550022387
IDRiD_08_1024_2048,,,,,0.47539470039481396,0.5832578160332662,,
IDRiD_08_1024_2560,,,,,0.0,0.0,,
IDRiD_08_1024_512,0.5371017676966233,0.8753255208048397,,,0.33936497096827023,0.8107667209117836,,
IDRiD_08_1536_1024,,,,,0.0,0.0,,
IDRiD_08_1536_1536,0.6399397703625083,0.6902151847060408,,,0.6941380397045844,0.79570086703765,,
IDRiD_08_1536_2048,,,,,0.4046196734207639,0.30076968618704736,,
IDRiD_08_512_1024,,,0.0,0.0,,,,
IDRiD_08_512_1536,,,0.0,0.0,0.0,0.0,0.8281465832430646,0.9246401354728158
IDRiD_08_512_2048,,,0.0,0.0,,,0.7749109547355794,0.9822706750249721
IDRiD_08_512_512,,,0.0,0.0,,,,
IDRiD_09_0_1024,0.5126951449626321,0.38598643848636754,,,,,,
IDRiD_09_0_1536,,,0.0,0.0,,,,
IDRiD_09_0_2560,,,0.0,0.0,,,,
IDRiD_09_0_3072,,,0.0,0.0,,,,
IDRiD_09_0_512,0.4702123985454134,0.4634893616942385,,,,,,
IDRiD_09_1024_1024,0.0,0.0,0.0,0.0,0.6264089833998286,0.5979092092393512,,
IDRiD_09_1024_1536,0.8232586311276604,0.8077974563080018,,,0.7031363212912719,0.866769959896342,,
IDRiD_09_1024_2048,0.3852960509663483,0.7721929468834172,0.0,0.0,0.5353406841918621,0.6796482411938326,,
IDRiD_09_1024_2560,,,,,0.2586515924409396,0.9999999998933903,,
IDRiD_09_1024_3072,,,0.0,0.0,,,,
IDRiD_09_1024_3584,,,0.0,0.0,,,,
IDRiD_09_1024_512,0.27615555846355794,0.7779417188942109,0.0,0.0,0.6634938869268797,0.7922273024115465,,
IDRiD_09_1536_1024,0.030193236714064216,0.015436863228915194,0.0,0.0,0.5639439167787175,0.5776657647953091,,
IDRiD_09_1536_1536,0.45135113202587557,0.8122079439015126,0.0,0.0,0.7494675890472983,0.8757685176120628,,
IDRiD_09_1536_2048,0.5418439716215985,0.5316631871770472,0.0,0.0,0.38786436642546906,0.8834688344489244,,
IDRiD_09_1536_2560,,,0.0,0.0,,,,
IDRiD_09_1536_512,,,0.0,0.0,0.7456371883238787,0.7463831315392305,,
IDRiD_09_2048_1024,,,,,0.48581139830459397,0.5345277439461728,,
IDRiD_09_2048_1536,0.0,0.0,0.0,0.0,0.4563702490339644,0.38174640036980145,,
IDRiD_09_2048_2048,0.40954077592627136,0.7469314079152732,0.0,0.0,,,,
IDRiD_09_2048_2560,,,,,0.47436370341297074,0.7433526010701327,,
IDRiD_09_2048_512,,,0.0,0.0,0.0,0.0,,
IDRiD_09_512_0,0.0,0.0,,,,,,
IDRiD_09_512_1024,0.5540608256541106,0.7885670397104612,0.0,0.0,0.5769177862323952,0.5006764822880965,,
IDRiD_09_512_1536,0.0,0.0,0.0,0.0,0.5313933674120743,0.7123528378078338,,
IDRiD_09_512_2048,,,,,0.5189859154871099,0.7414681261834686,,
IDRiD_09_512_3072,,,0.0,0.0,,,,
IDRiD_09_512_512,0.36243776507301106,0.3100402239899831,0.0,0.0,0.1676575505317547,0.9999999997635933,,
IDRiD_10_0_1024,,,,,0.5798544235709251,0.6111140401718188,,
IDRiD_10_0_1536,,,0.0,0.0,0.6259667843011588,0.7683561861864876,,
IDRiD_10_0_2048,0.6871305610263503,0.8144718511774607,0.0,0.0,0.7419633432474283,0.8031995013722371,,
IDRiD_10_0_2560,0.3461167178556725,0.8478073946325105,0.0,0.0,0.5114649681447219,0.5968041619993756,,
IDRiD_10_0_3072,,,,,0.005172179120659151,0.0025927947597899456,,
IDRiD_10_0_512,,,,,0.0,0.0,,
IDRiD_10_1024_0,,,,,0.0,0.0,,
IDRiD_10_1024_1024,0.3757082667386938,0.34351753452859946,0.0,0.0,0.7212883175555809,0.7878008640116457,,
IDRiD_10_1024_1536,,,,,0.960494095373765,0.9862582380454407,,
IDRiD_10_1024_2048,,,0.0,0.0,0.9380816952896265,0.9849053076122424,,
IDRiD_10_1024_2560,0.6693943878567964,0.6354120758008186,0.0,0.0,0.5867227417767201,0.6252801258084322,,
IDRiD_10_1024_3072,0.4033584047506847,0.8223965762608847,0.0,0.0,0.5637117472830653,0.7560639762656914,,
IDRiD_10_1024_512,,,,,0.47997779715930544,0.469661700803308,,
IDRiD_10_1536_0,,,0.0,0.0,0.5035227102345711,0.6310351305536157,,
IDRiD_10_1536_1024,,,0.0,0.0,0.474089081640843,0.6278718765669304,,
IDRiD_10_1536_1536,,,0.0,0.0,0.6923020039921729,0.7709918634885825,,
IDRiD_10_1536_2048,0.6011167097875452,0.993025871743689,0.0,0.0,0.5907079646008624,0.6818713865119644,,
IDRiD_10_1536_2560,,,0.0,0.0,0.6506980769942221,0.7184825064376361,,
IDRiD_10_1536_3072,,,0.0,0.0,0.42027863776276553,0.532614026457449,,
IDRiD_10_1536_512,0.6147859922124621,0.6374472767167165,,,,,,
IDRiD_10_2048_1024,0.0,0.0,0.0,0.0,0.0,0.0,,
IDRiD_10_2048_1536,0.0,0.0,0.0,0.0,0.30553608969438634,0.2665688432314363,,
IDRiD_10_2048_2048,0.5428540113955346,0.8665150454711946,0.0,0.0,0.4337078651650585,0.6556661004451428,,
IDRiD_10_2048_2560,0.013932702418415268,0.007015221707432063,,,0.0,0.0,,
IDRiD_10_2048_3072,0.0,0.0,0.0,0.0,0.32441760137117004,0.4227886056654581,,
IDRiD_10_2048_512,,,,,0.5273200346806739,0.6316883116554967,,
IDRiD_10_512_1024,,,0.0,0.0,0.6519768484546735,0.8617390367398734,,
IDRiD_10_512_1536,,,,,0.6857004162128301,0.7786806590563737,,
IDRiD_10_512_2048,0.6416633505706161,0.7279909706381944,0.0,0.0,0.7717262561976648,0.8995787831499227,,
IDRiD_10_512_2560,0.2532995841597062,0.7057934508460557,0.0,0.0,0.617018153348311,0.8125349026985157,,
IDRiD_10_512_3072,0.4209413008945432,0.44241885281364124,0.0,0.0,0.5292059790084565,0.5907342760748433,,
IDRiD_10_512_512,0.09031163875248768,0.17310036569796425,0.0,0.0,0.6634775374238046,0.6228035923224208,,
IDRiD_11_0_1024,,,0.0,0.0,,,,
IDRiD_11_0_1536,0.43461313583249633,0.5768235902443444,0.0,0.0,0.0,0.0,,
IDRiD_11_0_2048,,,0.0,0.0,,,,
IDRiD_11_0_2560,0.7639276392695173,0.7508846425911025,0.0,0.0,,,,
IDRiD_11_0_3072,,,,,0.35936507934226253,0.5932914044877795,,
IDRiD_11_0_512,0.0,0.0,0.0,0.0,0.0,0.0,,
IDRiD_11_1024_1024,,,0.0,0.0,,,,
IDRiD_11_1024_1536,0.22588866532225502,0.18731924359983718,0.0,0.0,0.5575054605688126,0.5837079094662588,,
IDRiD_11_1024_2048,0.17987152032335424,0.11170212764472047,0.0,0.0,0.6051460592837323,0.6321305982334257,,
IDRiD_11_1024_2560,0.7615328288899007,0.6939501779205083,0.0,0.0,0.6238848251652954,0.7214697829045534,,
IDRiD_11_1024_3072,0.3646872216057956,0.46145386560837204,,,0.0,0.0,,
IDRiD_11_1536_1024,,,0.0,0.0,,,,
IDRiD_11_1536_1536,,,0.0,0.0,0.4541154209989325,0.6774441878194138,,
IDRiD_11_1536_2048,0.0,0.0,0.0,0.0,0.6811013553817212,0.7323892020682323,,
IDRiD_11_1536_2560,0.0,0.0,0.0,0.0,0.6711605474259439,0.8125555753140622,,
IDRiD_11_1536_3072,,,,,0.4639624154894926,0.6583739837291321,,
IDRiD_11_2048_1024,,,0.0,0.0,0.0,0.0,,
IDRiD_11_2048_1536,,,,,0.0,0.0,,
IDRiD_11_2048_2048,,,,,0.5855653821847985,0.7375477402898729,,
IDRiD_11_2048_2560,0.32180451127496934,0.22067922452604594,0.0,0.0,0.5297845373864143,0.49526066350241454,,
IDRiD_11_2048_3072,0.7115339624057433,0.6985147756744984,0.0,0.0,0.0,0.0,,
IDRiD_11_512_1024,,,,,0.3919744111546387,0.5018615040579403,,
IDRiD_11_512_1536,,,0.0,0.0,0.5097538256806128,0.5390330387767263,,
IDRiD_11_512_2048,,,0.0,0.0,0.6046390988580053,0.7171696454710894,,
IDRiD_11_512_2560,0.0,0.0,0.0,0.0,0.466400773504554,0.4727428641372934,,
IDRiD_11_512_3072,0.2732567814929092,0.5582502266419255,0.0,0.0,0.0,0.0,,
IDRiD_11_512_512,,,0.0,0.0,,,,
IDRiD_12_0_1024,,,,,0.5512978986175815,0.9999999998505232,,
IDRiD_12_0_2560,0.02703332556450633,0.04044630404180988,0.0,0.0,,,,
IDRiD_12_0_3072,0.0,0.0,0.0,0.0,,,,
IDRiD_12_0_512,0.0,0.0,,,,,,
IDRiD_12_1024_1024,0.23820773930559502,0.9999999999316005,,,,,,
IDRiD_12_1024_2048,0.0,0.0,0.0,0.0,0.0,0.0,,
IDRiD_12_1024_2560,,,0.0,0.0,,,,
IDRiD_12_1536_2048,0.0,0.0,,,0.518901497344263,0.7354396650031321,,
IDRiD_12_1536_3072,,,0.0,0.0,,,,
IDRiD_12_2048_1536,,,0.0,0.0,,,,
IDRiD_12_2048_2048,,,0.0,0.0,,,,
IDRiD_12_2048_2560,,,0.0,0.0,,,,
IDRiD_12_2048_3072,,,0.0,0.0,,,,
IDRiD_12_2048_512,0.5260695187077863,0.8768802227923743,0.0,0.0,,,,
IDRiD_12_512_2560,0.9004127137243383,0.9716020821227784,0.0,0.0,,,,
IDRiD_12_512_512,,,,,0.0,0.0,,
IDRiD_13_0_1024,0.5163784333567369,0.39930774070486763,0.0,0.0,,,,
IDRiD_13_0_1536,,,0.0,0.0,,,,
IDRiD_13_0_2048,0.4597194388685427,0.35390311631120325,0.0,0.0,0.0,0.0,,
IDRiD_13_0_2560,0.6877499999914032,0.7795409464216623,0.0,0.0,,,,
IDRiD_13_0_3072,0.0,0.0,0.0,0.0,,,,
IDRiD_13_0_512,,,0.0,0.0,0.0,0.0,0.7716440207698241,0.6928776748598346
IDRiD_13_1024_0,0.0,0.0,0.0,0.0,,,,
IDRiD_13_1024_1024,0.0,0.0,0.0,0.0,0.735749640746735,0.8646108663715703,,
IDRiD_13_1024_1536,0.0,0.0,0.0,0.0,0.6562282247803906,0.6906816220850273,0.0,0.0
IDRiD_13_1024_2048,,,0.0,0.0,0.0,0.0,0.0,0.0
IDRiD_13_1024_2560,,,,,0.0,0.0,,
IDRiD_13_1024_3072,,,,,0.4118871114552485,0.4402891700202935,,
IDRiD_13_1024_3584,,,0.0,0.0,0.0,0.0,,
IDRiD_13_1024_512,0.0,0.0,0.0,0.0,0.39430635223715416,0.34711052926225716,,
IDRiD_13_1536_0,,,0.0,0.0,0.0,0.0,,
IDRiD_13_1536_1024,,,0.0,0.0,0.5370855645375745,0.6630098452696762,,
IDRiD_13_1536_1536,0.0,0.0,0.0,0.0,0.29352068695185324,0.22182890854148501,,
IDRiD_13_1536_2048,0.0,0.0,0.0,0.0,0.3307734503474829,0.23499610287470787,0.0,0.0
IDRiD_13_1536_2560,0.3255872695083912,0.20864357396878208,0.0,0.0,,,,
IDRiD_13_1536_3072,,,0.0,0.0,0.0,0.0,,
IDRiD_13_1536_3584,,,,,0.0,0.0,,
IDRiD_13_1536_512,,,0.0,0.0,0.0,0.0,,
IDRiD_13_2048_1024,0.0,0.0,0.0,0.0,0.0,0.0,0.6310414006815422,0.475405331121863
IDRiD_13_2048_1536,,,0.0,0.0,,,0.0,0.0
IDRiD_13_2048_2048,0.0,0.0,0.0,0.0,0.0,0.0,,
IDRiD_13_2048_2560,0.0,0.0,0.0,0.0,,,,
IDRiD_13_2048_512,,,0.0,0.0,,,0.0,0.0
IDRiD_13_512_0,0.0,0.0,0.0,0.0,,,,
IDRiD_13_512_1024,0.0,0.0,0.0,0.0,0.6377891531127694,0.6839533052284154,,
IDRiD_13_512_1536,,,0.0,0.0,0.6569981404680285,0.7748109814270446,,
IDRiD_13_512_2048,,,0.0,0.0,0.6034665723274945,0.7174095878588138,,
IDRiD_13_512_2560,0.35027556643140617,0.412103746368004,0.0,0.0,,,,
IDRiD_13_512_3072,,,,,0.2939719240175899,0.2792156862526105,,
IDRiD_13_512_3584,,,,,0.0,0.0,,
IDRiD_13_512_512,0.0,0.0,0.0,0.0,0.3173491379224852,0.27756833174940776,0.0,0.0
IDRiD_14_0_1024,,,0.0,0.0,,,,
IDRiD_14_0_1536,0.7961385576226361,0.6832358674241964,0.0,0.0,0.0,0.0,,
IDRiD_14_0_2048,0.6937853107301081,0.658092175769226,0.0,0.0,0.41470274463762286,0.992571959099695,,
IDRiD_14_0_2560,0.5467960780402753,0.5282242632938363,0.0,0.0,,,0.8354402670561186,0.8070416578472505
IDRiD_14_0_3072,0.0,0.0,,,0.0,0.0,,
IDRiD_14_0_512,,,0.0,0.0,,,,
IDRiD_14_1024_0,,,0.0,0.0,,,,
IDRiD_14_1024_1024,0.0,0.0,0.0,0.0,,,,
IDRiD_14_1024_1536,0.5139758030800449,0.5162011173040167,0.0,0.0,0.5899459220820275,0.7348776464068265,,
IDRiD_14_1024_2048,,,0.0,0.0,0.5671331596909983,0.6166940596366027,,
IDRiD_14_1024_2560,,,0.0,0.0,0.5897365488045523,0.6669711362781623,,
IDRiD_14_1024_3072,,,0.0,0.0,0.5230153435594673,0.4841000308687444,,
IDRiD_14_1024_3584,,,,,0.0,0.0,,
IDRiD_14_1024_512,,,0.0,0.0,0.0,0.0,,
IDRiD_14_1536_0,0.35311909262092406,0.9999999998929336,,,,,,
IDRiD_14_1536_1024,,,0.0,0.0,,,,
IDRiD_14_1536_1536,0.7652707864740093,0.8757251409357323,0.0,0.0,0.28132809710315376,0.23628185906337987,,
IDRiD_14_1536_2048,0.0,0.0,0.0,0.0,0.6820187534379203,0.8034437946457621,,
IDRiD_14_1536_2560,,,0.0,0.0,0.4972320080439988,0.5990299110509689,,
IDRiD_14_1536_3072,0.0,0.0,0.0,0.0,0.0,0.0,,
IDRiD_14_1536_512,,,0.0,0.0,,,,
IDRiD_14_2048_1024,0.0,0.0,0.0,0.0,,,,
IDRiD_14_2048_1536,,,0.0,0.0,,,,
IDRiD_14_2048_2048,,,0.0,0.0,0.3757700205210209,0.399854333546988,,
IDRiD_14_2048_2560,0.8070233559581411,0.8119999999729334,0.0,0.0,0.4312318137688532,0.49345172029981244,,
IDRiD_14_2048_3072,0.565167243358623,0.5542986425160215,0.0,0.0,0.0,0.0,,
IDRiD_14_2048_512,0.12447698744118843,0.06636921360477584,,,,,,
IDRiD_14_512_1536,0.0,0.0,0.0,0.0,0.5073693613174867,0.49894588895820546,,
IDRiD_14_512_2048,0.0,0.0,0.0,0.0,0.5603331884011984,0.6467511885861238,,
IDRiD_14_512_2560,0.0,0.0,0.0,0.0,0.5441544647588495,0.5533055619819744,0.0,0.0
IDRiD_14_512_3072,0.6212185768802208,0.7446373850107623,0.0,0.0,0.4566244566201415,0.5872630043610291,,
IDRiD_14_512_512,,,0.0,0.0,,,,
IDRiD_15_0_1536,,,0.0,0.0,,,,
IDRiD_15_1024_0,,,0.0,0.0,0.2977590414844074,0.3010318528353059,,
IDRiD_15_1024_1024,,,,,0.5172655389799092,0.7151951286821148,,
IDRiD_15_1024_1536,,,,,0.6462035541120908,0.8531383302604163,,
IDRiD_15_1024_512,,,,,0.6621680043595756,0.7071055800854793,,
IDRiD_15_1536_2048,,,0.0,0.0,0.0,0.0,,
IDRiD_15_1536_512,0.0,0.0,,,0.0,0.0,,
IDRiD_15_2048_2048,,,0.0,0.0,,,,
IDRiD_15_512_1024,0.0,0.0,,,0.4919660218990279,0.5870786516782233,,
IDRiD_15_512_512,0.7581293386781489,0.9453302960844953,0.0,0.0,,,,
IDRiD_16_0_2560,,,0.0,0.0,0.6645308924383748,0.9240560033549404,,
IDRiD_16_1024_2048,,,0.0,0.0,0.0,0.0,,
IDRiD_16_1024_2560,0.5941309254989596,0.5606361828866618,0.0,0.0,0.4667512571057533,0.414697286009063,,
IDRiD_16_1024_3072,0.8120144534742004,0.7644357513328986,0.0,0.0,0.6776644736830959,0.8244357291466926,,
IDRiD_16_1024_3584,0.6671763506455868,0.6807072282537333,,,,,,
IDRiD_16_1536_2048,,,,,0.38858608527128613,0.40918298444232387,,
IDRiD_16_1536_2560,,,,,0.4785353535326071,0.5772639158048011,,
IDRiD_16_1536_3072,,,,,0.6160901319106828,0.6928562332778192,,
IDRiD_16_2048_1024,,,,,0.0,0.0,,
IDRiD_16_2048_1536,,,0.0,0.0,,,,
IDRiD_16_2048_2560,,,,,0.02354788068888949,0.013876040701769099,,
IDRiD_16_2048_3072,,,,,0.2830230010890904,0.2564509725979972,,
IDRiD_16_2048_512,,,0.0,0.0,0.0,0.0,,
IDRiD_16_512_1536,,,0.0,0.0,,,,
IDRiD_16_512_2048,,,,,0.6222664015286018,0.6361788616593133,,
IDRiD_16_512_2560,,,,,0.7137530750300645,0.8003361851587174,,
IDRiD_16_512_3072,,,,,0.6132021320162918,0.5263972969093849,,
IDRiD_17_0_1024,0.24446020209110542,0.9999999999758279,0.0,0.0,0.4727183992168242,0.6204201895897974,,
IDRiD_17_0_1536,0.4936562192218098,0.6912188197092224,0.0,0.0,0.5619159601443099,0.7059555279061891,,
IDRiD_17_0_2048,0.49299393607096337,0.6165909675181396,,,0.34053156146022273,0.3519984737159973,,
IDRiD_17_0_2560,0.6909501694481097,0.7688053406307958,0.0,0.0,0.4965069860155562,0.6023002420942917,,
IDRiD_17_0_3072,0.19661733615112598,0.986049107087832,,,,,,
IDRiD_17_0_512,,,,,0.0,0.0,0.7244272187571779,0.5932026353800963
IDRiD_17_1024_0,0.26822993964446307,0.28929676661733755,0.0,0.0,0.0,0.0,,
IDRiD_17_1024_1024,0.2063378262101639,0.11664099862108582,0.0,0.0,0.5832983320727435,0.8798997521939629,,
IDRiD_17_1024_1536,0.5900842455353702,0.6930969348300288,0.0,0.0,0.5144934204448584,0.7041561712757664,,
IDRiD_17_1024_2048,0.5288424560936776,0.6171278982751149,,,0.4351563158301579,0.46347154908520066,,
IDRiD_17_1024_2560,0.0,0.0,,,0.5210824417763565,0.8352387356533127,,
IDRiD_17_1024_3072,0.20424577148739342,0.6485805107897776,0.0,0.0,,,,
IDRiD_17_1024_3584,,,0.0,0.0,,,,
IDRiD_17_1024_512,0.7531286768618217,0.7231922760850288,0.0,0.0,0.4849675591695072,0.7017984660111883,,
IDRiD_17_1536_0,0.7679107046264051,0.8405123697084004,,,,,,
IDRiD_17_1536_1024,0.0,0.0,,,0.47448067680631334,0.7043632075388636,,
IDRiD_17_1536_1536,0.32326548478820444,0.7289627375114833,0.0,0.0,0.4613663603638724,0.6473094170258451,,
IDRiD_17_1536_2048,0.4039287474472483,0.27543769804392115,0.0,0.0,0.4655847789330954,0.6459627328189499,0.6725470763109596,0.9759348034422249
IDRiD_17_1536_2560,0.2520885241059345,0.16089803554423016,,,,,,
IDRiD_17_1536_3072,0.8341297778880196,0.9080932226370013,0.0,0.0,,,0.8080445661372484,0.9902800277598902
IDRiD_17_1536_512,0.9351523446795599,0.9212005744931142,,,0.3685719570830162,0.7833693728959432,,
IDRiD_17_2048_0,0.0,0.0,,,,,,
IDRiD_17_2048_1024,0.9017451239182269,0.9860600437550908,,,0.0,0.0,,
IDRiD_17_2048_1536,0.8047136909835229,0.9208491969919401,,,0.0,0.0,,
IDRiD_17_2048_2048,0.6399151627613008,0.5052782678892751,,,0.0,0.0,0.0,0.0
IDRiD_17_2048_2560,0.8943850150244922,0.8719933032648763,0.0,0.0,,,0.0,0.0
IDRiD_17_2048_3072,0.6123149792767728,0.6251964695906626,,,,,,
IDRiD_17_2048_512,0.98751483892073,0.9883194799751512,,,,,,
IDRiD_17_512_0,,,0.0,0.0,0.0,0.0,,
IDRiD_17_512_1024,0.7152573683708517,0.7371062651308912,0.0,0.0,0.49810884466017324,0.6840099795841051,,
IDRiD_17_512_1536,0.4227262234521505,0.6088944305851297,0.0,0.0,0.6794427036695957,0.8773210028145462,,
IDRiD_17_512_2048,0.6691104594318721,0.7128351991642323,0.0,0.0,0.3157321720171418,0.5037220843547464,,
IDRiD_17_512_2560,0.1923880461423164,0.13879423328782708,0.0,0.0,0.0,0.0,,
IDRiD_17_512_3072,0.35838662075573835,0.7994294491814916,0.0,0.0,,,,
IDRiD_17_512_512,0.15564092623213746,0.3459730491954564,0.0,0.0,0.45948827291935923,0.4653709702262427,0.3355453196944684,0.202812382029041
IDRiD_18_0_1024,0.0,0.0,0.0,0.0,,,,
IDRiD_18_0_1536,0.405852638906012,0.4944821731538845,0.0,0.0,0.0,0.0,,
IDRiD_18_0_2048,,,0.0,0.0,0.4994824781827668,0.7072864321311857,,
IDRiD_18_0_2560,0.7983515151476444,0.8175769612629833,0.0,0.0,0.3705612829288797,0.46225291735026786,0.784971098262871,0.8311571731611623
IDRiD_18_0_3072,,,0.0,0.0,,,0.8427751047583208,0.9069650910154173
IDRiD_18_0_512,,,0.0,0.0,,,,
IDRiD_18_1024_0,0.0,0.0,0.0,0.0,0.0,0.0,,
IDRiD_18_1024_1024,0.4105161601444642,0.40408357073105017,0.0,0.0,0.5699877870993578,0.7480868665899887,,
IDRiD_18_1024_1536,0.5854153222071067,0.7485853505128215,0.0,0.0,0.5404465296855668,0.6693718064255147,,
IDRiD_18_1024_2048,,,0.0,0.0,,,,
IDRiD_18_1024_3072,,,,,,,0.7113639352863628,0.8965602983763236
IDRiD_18_1024_512,0.5473587852012618,0.5651617925021396,0.0,0.0,0.5609885677169655,0.7533956978978203,,
IDRiD_18_1536_0,0.0,0.0,0.0,0.0,0.5877780176940666,0.6849521891955233,,
IDRiD_18_1536_1024,0.2102256498113364,0.14826752618557076,0.0,0.0,0.505478879127957,0.7837872892245942,,
IDRiD_18_1536_1536,,,0.0,0.0,0.4036281178955271,0.2897135416478051,,
IDRiD_18_1536_2048,,,0.0,0.0,0.0,0.0,,
IDRiD_18_1536_3072,,,0.0,0.0,,,,
IDRiD_18_1536_3584,0.0,0.0,,,,,,
IDRiD_18_1536_512,0.0,0.0,0.0,0.0,0.513777986534144,0.6693865061927208,,
IDRiD_18_2048_0,0.08237547892523048,0.48179271695187875,0.0,0.0,,,,
IDRiD_18_2048_1024,0.0,0.0,0.0,0.0,0.4869991378114671,0.7197853789306534,,
IDRiD_18_2048_1536,,,0.0,0.0,0.06875934229166528,0.03560371516476723,0.0,0.0
IDRiD_18_2048_2048,,,0.0,0.0,0.0,0.0,,
IDRiD_18_2048_2560,,,0.0,0.0,,,,
IDRiD_18_2048_3072,0.5724585436055646,0.9168591223312657,0.0,0.0,,,,
IDRiD_18_2048_512,0.5559510610558909,0.9071922808296375,0.0,0.0,0.38172043009470025,0.3863945577968439,,
IDRiD_18_512_1024,0.0,0.0,0.0,0.0,0.2441720740148,0.2216404886465253,,
IDRiD_18_512_1536,0.5594446905839692,0.9999999999472017,,,0.0,0.0,,
IDRiD_18_512_2048,0.6124599648660765,0.6867469879358956,0.0,0.0,,,,
IDRiD_18_512_3072,,,0.0,0.0,0.0,0.0,,
IDRiD_18_512_512,0.5533491404778698,0.9405541561239015,0.0,0.0,0.5920729789223276,0.8130453563644661,,
IDRiD_19_0_1024,0.639194568001892,0.6835252878976702,,,,,0.5184594348163347,0.3617427253877923
IDRiD_19_0_1536,,,,,0.0,0.0,,
IDRiD_19_0_2048,,,,,,,0.6457075788007569,0.4909484956592179
IDRiD_19_0_2560,0.4160305343312963,0.6097902097049245,,,,,,
IDRiD_19_1024_0,,,0.0,0.0,,,,
IDRiD_19_1024_1024,,,,,0.6688417617998026,0.691399662673575,,
IDRiD_19_1024_1536,,,,,0.4227157549497285,0.40421892815267335,,
IDRiD_19_1024_2560,,,0.0,0.0,,,,
IDRiD_19_1024_512,0.22482014386467444,0.36337209291762435,0.0,0.0,,,,
IDRiD_19_1536_2048,0.0,0.0,0.0,0.0,,,,
IDRiD_19_1536_2560,,,0.0,0.0,,,,
IDRiD_19_1536_3072,,,0.0,0.0,0.32639405203247607,0.5116550115953782,,
IDRiD_19_1536_512,0.05086372360600462,0.04127725856376345,,,,,,
IDRiD_19_2048_1024,0.7334146811333028,0.6800047635979515,0.0,0.0,,,,
IDRiD_19_2048_1536,0.0,0.0,0.0,0.0,,,,
IDRiD_19_2048_2048,0.6689170182652907,0.8939849623387981,0.0,0.0,,,,
IDRiD_19_2048_2560,0.27134502920802983,0.15696887683938177,,,,,,
IDRiD_19_2048_3072,,,0.0,0.0,,,0.859238112697433,0.8263519810563301
IDRiD_19_2048_512,0.6441146515303061,0.7507207054307153,0.0,0.0,,,0.6895839480621895,0.9759866360205474
IDRiD_19_512_1024,0.5478817809973927,0.6758043022905805,0.0,0.0,0.42228502218723113,0.59297052147472,,
IDRiD_19_512_1536,0.7080015168733192,0.711702880789023,0.0,0.0,0.5180409274737974,0.594485294112183,0.7773408332879818,0.9645460160473805
IDRiD_19_512_2048,0.0,0.0,,,,,,
IDRiD_19_512_512,0.0,0.0,0.0,0.0,,,,
IDRiD_20_0_1024,0.43726346432497054,0.3756878439031672,0.0,0.0,,,,
IDRiD_20_0_1536,0.7244883490063596,0.5686725532346317,0.0,0.0,0.3620906800984755,0.4918733960565976,,
IDRiD_20_0_2048,0.19086873810882315,0.7200956937368364,0.0,0.0,0.4685592995365201,0.44913530007888425,,
IDRiD_20_0_2560,,,0.0,0.0,,,,
IDRiD_20_0_512,0.0,0.0,,,,,,
IDRiD_20_1024_0,,,0.0,0.0,,,,
IDRiD_20_1024_1024,0.2598240469170114,0.7439126783590333,0.0,0.0,0.5234575222914802,0.6669365284938097,,
IDRiD_20_1024_1536,0.0,0.0,0.0,0.0,0.5664604971395345,0.6669048142412238,,
IDRiD_20_1024_2048,,,0.0,0.0,0.0,0.0,,
IDRiD_20_1024_2560,,,0.0,0.0,,,,
IDRiD_20_1024_3072,0.6772438803110326,0.7047169810988342,0.0,0.0,,,,
IDRiD_20_1024_512,0.5876460767901984,0.6808510638178152,0.0,0.0,0.3351691581300091,0.4184675834559462,,
IDRiD_20_1536_1024,0.5426475084051412,0.8579023682834955,0.0,0.0,0.5457410206098403,0.6055373198187132,,
IDRiD_20_1536_1536,,,0.0,0.0,0.6668657905194914,0.7312759298294542,,
IDRiD_20_1536_2048,0.3679451200441543,0.9462710504453672,,,,,,
IDRiD_20_1536_3072,0.3222830168402287,0.28190690690161585,0.0,0.0,0.0,0.0,,
IDRiD_20_1536_512,0.0,0.0,0.0,0.0,0.7406472900153299,0.682098489581892,,
IDRiD_20_2048_1024,,,0.0,0.0,0.5226936359135339,0.5275737582439464,,
IDRiD_20_2048_1536,0.49593400117270553,0.6550435865300422,0.0,0.0,0.3896815431983828,0.28612135433647135,,
IDRiD_20_2048_2560,0.796726677551662,0.6772398441470651,,,,,,
IDRiD_20_2048_3072,0.3239812959143627,0.24105367792042476,0.0,0.0,0.0,0.0,,
IDRiD_20_2048_512,0.19229993952444469,0.1367938055595987,0.0,0.0,0.8562647634023615,0.9260012085869032,,
IDRiD_20_512_1024,0.0,0.0,0.0,0.0,0.5993518963026893,0.7461451111620064,,
IDRiD_20_512_1536,0.4167696976485514,0.4723566878920719,0.0,0.0,0.5026408834944723,0.5229574458398522,,
IDRiD_20_512_2048,,,,,0.0,0.0,,
IDRiD_20_512_2560,0.07214895267369477,0.0374245472821962,0.0,0.0,,,,
IDRiD_20_512_3072,,,0.0,0.0,,,,
IDRiD_20_512_512,,,0.0,0.0,0.25524319499084147,0.27848101263111186,,
IDRiD_21_0_1024,0.0,0.0,0.0,0.0,0.0,0.0,,
IDRiD_21_0_1536,0.0,0.0,0.0,0.0,0.0,0.0,,
IDRiD_21_0_2048,,,0.0,0.0,0.19492219491421287,0.1367816091875413,,
IDRiD_21_0_2560,,,0.0,0.0,,,,
IDRiD_21_0_3072,,,0.0,0.0,,,,
IDRiD_21_0_512,0.6908327501652788,0.6331452026517921,,,0.0,0.0,,
IDRiD_21_1024_1024,,,0.0,0.0,0.0,0.0,,
IDRiD_21_1024_1536,0.6978054432245999,0.8163937911884287,0.0,0.0,0.7229394887833807,0.7845315595783168,,
IDRiD_21_1024_2048,0.3965653375404997,0.30709263221786776,0.0,0.0,0.619778731089665,0.7907244706870563,,
IDRiD_21_1024_2560,0.5697886772738073,0.48906471597753925,0.0,0.0,0.5194350868066893,0.5908621960119254,,
IDRiD_21_1024_3072,0.7654739219368658,0.8939993405721398,0.0,0.0,,,,
IDRiD_21_1536_0,,,,,0.0,0.0,,
IDRiD_21_1536_1024,,,0.0,0.0,0.024225352111993653,0.012261191901560844,,
IDRiD_21_1536_1536,0.2877094971966582,0.18467055131399954,,,0.7965086468083759,0.8804132210091444,,
IDRiD_21_1536_2048,0.1782917720735057,0.17338331770915222,0.0,0.0,0.4574079866529626,0.6156760929014408,,
IDRiD_21_1536_2560,0.5949716811693777,0.6075181606558465,0.0,0.0,0.6386913781702632,0.7233125054971252,,
IDRiD_21_1536_3072,,,0.0,0.0,,,,
IDRiD_21_1536_512,0.1816770186264877,0.10308370043598751,,,0.31756533244070245,0.19599836667227447,,
IDRiD_21_2048_1024,0.4205011389425854,0.2839126422551857,0.0,0.0,0.0,0.0,,
IDRiD_21_2048_1536,0.3445945945916095,0.7405063290863549,0.0,0.0,0.314672378538461,0.25806451612491116,,
IDRiD_21_2048_2048,0.48680904522230833,0.4939451880099754,0.0,0.0,0.5635918073685029,0.5936345552685723,,
IDRiD_21_2048_2560,0.7379805328803659,0.728313603711851,0.0,0.0,0.3656884875763953,0.5133079847583455,,
IDRiD_21_2048_3072,,,0.0,0.0,0.0,0.0,,
IDRiD_21_2048_512,0.0,0.0,0.0,0.0,0.0,0.0,,
IDRiD_21_512_1024,,,0.0,0.0,,,,
IDRiD_21_512_1536,,,0.0,0.0,0.2739483394793513,0.28129736282869666,,
IDRiD_21_512_2048,0.550207204332429,0.7458945548725743,0.0,0.0,0.4351511374232773,0.6667303284823008,,
IDRiD_21_512_2560,0.6332563142328639,0.548970852320086,0.0,0.0,0.41108383022058637,0.5420906567491127,,
IDRiD_21_512_3072,0.0,0.0,0.0,0.0,,,,
IDRiD_21_512_512,,,0.0,0.0,0.0,0.0,,
IDRiD_22_0_1024,0.6982699835820223,0.6806834408356852,0.0,0.0,,,0.5445129469773596,0.884881274412535
IDRiD_22_0_1536,0.0,0.0,0.0,0.0,,,,
IDRiD_22_0_2048,0.414483982049387,0.7389767441722981,0.0,0.0,,,0.8124360286556959,0.8964705882268567
IDRiD_22_0_2560,0.7692271607815897,0.819367411178637,,,0.442763377456416,0.731886723033031,,
IDRiD_22_0_3072,0.42253023124099237,0.3696257346095291,,,,,,
IDRiD_22_0_512,0.0,0.0,,,,,,
IDRiD_22_1024_1024,,,0.0,0.0,,,,
IDRiD_22_1024_1536,,,0.0,0.0,0.592298192431588,0.6748017395718864,,
IDRiD_22_1024_2048,,,0.0,0.0,0.5768378894981995,0.6664563396057543,,
IDRiD_22_1024_3072,0.0,0.0,,,,,,
IDRiD_22_1024_512,,,0.0,0.0,,,,
IDRiD_22_1536_0,,,,,0.2053723223323573,0.3599523241525683,,
IDRiD_22_1536_1024,,,0.0,0.0,0.16971713807492228,0.13783783780058437,,
IDRiD_22_1536_1536,0.0,0.0,0.0,0.0,0.6369008535724894,0.6043075827589123,,
IDRiD_22_1536_2048,0.315599999993688,0.810061601559542,0.0,0.0,0.6455446146355374,0.8407282802262389,,
IDRiD_22_1536_3072,0.7215563048339337,0.9207514867502219,0.0,0.0,0.4820717131405511,0.6648351648090725,,
IDRiD_22_1536_3584,0.7332090942946954,0.6330694471221402,,,,,,
IDRiD_22_1536_512,,,0.0,0.0,0.050096339112607656,0.058764439976958086,,
IDRiD_22_2048_1024,0.5404963185091288,0.46018110052332994,0.0,0.0,,,0.9115482464089779,0.9388012913445056
IDRiD_22_2048_1536,0.7920053076729805,0.8634719710512935,,,,,,
IDRiD_22_2048_2048,,,0.0,0.0,,,,
IDRiD_22_2048_3072,,,0.0,0.0,,,,
IDRiD_22_2048_512,,,,,0.0,0.0,0.0,0.0
IDRiD_22_512_1024,0.7242696872788409,0.7065961665546422,,,0.4426506476357678,0.9983065198138605,0.6162238796751025,0.6352948652730345
IDRiD_22_512_1536,,,0.0,0.0,,,,
IDRiD_22_512_2560,0.0,0.0,,,,,,
IDRiD_22_512_3072,0.7081891580154311,0.6236723928993092,,,,,0.8342700932036784,0.9036861183414926
IDRiD_22_512_512,0.6954089388829711,0.8735105407749235,,,0.342044134723751,0.3556047494394123,0.0,0.0
IDRiD_23_0_1024,0.08912228056947395,0.055937470571090143,0.0,0.0,,,,
IDRiD_23_0_1536,,,,,,,0.6106293299713645,0.9584790874378939
IDRiD_23_0_2048,0.5464282472517635,0.5193236714931045,,,,,,
IDRiD_23_0_2560,0.25044986849882134,0.14680586357901873,,,,,,
IDRiD_23_0_3072,0.2799099606061907,0.8079922027027943,,,,,,
IDRiD_23_1024_1024,,,,,0.0,0.0,,
IDRiD_23_1024_1536,,,0.0,0.0,,,,
IDRiD_23_1024_2560,,,,,,,0.0,0.0
IDRiD_23_1024_3072,,,0.0,0.0,,,,
IDRiD_23_1536_1024,,,0.0,0.0,0.40567270012305146,0.5673277661499306,,
IDRiD_23_1536_1536,,,0.0,0.0,0.30825496341127195,0.45107033632246635,,
IDRiD_23_1536_2560,,,,,0.0,0.0,,
IDRiD_23_1536_3072,,,0.0,0.0,0.0,0.0,,
IDRiD_23_1536_3584,,,,,0.0,0.0,,
IDRiD_23_1536_512,,,0.0,0.0,0.0,0.0,,
IDRiD_23_2048_1024,0.3057208237846352,0.19463869462735206,,,,,,
IDRiD_23_2048_2048,0.21399599805252825,0.12344793161501388,,,,,,
IDRiD_23_2048_2560,0.5890603085505398,0.44894366196618535,0.0,0.0,,,,
IDRiD_23_2048_3072,,,,,0.0,0.0,,
IDRiD_23_2048_512,0.6260818827129623,0.9387576552657114,,,0.0,0.0,,
IDRiD_23_512_1024,0.7791563275296144,0.7669225400988513,,,,,,
IDRiD_23_512_2048,,,0.0,0.0,,,,
IDRiD_23_512_2560,,,,,,,0.0,0.0
IDRiD_23_512_3072,0.0,0.0,,,,,0.0,0.0
IDRiD_23_512_512,,,0.0,0.0,,,,
IDRiD_24_0_2048,,,,,0.0,0.0,,
IDRiD_24_1024_1536,,,,,0.0,0.0,,
IDRiD_24_1024_2048,,,,,0.12240982348191846,0.1010132995534828,,
IDRiD_24_1024_2560,,,0.0,0.0,,,,
IDRiD_24_1536_1536,,,,,0.0,0.0,,
IDRiD_24_1536_2048,,,0.0,0.0,0.0,0.0,,
IDRiD_24_1536_2560,,,0.0,0.0,,,,
IDRiD_24_1536_512,0.543304859418774,0.9706893066308735,,,0.0,0.0,,
IDRiD_24_2048_1024,0.7246945448262788,0.7349389179704366,,,,,,
IDRiD_24_2048_1536,0.48007530591527847,0.68981064015421,0.0,0.0,,,,
IDRiD_24_512_1536,,,,,0.0,0.0,,
IDRiD_24_512_2048,,,,,0.701972242487145,0.5998751560174859,,
IDRiD_24_512_2560,0.693583469267352,0.5567437799965792,,,,,,
IDRiD_24_512_512,0.1824411134825507,0.10037700282279091,,,,,,
IDRiD_25_0_1024,,,0.0,0.0,0.47967785993387724,0.5469337342898349,0.0,0.0
IDRiD_25_0_1536,0.0,0.0,0.0,0.0,0.7631265002222392,0.7630277945434695,,
IDRiD_25_0_2048,0.5463309573853999,0.7573215808874231,0.0,0.0,0.5018378414008772,0.5626062532317148,0.0,0.0
IDRiD_25_0_2560,0.7078054354811556,0.7601921024465293,0.0,0.0,0.8089771612476642,0.9169245974966618,,
IDRiD_25_0_3072,0.3461066077088417,0.21723712611444285,,,0.0,0.0,,
IDRiD_25_0_512,0.0,0.0,0.0,0.0,0.7792414591721247,0.8348325061905268,0.0,0.0
IDRiD_25_1024_0,,,0.0,0.0,,,,
IDRiD_25_1024_1024,0.0,0.0,0.0,0.0,0.0,0.0,,
IDRiD_25_1024_1536,0.7347119645386305,0.7786474639706122,0.0,0.0,0.7302281727317271,0.8030193061385583,,
IDRiD_25_1024_2048,,,0.0,0.0,0.6753318349515101,0.7700676982582567,,
IDRiD_25_1024_2560,0.6736717361234966,0.6287420734381775,0.0,0.0,0.6759700418900046,0.8587155174248883,,
IDRiD_25_1024_3072,0.0,0.0,,,0.8043312490447757,0.8207282913122692,,
IDRiD_25_1024_512,,,0.0,0.0,,,,
IDRiD_25_1536_0,,,,,0.0,0.0,,
IDRiD_25_1536_1024,0.703229178213972,0.9841530175735629,,,,,0.9172568858857939,0.9659050550376949
IDRiD_25_1536_1536,0.0,0.0,0.0,0.0,0.7470652450234428,0.8974902538474435,,
IDRiD_25_1536_2048,0.09618026930343253,0.05088688572185393,0.0,0.0,0.7705448311831697,0.8990538472210273,0.0,0.0
IDRiD_25_1536_2560,0.5700760963787892,0.5550672597659171,0.0,0.0,0.5399903573121552,0.7086614173128704,0.0,0.0
IDRiD_25_1536_3072,0.7841810244600413,0.7853779686408372,0.0,0.0,,,,
IDRiD_25_1536_512,0.0,0.0,0.0,0.0,0.0,0.0,,
IDRiD_25_2048_1024,0.0,0.0,,,,,,
IDRiD_25_2048_1536,0.4210747447568544,0.34487267721717224,0.0,0.0,0.5833075734067495,0.7664500405862531,,
IDRiD_25_2048_2048,0.2109394783482814,0.16942085727274409,0.0,0.0,,,,
IDRiD_25_2048_2560,0.3972829688469635,0.24788091791920858,0.0,0.0,0.0,0.0,,
IDRiD_25_2048_3072,,,0.0,0.0,0.0,0.0,,
IDRiD_25_512_1024,0.0,0.0,,,0.6244698681037317,0.7328703862048613,,
IDRiD_25_512_1536,0.5881468278273991,0.5594765008197968,0.0,0.0,0.45550625833980624,0.6283212259863835,,
IDRiD_25_512_2048,0.7003384841788567,0.8056659142194003,0.0,0.0,0.41135254988548686,0.3676866973146078,0.905493113812684,0.827306913496857
IDRiD_25_512_2560,0.6440448113188559,0.7043915650950899,0.0,0.0,0.7452381370356677,0.8681008568314184,,
IDRiD_25_512_3072,,,0.0,0.0,0.6001922666088975,0.7318073779808817,,
IDRiD_25_512_512,0.7721038809229034,0.6722560975268163,,,,,,
IDRiD_26_0_1024,0.4021887824851551,0.2780141843927815,0.0,0.0,,,,
IDRiD_26_0_1536,0.7828162291091605,0.7252625759954807,,,,,,
IDRiD_26_0_2048,,,0.0,0.0,,,,
IDRiD_26_0_2560,0.0,0.0,0.0,0.0,,,,
IDRiD_26_1024_1024,,,0.0,0.0,,,,
IDRiD_26_1024_1536,,,0.0,0.0,,,,
IDRiD_26_1024_2048,0.3606129768444634,0.9857397503577772,0.0,0.0,,,,
IDRiD_26_1024_2560,0.7575078440048184,0.8070678127727773,0.0,0.0,,,,
IDRiD_26_1024_3072,0.8790267586784893,0.9683293269172576,0.0,0.0,,,,
IDRiD_26_1536_1024,,,0.0,0.0,,,,
IDRiD_26_1536_1536,,,0.0,0.0,,,,
IDRiD_26_1536_2048,0.03941055517455214,0.2312332439523302,,,,,,
IDRiD_26_1536_2560,,,0.0,0.0,,,,
IDRiD_26_1536_3072,0.5113218501933168,0.5208990536072201,0.0,0.0,,,,
IDRiD_26_2048_1024,,,,,0.0,0.0,,
IDRiD_26_2048_1536,0.23644088977164607,0.6142857142059369,0.0,0.0,,,,
IDRiD_26_2048_2048,,,0.0,0.0,,,,
IDRiD_26_2048_3072,0.8029544316424452,0.8076051372348577,,,,,,
IDRiD_26_512_1024,0.6693589096382162,0.6165147851904731,0.0,0.0,,,,
IDRiD_26_512_1536,0.0,0.0,0.0,0.0,,,,
IDRiD_26_512_2048,0.4847847154908354,0.9102630757937998,0.0,0.0,0.5331034482666707,0.735840076119189,,
IDRiD_26_512_2560,,,0.0,0.0,,,,
IDRiD_26_512_3072,0.7181396460056978,0.6202283513287701,0.0,0.0,,,,
IDRiD_26_512_3584,0.0,0.0,,,,,,
IDRiD_26_512_512,0.6656859139144654,0.836414047981847,,,,,,
IDRiD_27_0_1024,,,,,0.0,0.0,,
IDRiD_27_0_1536,0.0,0.0,0.0,0.0,0.3149955634287935,0.19613259667424682,,
IDRiD_27_0_2048,0.030122372135860612,0.01529149410591617,,,,,,
IDRiD_27_0_2560,0.30461511818941367,0.3271949404701043,0.0,0.0,,,,
IDRiD_27_0_3072,,,0.0,0.0,,,,
IDRiD_27_0_512,0.0,0.0,0.0,0.0,,,,
IDRiD_27_1024_0,0.6383508085957139,0.657273558999867,0.0,0.0,0.0,0.0,,
IDRiD_27_1024_1024,0.0,0.0,0.0,0.0,0.5802679658811141,0.6136012364444307,,
IDRiD_27_1024_1536,0.0,0.0,0.0,0.0,0.6193849343442493,0.8405627198025725,,
IDRiD_27_1024_2048,,,0.0,0.0,0.5004372922817872,0.7041594880456766,,
IDRiD_27_1024_2560,,,0.0,0.0,,,,
IDRiD_27_1024_512,0.73085896074802,0.9999999999419616,0.0,0.0,0.4120799374767663,0.4356704438097772,,
IDRiD_27_1536_0,0.6060449228842614,0.937850392432021,0.0,0.0,,,,
IDRiD_27_1536_1024,0.3765472312668539,0.26046092442049107,0.0,0.0,0.13121185701544874,0.08224043715622294,,
IDRiD_27_1536_1536,0.0,0.0,0.0,0.0,0.5295447601556398,0.6793665725826378,,
IDRiD_27_1536_2048,,,0.0,0.0,0.0,0.0,,
IDRiD_27_1536_2560,,,0.0,0.0,,,,
IDRiD_27_1536_512,0.6673220605551153,0.6772423426052355,0.0,0.0,0.4743043725122494,0.45993942730644355,,
IDRiD_27_2048_1024,0.3095413294012867,0.379434756441405,0.0,0.0,0.7344686218742594,0.7583848908903164,,
IDRiD_27_2048_1536,0.0,0.0,0.0,0.0,0.38630352419482233,0.5171291865929736,,
IDRiD_27_2048_2048,0.614180929080338,0.9820172008614528,0.0,0.0,0.0,0.0,,
IDRiD_27_2048_512,0.0,0.0,0.0,0.0,,,,
IDRiD_27_512_1024,0.0,0.0,0.0,0.0,0.3672442705319384,0.433663366308009,,
IDRiD_27_512_1536,,,0.0,0.0,0.41476357998803065,0.6365882675882073,,
IDRiD_27_512_2048,,,0.0,0.0,0.4768061500788258,0.66415186175069,,
IDRiD_27_512_512,0.19169252804919623,0.9008301547924427,0.0,0.0,,,,
IDRiD_28_0_3072,,,,,0.0,0.0,,
IDRiD_28_1024_1536,,,0.0,0.0,0.21164232846145944,0.19534711963828114,,
IDRiD_28_1024_2048,,,0.0,0.0,0.0,0.0,,
IDRiD_28_1024_2560,0.5410981696991315,0.5366336633309152,0.0,0.0,,,,
IDRiD_28_1024_3072,0.0,0.0,0.0,0.0,,,,
IDRiD_28_1536_1536,0.587830080353896,0.9329446063459952,,,0.0,0.0,,
IDRiD_28_1536_2048,0.7707641195935692,0.850666666647763,0.0,0.0,0.0,0.0,,
IDRiD_28_1536_2560,0.6855720508459171,0.815221987306393,0.0,0.0,0.25925925923639687,0.2070422534919659,,
IDRiD_28_1536_3072,,,0.0,0.0,,,,
IDRiD_28_2048_1024,0.0,0.0,,,,,,
IDRiD_28_2048_1536,0.45045948203090297,0.9992587100815967,0.0,0.0,,,,
IDRiD_28_2048_2048,0.5466611364465644,0.7492893689170387,0.0,0.0,,,,
IDRiD_28_2048_2560,0.0,0.0,0.0,0.0,,,,
IDRiD_28_2048_3072,0.7309773957105706,0.7890034363718897,,,,,,
IDRiD_28_2048_512,0.0,0.0,,,,,,
IDRiD_28_512_1536,0.743458907819526,0.8750319447770245,,,,,,
IDRiD_28_512_2048,0.5774018512515576,0.734768480879985,0.0,0.0,0.0,0.0,,
IDRiD_28_512_2560,0.0,0.0,0.0,0.0,,,,
IDRiD_28_512_3072,0.7975596228286866,0.786221979180633,,,,,,
IDRiD_29_0_1024,,,0.0,0.0,,,,
IDRiD_29_0_1536,,,0.0,0.0,,,,
IDRiD_29_0_2560,0.0,0.0,0.0,0.0,,,,
IDRiD_29_1024_1024,,,,,0.5315677464996083,0.5536945812535126,,
IDRiD_29_1024_2048,,,0.0,0.0,,,,
IDRiD_29_1024_2560,,,0.0,0.0,,,,
IDRiD_29_1024_3072,0.0,0.0,,,,,,
IDRiD_29_1536_1024,,,0.0,0.0,0.0,0.0,,
IDRiD_29_1536_1536,,,0.0,0.0,,,,
IDRiD_29_1536_2560,,,0.0,0.0,,,,
IDRiD_29_1536_3072,0.4284621269920252,0.3510971786613732,0.0,0.0,,,,
IDRiD_29_2048_1024,,,0.0,0.0,0.0,0.0,,
IDRiD_29_2048_1536,,,0.0,0.0,,,,
IDRiD_29_2048_2560,,,0.0,0.0,0.38841567284694795,0.41758241742945695,,
IDRiD_29_2048_3072,,,0.0,0.0,,,,
IDRiD_29_512_2048,,,0.0,0.0,,,,
IDRiD_29_512_2560,,,0.0,0.0,,,,
IDRiD_29_512_3072,,,0.0,0.0,,,,
IDRiD_30_0_1024,,,0.0,0.0,,,,
IDRiD_30_0_2048,0.6878163505274099,0.8121830475681466,0.0,0.0,,,,
IDRiD_30_0_2560,0.4832832124450153,0.5259915286666927,0.0,0.0,,,0.8609123434666327,0.943997646126481
IDRiD_30_1024_1024,0.8278854212846822,0.8740370601616277,,,0.3136434918934443,0.5345211581053666,,
IDRiD_30_1024_1536,,,,,0.5899511978671809,0.7315362398469051,,
IDRiD_30_1024_2048,0.0,0.0,0.0,0.0,0.28576382867546796,0.2784724569017076,,
IDRiD_30_1024_512,0.42086019435754,0.2830701527273742,0.0,0.0,0.0,0.0,,
IDRiD_30_1536_1024,,,,,0.38943894388367883,0.2854838709562305,,
IDRiD_30_1536_1536,,,,,0.24277907883991454,0.4870790915828442,,
IDRiD_30_1536_2048,0.7239425217494034,0.9266839377998268,0.0,0.0,0.4638316527736995,0.5794085432322339,,
IDRiD_30_1536_2560,,,0.0,0.0,,,,
IDRiD_30_1536_512,0.0,0.0,0.0,0.0,0.3999148211158451,0.45715676726109267,,
IDRiD_30_2048_2048,0.8427585608226954,0.915338927114968,0.0,0.0,,,,
IDRiD_30_2048_2560,,,,,,,0.0,0.0
IDRiD_30_512_1024,0.0,0.0,,,,,,
IDRiD_30_512_2560,,,0.0,0.0,,,,
IDRiD_30_512_512,0.0,0.0,,,,,,
IDRiD_31_0_1024,,,0.0,0.0,,,,
IDRiD_31_0_1536,0.7637034933244041,0.8290427007829927,0.0,0.0,0.3628753256722211,0.4686155543246705,0.8986908358489455,0.9412619538677045
IDRiD_31_0_2048,0.6261606782376996,0.6734206527196366,0.0,0.0,0.5371721049229867,0.5230500872100293,0.7778084315338117,0.8731933219253342
IDRiD_31_0_2560,0.8453007412413136,0.828747364912744,0.0,0.0,0.40445537392731873,0.43551401867802136,0.7459484135985243,0.7307692307583368
IDRiD_31_0_3072,0.7154927413752381,0.6599829956025224,,,,,0.8597671810333181,0.980570319562048
IDRiD_31_0_512,,,0.0,0.0,,,,
IDRiD_31_1024_0,,,0.0,0.0,,,0.0,0.0
IDRiD_31_1024_1536,0.9197656257045044,0.9739020706250618,0.0,0.0,0.6785340314085375,0.7777777777644415,,
IDRiD_31_1024_2048,,,0.0,0.0,0.6114639037407609,0.6441334389521685,,
IDRiD_31_1024_2560,0.0,0.0,,,,,,
IDRiD_31_1024_3072,0.0,0.0,,,,,,
IDRiD_31_1024_512,0.33522458628445356,0.789972144802787,,,,,0.0,0.0
IDRiD_31_1536_0,0.3189640187714281,0.3801926862076018,,,,,0.0,0.0
IDRiD_31_1536_1024,0.7208525241513514,0.6641704110390386,,,0.5104787116587144,0.744530244482334,,
IDRiD_31_1536_1536,0.7602444783944975,0.7109638867145887,0.0,0.0,,,,
IDRiD_31_1536_2048,0.0,0.0,,,0.2545953360698328,0.23746161718334383,,
IDRiD_31_1536_2560,,,,,0.4289799809205917,0.5578512396233181,,
IDRiD_31_1536_512,0.7664433703587822,0.7315599201385012,0.0,0.0,0.0,0.0,0.0,0.0
IDRiD_31_2048_1024,,,0.0,0.0,,,,
IDRiD_31_2048_2048,,,,,0.34498480240539625,0.7643097640524209,,
IDRiD_31_512_0,0.7908681731669488,0.8377076575165859,,,0.0,0.0,,
IDRiD_31_512_1024,0.599902469297336,0.970592454440244,,,,,,
IDRiD_31_512_1536,0.49949606933079027,0.4076999012699013,0.0,0.0,,,,
IDRiD_31_512_2048,0.1456272259538731,0.3061564059390755,0.0,0.0,0.4473960153636003,0.4210526315512465,,
IDRiD_31_512_2560,0.0,0.0,0.0,0.0,0.43733921352122496,0.7189463508767775,,
IDRiD_31_512_3072,0.694478527602628,0.8192344805271915,,,,,0.0021267168807963957,0.0038860103625684584
IDRiD_31_512_512,0.7841543930910442,0.8132430398755293,0.0,0.0,0.0,0.0,,
IDRiD_32_0_1024,0.8557971014430739,0.9267106088994553,,,,,,
IDRiD_32_0_2048,,,0.0,0.0,,,0.0,0.0
IDRiD_32_0_2560,,,,,,,0.6251421874439863,0.8874535133990267
IDRiD_32_0_512,0.0,0.0,,,,,,
IDRiD_32_1024_2048,,,0.0,0.0,0.5583259127088902,0.8100775192751838,,
IDRiD_32_1024_2560,0.0,0.0,,,0.6272394881161828,0.7930590410751781,,
IDRiD_32_1024_3072,0.0,0.0,0.0,0.0,0.6727060343962215,0.8614850886378895,,
IDRiD_32_1536_0,0.226289517469313,0.16892661215020258,,,,,,
IDRiD_32_1536_1024,,,,,0.0,0.0,,
IDRiD_32_1536_2048,,,,,0.11287671232567462,0.7984496120936241,,
IDRiD_32_1536_2560,,,,,0.405846947545079,0.5148622852327553,,
IDRiD_32_1536_3072,,,,,0.6054371785362904,0.828307197393313,,
IDRiD_32_1536_512,0.11786624828339935,0.9999999999168052,,,,,,
IDRiD_32_2048_0,0.0,0.0,,,,,,
IDRiD_32_2048_1024,0.7458359312355353,0.6780436454889751,,,,,0.0,0.0
IDRiD_32_2048_1536,0.0,0.0,0.0,0.0,,,,
IDRiD_32_2048_2048,0.6281208935404691,0.5153638813738348,,,,,0.6977939432248842,0.6609496704564038
IDRiD_32_2048_2560,0.6919529509265145,0.8352514385684857,,,,,,
IDRiD_32_2048_3072,0.5623908402762975,0.4023882254817443,0.0,0.0,,,,
IDRiD_32_2048_512,0.8347903065130309,0.9898963390501261,,,,,0.8561503882217393,0.9983321419824082
IDRiD_32_512_1024,0.6801541425163627,0.5160818712695787,,,,,,
IDRiD_32_512_2048,,,,,0.16237850199185944,0.9999999992957747,,
IDRiD_32_512_2560,,,0.0,0.0,0.506409946299132,0.6279544091106424,0.8330076657084547,0.9434797412164883
IDRiD_32_512_3072,,,,,0.5461158257899271,0.5859515709308395,,
IDRiD_32_512_512,0.0,0.0,,,,,,
IDRiD_33_0_1024,0.7333186522630848,0.7176724137621694,,,0.0,0.0,,
IDRiD_33_0_1536,0.70331753554132,0.7839868513643579,0.0,0.0,,,,
IDRiD_33_0_2048,0.0,0.0,0.0,0.0,,,,
IDRiD_33_0_2560,0.6706322454420026,0.8349626411216386,0.0,0.0,,,,
IDRiD_33_0_3072,0.30369931613642936,0.8859566446470011,0.0,0.0,,,,
IDRiD_33_1024_0,0.5553961837689498,0.8931292374299774,,,0.0,0.0,,
IDRiD_33_1024_1024,0.7821773854494982,0.9202769534931696,0.0,0.0,0.0,0.0,,
IDRiD_33_1024_1536,0.5434496379174479,0.8657577346504227,0.0,0.0,0.20221709694068732,0.37243080294950864,,
IDRiD_33_1024_2048,0.382346515182948,0.6512354867423157,0.0,0.0,0.35105474140532916,0.4125733703983229,,
IDRiD_33_1024_2560,0.6148467914917904,0.7525445704975523,0.0,0.0,0.2505637684727997,0.18402649980920036,,
IDRiD_33_1024_3072,0.7738533438091446,0.8978837756087246,0.0,0.0,0.0,0.0,,
IDRiD_33_1024_3584,,,0.0,0.0,,,,
IDRiD_33_1024_512,0.7838396078301786,0.8161849047899966,,,0.0,0.0,,
IDRiD_33_1536_0,,,0.0,0.0,0.0,0.0,,
IDRiD_33_1536_1024,0.6884019240973981,0.61216730036859,0.0,0.0,0.06962025316272098,0.05344129554439509,,
IDRiD_33_1536_1536,0.6644375447761767,0.8182352941016032,0.0,0.0,0.30442523993440557,0.5164284661777453,,
IDRiD_33_1536_2048,0.0,0.0,0.0,0.0,0.32206759443233246,0.3866656058526003,,
IDRiD_33_1536_2560,0.5005624296822114,0.3931095406186789,0.0,0.0,0.25479696563465426,0.18496922577956046,,
IDRiD_33_1536_3072,0.5119448578346051,0.5644701614943909,0.0,0.0,,,,
IDRiD_33_1536_3584,0.5814905814667695,0.5474171163803071,,,,,,
IDRiD_33_1536_512,0.7773915316247029,0.831413875997005,,,0.0,0.0,,
IDRiD_33_2048_1024,,,0.0,0.0,0.6260257912513452,0.6528117357817086,,
IDRiD_33_2048_1536,0.41030358785378956,0.5207673060797203,0.0,0.0,0.0,0.0,,
IDRiD_33_2048_2048,0.29437510130824485,0.26705882352155713,0.0,0.0,0.30691150687318025,0.4283322601361451,,
IDRiD_33_2048_2560,0.5944377267159076,0.9995933305815539,0.0,0.0,0.3626666666344296,0.3445945945363861,,
IDRiD_33_2048_3072,0.07939189188518649,0.08483754511104016,0.0,0.0,,,,
IDRiD_33_2048_512,0.6683810748370874,0.7112811676428579,0.0,0.0,0.13085621969863842,0.15027829310755506,0.6305602716432905,0.9999999999820499
IDRiD_33_512_0,0.7233522604706148,0.7904492616903794,,,,,,
IDRiD_33_512_1536,0.8240335684277116,0.9591603449967872,0.0,0.0,0.2566076469012931,0.29325513194760966,,
IDRiD_33_512_2048,0.7314639081953074,0.7892267216339222,0.0,0.0,0.41801801801299676,0.44615384614240633,,
IDRiD_33_512_2560,0.5474402730363372,0.7302473124553237,0.0,0.0,0.0,0.0,,
IDRiD_33_512_3072,0.3782575445592196,0.399329275861392,0.0,0.0,,,,
IDRiD_33_512_512,0.5141871339696091,0.43434575854859375,0.0,0.0,,,,
IDRiD_34_0_1024,0.6196972675422854,0.9639187866809698,0.0,0.0,0.0,0.0,,
IDRiD_34_0_1536,,,0.0,0.0,,,,
IDRiD_34_0_2048,0.5497973520640378,0.41543487137267915,,,,,,
IDRiD_34_0_2560,0.0,0.0,,,0.36846908509732523,0.25195007799918956,,
IDRiD_34_0_3072,,,0.0,0.0,0.0,0.0,,
IDRiD_34_0_512,0.5084814216375508,0.42219986584767943,,,,,,
IDRiD_34_1024_1024,,,,,0.0016666666665277777,0.0021598272133564085,,
IDRiD_34_1024_1536,,,0.0,0.0,0.0,0.0,,
IDRiD_34_1024_2048,,,0.0,0.0,,,,
IDRiD_34_1024_3072,0.8474213722463836,0.8770622005967692,0.0,0.0,0.7326575233406349,0.8788745826953327,,
IDRiD_34_1024_3584,0.7517988972958051,0.6234984112173642,,,,,,
IDRiD_34_1024_512,,,,,0.0,0.0,,
IDRiD_34_1536_0,0.5135972461251567,0.41609147318959705,,,,,,
IDRiD_34_1536_1024,0.0,0.0,0.0,0.0,0.0,0.0,,
IDRiD_34_1536_1536,0.7743060601544208,0.6903342834752441,0.0,0.0,0.0,0.0,,
IDRiD_34_1536_2048,0.5854568054631711,0.5385934819794437,0.0,0.0,,,,
IDRiD_34_1536_3072,0.8278717230327848,0.7999564912600615,,,0.3209363790764407,0.4885057470983617,,
IDRiD_34_1536_3584,0.6963210702108255,0.6271084336971621,,,,,,
IDRiD_34_1536_512,0.7142996322177529,0.7249826955386013,0.0,0.0,,,,
IDRiD_34_2048_0,0.0,0.0,,,,,,
IDRiD_34_2048_1024,0.654816513723921,0.9999999998248688,0.0,0.0,0.37196765497219997,0.6870554764314288,,
IDRiD_34_2048_1536,0.8374489252070874,0.8417189111941841,,,0.31461637375419566,0.30970464132407555,,
IDRiD_34_2048_2048,0.6309462476332565,0.6446745042876878,0.0,0.0,0.0,0.0,,
IDRiD_34_2048_2560,0.6906122009035066,0.6471241731018172,,,,,,
IDRiD_34_2048_3072,,,,,0.578254847635418,0.8162267839288256,,
IDRiD_34_2048_512,0.8082379126309076,0.7529352985223435,0.0,0.0,0.0,0.0,,
IDRiD_34_512_1024,0.806196960725384,0.8158940103397264,0.0,0.0,0.0,0.0,,
IDRiD_34_512_1536,0.0,0.0,0.0,0.0,0.27878211226076205,0.8300283283767624,,
IDRiD_34_512_2560,0.0,0.0,,,0.0,0.0,,
IDRiD_34_512_3072,0.4486811177829789,0.29096944651249257,0.0,0.0,0.0,0.0,,
IDRiD_34_512_3584,0.0,0.0,,,,,,
IDRiD_34_512_512,0.583857946582344,0.6763252253092532,0.0,0.0,,,,
IDRiD_35_0_1024,,,0.0,0.0,0.0,0.0,,
IDRiD_35_0_1536,0.29028340080824755,0.2635060639446572,,,0.0,0.0,0.0,0.0
IDRiD_35_0_2048,0.7245521549639816,0.6216290647164037,0.0,0.0,,,0.0,0.0
IDRiD_35_0_2560,0.5727268830086478,0.798469997599827,,,,,,
IDRiD_35_1024_0,0.6867288776790046,0.8425378122116925,,,,,,
IDRiD_35_1024_1024,0.10955367023224225,0.99999999997595,,,,,,
IDRiD_35_1024_1536,0.2323512272769193,0.7199224942688046,,,0.0,0.0,0.1613652608992015,0.08776363106144655
IDRiD_35_1024_2048,0.7367265047487361,0.8956557461138372,0.0,0.0,0.5689514594755424,0.8587955365863242,,
IDRiD_35_1024_2560,0.4187346489363619,0.32299370214460765,0.0,0.0,0.5219692959145585,0.6243140565375976,,
IDRiD_35_1024_3072,0.8938471782520544,0.8528120193467537,,,,,,
IDRiD_35_1024_512,0.7419457735199876,0.9787914492344927,0.0,0.0,,,,
IDRiD_35_1536_0,0.0,0.0,,,,,,
IDRiD_35_1536_1024,,,0.0,0.0,,,,
IDRiD_35_1536_1536,,,0.0,0.0,,,,
IDRiD_35_1536_2048,,,0.0,0.0,0.45757997217722424,0.5140624999839356,,
IDRiD_35_1536_2560,0.0,0.0,0.0,0.0,0.16783216780282656,0.10234541575642954,,
IDRiD_35_1536_3072,0.5956046216604457,0.7772359178525469,,,,,,
IDRiD_35_1536_512,0.7980753432676961,0.7614888470807064,,,,,,
IDRiD_35_2048_1024,,,,,,,0.8868419881596278,0.8040829500459608
IDRiD_35_2048_2048,0.8310230108065496,0.9512853062368886,0.0,0.0,0.5115712545052897,0.6325301202914065,,
IDRiD_35_2048_512,0.45154333901887483,0.8808312927677476,,,,,0.8368679205305872,0.8090884279420777
IDRiD_35_512_0,0.0,0.0,,,,,,
IDRiD_35_512_1024,,,0.0,0.0,,,,
IDRiD_35_512_1536,0.6919928638819184,0.6020818115302761,,,0.0,0.0,0.7950875596817129,0.659871649654214
IDRiD_35_512_2048,0.7711644791363496,0.769058530561096,0.0,0.0,0.0,0.0,0.0,0.0
IDRiD_35_512_2560,0.5646186440603203,0.7256637167894601,0.0,0.0,,,,
IDRiD_35_512_512,0.1673243883166624,0.1759822910853353,0.0,0.0,,,,
IDRiD_36_0_1024,,,0.0,0.0,,,,
IDRiD_36_0_1536,0.5902777777717496,0.8056872037690079,0.0,0.0,0.3627152988781618,0.504509582835146,,
IDRiD_36_1024_1024,,,0.0,0.0,0.0,0.0,,
IDRiD_36_1024_1536,0.6888664648387341,0.9985372988299105,0.0,0.0,0.0,0.0,,
IDRiD_36_1024_2048,,,0.0,0.0,,,,
IDRiD_36_1024_3584,0.2244571428520124,0.13230935057579335,,,,,,
IDRiD_36_1024_512,0.5487210718468721,0.5025097601504456,0.0,0.0,,,,
IDRiD_36_1536_1024,,,0.0,0.0,0.0,0.0,,
IDRiD_36_1536_1536,0.6410297753395651,0.8571941928930775,,,,,,
IDRiD_36_1536_2048,0.0,0.0,,,,,,
IDRiD_36_1536_3584,0.0,0.0,,,,,,
IDRiD_36_1536_512,0.0,0.0,0.0,0.0,0.0,0.0,,
IDRiD_36_2048_1024,,,0.0,0.0,0.38350515461940693,0.6305084744694054,,
IDRiD_36_2048_1536,,,0.0,0.0,,,,
IDRiD_36_2048_3072,0.7700737708396869,0.7208893856503896,,,,,,
IDRiD_36_2048_512,0.6862534336476023,0.620652408714179,0.0,0.0,,,,
IDRiD_36_512_1024,,,0.0,0.0,,,,
IDRiD_36_512_1536,,,0.0,0.0,0.17435402076372003,0.29089443994432757,,
IDRiD_36_512_2048,,,0.0,0.0,0.0,0.0,,
IDRiD_37_0_1024,0.5466395371000615,0.3999534775510586,,,0.0,0.0,,
IDRiD_37_0_1536,,,0.0,0.0,,,,
IDRiD_37_0_2048,,,0.0,0.0,0.0,0.0,,
IDRiD_37_1024_1024,,,0.0,0.0,,,,
IDRiD_37_1024_1536,0.19610476828770282,0.12268907561994209,0.0,0.0,0.5764408725576282,0.7166837958123022,,
IDRiD_37_1024_2048,,,0.0,0.0,0.6245592281139823,0.7326363636297033,,
IDRiD_37_1024_2560,,,0.0,0.0,0.0,0.0,,
IDRiD_37_1024_3072,,,0.0,0.0,,,,
IDRiD_37_1536_1536,,,0.0,0.0,,,,
IDRiD_37_1536_2048,0.07347109162983313,0.48565121410123335,,,0.0,0.0,,
IDRiD_37_1536_2560,,,0.0,0.0,0.0,0.0,,
IDRiD_37_1536_3072,0.5475475475338452,0.9414802064594251,0.0,0.0,0.0,0.0,,
IDRiD_37_1536_512,0.08186309103644009,0.05677924620563258,,,,,,
IDRiD_37_2048_3072,,,0.0,0.0,,,,
IDRiD_37_2048_512,0.7285004792161344,0.9589402454299926,,,,,,
IDRiD_37_512_1536,0.0,0.0,,,0.16233766233239164,0.19186492707660283,,
IDRiD_37_512_2048,0.04008856776552746,0.02045427518111007,0.0,0.0,0.5423137323234634,0.44770959376411096,,
IDRiD_37_512_2560,,,0.0,0.0,0.0,0.0,,
IDRiD_38_0_2048,,,0.0,0.0,,,,
IDRiD_38_0_2560,,,0.0,0.0,,,,
IDRiD_38_0_512,,,,,0.0,0.0,,
IDRiD_38_1024_1024,,,0.0,0.0,0.0,0.0,,
IDRiD_38_1024_1536,0.5683139534677212,0.5199468084760673,0.0,0.0,,,,
IDRiD_38_1024_2048,,,0.0,0.0,,,,
IDRiD_38_1024_3072,,,0.0,0.0,,,,
IDRiD_38_1536_1024,,,0.0,0.0,0.0,0.0,,
IDRiD_38_1536_1536,,,0.0,0.0,0.4148255027467325,0.38753159224283856,,
IDRiD_38_1536_2048,,,0.0,0.0,0.0,0.0,,
IDRiD_38_1536_2560,,,0.0,0.0,,,,
IDRiD_38_1536_3072,,,,,,,0.6010698938823023,0.6509021842231548
IDRiD_38_2048_1024,,,0.0,0.0,0.0,0.0,,
IDRiD_38_2048_1536,,,0.0,0.0,0.0,0.0,,
IDRiD_38_2048_2048,0.5313971742491032,0.8026081801777531,,,,,,
IDRiD_38_512_1024,,,0.0,0.0,0.2467631378334529,0.36160714277642697,,
IDRiD_38_512_1536,,,0.0,0.0,0.0,0.0,,
IDRiD_38_512_2560,0.670830730782779,0.9826166513731649,0.0,0.0,0.0,0.0,,
IDRiD_38_512_3072,,,0.0,0.0,,,0.8994826842904889,0.9447588861146724
IDRiD_39_0_1024,0.22604304436424139,0.5845771143915064,0.0,0.0,,,0.5176266136976462,0.6807051909670028
IDRiD_39_0_1536,0.0,0.0,0.0,0.0,0.0,0.0,,
IDRiD_39_0_2048,0.42713230355465487,0.41334488733939895,0.0,0.0,,,,
IDRiD_39_0_2560,0.6026077937461057,0.9396407323921929,,,,,0.7661583151640131,0.9882903980801738
IDRiD_39_0_3072,0.8921634293169868,0.9186206896129371,,,,,,
IDRiD_39_0_512,0.6075388026383024,0.8130563797415374,0.0,0.0,0.07455976020911802,0.5677603422870527,0.0,0.0
IDRiD_39_1024_0,0.7671843764357436,0.9993990384415185,0.0,0.0,,,,
IDRiD_39_1024_1024,0.48678532901177474,0.8817782119745101,0.0,0.0,0.0,0.0,,
IDRiD_39_1024_1536,0.1534320322988992,0.1015364061433637,0.0,0.0,0.08981748318708412,0.16637010674676422,,
IDRiD_39_1024_2048,0.5221165770925783,0.8339385935677142,0.0,0.0,0.34222045362744846,0.5341614906168743,,
IDRiD_39_1024_3072,0.0,0.0,0.0,0.0,0.0,0.0,,
IDRiD_39_1024_3584,0.6159180977517507,0.9056695398700294,,,0.3726027396919997,0.2289562289305324,,
IDRiD_39_1024_512,0.3955896595366491,0.6704545454376148,0.0,0.0,0.0,0.0,,
IDRiD_39_1536_0,,,0.0,0.0,,,,
IDRiD_39_1536_1024,0.5890284203543114,0.6332543818035693,0.0,0.0,0.0,0.0,,
IDRiD_39_1536_1536,0.23821837563861828,0.9495161968468863,0.0,0.0,0.2149837133520042,0.4459459459197446,,
IDRiD_39_1536_2048,0.3884060250899107,0.8488911810065517,0.0,0.0,,,,
IDRiD_39_1536_2560,0.4838559814113373,0.634094368321641,0.0,0.0,,,,
IDRiD_39_1536_3072,0.7041811846669449,0.6465131157994961,0.0,0.0,0.0,0.0,,
IDRiD_39_1536_512,0.44582159623575923,0.3626642224148285,0.0,0.0,,,,
IDRiD_39_2048_0,0.0,0.0,,,,,,
IDRiD_39_2048_1024,0.5258031088055658,0.8442595673736396,0.0,0.0,0.3276583868221092,0.7598705501126297,0.0,0.0
IDRiD_39_2048_1536,0.16396950648546227,0.4154523890065926,0.0,0.0,0.0,0.0,,
IDRiD_39_2048_2048,0.4494804729447377,0.5468613774946194,0.0,0.0,,,,
IDRiD_39_2048_2560,0.751239972036964,0.695577130526443,0.0,0.0,,,,
IDRiD_39_2048_3072,0.33575635577362306,0.5657307958007303,,,,,0.8297779459246536,0.9589667698038546
IDRiD_39_2048_512,0.6199485308655865,0.8817472447841544,0.0,0.0,0.0,0.0,0.5935388513450851,0.4576685118779279
IDRiD_39_512_0,,,0.0,0.0,,,,
IDRiD_39_512_1024,0.5519281914875268,0.7330448604668576,0.0,0.0,0.16661878769989605,0.1061493411381351,,
IDRiD_39_512_1536,0.557243189383564,0.6273254541440834,0.0,0.0,0.5325983653196618,0.499465240623905,,
IDRiD_39_512_2048,0.5304804943232455,0.6089349989284579,0.0,0.0,0.2442151657793828,0.6329179646608039,,
IDRiD_39_512_2560,0.23643147896478237,0.37513455326290984,0.0,0.0,,,0.8835489833408094,0.9946492270514476
IDRiD_39_512_512,0.5832977906654299,0.7606229143408162,0.0,0.0,0.0,0.0,,
IDRiD_40_0_1024,0.613384078635795,0.6070307595350263,0.0,0.0,,,,
IDRiD_40_0_1536,0.0,0.0,0.0,0.0,,,,
IDRiD_40_0_2048,,,0.0,0.0,0.46305070362447454,0.543763494427109,,
IDRiD_40_1024_0,,,0.0,0.0,0.0,0.0,,
IDRiD_40_1024_2048,,,0.0,0.0,0.0,0.0,,
IDRiD_40_1024_2560,,,0.0,0.0,0.0,0.0,,
IDRiD_40_1024_3072,,,0.0,0.0,,,,
IDRiD_40_1536_1536,,,,,0.0,0.0,,
IDRiD_40_1536_2048,,,0.0,0.0,0.0,0.0,,
IDRiD_40_1536_2560,,,0.0,0.0,,,,
IDRiD_40_1536_3072,,,0.0,0.0,,,,
IDRiD_40_1536_512,,,,,0.0,0.0,,
IDRiD_40_2048_1024,,,0.0,0.0,,,,
IDRiD_40_2048_1536,0.0,0.0,0.0,0.0,,,,
IDRiD_40_2048_2048,,,0.0,0.0,0.0,0.0,,
IDRiD_40_2048_2560,,,0.0,0.0,,,,
IDRiD_40_2048_3072,,,0.0,0.0,,,,
IDRiD_40_2048_512,,,0.0,0.0,,,,
IDRiD_40_512_1536,,,0.0,0.0,,,,
IDRiD_40_512_2048,,,,,0.0,0.0,,
IDRiD_40_512_2560,,,0.0,0.0,0.0,0.0,,
IDRiD_41_0_3072,,,0.0,0.0,,,,
IDRiD_41_1024_1024,0.6454308093657738,0.48546739980475506,0.0,0.0,,,,
IDRiD_41_1024_1536,,,0.0,0.0,0.0,0.0,,
IDRiD_41_1024_2048,,,,,0.4309410968105799,0.5762788591862256,,
IDRiD_41_1024_512,,,,,0.0,0.0,,
IDRiD_41_1536_1024,,,,,0.09465648853516695,0.06724511929127004,,
IDRiD_41_1536_3072,0.624139513509677,0.47954866005080754,0.0,0.0,,,,
IDRiD_41_1536_3584,0.0,0.0,,,,,,
IDRiD_41_1536_512,,,,,0.0,0.0,,
IDRiD_41_2048_1024,0.0,0.0,0.0,0.0,,,,
IDRiD_41_2048_2048,,,0.0,0.0,,,,
IDRiD_41_2048_2560,,,0.0,0.0,,,,
IDRiD_41_512_1536,,,0.0,0.0,0.5829652996477624,0.9829787231951108,,
IDRiD_41_512_2048,,,,,0.0,0.0,,
IDRiD_41_512_3072,,,,,0.0,0.0,,
IDRiD_42_0_1024,,,,,0.0,0.0,,
IDRiD_42_0_512,0.0,0.0,0.0,0.0,,,,
IDRiD_42_1024_0,,,0.0,0.0,0.37983836664441006,0.412661737504036,,
IDRiD_42_1024_1536,,,0.0,0.0,,,,
IDRiD_42_1024_2048,,,,,0.4946775203429136,0.6242591860677891,,
IDRiD_42_1024_2560,,,,,0.4725207245895569,0.7660527625493765,,
IDRiD_42_1024_3072,,,,,0.0,0.0,,
IDRiD_42_1024_512,,,,,0.0,0.0,,
IDRiD_42_1536_0,0.6227795192987053,0.7385377942083596,,,,,,
IDRiD_42_1536_1536,,,0.0,0.0,,,,
IDRiD_42_1536_2048,,,0.0,0.0,0.16849816848788166,0.107896794362166,,
IDRiD_42_1536_2560,,,,,0.0,0.0,,
IDRiD_42_2048_1536,,,0.0,0.0,,,,
IDRiD_42_2048_2048,,,,,0.0,0.0,,
IDRiD_42_2048_2560,,,0.0,0.0,0.0,0.0,,
IDRiD_42_512_1536,,,0.0,0.0,,,,
IDRiD_42_512_2048,,,0.0,0.0,,,,
IDRiD_42_512_2560,,,,,0.5266134397849026,0.5870572964900143,,
IDRiD_42_512_3072,,,,,0.0,0.0,,
IDRiD_42_512_512,0.2986383567897845,0.2075048107694835,,,0.0,0.0,,
IDRiD_43_1024_2048,,,,,0.7524703920732843,0.7667399560225527,,
IDRiD_43_1024_2560,,,0.0,0.0,0.6031970296857132,0.7522537288938196,,
IDRiD_43_1024_3072,,,,,0.0,0.0,,
IDRiD_43_1024_3584,,,,,0.0,0.0,,
IDRiD_43_1536_2048,,,,,0.6023629672554259,0.8231868713169302,,
IDRiD_43_1536_2560,,,,,0.6658102089728254,0.8350161116988719,,
IDRiD_43_512_2048,,,,,0.5664306538824151,0.6917599185812939,,
IDRiD_43_512_2560,,,,,0.0,0.0,,
IDRiD_43_512_3072,,,,,0.0,0.0,,
IDRiD_44_0_1024,,,0.0,0.0,,,,
IDRiD_44_0_2560,,,,,0.6031448895431833,0.7253489418853963,,
IDRiD_44_0_3072,,,,,0.0,0.0,,
IDRiD_44_0_512,,,,,0.38388360378377817,0.3263558515388814,,
IDRiD_44_1024_0,,,,,0.0,0.0,,
IDRiD_44_1024_1024,,,0.0,0.0,0.0,0.0,,
IDRiD_44_1024_1536,,,,,0.0,0.0,,
IDRiD_44_1024_3072,,,,,0.5746753246286789,0.781456953469877,,
IDRiD_44_1024_512,,,,,0.0,0.0,,
IDRiD_44_1536_1024,0.6537671232764766,0.7336664104253011,,,0.41703729044787824,0.4036423840925946,,
IDRiD_44_1536_1536,,,,,0.0,0.0,,
IDRiD_44_1536_2560,,,,,0.0,0.0,,
IDRiD_44_1536_3072,,,,,0.0,0.0,,
IDRiD_44_1536_512,,,0.0,0.0,0.0,0.0,,
IDRiD_44_2048_1024,,,,,0.0,0.0,,
IDRiD_44_2048_1536,0.5869776481878771,0.5045948203632166,,,0.4793114862469609,0.5284671532460973,,
IDRiD_44_2048_512,,,0.0,0.0,0.4465176129942281,0.46939465674141134,,
IDRiD_44_512_1024,,,0.0,0.0,,,,
IDRiD_44_512_1536,0.0,0.0,0.0,0.0,,,,
IDRiD_44_512_2048,,,,,0.7581376184277653,0.6497175140784097,,
IDRiD_44_512_2560,,,0.0,0.0,0.0,0.0,,
IDRiD_44_512_512,,,0.0,0.0,,,,
IDRiD_45_0_1024,,,0.0,0.0,0.09782608695243203,0.062003179646952664,,
IDRiD_45_0_1536,0.77992064860866,0.8904908217057395,0.0,0.0,0.524671999998321,0.7034494594070408,,
IDRiD_45_0_2048,,,,,0.0,0.0,,
IDRiD_45_0_2560,,,,,0.6212672978652124,0.9456762748397255,,
IDRiD_45_0_512,,,,,0.0,0.0,,
IDRiD_45_1024_1024,0.0,0.0,0.0,0.0,0.0,0.0,,
IDRiD_45_1024_2560,,,,,0.3181126331730565,0.2898751733569175,,
IDRiD_45_1024_512,,,,,0.6526585053781718,0.6530164533582078,,
IDRiD_45_1536_0,,,0.0,0.0,,,,
IDRiD_45_1536_1024,,,0.0,0.0,0.34745762710944234,0.28521739129194706,,
IDRiD_45_1536_1536,,,,,0.4077551020324948,0.5932304037652476,,
IDRiD_45_1536_2048,,,0.0,0.0,,,,
IDRiD_45_1536_2560,,,,,0.0,0.0,,
IDRiD_45_1536_3072,,,,,0.25125628128077576,0.1953124998474121,,
IDRiD_45_1536_512,,,0.0,0.0,0.451083325375097,0.3832306195202201,,
IDRiD_45_2048_1024,0.0,0.0,0.0,0.0,0.0,0.0,,
IDRiD_45_2048_1536,,,0.0,0.0,,,,
IDRiD_45_2048_2560,,,,,0.0,0.0,,
IDRiD_45_2048_512,,,,,0.568233443995421,0.6911061523675368,,
IDRiD_45_512_1024,,,0.0,0.0,0.0,0.0,,
IDRiD_45_512_1536,,,,,0.0,0.0,,
IDRiD_45_512_2560,,,,,0.0,0.0,,
IDRiD_45_512_512,,,,,0.11652542371646978,0.06857855360740917,,
IDRiD_46_0_1024,,,0.0,0.0,,,,
IDRiD_46_0_1536,0.0,0.0,,,,,,
IDRiD_46_1024_1024,0.5966107468228169,0.8529340150754094,0.0,0.0,0.0,0.0,,
IDRiD_46_1024_1536,0.6882487389645959,0.7285279272484523,0.0,0.0,0.5709795116458856,0.650175775003834,,
IDRiD_46_1024_2048,0.8053241211108673,0.740378627470791,0.0,0.0,0.0,0.0,,
IDRiD_46_1536_1024,0.5347296600399273,0.807766059434231,0.0,0.0,,,,
IDRiD_46_1536_1536,0.6455026454836713,0.5709828392838803,0.0,0.0,0.0,0.0,,
IDRiD_46_1536_2048,0.7472628335360436,0.8558342093278896,0.0,0.0,,,,
IDRiD_46_1536_512,0.849668670053746,0.8234020310571729,,,,,,
IDRiD_46_2048_1024,0.79432524788416,0.8229302689973508,0.0,0.0,,,0.6583705272688616,0.6771708683420699
IDRiD_46_2048_1536,0.6219222213651766,0.7149911816452382,0.0,0.0,,,,
IDRiD_46_2048_2048,0.0908857509604394,0.06201822003987323,0.0,0.0,0.0,0.0,0.8551833813693709,0.8593687574824274
IDRiD_46_2048_2560,,,,,,,0.0,0.0
IDRiD_46_2048_3072,0.5940010167737977,0.8795543510858242,0.0,0.0,,,0.5555049857232177,0.4093043107102658
IDRiD_46_2048_512,0.8182063992771108,0.936214097865538,0.0,0.0,0.0,0.0,0.956470115763726,0.9792277440079398
IDRiD_46_512_1024,0.7584028428964098,0.8956633247738905,0.0,0.0,,,,
IDRiD_46_512_1536,0.8081861022749768,0.8052762568415288,0.0,0.0,0.28646311099087324,0.2848579619420157,0.8559368007037771,0.9962116727793054
IDRiD_46_512_2048,0.4917553407481784,0.46440625958170595,0.0,0.0,0.0,0.0,0.7136861739291578,0.9952853194440695
IDRiD_47_0_1024,0.0,0.0,,,0.38245219345430526,0.3041144901338001,,
IDRiD_47_0_1536,,,,,0.418986150326617,0.48679893765838467,,
IDRiD_47_0_2048,,,0.0,0.0,0.0,0.0,,
IDRiD_47_0_2560,0.5659728195326686,0.6103896103669615,0.0,0.0,,,0.8717444463121556,0.9978673617458077
IDRiD_47_0_512,,,,,0.0,0.0,,
IDRiD_47_1024_0,,,,,0.6950819672027558,0.9264998013140048,,
IDRiD_47_1024_1024,0.0,0.0,,,,,,
IDRiD_47_1024_2048,,,0.0,0.0,0.032142593549280125,0.6248206599264834,,
IDRiD_47_1024_3072,0.0,0.0,,,,,,
IDRiD_47_1024_3584,,,0.0,0.0,,,,
IDRiD_47_1024_512,,,0.0,0.0,0.571265791427864,0.770634231098238,,
IDRiD_47_1536_0,,,0.0,0.0,,,,
IDRiD_47_1536_1024,,,,,0.2432352066583087,0.30244022676109344,,
IDRiD_47_1536_1536,,,,,0.0,0.0,,
IDRiD_47_1536_3072,0.7345433509265509,0.867908407374676,,,,,,
IDRiD_47_1536_512,,,0.0,0.0,,,,
IDRiD_47_2048_0,,,,,0.0,0.0,,
IDRiD_47_2048_1536,0.19801365611267835,0.6984126983744711,,,,,,
IDRiD_47_2048_2048,0.0,0.0,,,,,,
IDRiD_47_2048_2560,0.20852858481235875,0.838041431103947,0.0,0.0,,,,
IDRiD_47_2048_512,,,,,0.4747601167928761,0.9726495724833079,,
IDRiD_47_512_0,,,,,0.0,0.0,,
IDRiD_47_512_1024,,,0.0,0.0,,,,
IDRiD_47_512_1536,,,0.0,0.0,,,,
IDRiD_47_512_2048,,,,,0.5266489007240731,0.6313897763326123,,
IDRiD_47_512_2560,,,,,0.5574439156909712,0.9318181817475895,,
IDRiD_47_512_512,,,0.0,0.0,0.37737941230128663,0.43763394768805686,,
IDRiD_48_0_1536,,,0.0,0.0,,,,
IDRiD_48_0_2048,0.5582980926876745,0.5842138535122892,0.0,0.0,0.0,0.0,,
IDRiD_48_0_2560,0.0,0.0,0.0,0.0,0.5318102949643448,0.5559250302213433,,
IDRiD_48_0_3072,,,0.0,0.0,,,,
IDRiD_48_1024_0,0.01989528795776797,0.07938718661846976,0.0,0.0,,,,
IDRiD_48_1024_1024,0.0,0.0,0.0,0.0,0.006546644843445721,0.0035778175306658646,0.8703209205202934,0.9872776339649321
IDRiD_48_1024_1536,0.05529583270469363,0.21929824560529115,,,0.2274193548203694,0.2925311202712591,,
IDRiD_48_1024_2048,0.08627558194015335,0.26061821613661373,0.0,0.0,0.7299286603967278,0.8368168246029233,,
IDRiD_48_1024_2560,0.2974148963322904,0.22607003890170935,0.0,0.0,0.6578404930617888,0.767283862014336,,
IDRiD_48_1024_3072,0.2851463679049047,0.17903335602247522,0.0,0.0,0.6193548387064287,0.7654609101417676,,
IDRiD_48_1024_512,0.3322314049495253,0.20419911953253644,,,,,,
IDRiD_48_1536_1024,,,,,0.3721993598502771,0.33404464871414896,0.6839041559403831,0.9821150854983626
IDRiD_48_1536_1536,0.5139607031925036,0.7197682838001616,0.0,0.0,0.5970737197511916,0.7735652536153861,,
IDRiD_48_1536_2048,,,,,0.559827969528156,0.5757984705309956,,
IDRiD_48_1536_2560,0.41047659939447745,0.9927310487542714,0.0,0.0,0.6090496368029524,0.8479268498194508,,
IDRiD_48_1536_3072,0.6403188152884186,0.5872658852001069,0.0,0.0,0.0,0.0,0.8841052631532416,0.9249999999898127
IDRiD_48_1536_512,0.0,0.0,0.0,0.0,0.7312864754952731,0.8712212816885597,,
IDRiD_48_2048_1024,,,0.0,0.0,0.7350282485771888,0.7621558289173358,0.689127241974769,0.6296868645739757
IDRiD_48_2048_1536,,,,,0.2991840435041168,0.45769764210018066,,
IDRiD_48_2048_2048,0.28749028746794947,0.2329974810789676,0.0,0.0,0.450948509472874,0.7068819030835274,,
IDRiD_48_2048_2560,0.6372946447587087,0.886350148354802,0.0,0.0,0.6310160427629886,0.9483925549113035,,
IDRiD_48_2048_3072,0.0,0.0,0.0,0.0,,,,
IDRiD_48_2048_512,0.8537736708752915,0.8206727400111399,,,0.20155902003332077,0.13901689707073603,,
IDRiD_48_512_1024,0.0,0.0,0.0,0.0,0.0,0.0,0.0,0.0
IDRiD_48_512_1536,0.0,0.0,0.0,0.0,0.5069315125076157,0.8554469273145637,0.6235516033395504,0.6364914425388967
IDRiD_48_512_2048,0.0,0.0,0.0,0.0,0.49806338988462695,0.8448228000291956,,
IDRiD_48_512_2560,0.5709501090063795,0.5565137049549953,0.0,0.0,0.3245814977944971,0.7430415489817249,,
IDRiD_48_512_3072,0.46748159653901883,0.6223700773130306,0.0,0.0,0.0,0.0,,
IDRiD_48_512_512,,,0.0,0.0,,,,
IDRiD_49_0_1024,0.0,0.0,0.0,0.0,0.4118335283233857,0.37954405420888654,,
IDRiD_49_0_1536,0.0,0.0,0.0,0.0,0.46008309363719985,0.6015376901119582,0.7417840375199903,0.5895522387570852
IDRiD_49_0_2048,0.0,0.0,0.0,0.0,0.0,0.0,,
IDRiD_49_0_2560,0.15322742810872256,0.20831055220293546,0.0,0.0,0.0,0.0,,
IDRiD_49_0_3072,0.49349640845479525,0.8296344646978044,0.0,0.0,0.0,0.0,,
IDRiD_49_0_512,0.0,0.0,,,0.3737244897720839,0.5140350876291166,,
IDRiD_49_1024_1024,0.3424484644365819,0.4293248944694805,0.0,0.0,0.5735428546542168,0.6860356138670934,,
IDRiD_49_1024_1536,0.0,0.0,0.0,0.0,0.5677522464479725,0.7051650800052454,,
IDRiD_49_1024_2048,,,0.0,0.0,0.39410951102112024,0.35086194407720034,,
IDRiD_49_1024_2560,,,,,0.4903654484968378,0.6487912087626906,,
IDRiD_49_1024_3072,,,0.0,0.0,0.342580123879812,0.8664850135059285,,
IDRiD_49_1024_512,0.6201811125404892,0.8647186146874201,,,0.5025193652665825,0.49204712812235574,,
IDRiD_49_1536_1024,0.644464446442496,0.8787272727192842,0.0,0.0,0.7574024653608158,0.7852437417447894,,
IDRiD_49_1536_1536,,,,,0.6777009624499422,0.8364956664296205,,
IDRiD_49_1536_2048,,,,,0.30277777773572534,0.9999999990825689,,
IDRiD_49_1536_512,0.421451030625239,0.47061118334888674,0.0,0.0,0.37200660610297265,0.3344469190670213,,
IDRiD_49_2048_1024,0.742342182363747,0.789965986387094,0.0,0.0,0.8227988878580395,0.8647723477655995,,
IDRiD_49_2048_1536,0.3562986451324215,0.44269340971040877,0.0,0.0,0.6281507805543136,0.8093275771794262,,
IDRiD_49_2048_2048,0.1946727118136204,0.37195452082447455,0.0,0.0,0.0,0.0,,
IDRiD_49_2048_2560,,,0.0,0.0,,,,
IDRiD_49_2048_3072,0.5397302232416218,0.9570712345836946,0.0,0.0,0.0,0.0,,
IDRiD_49_2048_512,0.4260591526721815,0.6142912024351022,0.0,0.0,0.5883281824525969,0.8426494345664449,,
IDRiD_49_512_0,,,,,0.0,0.0,,
IDRiD_49_512_1024,0.6461787536670865,0.6583699078009415,,,0.38562408935440445,0.29223408169701015,0.8151300423561713,0.9753220916967823
IDRiD_49_512_1536,0.7630335977168634,0.8886351842195711,0.0,0.0,0.6484710152889555,0.7790478707562885,0.9476466206940063,0.98002285940973
IDRiD_49_512_2048,,,,,0.4935429533949886,0.6074037512279624,,
IDRiD_49_512_3072,0.4338140136788971,0.9391634980800648,0.0,0.0,,,,
IDRiD_49_512_512,0.5800497447271891,0.7018849991968654,0.0,0.0,0.0,0.0,,
IDRiD_50_0_1024,,,,,0.6112033194893941,0.9564935064313965,,
IDRiD_50_0_1536,,,,,0.28059395801043935,0.3043768051476477,,
IDRiD_50_0_2048,,,,,0.5492564526206526,0.5989809866956757,,
IDRiD_50_0_2560,,,,,,,0.2958990015653445,0.1896351136944512
IDRiD_50_0_512,,,,,0.0,0.0,,
IDRiD_50_1024_1024,0.6054158607252512,0.8730822872676391,,,0.5202702702351168,0.42494481231512754,,
IDRiD_50_1024_1536,0.5522982265628289,0.6877746478795743,0.0,0.0,0.4008308680027643,0.4707273802414145,0.9192992743464098,0.9625479662169986
IDRiD_50_1024_2048,,,,,0.4297057449739642,0.5670261941273644,,
IDRiD_50_1024_2560,0.8866941014967532,0.9155807365179722,,,0.5357218940630663,0.5792361169252901,,
IDRiD_50_1024_3072,0.0,0.0,,,,,,
IDRiD_50_1536_0,,,0.0,0.0,,,,
IDRiD_50_1536_1024,0.0,0.0,,,0.0,0.0,,
IDRiD_50_1536_1536,,,,,0.5441733049768515,0.7134013798284028,,
IDRiD_50_1536_2048,,,,,0.35199766695316426,0.6164453523689252,,
IDRiD_50_1536_2560,0.0,0.0,0.0,0.0,0.654158164531657,0.8262509429114125,,
IDRiD_50_1536_3072,0.6500109194118803,0.5882678472560022,0.0,0.0,,,0.7210796569596444,0.9999999999925434
IDRiD_50_1536_512,0.0,0.0,,,0.0,0.0,,
IDRiD_50_2048_1024,0.19009100100471552,0.1050279329569822,0.0,0.0,0.0,0.0,,
IDRiD_50_2048_1536,,,,,0.0,0.0,,
IDRiD_50_2048_2048,,,,,0.0,0.0,,
IDRiD_50_2048_2560,,,,,0.0,0.0,,
IDRiD_50_2048_512,,,,,0.0,0.0,,
IDRiD_50_512_1536,,,0.0,0.0,0.5535983372290112,0.5682133333303029,,
IDRiD_50_512_2048,,,0.0,0.0,0.43464037014331613,0.5008077544372557,,
IDRiD_50_512_2560,0.6362732095385233,0.7766086604299228,0.0,0.0,0.0,0.0,0.6286880367288976,0.9999999999864756
IDRiD_51_0_1024,,,0.0,0.0,0.5348425892983785,0.8164146867368883,,
IDRiD_51_0_1536,0.7272727272612088,0.641878669257985,0.0,0.0,,,,
IDRiD_51_0_2048,0.0,0.0,0.0,0.0,,,0.6869644484833735,0.7237802535257865
IDRiD_51_0_3072,,,0.0,0.0,,,,
IDRiD_51_1024_1024,,,0.0,0.0,0.29062673321434757,0.377521613805654,,
IDRiD_51_1024_1536,0.5631385369725554,0.5684818481613663,0.0,0.0,0.458293179138782,0.4202670856203823,0.735647013279117,0.8360703812071534
IDRiD_51_1024_2048,,,,,0.0,0.0,,
IDRiD_51_1024_3072,0.6277173913007942,0.649789029528249,,,,,,
IDRiD_51_1024_3584,0.5639319326905412,0.8258387860110561,,,,,,
IDRiD_51_1024_512,0.0,0.0,0.0,0.0,0.4208403361297384,0.4830246913456012,0.7900385948086034,0.9721297836871039
IDRiD_51_1536_0,,,0.0,0.0,,,,
IDRiD_51_1536_1024,,,0.0,0.0,,,,
IDRiD_51_1536_1536,,,0.0,0.0,0.30432208405539835,0.20364500790779358,0.0,0.0
IDRiD_51_1536_512,,,0.0,0.0,,,,
IDRiD_51_2048_1024,0.4776819874484636,0.43810236735811636,0.0,0.0,,,,
IDRiD_51_2048_1536,0.0,0.0,0.0,0.0,0.0,0.0,0.9461500203442009,0.939396660078383
IDRiD_51_2048_2048,,,,,,,0.3448275861975339,0.20833333332649825
IDRiD_51_2048_2560,,,0.0,0.0,,,,
IDRiD_51_2048_512,0.0,0.0,0.0,0.0,0.0,0.0,0.0,0.0
IDRiD_51_512_1024,,,0.0,0.0,,,,
IDRiD_51_512_1536,,,,,0.0,0.0,,
IDRiD_51_512_2048,,,0.0,0.0,,,,
IDRiD_52_0_2560,,,0.0,0.0,,,,
IDRiD_52_1024_0,,,,,0.5969125214066945,0.6541353382638928,,
IDRiD_52_1024_2560,0.38181818178347104,0.25119617221875645,0.0,0.0,,,,
IDRiD_52_1024_3072,,,0.0,0.0,,,,
IDRiD_52_1536_2048,,,0.0,0.0,0.0,0.0,,
IDRiD_52_1536_2560,,,0.0,0.0,,,,
IDRiD_52_1536_3072,0.0,0.0,0.0,0.0,,,,
IDRiD_52_2048_2048,0.0,0.0,0.0,0.0,,,,
IDRiD_52_2048_2560,,,0.0,0.0,,,,
IDRiD_52_2048_3072,,,0.0,0.0,,,0.6880838765999859,0.9305580803321113
IDRiD_52_512_0,0.0,0.0,,,,,,
IDRiD_52_512_2048,,,0.0,0.0,0.0,0.0,,
IDRiD_52_512_2560,,,0.0,0.0,,,0.8183401044610336,0.9955283595905972
IDRiD_52_512_512,0.0,0.0,0.0,0.0,,,,
IDRiD_53_0_1024,0.6068663368183447,0.6768323504576509,0.0,0.0,,,,
IDRiD_53_0_1536,,,0.0,0.0,,,,
IDRiD_53_0_2048,,,0.0,0.0,,,,
IDRiD_53_0_2560,,,0.0,0.0,,,,
IDRiD_53_0_3072,,,0.0,0.0,,,,
IDRiD_53_0_512,0.4534263836342597,0.5239695340384416,0.0,0.0,,,,
IDRiD_53_1024_1536,,,,,0.0,0.0,,
IDRiD_53_1024_2048,0.40084055685839665,0.31672893315414163,0.0,0.0,0.32861392028358943,0.4285492629879201,,
IDRiD_53_1024_2560,0.5891655847976136,0.7427834540187344,0.0,0.0,,,,
IDRiD_53_1024_3072,0.6998984182241332,0.7045504345869217,0.0,0.0,0.16881594370822792,0.14634146338488993,,
IDRiD_53_1536_1536,0.6513202436932078,0.9958592130443356,,,,,,
IDRiD_53_1536_2048,0.5089508950869639,0.701543975727853,0.0,0.0,0.0,0.0,,
IDRiD_53_1536_2560,0.512554731476074,0.8594545999143106,0.0,0.0,0.0,0.0,,
IDRiD_53_1536_3072,0.6888640872973161,0.8940930307276019,0.0,0.0,0.0,0.0,0.8574830904026984,0.9976723564509236
IDRiD_53_1536_3584,0.7460090850000518,0.9735772357393775,,,,,,
IDRiD_53_1536_512,,,0.0,0.0,,,,
IDRiD_53_2048_1024,0.3910256409943088,0.3753846153268639,0.0,0.0,0.0,0.0,,
IDRiD_53_2048_1536,0.0,0.0,0.0,0.0,,,,
IDRiD_53_2048_2048,0.0,0.0,0.0,0.0,0.0,0.0,,
IDRiD_53_2048_2560,0.6021505376203331,0.539589442792644,0.0,0.0,0.28365730739498507,0.3182552503524628,,
IDRiD_53_2048_3072,0.0,0.0,0.0,0.0,,,,
IDRiD_53_2048_512,,,0.0,0.0,,,,
IDRiD_53_512_0,,,0.0,0.0,,,,
IDRiD_53_512_1536,,,0.0,0.0,,,,
IDRiD_53_512_2560,0.6414619289314052,0.5808634257514094,0.0,0.0,,,,
IDRiD_53_512_3072,,,,,0.0,0.0,,
IDRiD_53_512_512,0.0,0.0,0.0,0.0,,,,
IDRiD_54_0_1536,,,0.0,0.0,,,,
IDRiD_54_0_2048,,,0.0,0.0,,,,
IDRiD_54_0_2560,0.40783109404677287,0.7995183624082024,0.0,0.0,0.6212182331501787,0.9417040358360497,,
IDRiD_54_0_3072,0.0,0.0,0.0,0.0,,,,
IDRiD_54_1024_0,0.0,0.0,0.0,0.0,,,,
IDRiD_54_1024_1024,,,0.0,0.0,,,,
IDRiD_54_1024_1536,,,0.0,0.0,,,,
IDRiD_54_1024_2048,0.34209627859104064,0.47452168970497216,0.0,0.0,0.32668144860852316,0.5103926095818955,,
IDRiD_54_1024_2560,0.353540115015051,0.4951148666359885,0.0,0.0,0.20791672373362668,0.6617262423137117,,
IDRiD_54_1024_3072,0.37341153469455696,0.43867707852831067,0.0,0.0,0.0,0.0,,
IDRiD_54_1024_3584,0.5478620019369793,0.7484234981497371,0.0,0.0,,,,
IDRiD_54_1024_512,0.0,0.0,,,,,,
IDRiD_54_1536_0,0.0,0.0,0.0,0.0,,,,
IDRiD_54_1536_1536,,,0.0,0.0,,,,
IDRiD_54_1536_2048,,,0.0,0.0,,,,
IDRiD_54_1536_2560,0.0,0.0,0.0,0.0,0.0,0.0,,
IDRiD_54_1536_512,0.48090169065494986,0.3209360635051845,0.0,0.0,,,,
IDRiD_54_2048_0,,,,,,,0.8974550898035656,0.9999999999582987
IDRiD_54_2048_1024,,,,,,,0.0,0.0
IDRiD_54_2048_1536,,,0.0,0.0,,,,
IDRiD_54_2048_2048,0.6987041036339793,0.620325982682615,0.0,0.0,,,,
IDRiD_54_2048_2560,0.3103354978312996,0.7227473219456365,0.0,0.0,,,,
IDRiD_54_2048_3072,0.13984902661343468,0.1806981519321665,0.0,0.0,,,,
IDRiD_54_2048_512,,,,,,,0.793773516824938,0.7165456914133952
IDRiD_54_512_0,0.5441795231034937,0.37524177946080833,,,,,,
IDRiD_54_512_1024,,,0.0,0.0,,,,
IDRiD_54_512_1536,,,0.0,0.0,0.0,0.0,,
IDRiD_54_512_2048,,,0.0,0.0,,,,
IDRiD_54_512_2560,0.10640467142361289,0.3150384193021384,0.0,0.0,0.3878975950325959,0.7535358219162176,,
IDRiD_54_512_3072,0.7463102847138505,0.7000981140226741,0.0,0.0,,,,
IDRiD_54_512_512,0.49295039163203785,0.7570168403562937,,,,,,
IDRiD_55_0_1024,,,,,0.0,0.0,,
IDRiD_55_0_1536,,,,,0.547704748283873,0.6748481166382156,,
IDRiD_55_0_2048,,,0.0,0.0,0.6830560056901248,0.8035149711697809,,
IDRiD_55_1024_1024,,,0.0,0.0,0.6702824953392033,0.7716489874601173,,
IDRiD_55_1024_1536,0.0,0.0,0.0,0.0,0.702155551498679,0.7067174399560632,,
IDRiD_55_1024_2048,,,0.0,0.0,0.7702426878980162,0.8868656829254044,,
IDRiD_55_1024_2560,,,0.0,0.0,0.6963176811362813,0.8411862462822339,,
IDRiD_55_1536_1024,,,0.0,0.0,0.43228743293421973,0.37069566429150014,,
IDRiD_55_1536_1536,,,0.0,0.0,0.47685913985115275,0.574626299411377,,
IDRiD_55_1536_2048,0.4607909097687793,0.6158457388288955,0.0,0.0,0.4653063959511331,0.5484992101062519,0.0,0.0
IDRiD_55_1536_2560,0.765735935068356,0.7793836410923304,0.0,0.0,0.6978626648470233,0.7897282832425078,0.0,0.0
IDRiD_55_1536_3072,,,,,0.5760253795473369,0.5859843245465199,,
IDRiD_55_1536_512,,,,,0.556425610292196,0.5725118482869657,,
IDRiD_55_2048_1024,,,,,0.5869451696821438,0.998223800888415,,
IDRiD_55_2048_1536,,,0.0,0.0,0.0,0.0,,
IDRiD_55_2048_2048,,,0.0,0.0,0.5734691056509539,0.8346298283149862,,
IDRiD_55_2048_2560,,,,,0.6715850319423192,0.8986972452103494,,
IDRiD_55_512_1024,0.0,0.0,0.0,0.0,0.606817994609846,0.7900962186652262,,
IDRiD_55_512_1536,0.6937819064298788,0.6869406695278929,0.0,0.0,0.7435658914725135,0.9171736904653041,,
IDRiD_55_512_2048,0.8858048149711419,0.8960022365092536,0.0,0.0,0.6232214401182629,0.8231564986715566,,
IDRiD_55_512_2560,,,,,0.0,0.0,,
IDRiD_56_0_1024,,,0.0,0.0,,,,
IDRiD_56_0_1536,,,0.0,0.0,,,,
IDRiD_56_0_2048,0.49378453038247766,0.3587556447521481,0.0,0.0,,,,
IDRiD_56_0_2560,0.6095218280789737,0.4518998406076099,,,,,,
IDRiD_56_0_3072,0.0,0.0,,,,,0.8538618731561317,0.974570673707998
IDRiD_56_0_512,,,0.0,0.0,,,,
IDRiD_56_1024_0,0.04481132075433952,0.022919179734422545,,,,,,
IDRiD_56_1024_1024,,,0.0,0.0,,,,
IDRiD_56_1024_1536,,,0.0,0.0,,,,
IDRiD_56_1024_2048,,,,,0.4122919334165824,0.7595772787175019,,
IDRiD_56_1024_2560,0.0,0.0,0.0,0.0,0.0,0.0,,
IDRiD_56_1024_3072,0.5097096530896036,0.4691133090363603,0.0,0.0,,,,
IDRiD_56_1536_1024,0.0,0.0,,,,,,
IDRiD_56_1536_1536,,,0.0,0.0,,,,
IDRiD_56_1536_2048,0.15293284679400396,0.13642989019399057,,,0.2555477692068314,0.34620253162365805,,
IDRiD_56_1536_2560,0.3126883160309225,0.26451430188998826,0.0,0.0,,,0.0,0.0
IDRiD_56_1536_512,0.5806334182639128,0.692274305525509,,,,,,
IDRiD_56_2048_1024,0.7270493242043043,0.6899244891890364,,,0.0,0.0,,
IDRiD_56_2048_1536,,,0.0,0.0,,,,
IDRiD_56_2048_2048,0.6622654105729376,0.5057210830349413,0.0,0.0,,,,
IDRiD_56_2048_2560,0.6739105829069781,0.5507353621286156,,,,,0.7194919535201018,0.9843996840247947
IDRiD_56_2048_3072,,,0.0,0.0,,,,
IDRiD_56_2048_512,0.0,0.0,,,,,,
IDRiD_56_512_1024,0.5833677429986648,0.9324181626064887,0.0,0.0,,,,
IDRiD_56_512_1536,,,0.0,0.0,0.24285714284557824,0.683646112417253,,
IDRiD_56_512_2048,,,,,0.391090774507832,0.7587467362726176,,
IDRiD_56_512_2560,0.5031645569596127,0.42376029720219865,0.0,0.0,,,,
IDRiD_56_512_3072,0.3378892640813749,0.3174539228490537,0.0,0.0,0.3214285713966837,0.35140997823179826,0.9374557165831322,0.9947372018249283
IDRiD_57_0_1024,,,,,0.0,0.0,,
IDRiD_57_0_1536,0.026337448557503088,0.014705882351589532,,,0.0,0.0,,
IDRiD_57_0_2048,,,,,0.0,0.0,,
IDRiD_57_0_512,,,,,0.0,0.0,,
IDRiD_57_1024_0,,,,,0.0,0.0,,
IDRiD_57_1024_1024,,,0.0,0.0,0.2084472049663547,0.12909678411864753,,
IDRiD_57_1024_1536,,,0.0,0.0,0.6603501544663162,0.5174306003706446,,
IDRiD_57_1024_2048,,,,,0.5034293552466783,0.9557291664177788,,
IDRiD_57_1024_512,,,,,0.0,0.0,,
IDRiD_57_1536_0,0.0,0.0,,,0.0,0.0,,
IDRiD_57_1536_1024,,,,,0.31428761917251624,0.34959952535820826,,
IDRiD_57_1536_1536,,,,,0.49518973810134703,0.5008108107972754,,
IDRiD_57_1536_2048,,,,,0.41522230593763293,0.4218989279921976,,
IDRiD_57_1536_512,,,0.0,0.0,0.0,0.0,,
IDRiD_57_2048_1024,,,,,0.0,0.0,,
IDRiD_57_2048_1536,,,,,0.0,0.0,,
IDRiD_57_2048_512,,,0.0,0.0,0.0,0.0,,
IDRiD_57_512_0,,,,,0.13138401559198082,0.1773684210432964,,
IDRiD_57_512_1024,,,0.0,0.0,0.0,0.0,,
IDRiD_57_512_1536,0.0,0.0,,,0.0,0.0,,
IDRiD_57_512_512,,,0.0,0.0,0.06454465074869388,0.03382761816340002,,
IDRiD_58_0_1536,0.2895986189006301,0.6097228532208213,0.0,0.0,,,,
IDRiD_58_0_2048,,,0.0,0.0,0.4043347733733299,0.5477087879280359,,
IDRiD_58_0_2560,,,0.0,0.0,0.6308163833761267,0.9332234129486212,,
IDRiD_58_0_3072,,,0.0,0.0,,,,
IDRiD_58_0_512,,,0.0,0.0,,,,
IDRiD_58_1024_0,,,,,0.6662099674487719,0.7752092466809403,,
IDRiD_58_1024_1024,,,0.0,0.0,,,,
IDRiD_58_1024_1536,0.7756993306885928,0.7005579665002927,0.0,0.0,0.6221719456943192,0.7204610950819895,,
IDRiD_58_1024_2048,,,,,0.5902473250255196,0.7267818574357067,,
IDRiD_58_1024_2560,0.0,0.0,0.0,0.0,0.5518195176717795,0.9327878433391938,,
IDRiD_58_1024_3584,,,,,0.0,0.0,,
IDRiD_58_1536_0,,,,,0.7032071027328175,0.721308428578001,,
IDRiD_58_1536_1536,0.5793251973948556,0.4724824355695268,,,,,,
IDRiD_58_1536_2048,0.6789060521565092,0.5138968755891529,,,0.0,0.0,,
IDRiD_58_1536_2560,0.47592463363335696,0.32772705429856713,0.0,0.0,,,,
IDRiD_58_1536_3072,0.179270072990956,0.1624911785433576,,,,,,
IDRiD_58_1536_512,,,0.0,0.0,0.6923340177841832,0.6438574156383241,,
IDRiD_58_2048_1024,,,,,0.6153100774895683,0.8193548386039543,,
IDRiD_58_2048_1536,0.1645990922819274,0.33374233126786856,,,,,,
IDRiD_58_2048_2048,,,0.0,0.0,,,,
IDRiD_58_2048_2560,0.41662662181142923,0.518385650208718,,,,,,
IDRiD_58_2048_3072,0.5829959514121871,0.4531791907456239,,,0.6294106051583933,0.7564558161393875,,
IDRiD_58_512_1024,0.7263481623558163,0.7963544100901625,,,,,,
IDRiD_58_512_1536,0.5944931163830937,0.9128763612483743,0.0,0.0,0.5046830652778981,0.6009350005598686,,
IDRiD_58_512_2048,,,,,0.44208739923487456,0.6473286820161777,,
IDRiD_58_512_2560,0.8656974379785192,0.9196457500710697,0.0,0.0,0.0,0.0,,
IDRiD_58_512_3072,,,0.0,0.0,0.0,0.0,,
IDRiD_58_512_512,0.3788868565406469,0.2416666666626389,,,,,,
IDRiD_59_0_1024,,,0.0,0.0,,,,
IDRiD_59_0_1536,0.75803669436445,0.764268774691474,0.0,0.0,0.0,0.0,0.8535506177594875,0.9993771939701088
IDRiD_59_0_2048,,,,,,,0.9510148756911089,0.9482327984365544
IDRiD_59_1024_1024,0.1555018899613844,0.8758131282746414,0.0,0.0,0.0,0.0,0.0,0.0
IDRiD_59_1024_1536,,,0.0,0.0,0.6553655874851667,0.7570065969126559,,
IDRiD_59_1024_2048,0.6585418309509029,0.8410547518615445,,,0.5633897733957729,0.586598058703154,,
IDRiD_59_1024_512,0.0,0.0,0.0,0.0,,,,
IDRiD_59_1536_0,,,0.0,0.0,,,,
IDRiD_59_1536_1024,0.0,0.0,,,0.39477806788217246,0.6360576922924025,,
IDRiD_59_1536_1536,,,0.0,0.0,0.500387481368105,0.7136541404401692,,
IDRiD_59_1536_2048,0.6415682780081564,0.8248997517505271,0.0,0.0,0.5835351089524153,0.8111995103790943,,
IDRiD_59_1536_2560,,,,,0.0,0.0,,
IDRiD_59_1536_3072,,,,,0.0,0.0,,
IDRiD_59_1536_512,0.8850251883534282,0.8915435397633649,0.0,0.0,,,,
IDRiD_59_2048_1024,0.4824424502489032,0.39429209183044817,,,,,,
IDRiD_59_2048_1536,,,0.0,0.0,,,,
IDRiD_59_2048_2048,0.3733775200117819,0.5888501741647343,0.0,0.0,,,0.0,0.0
IDRiD_59_2048_2560,,,,,0.15240963855192155,0.10448069378268675,0.9030799407056717,0.8655606899891921
IDRiD_59_2048_3072,,,,,0.4823406478545291,0.559922367773574,,
IDRiD_59_2048_512,,,0.0,0.0,,,,
IDRiD_59_512_1024,0.21210598118609816,0.19194282001050106,0.0,0.0,0.4001530953937407,0.5062953995034796,0.8701398982551553,0.7900771229419583
IDRiD_59_512_1536,0.7300547390167231,0.7576489532943491,0.0,0.0,0.522468295314302,0.6964364763131007,0.0,0.0
IDRiD_59_512_512,0.35106382977789724,0.2560124127131105,0.0,0.0,,,0.6175667883889387,0.9761817960751465
IDRiD_60_0_1536,,,0.0,0.0,,,,
IDRiD_60_0_512,,,,,,,0.6918238993593094,0.6135061802648928
IDRiD_60_1024_0,,,,,0.2946479953904729,0.3481414324411541,,
IDRiD_60_1024_1024,,,,,0.6418439716169805,0.8331415419543646,,
IDRiD_60_1024_1536,0.0,0.0,0.0,0.0,0.5740626920693367,0.733060085456239,,
IDRiD_60_1024_2048,0.0,0.0,0.0,0.0,0.0,0.0,0.9380924170477178,0.9850699844172607
IDRiD_60_1024_2560,0.777861873222432,0.9999999999878374,0.0,0.0,0.0,0.0,0.0,0.0
IDRiD_60_1024_3072,,,,,0.0,0.0,,
IDRiD_60_1536_1024,,,0.0,0.0,0.13227931488684866,0.8320441988030891,,
IDRiD_60_1536_1536,0.3274705348988673,0.24828155072179595,,,0.42534957148821206,0.5091792656450006,,
IDRiD_60_1536_2048,,,0.0,0.0,0.3527298850448014,0.6511936338658895,,
IDRiD_60_1536_2560,0.5045111397439788,0.473720608559,0.0,0.0,0.3993908429927324,0.5731810490612919,,
IDRiD_60_1536_3072,,,0.0,0.0,,,,
IDRiD_60_1536_512,,,,,0.5054069436251902,0.6158113730075158,,
IDRiD_60_2048_0,,,,,0.0,0.0,,
IDRiD_60_2048_1024,0.5088940448372431,0.4245161290048699,,,0.42566173171444,0.31479761114379834,,
IDRiD_60_2048_1536,,,0.0,0.0,,,,
IDRiD_60_2048_2048,,,0.0,0.0,0.25686983215201825,0.35258937066259904,0.0,0.0
IDRiD_60_2048_2560,0.6413006469168049,0.62678868552065,0.0,0.0,0.5531848621623862,0.7481044650063984,0.8347607521857318,0.9823081557704864
IDRiD_60_2048_512,0.7028112449328774,0.6739409498493015,0.0,0.0,0.0,0.0,,
IDRiD_60_512_0,,,,,0.0,0.0,,
IDRiD_60_512_1024,,,0.0,0.0,,,,
IDRiD_60_512_1536,,,0.0,0.0,0.5116336328879523,0.5506094329477846,,
IDRiD_60_512_2048,0.14969497887964114,0.291324200886637,0.0,0.0,,,0.9478724121632209,0.9996681048741185
IDRiD_60_512_2560,0.0,0.0,,,0.0,0.0,0.9032743005886714,0.9898742315225223
IDRiD_60_512_3072,,,,,,,0.7556509079706103,0.8007469957648466
IDRiD_61_0_1024,0.667219966208811,0.5160571491448572,,,,,,
IDRiD_61_0_1536,0.5167755991272157,0.44419475655234986,0.0,0.0,,,,
IDRiD_61_0_2048,0.7508433234690391,0.6767705117347107,0.0,0.0,,,,
IDRiD_61_0_2560,,,0.0,0.0,,,,
IDRiD_61_0_512,0.7231631408054198,0.5663708214545012,,,,,,
IDRiD_61_1024_0,0.47917301516495353,0.3834840355667899,0.0,0.0,,,,
IDRiD_61_1024_1024,0.7273581416726864,0.7326822392252664,0.0,0.0,0.007366482503247425,0.0037313432828859436,,
IDRiD_61_1024_1536,0.6565474443345358,0.6822063436678092,0.0,0.0,0.5673343722658887,0.6487308762113287,,
IDRiD_61_1024_2048,0.49423558894765734,0.3937699680196669,0.0,0.0,0.5390233722843332,0.6750294002263815,,
IDRiD_61_1024_2560,0.684719719243373,0.7627449944489263,0.0,0.0,,,,
IDRiD_61_1024_3072,0.6011979823360467,0.7999161073489969,0.0,0.0,,,,
IDRiD_61_1536_0,0.0,0.0,,,,,,
IDRiD_61_1536_1024,0.41481290985708097,0.3876472001829453,,,0.0,0.0,,
IDRiD_61_1536_1536,0.0,0.0,0.0,0.0,0.12693246541387582,0.14885496181785735,,
IDRiD_61_1536_2048,0.6214770746912957,0.7137336093759319,0.0,0.0,0.47232042962420084,0.6268709907266943,,
IDRiD_61_1536_2560,0.0,0.0,0.0,0.0,,,,
IDRiD_61_1536_512,0.530298186157405,0.4320044450603139,0.0,0.0,,,,
IDRiD_61_2048_1024,0.7530530622211207,0.6493014195361339,,,,,,
IDRiD_61_2048_1536,0.6332202136777408,0.5823653842516268,,,,,,
IDRiD_61_2048_2048,0.5451906995043574,0.4262473719290982,,,,,,
IDRiD_61_2048_2560,0.5716818081073712,0.6494814218039524,0.0,0.0,,,,
IDRiD_61_2048_512,0.6001954692998007,0.4668621541623446,,,,,,
IDRiD_61_512_0,0.4533069110703329,0.3940568475418255,,,,,,
IDRiD_61_512_1024,0.6219401099053425,0.5206908428860879,,,0.0,0.0,,
IDRiD_61_512_1536,0.5384449443725895,0.5618367740654586,0.0,0.0,0.5231519090028933,0.6875444839368295,,
IDRiD_61_512_2048,0.6110063393235657,0.5310333932334149,0.0,0.0,0.48186528495625963,0.36126526080126165,,
IDRiD_61_512_2560,0.6209342158486001,0.5185222453812715,0.0,0.0,,,,
IDRiD_61_512_3072,0.0,0.0,,,,,,
IDRiD_61_512_512,0.8196252696114456,0.9919486727827905,,,,,,
IDRiD_62_0_1024,0.7630331753475887,0.9956977681904895,0.0,0.0,0.0,0.0,,
IDRiD_62_0_1536,,,,,0.0,0.0,,
IDRiD_62_0_512,0.0,0.0,,,0.27542514170472077,0.38742964349086023,,
IDRiD_62_1024_0,,,0.0,0.0,,,,
IDRiD_62_1024_2048,,,0.0,0.0,,,,
IDRiD_62_1024_2560,,,,,0.0,0.0,,
IDRiD_62_1024_3072,0.4628463476021951,0.532866118885141,0.0,0.0,,,,
IDRiD_62_1536_0,,,0.0,0.0,,,,
IDRiD_62_1536_1024,,,0.0,0.0,,,,
IDRiD_62_1536_2560,,,,,0.7183719758019256,0.8083085211851935,,
IDRiD_62_1536_3072,,,0.0,0.0,,,,
IDRiD_62_2048_2048,,,,,0.4500864752649596,0.8388344507261776,,
IDRiD_62_2048_2560,,,,,0.5440931780357674,0.8267628055022626,,
IDRiD_62_2048_512,,,,,0.0,0.0,,
IDRiD_62_512_1536,,,0.0,0.0,0.5560791705413686,0.44969512188266847,,
IDRiD_62_512_512,,,,,0.0,0.0,,
IDRiD_63_0_1024,,,,,0.5636411749090267,0.570637613849426,,
IDRiD_63_0_1536,,,,,0.4476911976831225,0.3337816030033948,,
IDRiD_63_0_2560,0.5162882527019672,0.5906267645064581,0.0,0.0,,,,
IDRiD_63_0_3072,,,0.0,0.0,,,,
IDRiD_63_1024_1024,,,,,0.7651421507975499,0.8352167313065405,,
IDRiD_63_1024_1536,,,,,0.7160653476412083,0.9100471129515717,,
IDRiD_63_1024_3072,0.6030219780136947,0.6080332409803869,,,,,,
IDRiD_63_1024_3584,0.7228481297556175,0.8217213113912171,,,,,,
IDRiD_63_1024_512,0.6152534343854547,0.6538461538329874,,,,,,
IDRiD_63_1536_1536,,,0.0,0.0,0.504830319531711,0.9999999999018646,,
IDRiD_63_1536_2048,,,,,0.023809523805980726,0.047904191588081325,,
IDRiD_63_1536_2560,,,,,0.0,0.0,,
IDRiD_63_1536_3072,,,,,0.3465321563594822,0.32792362766931155,,
IDRiD_63_1536_512,0.0,0.0,,,,,,
IDRiD_63_2048_1536,,,,,0.0,0.0,,
IDRiD_63_2048_2048,,,,,0.2691561590623386,0.19284225155688528,,
IDRiD_63_512_1024,,,,,0.644714189202509,0.6816275747629988,,
IDRiD_63_512_1536,,,,,0.6778480821040055,0.8357180182625333,,
IDRiD_64_0_1024,,,0.0,0.0,0.0,0.0,0.4035222052051932,0.2527577937637757
IDRiD_64_0_1536,0.6689723747323117,0.5515397775837501,0.0,0.0,0.35125273655190337,0.6417777777207309,,
IDRiD_64_0_2048,0.3756514488143496,0.3414172034732317,,,0.6072371638126962,0.9176766183792663,,
IDRiD_64_0_2560,,,,,0.601691143720441,0.5164247516794175,,
IDRiD_64_0_3072,,,,,0.17677286740218162,0.16538461535281065,,
IDRiD_64_0_512,,,0.0,0.0,0.0,0.0,,
IDRiD_64_1024_1536,,,0.0,0.0,0.0,0.0,,
IDRiD_64_1024_2048,,,0.0,0.0,0.0,0.0,,
IDRiD_64_1024_2560,,,0.0,0.0,0.4941481149435024,0.5218809173098897,,
IDRiD_64_1024_3072,,,0.0,0.0,0.4434142350655084,0.6830019602161019,,
IDRiD_64_1536_0,,,0.0,0.0,,,,
IDRiD_64_1536_2048,0.0,0.0,0.0,0.0,0.0,0.0,,
IDRiD_64_1536_2560,0.0,0.0,,,0.2415136338308081,0.28292046935192566,,
IDRiD_64_1536_3072,,,0.0,0.0,0.6885919835206273,0.9215955982226142,,
IDRiD_64_2048_1536,,,0.0,0.0,0.5181929681059055,0.8963932107179494,,
IDRiD_64_2048_2560,0.3799405780104444,0.501425855501392,0.0,0.0,0.0,0.0,0.5589580843236246,0.45167521481081946
IDRiD_64_2048_3072,0.0,0.0,0.0,0.0,0.6506520246636477,0.915057914881263,,
IDRiD_64_512_1024,,,0.0,0.0,,,,
IDRiD_64_512_1536,,,,,0.474645437515137,0.7676079194983488,,
IDRiD_64_512_2048,,,0.0,0.0,0.43468770463552125,0.6152352369969526,,
IDRiD_64_512_2560,,,0.0,0.0,0.5862313697611684,0.5860003152989752,,
IDRiD_64_512_3072,,,0.0,0.0,0.0,0.0,,
IDRiD_65_0_1024,,,0.0,0.0,0.0,0.0,,
IDRiD_65_0_1536,,,0.0,0.0,,,,
IDRiD_65_0_2048,0.7088797302094838,0.6587743732131772,0.0,0.0,0.3946655553199139,0.7144473783208433,,
IDRiD_65_0_2560,0.6964780371844781,0.8274565114796683,0.0,0.0,0.0,0.0,,
IDRiD_65_0_3072,0.22469575541370296,0.24827812396693086,0.0,0.0,0.0,0.0,,
IDRiD_65_0_3584,0.18124407956771008,0.560546874945259,0.0,0.0,,,,
IDRiD_65_0_512,,,0.0,0.0,0.0,0.0,,
IDRiD_65_1024_1024,,,0.0,0.0,0.19981692166601522,0.33333333331879,,
IDRiD_65_1024_1536,0.5011657599589079,0.7392728463563947,0.0,0.0,0.0,0.0,,
IDRiD_65_1024_2048,0.6375883184113275,0.8500376789537796,0.0,0.0,0.6664799462232682,0.8812898128443963,,
IDRiD_65_1024_2560,0.5879329972334105,0.8611719866521088,0.0,0.0,0.16717683070009004,0.30577088713989914,,
IDRiD_65_1024_3072,0.509781790810576,0.6781781781442353,0.0,0.0,0.32011780697417175,0.6472743930074543,,
IDRiD_65_1024_3584,0.3413942497032635,0.9661168078250978,0.0,0.0,,,,
IDRiD_65_1536_1024,,,0.0,0.0,0.4886675328389731,0.663595373443176,,
IDRiD_65_1536_1536,,,0.0,0.0,0.44493230881000856,0.48215701822037443,,
IDRiD_65_1536_2048,0.0,0.0,0.0,0.0,0.34973017849367233,0.48713501010444826,,
IDRiD_65_1536_2560,,,0.0,0.0,0.0,0.0,,
IDRiD_65_1536_3072,0.46228948009611204,0.9488977954961024,0.0,0.0,0.0,0.0,,
IDRiD_65_1536_3584,0.015679785683319007,0.9999999998994975,0.0,0.0,,,,
IDRiD_65_1536_512,,,,,0.5848007414136979,0.5924882628829818,,
IDRiD_65_2048_1536,,,0.0,0.0,,,,
IDRiD_65_2048_2048,,,,,0.0,0.0,,
IDRiD_65_2048_2560,0.6495263870045893,0.9833826542002417,,,,,,
IDRiD_65_2048_3072,,,0.0,0.0,0.5991058121312808,0.4808612439041002,,
IDRiD_65_512_1024,,,0.0,0.0,,,,
IDRiD_65_512_1536,,,,,0.4070567056691015,0.6989366963316155,,
IDRiD_65_512_2048,0.0,0.0,,,0.5610690423137591,0.7222477064137356,,
IDRiD_65_512_2560,0.0,0.0,0.0,0.0,0.3736727799205256,0.47102661596241785,,
IDRiD_65_512_3072,,,0.0,0.0,0.0,0.0,,
IDRiD_65_512_3584,0.47790673996662686,0.9718426500632777,0.0,0.0,,,,
IDRiD_66_0_1024,,,0.0,0.0,0.5276513584260426,0.5562663564828071,,
IDRiD_66_0_1536,,,0.0,0.0,0.4201560118316134,0.45968216597096956,,
IDRiD_66_0_2048,,,0.0,0.0,0.0771051741603955,0.04491725768144534,,
IDRiD_66_0_2560,,,,,0.0,0.0,,
IDRiD_66_0_512,,,0.0,0.0,,,,
IDRiD_66_1024_0,,,,,0.051929824559581415,0.029983792543355602,,
IDRiD_66_1024_1024,,,0.0,0.0,0.8750493282251932,0.9123664354073325,,
IDRiD_66_1024_1536,0.44152744628315327,0.6364678898352675,0.0,0.0,0.7100105302477835,0.778009379882461,,
IDRiD_66_1024_2048,,,0.0,0.0,0.767656354754924,0.8870676774933461,,
IDRiD_66_1024_2560,,,,,0.6037521558057382,0.6309010988983257,,
IDRiD_66_1024_512,0.355603448263089,0.22613065325600135,0.0,0.0,0.5693450371332252,0.6844155844044738,,
IDRiD_66_1536_1024,0.4289791437886064,0.4260793719831627,0.0,0.0,0.776631158454914,0.7821762507285434,,
IDRiD_66_1536_1536,,,0.0,0.0,0.838406950297164,0.9316403433534471,,
IDRiD_66_1536_2048,,,,,0.7609068215070697,0.8471041260091178,,
IDRiD_66_1536_2560,,,0.0,0.0,0.5165141265317049,0.7329192546170006,,
IDRiD_66_1536_512,,,,,0.804562973290716,0.7687553203272928,,
IDRiD_66_2048_1024,,,,,0.7354251746553527,0.751068802369889,,
IDRiD_66_2048_1536,,,,,0.6541147889444439,0.7388674067560255,,
IDRiD_66_2048_512,,,,,0.6399999999771429,0.5776918116971185,,
IDRiD_66_512_0,,,,,0.0,0.0,,
IDRiD_66_512_1024,0.0,0.0,0.0,0.0,0.6600193481023917,0.6921392555079608,,
IDRiD_66_512_1536,,,0.0,0.0,0.8029549098649729,0.9304878048771553,,
IDRiD_66_512_2048,,,0.0,0.0,0.742718859448479,0.8101334142913355,,
IDRiD_66_512_2560,,,,,0.5093372391018918,0.5227358135940862,,
IDRiD_66_512_512,,,,,0.6050325664186073,0.6881995522792005,,
IDRiD_67_0_1024,0.8279539681533776,0.9001234275444151,0.0,0.0,0.45907808085991736,0.9003690033577973,,
IDRiD_67_0_1536,0.4893723430827121,0.608330742918739,0.0,0.0,0.0,0.0,0.7252770673467464,0.972146836159319
IDRiD_67_0_2048,0.5725361600440116,0.8383458646585337,0.0,0.0,,,,
IDRiD_67_0_512,,,0.0,0.0,,,,
IDRiD_67_1024_1024,0.6095089052812821,0.7760698358404395,0.0,0.0,,,,
IDRiD_67_1024_1536,0.39446101405882206,0.44694409577631605,,,0.3119694397217324,0.2487309644585878,,
IDRiD_67_1024_2048,0.2012153950006588,0.46158612140882366,0.0,0.0,,,,
IDRiD_67_1024_2560,,,0.0,0.0,0.0,0.0,,
IDRiD_67_1024_512,0.6361774017595547,0.5288861364216186,0.0,0.0,,,,
IDRiD_67_1536_1024,0.5802585935005767,0.6996197718542507,,,0.3227038941907024,0.40234518137037945,,
IDRiD_67_1536_1536,0.0,0.0,0.0,0.0,0.5429510526771276,0.9302184004190683,,
IDRiD_67_1536_2048,0.0,0.0,0.0,0.0,0.6546307151077461,0.9503063307726135,,
IDRiD_67_1536_2560,0.7252182044831263,0.7716417910319794,,,0.0,0.0,,
IDRiD_67_1536_512,0.0,0.0,0.0,0.0,,,,
IDRiD_67_2048_1024,0.6608876007108759,0.6132247717709686,0.0,0.0,0.0,0.0,,
IDRiD_67_2048_1536,0.6662107978719229,0.7282054766546973,,,0.011273957157691776,0.005924170615411829,,
IDRiD_67_2048_2048,0.036829463570266945,0.0844346549130371,0.0,0.0,,,,
IDRiD_67_2048_2560,0.38001514003103654,0.48222862627452173,,,,,,
IDRiD_67_2048_512,0.31514495168145973,0.6493305870125415,,,,,,
IDRiD_67_512_1024,0.41163410301725334,0.28849295884004905,0.0,0.0,0.29066059224188334,0.4418282547864504,,
IDRiD_67_512_1536,0.42831476823379305,0.6337054758023165,0.0,0.0,0.047761194026999326,0.15873015866717058,,
IDRiD_67_512_2048,0.682503364735254,0.8297471978987994,0.0,0.0,,,,
IDRiD_67_512_2560,,,0.0,0.0,,,,
IDRiD_67_512_512,0.35663480269851566,0.7436236538684371,0.0,0.0,0.0,0.0,,
IDRiD_68_0_1536,,,0.0,0.0,,,,
IDRiD_68_0_2560,0.6724381919559126,0.9316111175074199,,,,,,
IDRiD_68_1024_0,0.7893214163623871,0.7903823676727494,,,,,,
IDRiD_68_1024_1536,0.0,0.0,0.0,0.0,,,,
IDRiD_68_1024_2048,0.0,0.0,0.0,0.0,0.0,0.0,,
IDRiD_68_1024_2560,0.0,0.0,,,0.44334532373602353,0.9408396946116012,,
IDRiD_68_1024_3072,0.554895588178285,0.635003419967211,0.0,0.0,,,,
IDRiD_68_1024_512,0.6243822075268218,0.49029754198055664,,,,,,
IDRiD_68_1536_0,0.4172566371662953,0.3222829801755141,,,,,,
IDRiD_68_1536_1536,0.50990679243082,0.84780994802742,,,,,,
IDRiD_68_1536_2048,0.6132762312620009,0.7119158511658804,,,,,,
IDRiD_68_1536_2560,0.5650694106784633,0.6404759762447353,,,0.0,0.0,,
IDRiD_68_1536_3072,0.23620990471024872,0.9999999999810606,,,,,,
IDRiD_68_1536_512,0.6888235439455167,0.6962733539779384,,,,,,
IDRiD_68_2048_0,0.0,0.0,,,,,,
IDRiD_68_2048_1536,,,0.0,0.0,0.33460076042446757,0.32653061218431717,,
IDRiD_68_2048_2048,0.577279820970264,0.7456924422777921,0.0,0.0,0.0,0.0,,
IDRiD_68_2048_2560,,,,,0.0,0.0,0.7661477242410392,0.9922431197482082
IDRiD_68_2048_512,0.656072144752401,0.9589319598774771,,,,,,
IDRiD_68_512_1536,,,0.0,0.0,,,,
IDRiD_68_512_2048,0.5248150927197456,0.5017421602753177,0.0,0.0,0.5783461876384577,0.7148833467360025,0.43790117167489073,0.9999999999883666
IDRiD_68_512_2560,0.5831435079708701,0.9283544055578912,0.0,0.0,0.0,0.0,,
IDRiD_68_512_3072,0.09359458325824675,0.7152014651796337,0.0,0.0,,,,
IDRiD_69_0_1024,0.13945152672999203,0.08463653901373133,,,,,,
IDRiD_69_0_1536,0.8443823818507135,0.9102055232249483,,,,,,
IDRiD_69_0_2048,0.6679897739482373,0.6387262785420474,0.0,0.0,0.7720283390166045,0.9911736962606712,,
IDRiD_69_0_2560,0.06297290700358865,0.14144736840554306,0.0,0.0,0.42829581990814813,0.9881305635050057,,
IDRiD_69_0_3072,0.3877917414695938,0.8553828101831804,,,,,,
IDRiD_69_0_512,0.6546375435057095,0.5144278606709239,0.0,0.0,,,,
IDRiD_69_1024_1024,,,0.0,0.0,0.0,0.0,,
IDRiD_69_1024_1536,0.45292867529006026,0.6625218150014995,0.0,0.0,0.35001978630614355,0.5446428571344729,,
IDRiD_69_1024_2048,0.5760140705663843,0.5734296344807741,0.0,0.0,0.3766029976722672,0.7907293796774513,,
IDRiD_69_1024_2560,0.482364314319894,0.5523785425066271,0.0,0.0,0.4971471098859552,0.6485436892784113,,
IDRiD_69_1024_3072,0.7183226982549076,0.5980570734487536,,,0.11538461537861826,0.5495049502230174,,
IDRiD_69_1536_0,0.24390243901576875,0.30396475768247005,0.0,0.0,,,,
IDRiD_69_1536_1536,,,0.0,0.0,0.1600893521945881,0.3522665210075223,,
IDRiD_69_1536_2048,0.34271501505283103,0.29707239579168565,0.0,0.0,0.44985374007051965,0.7880673498979478,,
IDRiD_69_1536_2560,0.2615376682294563,0.7436950146409473,,,,,,
IDRiD_69_1536_3072,,,0.0,0.0,,,,
IDRiD_69_2048_1024,0.7095016990461739,0.6896273511134606,,,,,,
IDRiD_69_2048_1536,0.5501799756060665,0.5994900164219045,,,0.0,0.0,,
IDRiD_69_2048_2048,0.4563946869064435,0.9009139489541981,0.0,0.0,0.3367839889346595,0.26608505994917286,,
IDRiD_69_2048_2560,,,0.0,0.0,,,,
IDRiD_69_2048_3072,,,0.0,0.0,,,,
IDRiD_69_512_1024,0.4736543909258989,0.9720930231804579,0.0,0.0,0.0,0.0,,
IDRiD_69_512_1536,0.6479871912094237,0.6787254432036721,0.0,0.0,0.2570875154031152,0.38912579955281845,,
IDRiD_69_512_2048,0.6982511093694026,0.8980528200486904,0.0,0.0,0.06203376521154167,0.13210702338927977,,
IDRiD_69_512_2560,0.5733037412790954,0.6128245102649439,0.0,0.0,0.0,0.0,,
IDRiD_69_512_3072,0.33412674799001224,0.7062893081612938,,,0.0,0.0,,
IDRiD_69_512_512,,,0.0,0.0,,,,
IDRiD_70_0_1536,0.6894961687076049,0.984889577663989,,,0.0,0.0,,
IDRiD_70_1024_1024,0.0,0.0,0.0,0.0,0.43721286368923384,0.9965095984299286,0.0,0.0
IDRiD_70_1024_1536,0.7459836533278046,0.8377436823089571,0.0,0.0,0.0,0.0,,
IDRiD_70_1024_2048,0.607168747477993,0.7688698490255229,0.0,0.0,0.0,0.0,,
IDRiD_70_1024_512,0.3400755124010238,0.7633171912370873,0.0,0.0,,,0.9096347367597535,0.9581864786876098
IDRiD_70_1536_0,,,0.0,0.0,,,,
IDRiD_70_1536_1024,0.0,0.0,,,0.0,0.0,,
IDRiD_70_1536_1536,0.6991850574008114,0.836167034211879,0.0,0.0,,,,
IDRiD_70_1536_2048,0.6457564575475552,0.8282623393625245,0.0,0.0,0.7849166862470655,0.9400004893901192,,
IDRiD_70_1536_512,,,0.0,0.0,,,,
IDRiD_70_2048_512,,,0.0,0.0,,,,
IDRiD_70_512_0,0.8822146774384378,0.8163363943539712,,,,,,
IDRiD_70_512_1024,,,0.0,0.0,,,,
IDRiD_70_512_1536,0.8572781676460272,0.8442296277381138,0.0,0.0,0.3012262156422729,0.21874232375069097,,
IDRiD_70_512_2048,,,,,0.6071867741411779,0.508117996786917,,
IDRiD_70_512_512,0.5869635366199825,0.7278911564480214,0.0,0.0,,,0.0,0.0
IDRiD_71_0_1024,0.0,0.0,0.0,0.0,0.24270353298883204,0.16808510634721593,,
IDRiD_71_0_1536,,,0.0,0.0,,,,
IDRiD_71_0_2048,,,0.0,0.0,0.0,0.0,,
IDRiD_71_0_2560,0.5623808515125243,0.4752103096445605,,,,,,
IDRiD_71_0_512,,,0.0,0.0,0.16119962510959704,0.11566913247372769,,
IDRiD_71_1024_0,0.0,0.0,0.0,0.0,0.15296367111835796,0.19017432643578855,,
IDRiD_71_1024_1024,0.0,0.0,0.0,0.0,0.648515936690946,0.8302882321550608,0.0,0.0
IDRiD_71_1024_1536,,,0.0,0.0,0.5701241655982772,0.6651601969117491,,
IDRiD_71_1024_2048,,,0.0,0.0,0.0,0.0,,
IDRiD_71_1024_512,,,0.0,0.0,0.4177486627225823,0.5498418212235603,0.0,0.0
IDRiD_71_1536_0,0.0,0.0,,,0.0,0.0,,
IDRiD_71_1536_1024,0.5485853746698518,0.5010733157158102,0.0,0.0,0.7301433203263882,0.9372583479774129,,
IDRiD_71_1536_1536,,,0.0,0.0,0.6284788145389477,0.7838743213539108,,
IDRiD_71_1536_2048,,,0.0,0.0,0.4968955277580451,0.7886318194688856,,
IDRiD_71_1536_2560,,,,,0.0,0.0,,
IDRiD_71_1536_3072,,,0.0,0.0,,,,
IDRiD_71_1536_512,0.0,0.0,0.0,0.0,0.7191302429872448,0.9313480444644449,,
IDRiD_71_2048_0,,,,,0.037203335469069704,0.02148148147989026,,
IDRiD_71_2048_1024,0.0,0.0,0.0,0.0,0.4521937817902451,0.48922895820783263,,
IDRiD_71_2048_1536,,,,,0.4202728563478601,0.6211678832060112,,
IDRiD_71_2048_2048,,,0.0,0.0,0.44267280348301685,0.5831528800283331,,
IDRiD_71_2048_3072,0.17641729225933078,0.7489010988805247,,,,,,
IDRiD_71_2048_512,0.74161627265691,0.6432999522821508,0.0,0.0,0.5084483025808643,0.6144623454247111,,
IDRiD_71_512_0,,,,,0.0,0.0,,
IDRiD_71_512_1024,0.45936241975346137,0.30049822063629184,0.0,0.0,0.5948989166570208,0.6410515672337433,,
IDRiD_71_512_1536,0.0,0.0,0.0,0.0,0.5415746259303065,0.7542372881268372,,
IDRiD_71_512_2048,0.0,0.0,0.0,0.0,0.027497708523449505,0.04136029411384556,,
IDRiD_71_512_512,0.2867647058803255,0.5849437553912621,0.0,0.0,0.36674816625713075,0.5441055234864945,0.0,0.0
IDRiD_72_0_1024,,,0.0,0.0,,,,
IDRiD_72_0_1536,,,0.0,0.0,0.0,0.0,,
IDRiD_72_0_2048,0.0,0.0,0.0,0.0,0.308074534148734,0.25186188217658345,,
IDRiD_72_0_2560,,,0.0,0.0,0.0,0.0,0.0,0.0
IDRiD_72_0_3072,,,0.0,0.0,0.0,0.0,,
IDRiD_72_0_512,,,0.0,0.0,,,,
IDRiD_72_1024_0,,,,,0.0,0.0,,
IDRiD_72_1024_2048,0.0,0.0,,,0.46614476033298474,0.4682240411986735,,
IDRiD_72_1024_2560,0.6276280149538549,0.5833133540977389,,,0.8346562000266473,0.8712594840614795,,
IDRiD_72_1024_3072,0.0,0.0,0.0,0.0,0.5564337092571136,0.6636305867260405,,
IDRiD_72_1024_512,,,,,0.0,0.0,,
IDRiD_72_1536_1024,,,0.0,0.0,0.6723754448323801,0.7534895313870018,,
IDRiD_72_1536_1536,,,0.0,0.0,0.6063077759487138,0.8314690528835593,,
IDRiD_72_1536_2048,,,0.0,0.0,0.7625978168749374,0.8188386406164365,,
IDRiD_72_1536_2560,,,,,0.7155437431862585,0.78345179026208,,
IDRiD_72_1536_3072,0.0,0.0,0.0,0.0,0.7570061433771973,0.8892498778042919,,
IDRiD_72_2048_1024,,,,,0.0,0.0,,
IDRiD_72_2048_1536,0.0774949312890855,0.24362606228843825,,,0.3631492168103226,0.6888193900946974,,
IDRiD_72_2048_2048,0.0,0.0,0.0,0.0,,,,
IDRiD_72_2048_2560,,,0.0,0.0,0.0,0.0,,
IDRiD_72_2048_3072,,,0.0,0.0,0.0,0.0,,
IDRiD_72_512_0,,,,,0.5551839464831365,0.7238372092847908,,
IDRiD_72_512_1536,,,,,0.16275430359573542,0.1604938271534174,,
IDRiD_72_512_2048,0.5473744292081228,0.9392752202801885,0.0,0.0,0.5528314167917313,0.624969340197296,,
IDRiD_72_512_2560,,,0.0,0.0,0.0,0.0,,
IDRiD_72_512_3072,,,,,0.2971086739681918,0.4365234374573707,,
IDRiD_72_512_512,,,0.0,0.0,0.3676511692875463,0.3867869045209413,,
IDRiD_73_0_1024,,,0.0,0.0,,,,
IDRiD_73_0_1536,,,0.0,0.0,0.0,0.0,,
IDRiD_73_1024_1024,,,0.0,0.0,,,,
IDRiD_73_1024_1536,,,0.0,0.0,0.5635598316228074,0.872950819639607,,
IDRiD_73_1024_2048,,,0.0,0.0,0.4518442622719342,0.6382054991840513,,
IDRiD_73_1024_2560,,,0.0,0.0,,,,
IDRiD_73_1536_1024,0.8935058905409232,0.8976212686462497,0.0,0.0,0.5041794984380036,0.4767054908089263,0.9060314455463374,0.9342804468011372
IDRiD_73_1536_1536,0.4078805602523029,0.6767109294853569,0.0,0.0,0.4600825042353778,0.9303238468174364,,
IDRiD_73_1536_2048,,,0.0,0.0,0.48709910777701715,0.5507088331215535,,
IDRiD_73_1536_2560,,,0.0,0.0,,,,
IDRiD_73_1536_3072,0.0,0.0,,,,,,
IDRiD_73_1536_512,0.0,0.0,,,,,,
IDRiD_73_2048_1024,,,,,,,0.808363573512902,0.8803161459962245
IDRiD_73_2048_1536,,,0.0,0.0,,,,
IDRiD_73_2048_2048,0.0,0.0,0.0,0.0,,,,
IDRiD_73_2048_2560,0.6744130330537325,0.6230633023323802,0.0,0.0,,,0.8440582858100818,0.8334226988233526
IDRiD_73_2048_3072,0.7117276782942509,0.8243204982895764,0.0,0.0,,,,
IDRiD_73_512_1024,,,0.0,0.0,,,,
IDRiD_73_512_1536,0.22431436757166132,0.384831460620108,0.0,0.0,0.34259969324824957,0.5936877076214722,,
IDRiD_73_512_2048,0.0,0.0,0.0,0.0,0.0,0.0,,
IDRiD_73_512_2560,0.6044158233392634,0.602199816626746,,,,,,
IDRiD_74_0_2048,0.0,0.0,0.0,0.0,0.0,0.0,,
IDRiD_74_0_2560,,,0.0,0.0,0.0,0.0,,
IDRiD_74_0_3072,,,0.0,0.0,,,,
IDRiD_74_0_512,,,0.0,0.0,,,,
IDRiD_74_1024_1024,,,0.0,0.0,,,,
IDRiD_74_1024_1536,,,0.0,0.0,,,0.6039618276416717,0.45215414591413555
IDRiD_74_1024_2048,0.03762718371976143,0.20502092045920065,0.0,0.0,0.011065006914098893,0.00952380952154195,0.6057393529408566,0.6649277688336707
IDRiD_74_1024_2560,0.6279959901547981,0.7337095400262594,0.0,0.0,0.44480696030105793,0.5943533319370075,,
IDRiD_74_1024_3072,0.46093413688946977,0.5877590229094585,0.0,0.0,0.41887755101506535,0.5795975996971551,,
IDRiD_74_1536_0,,,0.0,0.0,,,,
IDRiD_74_1536_1024,,,0.0,0.0,,,,
IDRiD_74_1536_2048,,,0.0,0.0,0.5246639740414178,0.6401680400607502,,
IDRiD_74_1536_2560,0.3659281894552716,0.26117775354179223,0.0,0.0,0.0,0.0,,
IDRiD_74_1536_3072,0.41011297575732086,0.37293038100565595,0.0,0.0,0.0,0.0,,
IDRiD_74_2048_1536,0.24933804059742565,0.9982332154595199,0.0,0.0,,,,
IDRiD_74_2048_2048,0.5538775311972326,0.5588984711822922,0.0,0.0,,,,
IDRiD_74_2048_2560,0.7284368031059434,0.7314712256165111,0.0,0.0,0.457031249955368,0.44913627630534814,,
IDRiD_74_2048_3072,0.8040654997025397,0.7809872028964905,0.0,0.0,,,,
IDRiD_74_2048_512,,,0.0,0.0,,,,
IDRiD_74_512_1024,,,0.0,0.0,,,,
IDRiD_74_512_1536,,,0.0,0.0,,,,
IDRiD_74_512_2048,0.0,0.0,0.0,0.0,0.2695863746914909,0.343814646241464,,
IDRiD_74_512_2560,0.5159564984799789,0.5019947961751605,0.0,0.0,0.3199769385967139,0.3398652786230884,,
IDRiD_74_512_3072,,,0.0,0.0,,,,
IDRiD_74_512_512,,,0.0,0.0,,,,
IDRiD_75_0_1024,0.5021881838035153,0.4530456852727997,0.0,0.0,,,,
IDRiD_75_0_1536,0.7893687707616219,0.8290575568202242,0.0,0.0,0.32911392404116474,0.3153252480531794,,
IDRiD_75_0_2048,0.5193370165726855,0.44289815276807976,,,0.6079963235154413,0.5744680850814387,,
IDRiD_75_0_2560,0.6272437175844909,0.49746915532272273,0.0,0.0,,,,
IDRiD_75_0_512,0.5035368089991215,0.8062080536236402,0.0,0.0,,,,
IDRiD_75_1024_0,,,0.0,0.0,0.0,0.0,,
IDRiD_75_1024_1024,0.5226383454422956,0.8740651709284981,0.0,0.0,0.11546391751783752,0.06311044327099095,,
IDRiD_75_1024_1536,0.01153136531362896,0.22708505365589718,0.0,0.0,0.17241379304399523,0.11363636358471074,,
IDRiD_75_1024_2048,,,0.0,0.0,0.049215406560299026,0.08224076280307023,,
IDRiD_75_1024_512,0.0,0.0,0.0,0.0,,,,
IDRiD_75_1536_0,,,0.0,0.0,,,,
IDRiD_75_1536_1024,0.48721723998812455,0.6032482598407939,0.0,0.0,0.23680587424337743,0.17622950818468378,,
IDRiD_75_1536_1536,,,0.0,0.0,0.0,0.0,,
IDRiD_75_1536_2048,,,0.0,0.0,0.0,0.0,,
IDRiD_75_1536_2560,0.15700997422303592,0.7229102166809643,0.0,0.0,,,,
IDRiD_75_1536_3072,0.5573313662768844,0.725875320223615,,,,,,
IDRiD_75_1536_512,,,0.0,0.0,,,,
IDRiD_75_2048_1024,0.6874654122808006,0.8375189617253073,0.0,0.0,0.0,0.0,0.7524534531745737,0.6386920980876707
IDRiD_75_2048_1536,0.4826220061141253,0.4266157274617442,0.0,0.0,,,,
IDRiD_75_2048_2048,0.18249534450085367,0.38381201039375823,0.0,0.0,,,,
IDRiD_75_2048_2560,0.5252901561753075,0.6153071500296977,0.0,0.0,,,,
IDRiD_75_2048_3072,0.8536195904275748,0.9261254425874402,0.0,0.0,,,,
IDRiD_75_2048_512,0.520465980687546,0.9212130936951025,0.0,0.0,0.0,0.0,0.0,0.0
IDRiD_75_512_0,,,0.0,0.0,,,,
IDRiD_75_512_1024,0.505405405401611,0.6480554485820552,0.0,0.0,0.4964214711704949,0.6484030121962036,,
IDRiD_75_512_1536,,,0.0,0.0,0.0,0.0,,
IDRiD_75_512_2048,0.6662147767922318,0.8953669963327598,0.0,0.0,0.4693775601911342,0.8972498089802426,,
IDRiD_75_512_2560,0.718508445459782,0.7990925734235526,,,,,,
IDRiD_75_512_512,,,0.0,0.0,,,,
IDRiD_76_0_1024,0.26230121608489615,0.15899296892358827,0.0,0.0,,,,
IDRiD_76_0_1536,0.37907631186764085,0.4210487607529525,0.0,0.0,,,,
IDRiD_76_0_2560,0.7273821464247265,0.7685459940327026,0.0,0.0,,,,
IDRiD_76_0_512,0.0,0.0,,,,,,
IDRiD_76_1024_0,,,0.0,0.0,,,,
IDRiD_76_1024_1024,0.2579906497447,0.25200372786109965,0.0,0.0,0.5376592503297379,0.7670042032825419,,
IDRiD_76_1024_1536,,,0.0,0.0,0.7499549954950497,0.7996161228304591,,
IDRiD_76_1024_2048,0.0,0.0,0.0,0.0,0.3615160349795673,0.37138103160161795,,
IDRiD_76_1024_3072,,,0.0,0.0,,,,
IDRiD_76_1024_3584,,,0.0,0.0,,,,
IDRiD_76_1024_512,0.23469793322501292,0.2318413820135092,0.0,0.0,0.27675633829807667,0.46308290153940795,,
IDRiD_76_1536_0,,,0.0,0.0,,,,
IDRiD_76_1536_1024,,,0.0,0.0,0.7632146938052257,0.8081921663457184,,
IDRiD_76_1536_1536,,,0.0,0.0,,,,
IDRiD_76_1536_2048,0.0,0.0,0.0,0.0,,,,
IDRiD_76_1536_2560,0.9367226509220451,0.9834159359324549,0.0,0.0,,,,
IDRiD_76_1536_3072,,,,,0.0,0.0,,
IDRiD_76_1536_512,0.30743086667459113,0.18988549618139422,0.0,0.0,0.7027167329927088,0.7112084062922731,,
IDRiD_76_2048_1024,,,0.0,0.0,,,,
IDRiD_76_2048_1536,,,0.0,0.0,,,,
IDRiD_76_2048_2560,,,0.0,0.0,0.0,0.0,,
IDRiD_76_2048_3072,,,0.0,0.0,,,,
IDRiD_76_2048_512,0.0,0.0,0.0,0.0,,,,
IDRiD_76_512_0,0.7272074658878821,0.8410128683752175,0.0,0.0,,,,
IDRiD_76_512_1024,0.5079142887880482,0.6691729323213339,0.0,0.0,0.19344834269832434,0.18365844680958196,,
IDRiD_76_512_1536,0.6745263157823733,0.8251352047173542,0.0,0.0,,,,
IDRiD_76_512_2048,,,0.0,0.0,,,,
IDRiD_76_512_3072,,,0.0,0.0,,,,
IDRiD_76_512_512,0.46354672961766735,0.6929624247313066,0.0,0.0,0.3936120244061244,0.5448634589668578,,
IDRiD_77_0_1024,,,0.0,0.0,0.0,0.0,,
IDRiD_77_0_1536,0.0,0.0,0.0,0.0,0.3499999999893293,0.31765356943455153,,
IDRiD_77_0_2048,0.14765707397698272,0.08822470291522821,,,0.0,0.0,,
IDRiD_77_0_2560,0.6768307079951535,0.7588684668273287,0.0,0.0,0.29991850039935025,0.1879468845696988,,
IDRiD_77_0_3072,,,0.0,0.0,0.0,0.0,,
IDRiD_77_0_512,,,0.0,0.0,,,,
IDRiD_77_1024_0,,,0.0,0.0,,,,
IDRiD_77_1024_1024,,,0.0,0.0,0.16627634658474516,0.30212765944590314,,
IDRiD_77_1024_1536,0.0,0.0,0.0,0.0,0.6949614162489901,0.7626780910592673,,
IDRiD_77_1024_2048,0.0,0.0,,,0.3703600334863193,0.31490270526068104,,
IDRiD_77_1024_2560,,,,,0.42557251904336135,0.33533834581423483,,
IDRiD_77_1024_3072,0.3397413970011648,0.9999999999597262,0.0,0.0,0.0,0.0,,
IDRiD_77_1024_3584,,,,,0.0,0.0,,
IDRiD_77_1024_512,,,0.0,0.0,,,,
IDRiD_77_1536_1024,0.384877595277816,0.29741379308920435,0.0,0.0,0.0,0.0,,
IDRiD_77_1536_1536,,,,,0.3398261911795078,0.3820754716723669,,
IDRiD_77_1536_2048,,,0.0,0.0,0.0,0.0,,
IDRiD_77_1536_512,0.7330609016561227,0.8001438848805735,0.0,0.0,0.32059780643219715,0.32407407406617755,,
IDRiD_77_2048_0,,,0.0,0.0,,,,
IDRiD_77_2048_1024,0.0,0.0,0.0,0.0,0.3203337085326072,0.2941033434614698,,
IDRiD_77_2048_1536,,,0.0,0.0,0.47514372674205035,0.3939988782839597,,
IDRiD_77_2048_2048,,,0.0,0.0,0.41845318859108677,0.35595567865392636,,
IDRiD_77_2048_512,,,0.0,0.0,0.0656099241893093,0.03391762861573439,,
IDRiD_77_512_1024,,,0.0,0.0,0.0,0.0,,
IDRiD_77_512_1536,0.0,0.0,0.0,0.0,0.3226636775010476,0.23013146985532315,,
IDRiD_77_512_2048,,,,,0.4481145584704147,0.40999213904786447,,
IDRiD_77_512_2560,0.0,0.0,,,0.2672476397934247,0.19064064928007873,,
IDRiD_77_512_3072,,,0.0,0.0,0.0,0.0,,
IDRiD_77_512_512,0.0,0.0,0.0,0.0,,,,
IDRiD_78_0_1024,,,0.0,0.0,,,,
IDRiD_78_0_1536,,,0.0,0.0,,,,
IDRiD_78_0_2048,0.0,0.0,0.0,0.0,0.0,0.0,,
IDRiD_78_0_2560,0.7514723203642694,0.696072319180297,0.0,0.0,0.3412226450978757,0.32754880693769206,,
IDRiD_78_0_3072,,,0.0,0.0,0.0,0.0,,
IDRiD_78_0_512,0.44609956877906315,0.3905284831578223,,,,,,
IDRiD_78_1024_0,,,0.0,0.0,,,,
IDRiD_78_1024_1024,,,,,0.2747156605183976,0.276895943513775,,
IDRiD_78_1024_1536,,,,,0.0,0.0,,
IDRiD_78_1024_2048,0.3474051776030165,0.21270384241038984,0.0,0.0,0.5167091024783839,0.5804433321312041,,
IDRiD_78_1024_2560,0.38713350412385295,0.25210084033301905,0.0,0.0,0.24706901530322223,0.18267998974991304,,
IDRiD_78_1024_3072,,,0.0,0.0,,,,
IDRiD_78_1024_512,,,0.0,0.0,,,,
IDRiD_78_1536_1536,,,0.0,0.0,,,,
IDRiD_78_1536_2048,0.0,0.0,0.0,0.0,0.5936051899769785,0.7666068222162413,,
IDRiD_78_1536_2560,0.0,0.0,0.0,0.0,0.0,0.0,,
IDRiD_78_1536_3072,,,0.0,0.0,0.0,0.0,,
IDRiD_78_2048_1024,,,0.0,0.0,,,,
IDRiD_78_2048_2048,,,0.0,0.0,,,,
IDRiD_78_2048_2560,0.0,0.0,0.0,0.0,,,,
IDRiD_78_2048_3072,0.0,0.0,,,0.0,0.0,,
IDRiD_78_2048_512,,,0.0,0.0,0.0,0.0,,
IDRiD_78_512_0,,,0.0,0.0,,,,
IDRiD_78_512_1536,,,0.0,0.0,,,,
IDRiD_78_512_2048,,,0.0,0.0,0.6889743864855546,0.9013395363724178,,
IDRiD_78_512_2560,0.3644416323928902,0.2815249266839237,0.0,0.0,0.5915476119306694,0.6992848865126224,,
IDRiD_78_512_3072,,,,,0.15083798882525512,0.33226982678522016,,
IDRiD_78_512_512,,,0.0,0.0,0.0,0.0,,
IDRiD_79_0_1024,,,0.0,0.0,0.0,0.0,,
IDRiD_79_0_1536,0.37876614059895963,0.439024390234168,0.0,0.0,0.28667305847139635,0.20216362405664884,,
IDRiD_79_0_2048,0.7267860130439452,0.6471026366654685,0.0,0.0,,,,
IDRiD_79_0_2560,0.4430181044391006,0.3980692076203732,0.0,0.0,0.34349506224373144,0.6097560974680251,,
IDRiD_79_0_512,0.7210230817172737,0.9851687691615212,0.0,0.0,,,,
IDRiD_79_1024_0,0.7729286663670085,0.8090434782514893,,,,,,
IDRiD_79_1024_1024,0.0,0.0,0.0,0.0,0.5231054829906311,0.5367346938702485,,
IDRiD_79_1024_1536,0.0,0.0,,,0.5564595931800085,0.6312047892163731,,
IDRiD_79_1024_2048,,,0.0,0.0,0.5438282647561244,0.7859755328441673,,
IDRiD_79_1024_2560,0.0,0.0,0.0,0.0,0.7031967707495402,0.8579191667561534,,
IDRiD_79_1024_3072,,,,,0.6766257456950321,0.6815653555752724,,
IDRiD_79_1536_0,,,,,0.37270603936648805,0.6044372294045217,,
IDRiD_79_1536_1024,0.0,0.0,0.0,0.0,0.44166666665899884,0.534453781490149,,
IDRiD_79_1536_1536,0.0,0.0,0.0,0.0,0.6424797463885451,0.8285773280989941,,
IDRiD_79_1536_2048,,,0.0,0.0,0.5921856448995227,0.8495292951788384,,
IDRiD_79_1536_2560,0.6109006120575503,0.6722257857385432,0.0,0.0,0.8952401029967395,0.9228237923726473,,
IDRiD_79_1536_3072,0.7933491686430896,0.7554933218386076,0.0,0.0,0.6607244741404816,0.7395339596380112,,
IDRiD_79_1536_512,,,,,0.0,0.0,,
IDRiD_79_2048_1024,0.0,0.0,0.0,0.0,0.5616238645221304,0.5872420262526444,,
IDRiD_79_2048_1536,,,0.0,0.0,0.5714207709933072,0.6571015948721769,,
IDRiD_79_2048_2048,0.0,0.0,0.0,0.0,0.5334238976607986,0.5794748816295918,,
IDRiD_79_2048_2560,0.568641884428742,0.46233261015588883,,,0.7793971377600393,0.9185104816504853,,
IDRiD_79_2048_3072,0.0,0.0,0.0,0.0,0.5095668202746191,0.5727664511804014,,
IDRiD_79_2048_512,0.0,0.0,0.0,0.0,0.36547163242723735,0.9615384613623557,,
IDRiD_79_512_0,0.7436481194723281,0.7689265536578357,,,0.0,0.0,,
IDRiD_79_512_1024,0.0,0.0,0.0,0.0,0.5144203428343942,0.6855781723541452,,
IDRiD_79_512_1536,,,0.0,0.0,0.38506397423287436,0.4859402460350189,,
IDRiD_79_512_2048,0.0,0.0,0.0,0.0,0.4088150750493642,0.4938271604747752,,
IDRiD_79_512_2560,0.812541993262877,0.7022841656716112,0.0,0.0,0.5532676548022939,0.7712070600817715,,
IDRiD_79_512_3072,0.6079234972539179,0.7725694443997355,0.0,0.0,0.7112130771368778,0.7999999999827957,,
IDRiD_79_512_512,,,0.0,0.0,0.3881334981218706,0.832891246463424,,
IDRiD_80_0_2048,0.8746980676302092,0.8408312532603422,,,,,,
IDRiD_80_0_2560,,,0.0,0.0,0.0,0.0,,
IDRiD_80_0_3072,,,,,0.0,0.0,,
IDRiD_80_1024_2048,,,,,0.4507815800496244,0.3629251700556828,,
IDRiD_80_1024_2560,,,,,0.0,0.0,,
IDRiD_80_1536_1536,,,0.0,0.0,,,,
IDRiD_80_1536_2048,,,,,0.0,0.0,,
IDRiD_80_1536_2560,,,,,0.0,0.0,,
IDRiD_80_1536_3072,,,,,0.11449275361489182,0.07931726906834165,,
IDRiD_80_2048_1536,,,,,0.0,0.0,,
IDRiD_80_2048_2048,,,0.0,0.0,,,,
IDRiD_80_2048_3072,,,0.0,0.0,0.0,0.0,,
IDRiD_80_512_2560,,,,,0.0,0.0,,
