image,dice_hemorrhages,recall_hemorrhages,dice_microaneurysms,recall_microaneurysms,dice_hard_exudates,recall_hard_exudates,dice_soft_exudates,recall_soft_exudates
IDRiD_01_0_1024,0.4895478300358467,0.9914864242753915,,,,,,
IDRiD_01_0_2048,0.0,0.0,,,,,,
IDRiD_01_0_2560,0.288226208859591,0.7990777338077023,0.0,0.0,,,,
IDRiD_01_1024_1024,,,,,0.468674698789534,0.6153116102304552,,
IDRiD_01_1024_1536,,,,,0.2585522101184042,0.3572946175510873,,
IDRiD_01_1024_2048,,,0.0,0.0,0.19112064696829312,0.1850431447687746,,
IDRiD_01_1024_2560,0.5759312320641867,0.5803657362290312,0.0,0.0,0.4786115864062661,0.38475142463760315,,
IDRiD_01_1024_512,0.5002826455483245,0.632142857097704,,,0.0,0.0,,
IDRiD_01_1536_1024,0.8178793056892801,0.896402168547103,0.0,0.0,0.43994452148571583,0.3195004028880137,,
IDRiD_01_1536_1536,,,,,0.26754511600494,0.7195685669153208,,
IDRiD_01_1536_2048,,,0.0,0.0,0.5565310779955523,0.570736274020757,,
IDRiD_01_1536_2560,,,,,0.540697674261425,0.3940677964431916,,
IDRiD_01_1536_512,0.0,0.0,0.0,0.0,0.0,0.0,,
IDRiD_01_2048_1024,0.8948811289340035,0.9859378094574575,0.0,0.0,0.5772681032037614,0.5886457940288826,,
IDRiD_01_2048_1536,,,,,0.702467017354349,0.6781078585744956,,
IDRiD_01_2048_2048,,,0.0,0.0,0.6674834599354723,0.8065375732788341,,
IDRiD_01_2048_3072,,,0.0,0.0,,,,
IDRiD_01_512_1024,,,0.0,0.0,0.7337190693003358,0.8832246591320918,,
IDRiD_01_512_1536,0.0,0.0,,,0.5070371379232994,0.6346897021906186,,
IDRiD_01_512_2048,0.0,0.0,0.0,0.0,0.36339849160871635,0.3974078437906513,,
IDRiD_01_512_2560,0.46110325316072126,0.35719503284461684,,,,,,
IDRiD_02_0_1536,,,,,0.36537348001963543,0.33421610168901456,,
IDRiD_02_0_2048,0.0,0.0,,,0.0,0.0,,
IDRiD_02_0_2560,,,,,0.0,0.0,,
IDRiD_02_0_3072,,,,,0.0,0.0,,
IDRiD_02_1024_1024,,,,,0.0,0.0,,
IDRiD_02_1024_1536,,,,,0.2419571045495323,0.4381067960633366,,
IDRiD_02_1024_2048,0.0,0.0,0.0,0.0,0.3512084592111857,0.3162189731330123,,
IDRiD_02_1024_2560,0.0,0.0,0.0,0.0,0.6791316773970559,0.7091814493130526,,
IDRiD_02_1024_3072,0.0,0.0,0.0,0.0,0.5807766990234876,0.5335354976715388,,
IDRiD_02_1024_512,,,,,0.0,0.0,,
IDRiD_02_1536_1024,,,0.0,0.0,,,,
IDRiD_02_1536_1536,0.0,0.0,0.0,0.0,0.0,0.0,,
IDRiD_02_1536_2048,0.0,0.0,0.0,0.0,0.5330840045953239,0.7628653766668232,,
IDRiD_02_1536_2560,0.0,0.0,0.0,0.0,0.6130892956172803,0.6174729080526664,,
IDRiD_02_1536_3072,0.04847343961399989,0.5838450637419063,0.0,0.0,0.415677345903144,0.3113276492006985,,
IDRiD_02_2048_1024,,,,,0.31126428441300086,0.8395303325988718,,
IDRiD_02_2048_1536,0.0,0.0,0.0,0.0,0.0,0.0,,
IDRiD_02_2048_2048,0.0,0.0,0.0,0.0,,,,
IDRiD_02_2048_2560,,,,,0.0,0.0,,
IDRiD_02_2048_3072,,,0.0,0.0,0.0,0.0,,
IDRiD_02_2048_512,,,,,0.4576604962403442,0.999999999827883,,
IDRiD_02_512_1024,,,0.0,0.0,0.0,0.0,,
IDRiD_02_512_1536,,,0.0,0.0,0.6196679438032369,0.6434444346154765,,
IDRiD_02_512_2048,0.6199289128493697,0.5859592214878138,0.0,0.0,0.6081325797036266,0.6616909481650144,,
IDRiD_02_512_2560,,,0.0,0.0,0.0,0.0,,
IDRiD_02_512_3072,,,,,0.0,0.0,,
IDRiD_03_0_1024,0.0,0.0,,,0.29692744641629415,0.1790719401999666,,
IDRiD_03_0_1536,0.050131463627517414,0.02571017619515084,0.0,0.0,0.1943256898486465,0.116441546338312,,
IDRiD_03_0_2048,0.46767001113523776,0.5634654129910366,0.0,0.0,0.0,0.0,,
IDRiD_03_0_2560,0.6390158172214708,0.7136300501194901,0.0,0.0,0.0,0.0,,
IDRiD_03_0_512,,,,,0.0,0.0,,
IDRiD_03_1024_0,0.0,0.0,,,,,,
IDRiD_03_1024_1024,0.22849551643213234,0.17888715547691694,0.0,0.0,0.5030284443743654,0.3760531896579581,,
IDRiD_03_1024_1536,0.6785486950914645,0.8162327718015255,0.0,0.0,0.7621728592023117,0.8399208817946309,,
IDRiD_03_1024_2048,0.0,0.0,0.0,0.0,0.5800395063648667,0.5794388871499709,,
IDRiD_03_1024_2560,0.0,0.0,0.0,0.0,0.6244876334923891,0.6232537429697598,,
IDRiD_03_1024_3072,0.4952017390356015,0.44429645133246787,0.0,0.0,0.0,0.0,,
IDRiD_03_1536_1024,0.0,0.0,0.0,0.0,0.41898527004452824,0.3344365093131086,,
IDRiD_03_1536_1536,0.0,0.0,0.0,0.0,0.651183512182522,0.5924711853632495,,
IDRiD_03_1536_2048,0.46540610226761053,0.5293255131706097,0.0,0.0,0.7531244248876937,0.7697108561449144,,
IDRiD_03_1536_2560,0.7234630015930683,0.6804201050223301,0.0,0.0,0.675328706679064,0.6457617775488879,,
IDRiD_03_1536_3072,,,0.0,0.0,0.0,0.0,,
IDRiD_03_2048_0,,,0.0,0.0,,,,
IDRiD_03_2048_1024,0.7062697050710255,0.8751792690723743,0.0,0.0,0.0,0.0,,
IDRiD_03_2048_1536,0.20982265498547106,0.12117472852869421,,,0.5609493996142553,0.4648443549600058,,
IDRiD_03_2048_2048,,,0.0,0.0,0.6182115500446759,0.6197584124191565,,
IDRiD_03_2048_2560,0.0,0.0,0.0,0.0,0.36743797044372123,0.39017169921876343,,
IDRiD_03_2048_3072,0.5418077900056001,0.9735640927924389,,,,,,
IDRiD_03_512_0,0.0,0.0,0.0,0.0,0.0,0.0,,
IDRiD_03_512_1024,,,0.0,0.0,0.5471289273957982,0.6080674292228737,,
IDRiD_03_512_1536,0.40757714634268905,0.5405186385518429,0.0,0.0,0.38723914002656046,0.34917566798920774,,
IDRiD_03_512_2048,0.0,0.0,0.0,0.0,0.4360183189625807,0.5967920353872272,,
IDRiD_03_512_2560,0.7400690846206814,0.779268015440344,0.0,0.0,0.4404190309876297,0.4756442488925889,,
IDRiD_03_512_3072,0.0,0.0,0.0,0.0,0.25641025640233517,0.21830615464396075,,
IDRiD_03_512_512,0.42876637554000047,0.8473570657579634,0.0,0.0,0.0,0.0,,
IDRiD_04_0_1024,,,,,0.18577075098447093,0.4257246376425974,,
IDRiD_04_1024_0,,,,,0.1283422459549887,0.10859728501873427,,
IDRiD_04_1024_1024,0.800556821047829,0.848444205985825,0.0,0.0,0.0,0.0,,
IDRiD_04_1024_2560,,,,,0.26161137439518434,0.644859812933444,,
IDRiD_04_1024_3072,,,,,0.0,0.0,,
IDRiD_04_1024_3584,,,,,0.0,0.0,,
IDRiD_04_1536_1024,0.7627056672690794,0.6164302600381734,,,,,,
IDRiD_04_1536_2560,,,0.0,0.0,,,,
IDRiD_04_1536_512,0.6661825926969397,0.7123925872169748,0.0,0.0,0.0,0.0,,
IDRiD_04_2048_512,0.3260041155398188,0.914606441264427,,,,,,
IDRiD_04_512_1024,,,,,0.003452243958374439,0.002135231316574005,,
IDRiD_04_512_1536,,,,,0.0,0.0,,
IDRiD_04_512_2560,,,,,0.0,0.0,,
IDRiD_04_512_3072,0.0,0.0,,,0.0,0.0,,
IDRiD_04_512_3584,,,,,0.027548209358802145,0.07575757564279156,,
IDRiD_04_512_512,,,,,0.0,0.0,,
IDRiD_05_0_512,0.5686274509702562,0.9931506848696667,0.0,0.0,,,,
IDRiD_05_1024_1024,,,,,0.40229645093525784,0.3567197334254587,,
IDRiD_05_1024_1536,,,0.0,0.0,0.5979419331018386,0.7003874300172025,,
IDRiD_05_1024_2048,0.0,0.0,0.0,0.0,,,,
IDRiD_05_1024_512,,,0.0,0.0,,,,
IDRiD_05_1536_1024,0.0,0.0,0.0,0.0,0.0,0.0,,
IDRiD_05_1536_1536,,,,,0.0,0.0,,
IDRiD_05_1536_512,0.0,0.0,0.0,0.0,,,,
IDRiD_05_2048_1024,,,0.0,0.0,,,,
IDRiD_05_2048_1536,,,0.0,0.0,,,,
IDRiD_05_2048_512,0.13064872703037855,0.99999999996361,,,,,,
IDRiD_05_512_1536,,,0.0,0.0,,,,
IDRiD_06_0_1536,0.30324074073755003,0.3892490545545854,0.0,0.0,,,,
IDRiD_06_0_2048,0.791109412808616,0.7440105414381407,0.0,0.0,,,,
IDRiD_06_0_2560,0.815058961394455,0.8524590163803821,,,0.0,0.0,,
IDRiD_06_0_3072,,,0.0,0.0,,,,
IDRiD_06_0_512,,,0.0,0.0,0.0,0.0,,
IDRiD_06_1024_1024,,,0.0,0.0,0.6405602012329827,0.4847206502676744,,
IDRiD_06_1024_1536,,,,,0.5298265675590507,0.38834047308261926,,
IDRiD_06_1024_512,0.0,0.0,0.0,0.0,,,,
IDRiD_06_1536_0,,,,,0.0,0.0,,
IDRiD_06_1536_1024,0.11900468806239627,0.5309734512847165,,,,,,
IDRiD_06_1536_512,,,0.0,0.0,0.0,0.0,,
IDRiD_06_2048_512,,,0.0,0.0,,,,
IDRiD_06_512_0,,,0.0,0.0,,,,
IDRiD_06_512_1024,0.24973319102189256,0.1428571428484214,0.0,0.0,0.4912933220611685,0.39648899399492227,,
IDRiD_06_512_1536,0.0,0.0,,,0.3828546616191126,0.29017395392298845,,
IDRiD_06_512_2048,0.8133915574726815,0.7991990846224715,0.0,0.0,0.0,0.0,,
IDRiD_06_512_3072,,,0.0,0.0,,,,
IDRiD_06_512_512,0.0,0.0,0.0,0.0,0.18290926547808667,0.12231139646477332,,
IDRiD_07_0_1024,,,0.0,0.0,0.26736842103855957,0.9304029300621234,,
IDRiD_07_0_1536,0.1798411728761158,0.6118038237484704,,,0.0,0.0,,
IDRiD_07_0_2048,0.5504065040538535,0.9582448690050781,0.0,0.0,0.0,0.0,,
IDRiD_07_0_512,0.6248520709874305,0.8085758039197108,,,,,,
IDRiD_07_1024_0,,,,,0.0,0.0,,
IDRiD_07_1024_1024,,,0.0,0.0,0.210287846479074,0.19276814072336262,,
IDRiD_07_1024_1536,,,,,0.22124450031079126,0.14630091437767456,,
IDRiD_07_1024_2048,0.0,0.0,,,0.2737195633691251,0.3918269229827339,,
IDRiD_07_1024_2560,,,0.0,0.0,,,,
IDRiD_07_1024_512,,,0.0,0.0,0.5431007262359134,0.7123923127781248,,
IDRiD_07_1536_0,,,0.0,0.0,0.4785415015232868,0.5663361029062896,,
IDRiD_07_1536_1024,,,,,0.43900808769320565,0.5004571776859155,,
IDRiD_07_1536_1536,,,0.0,0.0,0.6884426575438277,0.8806330624513251,,
IDRiD_07_1536_2048,0.5150589262218451,0.349940688008602,,,0.6133760738867416,0.8335753509241174,,
IDRiD_07_1536_2560,,,0.0,0.0,0.21957935100661738,0.5939790984199502,,
IDRiD_07_1536_512,0.1955578248634726,0.17702796394321638,0.0,0.0,0.241456403702316,0.5103510350805422,,
IDRiD_07_2048_0,,,,,0.0,0.0,,
IDRiD_07_2048_1024,,,,,0.3257311510510939,0.2982800982654408,,
IDRiD_07_2048_1536,,,,,0.4643319523547892,0.5902246358875156,,
IDRiD_07_2048_2048,0.42258765125472014,0.7980914113377182,0.0,0.0,0.5782280416651225,0.638185653994975,,
IDRiD_07_2048_512,0.6218424685622855,0.9540874742276838,0.0,0.0,0.5106491518873786,0.5199999999864935,,
IDRiD_07_512_0,,,0.0,0.0,0.0,0.0,,
IDRiD_07_512_1024,,,0.0,0.0,,,,
IDRiD_07_512_1536,,,0.0,0.0,0.3368055555360645,0.4163090128159787,,
IDRiD_07_512_2048,0.0,0.0,0.0,0.0,,,,
IDRiD_07_512_2560,0.7416081186476502,0.9353462421747507,,,,,,
IDRiD_07_512_512,,,0.0,0.0,,,,
IDRiD_08_0_1024,0.6411209096170772,0.8130108991733309,,,,,,
IDRiD_08_0_1536,0.6451866642444327,0.7545821244019915,0.0,0.0,,,,
IDRiD_08_1024_1024,0.5550043769980303,0.5344197808222979,0.0,0.0,0.43165004824008285,0.5972407654384851,,
IDRiD_08_1024_1536,0.4678491021884144,0.823984526096248,0.0,0.0,0.0,0.0,0.8149501554610541,0.9989783889901848
IDRiD_08_1024_2048,,,,,0.47473571461614705,0.5773674671434371,,
IDRiD_08_1024_2560,,,,,0.0,0.0,,
IDRiD_08_1024_512,0.48992601023915844,0.70052083331053,,,0.5286806883112486,0.9021207176342381,,
IDRiD_08_1536_1024,,,,,0.48984198640069504,0.49885057459796533,,
IDRiD_08_1536_1536,0.6465532362629968,0.7482744620077842,,,0.6820612542482413,0.7602962427608329,,
IDRiD_08_1536_2048,,,,,0.3288807001230364,0.2113676731668817,,
IDRiD_08_512_1024,,,0.0,0.0,,,,
IDRiD_08_512_1536,,,0.0,0.0,0.0,0.0,0.7989238032367152,0.9518567799627926
IDRiD_08_512_2048,,,0.0,0.0,,,0.43944929710266534,0.9999999999889879
IDRiD_08_512_512,,,0.0,0.0,,,,
IDRiD_09_0_1024,0.5111538897052679,0.5830158217592314,,,,,,
IDRiD_09_0_1536,,,0.0,0.0,,,,
IDRiD_09_0_2560,,,0.0,0.0,,,,
IDRiD_09_0_3072,,,0.0,0.0,,,,
IDRiD_09_0_512,0.2510954902313057,0.9363404255159772,,,,,,
IDRiD_09_1024_1024,0.0,0.0,0.0,0.0,0.6582079632637339,0.6647006182856138,,
IDRiD_09_1024_1536,0.8140313134886218,0.8095804112586522,,,0.7186792605859574,0.8883339409389567,,
IDRiD_09_1024_2048,0.49485761845018217,0.8435346574616227,0.0,0.0,0.48823870593227914,0.679827709966263,,
IDRiD_09_1024_2560,,,,,0.029937598101087367,0.8336886992714618,,
IDRiD_09_1024_3072,,,0.0,0.0,,,,
IDRiD_09_1024_3584,,,0.0,0.0,,,,
IDRiD_09_1024_512,0.6296435271926897,0.6189597934113258,0.0,0.0,0.6726354941533671,0.8268451992107978,,
IDRiD_09_1536_1024,0.21374045801000394,0.13399197282698389,0.0,0.0,0.5745827538237577,0.6124680330580317,,
IDRiD_09_1536_1536,0.6162942178513248,0.8980724298803133,0.0,0.0,0.7697372896333895,0.9202368172768607,,
IDRiD_09_1536_2048,0.7765957446675258,0.7874043145167918,0.0,0.0,0.008281573497250191,0.005420054199073156,,
IDRiD_09_1536_2560,,,0.0,0.0,,,,
IDRiD_09_1536_512,,,0.0,0.0,0.7796250616665273,0.8107428688672,,
IDRiD_09_2048_1024,,,,,0.42275229357487887,0.5009566881109592,,
IDRiD_09_2048_1536,0.0,0.0,0.0,0.0,0.595641751073158,0.6405016256356688,,
IDRiD_09_2048_2048,0.3265708095299727,0.5985559566570918,0.0,0.0,,,,
IDRiD_09_2048_2560,,,,,0.5192641443762838,0.8647398842930937,,
IDRiD_09_2048_512,,,0.0,0.0,0.0,0.0,,
IDRiD_09_512_0,0.13148917695177234,0.5063291139119578,,,,,,
IDRiD_09_512_1024,0.0,0.0,0.0,0.0,0.5622879301964684,0.5539196179820619,,
IDRiD_09_512_1536,0.0,0.0,0.0,0.0,0.5154280026528549,0.8189246178104118,,
IDRiD_09_512_2048,,,,,0.5450357619039272,0.7237604635955004,,
IDRiD_09_512_3072,,,0.0,0.0,,,,
IDRiD_09_512_512,0.19595995081610412,0.21997002918037722,0.0,0.0,0.351328903639895,0.9999999997635933,,
IDRiD_10_0_1024,,,,,0.5141784507558148,0.5415722043520769,,
IDRiD_10_0_1536,,,0.0,0.0,0.6603471969032164,0.8031243604593239,,
IDRiD_10_0_2048,0.6774527661678008,0.777185937877758,0.0,0.0,0.7575988227514142,0.7754635641158496,,
IDRiD_10_0_2560,0.2438815467434907,0.8568357695246417,0.0,0.0,0.3883336732533483,0.35377183201955514,,
IDRiD_10_0_3072,,,,,0.0,0.0,,
IDRiD_10_0_512,,,,,0.0,0.0,,
IDRiD_10_1024_0,,,,,0.0,0.0,,
IDRiD_10_1024_1024,0.4247812588142142,0.3998405951009607,0.0,0.0,0.6500406614229238,0.7399711993340878,,
IDRiD_10_1024_1536,,,,,0.9533894117934752,0.983906331662789,,
IDRiD_10_1024_2048,,,0.0,0.0,0.9466472303204488,0.9820348415189374,,
IDRiD_10_1024_2560,0.6301563411842916,0.5651167915350093,0.0,0.0,0.6240695504979245,0.6378218989556209,,
IDRiD_10_1024_3072,0.3929372197254353,0.9999999999286733,0.0,0.0,0.5883732932924113,0.6641245630689108,,
IDRiD_10_1024_512,,,,,0.35756648686268533,0.516914959648379,,
IDRiD_10_1536_0,,,0.0,0.0,0.44989135158235644,0.48619199698504245,,
IDRiD_10_1536_1024,,,0.0,0.0,0.4516729818237375,0.5897199396227593,,
IDRiD_10_1536_1536,,,0.0,0.0,0.6980643761515365,0.741904667784228,,
IDRiD_10_1536_2048,0.5797574018483125,0.9999999999775029,0.0,0.0,0.6021486469843297,0.6073493420331028,,
IDRiD_10_1536_2560,,,0.0,0.0,0.6442288733770175,0.6788415191528345,,
IDRiD_10_1536_3072,,,0.0,0.0,0.40242976460636726,0.3898970083182983,,
IDRiD_10_1536_512,0.6904509845364127,0.5980194388300382,,,,,,
IDRiD_10_2048_1024,0.0,0.0,0.0,0.0,0.0,0.0,,
IDRiD_10_2048_1536,0.0,0.0,0.0,0.0,0.26488049931093194,0.21276595744160515,,
IDRiD_10_2048_2048,0.7175432403761557,0.8890832750019405,0.0,0.0,0.20009589259708974,0.15190487745324183,,
IDRiD_10_2048_2560,0.5645802567285222,0.49338186631043424,,,0.0,0.0,,
IDRiD_10_2048_3072,0.0,0.0,0.0,0.0,0.31839847473025745,0.5007496251498688,,
IDRiD_10_2048_512,,,,,0.5832639466989329,0.7277922077544003,,
IDRiD_10_512_1024,,,0.0,0.0,0.6407470967521612,0.828725352869672,,
IDRiD_10_512_1536,,,,,0.6739155096727777,0.7883582759942254,,
IDRiD_10_512_2048,0.46435900943406266,0.3830699774179894,0.0,0.0,0.790949979163404,0.8587051482045885,,
IDRiD_10_512_2560,0.28748890860373233,0.6528967254079145,0.0,0.0,0.6494284678345716,0.7309592336409169,,
IDRiD_10_512_3072,0.4436994219601884,0.4266340595725515,0.0,0.0,0.5417827298034419,0.5523933495026779,,
IDRiD_10_512_512,0.45292139553958677,0.8756603006551946,0.0,0.0,0.06033341309713594,0.7383834439383685,,
IDRiD_11_0_1024,,,0.0,0.0,,,,
IDRiD_11_0_1536,0.0636289303498713,0.4428349715239092,0.0,0.0,0.0,0.0,,
IDRiD_11_0_2048,,,0.0,0.0,,,,
IDRiD_11_0_2560,0.7107282693757969,0.8029016277281865,0.0,0.0,,,,
IDRiD_11_0_3072,,,,,0.45956160238400895,0.6373165617112544,,
IDRiD_11_0_512,0.01444824155382234,0.9999999998802396,0.0,0.0,0.0,0.0,,
IDRiD_11_1024_1024,,,0.0,0.0,,,,
IDRiD_11_1024_1536,0.20279904937677848,0.17085650722645482,0.0,0.0,0.5351455068738883,0.6598060089846242,,
IDRiD_11_1024_2048,0.5311897105767723,0.5492021275865423,0.0,0.0,0.5975859750392791,0.7445039228490836,,
IDRiD_11_1024_2560,0.8115421455841529,0.75378113877327,0.0,0.0,0.6263288699048162,0.8101897124955745,,
IDRiD_11_1024_3072,0.2163844692133807,0.839052018031238,,,0.5072046109022857,0.9166666663483796,,
IDRiD_11_1536_1024,,,0.0,0.0,,,,
IDRiD_11_1536_1536,,,0.0,0.0,0.42986425338977496,0.6094431613905712,,
IDRiD_11_1536_2048,0.0,0.0,0.0,0.0,0.6540487882449869,0.7538842293379445,,
IDRiD_11_1536_2560,0.0,0.0,0.0,0.0,0.6615124689536188,0.8394490880691615,,
IDRiD_11_1536_3072,,,,,0.4309130015543209,0.4723577235695552,,
IDRiD_11_2048_1024,,,0.0,0.0,0.6235595390125762,0.8513986012497555,,
IDRiD_11_2048_1536,,,,,0.0,0.0,,
IDRiD_11_2048_2048,,,,,0.5715848040347069,0.8317154678515606,,
IDRiD_11_2048_2560,0.2517006802692551,0.15261927677502243,0.0,0.0,0.5932407215401483,0.6780094786665591,,
IDRiD_11_2048_3072,0.661673118997966,0.6018986372591961,0.0,0.0,0.28519417473997605,0.24684873946986885,,
IDRiD_11_512_1024,,,,,0.4412868632589467,0.6128071481300962,,
IDRiD_11_512_1536,,,0.0,0.0,0.4936895246095559,0.5283953396717037,,
IDRiD_11_512_2048,,,0.0,0.0,0.6128847431982526,0.7835335481957705,,
IDRiD_11_512_2560,0.0,0.0,0.0,0.0,0.4009018036052059,0.49013842949295433,,
IDRiD_11_512_3072,0.14440699090687928,0.5777425203858173,0.0,0.0,0.0,0.0,,
IDRiD_11_512_512,,,0.0,0.0,,,,
IDRiD_12_0_1024,,,,,0.6426512967991042,0.9999999998505232,,
IDRiD_12_0_2560,0.022463402321988693,0.24825662480835028,0.0,0.0,,,,
IDRiD_12_0_3072,0.0,0.0,0.0,0.0,,,,
IDRiD_12_0_512,0.2235393734060531,0.1258341277367069,,,,,,
IDRiD_12_1024_1024,0.4238052299305109,0.964432284475757,,,,,,
IDRiD_12_1024_2048,0.6990049750374372,0.6474654376388328,0.0,0.0,0.0,0.0,,
IDRiD_12_1024_2560,,,0.0,0.0,,,,
IDRiD_12_1536_2048,0.0,0.0,,,0.5853929024034743,0.7032736962180572,,
IDRiD_12_1536_3072,,,0.0,0.0,,,,
IDRiD_12_2048_1536,,,0.0,0.0,,,,
IDRiD_12_2048_2048,,,0.0,0.0,,,,
IDRiD_12_2048_2560,,,0.0,0.0,,,,
IDRiD_12_2048_3072,,,0.0,0.0,,,,
IDRiD_12_2048_512,0.6981372799005324,0.7621169916009962,0.0,0.0,,,,
IDRiD_12_512_2560,0.9187196896191805,0.9587044534357506,0.0,0.0,,,,
IDRiD_12_512_512,,,,,0.0,0.0,,
IDRiD_13_0_1024,0.5576184378912034,0.5481434864522297,0.0,0.0,,,,
IDRiD_13_0_1536,,,0.0,0.0,,,,
IDRiD_13_0_2048,0.47940580688261397,0.76673866088347,0.0,0.0,0.0,0.0,,
IDRiD_13_0_2560,0.8319238900524323,0.8920374043385652,0.0,0.0,,,,
IDRiD_13_0_3072,0.0,0.0,0.0,0.0,,,,
IDRiD_13_0_512,,,0.0,0.0,0.0,0.0,0.8607644947787154,0.835004790796327
IDRiD_13_1024_0,0.0003479471120329167,0.005555555552469136,0.0,0.0,,,,
IDRiD_13_1024_1024,0.3145780050949758,0.1940063091329648,0.0,0.0,0.7375620376266803,0.840169685102235,,
IDRiD_13_1024_1536,0.0,0.0,0.0,0.0,0.6484308823819837,0.6770060396864668,0.0,0.0
IDRiD_13_1024_2048,,,0.0,0.0,0.0,0.0,0.0,0.0
IDRiD_13_1024_2560,,,,,0.0,0.0,,
IDRiD_13_1024_3072,,,,,0.4522185368267587,0.502293896837171,,
IDRiD_13_1024_3584,,,0.0,0.0,0.0,0.0,,
IDRiD_13_1024_512,0.0,0.0,0.0,0.0,0.29293532338016975,0.27529455769075567,,
IDRiD_13_1536_0,,,0.0,0.0,0.0,0.0,,
IDRiD_13_1536_1024,,,0.0,0.0,0.5254000644342669,0.6880450070129945,,
IDRiD_13_1536_1536,0.011532337880237822,0.3444730076235288,0.0,0.0,0.1965973534878735,0.1227138642995449,,
IDRiD_13_1536_2048,0.0,0.0,0.0,0.0,0.31590473582491363,0.2248636009265447,0.0,0.0
IDRiD_13_1536_2560,0.36683889149404836,0.25283263191562266,0.0,0.0,,,,
IDRiD_13_1536_3072,,,0.0,0.0,0.0,0.0,,
IDRiD_13_1536_3584,,,,,0.0,0.0,,
IDRiD_13_1536_512,,,0.0,0.0,0.0,0.0,,
IDRiD_13_2048_1024,0.0,0.0,0.0,0.0,0.0,0.0,0.7885687732250398,0.9326738114610422
IDRiD_13_2048_1536,,,0.0,0.0,,,0.0,0.0
IDRiD_13_2048_2048,0.0,0.0,0.0,0.0,0.0,0.0,,
IDRiD_13_2048_2560,0.0,0.0,0.0,0.0,,,,
IDRiD_13_2048_512,,,0.0,0.0,,,0.0,0.0
IDRiD_13_512_0,0.01473684210495291,0.08515815083086176,0.0,0.0,,,,
IDRiD_13_512_1024,0.0,0.0,0.0,0.0,0.6380264895014713,0.6940056515479363,,
IDRiD_13_512_1536,,,0.0,0.0,0.6149133669121986,0.6060155619162335,,
IDRiD_13_512_2048,,,0.0,0.0,0.5601249349200048,0.6787216147738132,,
IDRiD_13_512_2560,0.3297372060766325,0.429394812649179,0.0,0.0,,,,
IDRiD_13_512_3072,,,,,0.26719278465235663,0.18588235292659744,,
IDRiD_13_512_3584,,,,,0.0,0.0,,
IDRiD_13_512_512,0.0827912477774813,0.04651162790388627,0.0,0.0,0.33031791159652835,0.3011310084683727,0.0,0.0
IDRiD_14_0_1024,,,0.0,0.0,,,,
IDRiD_14_0_1536,0.701882018018316,0.7209226770396062,0.0,0.0,0.0,0.0,,
IDRiD_14_0_2048,0.7189399331943331,0.7818268429107796,0.0,0.0,0.6478873239322556,0.8542246981961827,,
IDRiD_14_0_2560,0.34254507171770926,0.24904324530951927,0.0,0.0,,,0.8121789829216038,0.9278917318573916
IDRiD_14_0_3072,0.0,0.0,,,0.0,0.0,,
IDRiD_14_0_512,,,0.0,0.0,,,,
IDRiD_14_1024_0,,,0.0,0.0,,,,
IDRiD_14_1024_1024,0.0,0.0,0.0,0.0,,,,
IDRiD_14_1024_1536,0.39826676713643056,0.29525139663979744,0.0,0.0,0.5574209979539646,0.5716937035979399,,
IDRiD_14_1024_2048,,,0.0,0.0,0.5664357682612217,0.6335994364855788,,
IDRiD_14_1024_2560,,,0.0,0.0,0.5754238539930486,0.640482279866129,,
IDRiD_14_1024_3072,,,0.0,0.0,0.5328665482258707,0.5247504373723911,,
IDRiD_14_1024_3584,,,,,0.0,0.0,,
IDRiD_14_1024_512,,,0.0,0.0,0.11120064463843136,0.059585492226264095,,
IDRiD_14_1536_0,0.41637125361210536,0.691648822195755,,,,,,
IDRiD_14_1536_1024,,,0.0,0.0,,,,
IDRiD_14_1536_1536,0.8113107260521905,0.9353705368009202,0.0,0.0,0.382108338943985,0.2548725637104986,,
IDRiD_14_1536_2048,0.0,0.0,0.0,0.0,0.6526472781409002,0.7108512020561777,,
IDRiD_14_1536_2560,,,0.0,0.0,0.5177941647881085,0.6527890056324661,,
IDRiD_14_1536_3072,0.0,0.0,0.0,0.0,0.03601108032742229,0.027083333327690973,,
IDRiD_14_1536_512,,,0.0,0.0,,,,
IDRiD_14_2048_1024,0.0,0.0,0.0,0.0,,,,
IDRiD_14_2048_1536,,,0.0,0.0,,,,
IDRiD_14_2048_2048,,,0.0,0.0,0.3976648351511791,0.42170429712879065,,
IDRiD_14_2048_2560,0.6593279258324527,0.9483333333017223,0.0,0.0,0.4070763500893196,0.48523862374061627,,
IDRiD_14_2048_3072,0.1534090909047327,0.08726567549814915,0.0,0.0,0.0,0.0,,
IDRiD_14_2048_512,0.6879478827137476,0.5889570551818764,,,,,,
IDRiD_14_512_1536,0.0,0.0,0.0,0.0,0.5182640144618601,0.5035137034345833,,
IDRiD_14_512_2048,0.0,0.0,0.0,0.0,0.5328891048320656,0.6083465398805686,,
IDRiD_14_512_2560,0.0,0.0,0.0,0.0,0.542427206692317,0.5026228496470623,0.0,0.0
IDRiD_14_512_3072,0.508988764016349,0.462717058175412,0.0,0.0,0.36480440518108515,0.3864851725720349,,
IDRiD_14_512_512,,,0.0,0.0,,,,
IDRiD_15_0_1536,,,0.0,0.0,,,,
IDRiD_15_1024_0,,,0.0,0.0,0.08686050790994257,0.05293853745836974,,
IDRiD_15_1024_1024,,,,,0.5503454050601806,0.7276501522079256,,
IDRiD_15_1024_1536,,,,,0.6905684754410438,0.6514320536059893,,
IDRiD_15_1024_512,,,,,0.6704968571071976,0.672300281008943,,
IDRiD_15_1536_2048,,,0.0,0.0,0.0,0.0,,
IDRiD_15_1536_512,0.0,0.0,,,0.0,0.0,,
IDRiD_15_2048_2048,,,0.0,0.0,,,,
IDRiD_15_512_1024,0.0,0.0,,,0.5291040255491541,0.5867122618394393,,
IDRiD_15_512_512,0.0,0.0,0.0,0.0,,,,
IDRiD_16_0_2560,,,0.0,0.0,0.735446090238797,0.9058124734448108,,
IDRiD_16_1024_2048,,,0.0,0.0,0.0,0.0,,
IDRiD_16_1024_2560,0.6569620253060607,0.589605225771383,0.0,0.0,0.47460115493552607,0.40492693110309036,,
IDRiD_16_1024_3072,0.7894406559813018,0.8023641466042829,0.0,0.0,0.6778146795073434,0.8167520409764016,,
IDRiD_16_1024_3584,0.4696914700373978,0.3364534581208292,,,,,,
IDRiD_16_1536_2048,,,,,0.4571428571249651,0.3943281566242857,,
IDRiD_16_1536_2560,,,,,0.513025797429705,0.5589864303439631,,
IDRiD_16_1536_3072,,,,,0.6381971709748927,0.755507449372781,,
IDRiD_16_2048_1024,,,,,0.0,0.0,,
IDRiD_16_2048_1536,,,0.0,0.0,,,,
IDRiD_16_2048_2560,,,,,0.282717282703161,0.261794634573377,,
IDRiD_16_2048_3072,,,,,0.0,0.0,,
IDRiD_16_2048_512,,,0.0,0.0,0.0,0.0,,
IDRiD_16_512_1536,,,0.0,0.0,,,,
IDRiD_16_512_2048,,,,,0.16920473770402628,0.1016260162395069,,
IDRiD_16_512_2560,,,,,0.7351406892183695,0.8017585069913545,,
IDRiD_16_512_3072,,,,,0.5864518364467562,0.47655920033117616,,
IDRiD_17_0_1024,0.3425705991011587,0.9412617838786256,0.0,0.0,0.3968072976041021,0.7355880092142507,,
IDRiD_17_0_1536,0.43799063962503837,0.7117014804270464,0.0,0.0,0.4986949429017182,0.4753537552443216,,
IDRiD_17_0_2048,0.38275993114617224,0.36682663467149357,,,0.316371574094997,0.3110750739262513,,
IDRiD_17_0_2560,0.780117824514358,0.7656490042156207,0.0,0.0,0.5338775510058809,0.5938256658236183,,
IDRiD_17_0_3072,0.1357010336597035,0.9999999999441964,,,,,,
IDRiD_17_0_512,,,,,0.36583958451437737,0.9999999996845426,0.8376623376593157,0.9328298248358281
IDRiD_17_1024_0,0.2654636115382556,0.23860847294591175,0.0,0.0,0.0,0.0,,
IDRiD_17_1024_1024,0.1754667444561299,0.09751155061929552,0.0,0.0,0.6139000282951206,0.8858695652148967,,
IDRiD_17_1024_1536,0.6006364039138827,0.6401648493146725,0.0,0.0,0.4863367452320108,0.6522670025106767,,
IDRiD_17_1024_2048,0.5424224692788382,0.7626776364939216,,,0.3613673358629858,0.4781906300398817,,
IDRiD_17_1024_2560,0.0,0.0,,,0.11138851545942294,0.7800941492414193,,
IDRiD_17_1024_3072,0.15758975479317375,0.8302093609467257,0.0,0.0,,,,
IDRiD_17_1024_3584,,,0.0,0.0,,,,
IDRiD_17_1024_512,0.7188102292646814,0.6416392769071403,0.0,0.0,0.4728730055889098,0.6917482147549513,,
IDRiD_17_1536_0,0.7938765539323955,0.9182468918732741,,,,,,
IDRiD_17_1536_1024,0.0,0.0,,,0.3484805045863234,0.8600235848955186,,
IDRiD_17_1536_1536,0.2418101793042835,0.6733569137067257,0.0,0.0,0.41469052306810467,0.5430493273420841,,
IDRiD_17_1536_2048,0.5447645230690247,0.43761802643722175,0.0,0.0,0.40343735864299246,0.6925465837433934,0.17018051536330314,0.11840843719924823
IDRiD_17_1536_2560,0.075229869043778,0.10102899906265615,,,,,,
IDRiD_17_1536_3072,0.8102313670602327,0.9227983070148641,0.0,0.0,,,0.847281774385436,0.9260587826784764
IDRiD_17_1536_512,0.9423806405556807,0.9364363806894297,,,0.4606658113278367,0.6705327304763017,,
IDRiD_17_2048_0,0.814011780919827,0.6863573919403322,,,,,,
IDRiD_17_2048_1024,0.945841088126045,0.9633975922929547,,,0.33759999998649604,0.2824631860587374,,
IDRiD_17_2048_1536,0.8178728391441054,0.9440793923806658,,,0.0,0.0,,
IDRiD_17_2048_2048,0.7044741993024467,0.6081222524578841,,,0.0,0.0,0.0,0.0
IDRiD_17_2048_2560,0.870076818332888,0.8678249282477999,0.0,0.0,,,0.0,0.0
IDRiD_17_2048_3072,0.6763507129046831,0.7247914399687921,,,,,,
IDRiD_17_2048_512,0.9896411436904446,0.9882694075978058,,,,,,
IDRiD_17_512_0,,,0.0,0.0,0.0,0.0,,
IDRiD_17_512_1024,0.4400031350384826,0.4858082381362789,0.0,0.0,0.5103128529244312,0.5841687457446851,,
IDRiD_17_512_1536,0.4255871496352347,0.4360764754743468,0.0,0.0,0.6907488142565503,0.7812658044910726,,
IDRiD_17_512_2048,0.6682123900575465,0.6484918362009577,0.0,0.0,0.2717354244754222,0.19776674937474525,,
IDRiD_17_512_2560,0.05891880947500588,0.03813892529438875,0.0,0.0,0.14675183050090743,0.09872144204362353,,
IDRiD_17_512_3072,0.2564134074771685,0.9157340355296086,0.0,0.0,,,,
IDRiD_17_512_512,0.40331110599906117,0.5496709495369841,0.0,0.0,0.4362795887445753,0.4221810889987492,0.397735849053602,0.2486787466945198
IDRiD_18_0_1024,0.0,0.0,0.0,0.0,,,,
IDRiD_18_0_1536,0.08030460366630998,0.049235993206738715,0.0,0.0,0.0,0.0,,
IDRiD_18_0_2048,,,0.0,0.0,0.4891615541855602,0.7512562813755755,,
IDRiD_18_0_2560,0.7008699894271856,0.8560079443807744,0.0,0.0,0.35411421089380485,0.41867111215959346,0.7022663768979496,0.553778358082636
IDRiD_18_0_3072,,,0.0,0.0,,,0.8668371696430789,0.8491732086044902
IDRiD_18_0_512,,,0.0,0.0,,,,
IDRiD_18_1024_0,0.0,0.0,0.0,0.0,0.0,0.0,,
IDRiD_18_1024_1024,0.062053712479860634,0.23314339979899606,0.0,0.0,0.5483752658969105,0.7731127197438147,,
IDRiD_18_1024_1536,0.39278811640512235,0.5590223200207558,0.0,0.0,0.49804655705478573,0.6130648231578693,,
IDRiD_18_1024_2048,,,0.0,0.0,,,,
IDRiD_18_1024_3072,,,,,,,0.5602991586150483,0.9686697057524354
IDRiD_18_1024_512,0.5541526306847439,0.6356610697173598,0.0,0.0,0.5633528696216668,0.6731145288268425,,
IDRiD_18_1536_0,0.0,0.0,0.0,0.0,0.5002257336230197,0.557624559609581,,
IDRiD_18_1536_1024,0.0750955761873628,0.11079774375280424,0.0,0.0,0.5314208960926249,0.7184176394199946,,
IDRiD_18_1536_1536,,,0.0,0.0,0.06304079109622739,0.03320312499783833,,
IDRiD_18_1536_2048,,,0.0,0.0,0.0,0.0,,
IDRiD_18_1536_3072,,,0.0,0.0,,,,
IDRiD_18_1536_3584,0.6685441410472812,0.7512383048775113,,,,,,
IDRiD_18_1536_512,0.0,0.0,0.0,0.0,0.4777088666303405,0.7090111683374521,,
IDRiD_18_2048_0,0.09141981613658275,0.5014005600836413,0.0,0.0,,,,
IDRiD_18_2048_1024,0.0,0.0,0.0,0.0,0.49507246376590824,0.7446009389571482,,
IDRiD_18_2048_1536,,,0.0,0.0,0.5626373625755344,0.3962848296600178,0.0,0.0
IDRiD_18_2048_2048,,,0.0,0.0,0.0,0.0,,
IDRiD_18_2048_2560,,,0.0,0.0,,,,
IDRiD_18_2048_3072,0.2882183270436186,0.9999999999230177,0.0,0.0,,,,
IDRiD_18_2048_512,0.5755956497127562,0.8718339363875336,0.0,0.0,0.2740667976289751,0.18979591835443566,,
IDRiD_18_512_1024,0.2048300536626827,0.16368834881473596,0.0,0.0,0.3626022040461678,0.4450261779910547,,
IDRiD_18_512_1536,0.45477137176373295,0.9662090812583839,,,0.2191283292845564,0.177799607055226,,
IDRiD_18_512_2048,0.6062493720425374,0.699026876721524,0.0,0.0,,,,
IDRiD_18_512_3072,,,0.0,0.0,0.3619812583571089,0.4503664223550722,,
IDRiD_18_512_512,0.6074295314428332,0.8196473551224359,0.0,0.0,0.6062759401314103,0.8329157667314651,,
IDRiD_19_0_1024,0.7196949060005532,0.661492238324412,,,,,0.6867675047512093,0.5450787088480669
IDRiD_19_0_1536,,,,,0.0,0.0,,
IDRiD_19_0_2048,,,,,,,0.35813710099049567,0.2181285058615741
IDRiD_19_0_2560,0.5883171070522728,0.5916083915256493,,,,,,
IDRiD_19_1024_0,,,0.0,0.0,,,,
IDRiD_19_1024_1024,,,,,0.6040688575710776,0.8136593591219511,,
IDRiD_19_1024_1536,,,,,0.4707921650117734,0.3871151653253388,,
IDRiD_19_1024_2560,,,0.0,0.0,,,,
IDRiD_19_1024_512,0.0,0.0,0.0,0.0,,,,
IDRiD_19_1536_2048,0.0,0.0,0.0,0.0,,,,
IDRiD_19_1536_2560,,,0.0,0.0,,,,
IDRiD_19_1536_3072,,,0.0,0.0,0.13695090438391788,0.12354312352872458,,
IDRiD_19_1536_512,0.3662342545522423,0.7585669781340679,,,,,,
IDRiD_19_2048_1024,0.6619453024887971,0.5231630344108233,0.0,0.0,,,,
IDRiD_19_2048_1536,0.0,0.0,0.0,0.0,,,,
IDRiD_19_2048_2048,0.44625217893978775,0.28872180448956974,0.0,0.0,,,,
IDRiD_19_2048_2560,0.5996343692504793,0.6657645465946191,,,,,,
IDRiD_19_2048_3072,,,0.0,0.0,,,0.890003813517864,0.940555653507618
IDRiD_19_2048_512,0.6857272865108014,0.7666610140619525,0.0,0.0,,,0.6853674783459006,0.9667989141581375
IDRiD_19_512_1024,0.5004940711421237,0.5785265562425561,0.0,0.0,0.35584137189947257,0.376417233517413,,
IDRiD_19_512_1536,0.7106201939573749,0.7322332952092129,0.0,0.0,0.531184770808503,0.584742647053449,0.7169173104140563,0.9687461395803737
IDRiD_19_512_2048,0.6833333333129961,0.6228974497762942,,,,,,
IDRiD_19_512_512,0.0,0.0,0.0,0.0,,,,
IDRiD_20_0_1024,0.32096416110621745,0.25312656326897814,0.0,0.0,,,,
IDRiD_20_0_1536,0.7272476558157416,0.5870000741961341,0.0,0.0,0.3454559613710345,0.37946963215775076,,
IDRiD_20_0_2048,0.4709388971606071,0.8504784688486555,0.0,0.0,0.5091215267889666,0.46134282805384824,,
IDRiD_20_0_2560,,,0.0,0.0,,,,
IDRiD_20_0_512,0.0,0.0,,,,,,
IDRiD_20_1024_0,,,0.0,0.0,,,,
IDRiD_20_1024_1024,0.0,0.0,0.0,0.0,0.5343327005090501,0.5848445595823356,,
IDRiD_20_1024_1536,0.0,0.0,0.0,0.0,0.5575526722995892,0.6435480325310862,,
IDRiD_20_1024_2048,,,0.0,0.0,0.0,0.0,,
IDRiD_20_1024_2560,,,0.0,0.0,,,,
IDRiD_20_1024_3072,0.17461482024688754,0.2806603773452519,0.0,0.0,,,,
IDRiD_20_1024_512,0.5274671052588201,0.5639177070412534,0.0,0.0,0.0,0.0,,
IDRiD_20_1536_1024,0.3239616613403744,0.4288303528222712,0.0,0.0,0.5267717029674007,0.5988297416826114,,
IDRiD_20_1536_1536,,,0.0,0.0,0.6812022106113967,0.6549239391465541,,
IDRiD_20_1536_2048,0.6168888888614716,0.5565356856009193,,,,,,
IDRiD_20_1536_3072,0.0,0.0,0.0,0.0,0.0,0.0,,
IDRiD_20_1536_512,0.0,0.0,0.0,0.0,0.7458480608107981,0.6883546340093989,,
IDRiD_20_2048_1024,,,0.0,0.0,0.5370500463637367,0.5947964645798904,,
IDRiD_20_2048_1536,0.0,0.0,0.0,0.0,0.5820177127398727,0.5067046597300251,,
IDRiD_20_2048_2560,0.3283720930079827,0.19643850861455545,,,,,,
IDRiD_20_2048_3072,0.0,0.0,0.0,0.0,0.0,0.0,,
IDRiD_20_2048_512,0.0,0.0,0.0,0.0,0.8505281735813269,0.9001263527940442,,
IDRiD_20_512_1024,0.0,0.0,0.0,0.0,0.6142657848498834,0.7105247430052877,,
IDRiD_20_512_1536,0.4448900388069541,0.43808917196894154,0.0,0.0,0.46633177174333595,0.3752213996985548,,
IDRiD_20_512_2048,,,,,0.0,0.0,,
IDRiD_20_512_2560,0.4854368931942652,0.49295774645903595,0.0,0.0,,,,
IDRiD_20_512_3072,,,0.0,0.0,,,,
IDRiD_20_512_512,,,0.0,0.0,0.5354838709461499,0.6465433300246792,,
IDRiD_21_0_1024,0.0,0.0,0.0,0.0,0.0,0.0,,
IDRiD_21_0_1536,0.0,0.0,0.0,0.0,0.0,0.0,,
IDRiD_21_0_2048,,,0.0,0.0,0.3426758328835887,0.37241379308204514,,
IDRiD_21_0_2560,,,0.0,0.0,,,,
IDRiD_21_0_3072,,,0.0,0.0,,,,
IDRiD_21_0_512,0.6785140777146075,0.8129810158847363,,,0.0,0.0,,
IDRiD_21_1024_1024,,,0.0,0.0,0.0025270896350938965,0.024608501116733145,,
IDRiD_21_1024_1536,0.6291581108792657,0.570061662762385,0.0,0.0,0.7167642068069454,0.7323096518513575,,
IDRiD_21_1024_2048,0.3586765994702161,0.25022928767578373,0.0,0.0,0.5991529120399072,0.7665994526833984,,
IDRiD_21_1024_2560,0.5940208888299969,0.5242964842836135,0.0,0.0,0.5115410112667297,0.6254974207719161,,
IDRiD_21_1024_3072,0.3434596751201383,0.993405868760412,0.0,0.0,,,,
IDRiD_21_1536_0,,,,,0.0,0.0,,
IDRiD_21_1536_1024,,,0.0,0.0,0.0,0.0,,
IDRiD_21_1536_1536,0.0,0.0,,,0.8201087559639205,0.8567122652424023,,
IDRiD_21_1536_2048,0.2274166057922155,0.21883786316263268,0.0,0.0,0.4425246118066573,0.5409444951193534,,
IDRiD_21_1536_2560,0.5738447196678191,0.607800267997688,0.0,0.0,0.6456311683998973,0.6865264454779261,,
IDRiD_21_1536_3072,,,0.0,0.0,,,,
IDRiD_21_1536_512,0.6624630541741386,0.7405286343286112,,,0.36574074072864615,0.22580645160368287,,
IDRiD_21_2048_1024,0.0,0.0,0.0,0.0,0.0,0.0,,
IDRiD_21_2048_1536,0.0,0.0,0.0,0.0,0.2942987578267937,0.22133503672594482,,
IDRiD_21_2048_2048,0.20886166120232424,0.11679413639074579,0.0,0.0,0.5575231144629217,0.5897508761930957,,
IDRiD_21_2048_2560,0.7486033519472646,0.6761110032859284,0.0,0.0,0.39230769229826185,0.5171102661269258,,
IDRiD_21_2048_3072,,,0.0,0.0,0.0,0.0,,
IDRiD_21_2048_512,0.0,0.0,0.0,0.0,0.0,0.0,,
IDRiD_21_512_1024,,,0.0,0.0,,,,
IDRiD_21_512_1536,,,0.0,0.0,0.33230920486257454,0.40982115791422186,,
IDRiD_21_512_2048,0.6078843301989132,0.708585422058361,0.0,0.0,0.46676555767135147,0.6310160427686972,,
IDRiD_21_512_2560,0.522792417933215,0.3905235529715358,0.0,0.0,0.23729614747725608,0.4643848288192058,,
IDRiD_21_512_3072,0.0,0.0,0.0,0.0,,,,
IDRiD_21_512_512,,,0.0,0.0,0.0,0.0,,
IDRiD_22_0_1024,0.7087462620153999,0.7060416564050124,0.0,0.0,,,0.5111020692847271,0.8809738503067731
IDRiD_22_0_1536,0.41524796445539425,0.3652343749762217,0.0,0.0,,,,
IDRiD_22_0_2048,0.40607995682688275,0.8399999999843721,0.0,0.0,,,0.7732870926113855,0.8184470588158264
IDRiD_22_0_2560,0.8022418316222222,0.8404037375663798,,,0.44340133597321896,0.4516366310977699,,
IDRiD_22_0_3072,0.3145715646895985,0.285926384161547,,,,,,
IDRiD_22_0_512,0.0,0.0,,,,,,
IDRiD_22_1024_1024,,,0.0,0.0,,,,
IDRiD_22_1024_1536,,,0.0,0.0,0.5599593908618071,0.7055001279063418,,
IDRiD_22_1024_2048,,,0.0,0.0,0.6078069241836102,0.6806534160595904,,
IDRiD_22_1024_3072,0.0,0.0,,,,,,
IDRiD_22_1024_512,,,0.0,0.0,,,,
IDRiD_22_1536_0,,,,,0.0,0.0,,
IDRiD_22_1536_1024,,,0.0,0.0,0.2518301610173016,0.23243243236961283,,
IDRiD_22_1536_1536,0.0,0.0,0.0,0.0,0.6527752166637214,0.6301174795188659,,
IDRiD_22_1536_2048,0.3833001987995368,0.9897330594466394,0.0,0.0,0.6490448008330792,0.8377597466818216,,
IDRiD_22_1536_3072,0.7143418467571293,0.9419264732341777,0.0,0.0,0.39602209943876193,0.3516483516345507,,
IDRiD_22_1536_3584,0.6600221483915343,0.5178605908443209,,,,,,
IDRiD_22_1536_512,,,0.0,0.0,0.20575770860432913,0.353591160203235,,
IDRiD_22_2048_1024,0.45348460290999215,0.324820060359303,0.0,0.0,,,0.8973795207733614,0.9357132831098315
IDRiD_22_2048_1536,0.7781508475900568,0.8591320072177372,,,,,,
IDRiD_22_2048_2048,,,0.0,0.0,,,,
IDRiD_22_2048_3072,,,0.0,0.0,,,,
IDRiD_22_2048_512,,,,,0.0,0.0,0.0,0.0
IDRiD_22_512_1024,0.7628790090229051,0.7945538664883157,,,0.5436175455755639,0.9339542759581748,0.4757111861123562,0.5015887137741384
IDRiD_22_512_1536,,,0.0,0.0,,,,
IDRiD_22_512_2560,0.0,0.0,,,,,,
IDRiD_22_512_3072,0.835861095373094,0.8018925083740789,,,,,0.8020348031922209,0.8129882064613954
IDRiD_22_512_512,0.7011759001048541,0.8835930339003423,,,0.36968396410095894,0.3813644596421541,0.0,0.0
IDRiD_23_0_1024,0.2404740987801479,0.7604294189588433,0.0,0.0,,,,
IDRiD_23_0_1536,,,,,,,0.42140682582784356,0.9999999999847909
IDRiD_23_0_2048,0.2531864333531131,0.15165631469848467,,,,,,
IDRiD_23_0_2560,0.0,0.0,,,,,,
IDRiD_23_0_3072,0.03437277940271616,0.337881741379536,,,,,,
IDRiD_23_1024_1024,,,,,0.0,0.0,,
IDRiD_23_1024_1536,,,0.0,0.0,,,,
IDRiD_23_1024_2560,,,,,,,0.0,0.0
IDRiD_23_1024_3072,,,0.0,0.0,,,,
IDRiD_23_1536_1024,,,0.0,0.0,0.47640704944637846,0.43736951981015815,,
IDRiD_23_1536_1536,,,0.0,0.0,0.0,0.0,,
IDRiD_23_1536_2560,,,,,0.0,0.0,,
IDRiD_23_1536_3072,,,0.0,0.0,0.0,0.0,,
IDRiD_23_1536_3584,,,,,0.0,0.0,,
IDRiD_23_1536_512,,,0.0,0.0,0.15193571949773793,0.11353711789773269,,
IDRiD_23_2048_1024,0.5994152046564541,0.47785547782763077,,,,,,
IDRiD_23_2048_2048,0.31540435478463524,0.1936419791595631,,,,,,
IDRiD_23_2048_2560,0.5214684610407262,0.3581488933556571,0.0,0.0,,,,
IDRiD_23_2048_3072,,,,,0.0,0.0,,
IDRiD_23_2048_512,0.6098353993028872,0.8751822688575334,,,0.0,0.0,,
IDRiD_23_512_1024,0.0,0.0,,,,,,
IDRiD_23_512_2048,,,0.0,0.0,,,,
IDRiD_23_512_2560,,,,,,,0.0,0.0
IDRiD_23_512_3072,0.0,0.0,,,,,0.6141309380441324,0.44313777895973355
IDRiD_23_512_512,,,0.0,0.0,,,,
IDRiD_24_0_2048,,,,,0.0,0.0,,
IDRiD_24_1024_1536,,,,,0.0,0.0,,
IDRiD_24_1024_2048,,,,,0.0798109740068309,0.04813172894084447,,
IDRiD_24_1024_2560,,,0.0,0.0,,,,
IDRiD_24_1536_1536,,,,,0.0,0.0,,
IDRiD_24_1536_2048,,,0.0,0.0,0.0,0.0,,
IDRiD_24_1536_2560,,,0.0,0.0,,,,
IDRiD_24_1536_512,0.5000713979651568,0.3539518900272094,,,0.0,0.0,,
IDRiD_24_2048_1024,0.6435950027945418,0.6023734729451841,,,,,,
IDRiD_24_2048_1536,0.5107475136185196,0.7177637510624199,0.0,0.0,,,,
IDRiD_24_512_1536,,,,,0.0,0.0,,
IDRiD_24_512_2048,,,,,0.6416978776329059,0.6416978776128778,,
IDRiD_24_512_2560,0.7613427747080863,0.6335661283144137,,,,,,
IDRiD_24_512_512,0.5917060951686138,0.5009425070451959,,,,,,
IDRiD_25_0_1024,,,0.0,0.0,0.48141304086855596,0.5386102459427633,0.0,0.0
IDRiD_25_0_1536,0.0,0.0,0.0,0.0,0.7480437752716992,0.7789945675594565,,
IDRiD_25_0_2048,0.5753713552159926,0.8920955359618133,0.0,0.0,0.5071440009955211,0.5266834207978169,0.0,0.0
IDRiD_25_0_2560,0.7245108642182454,0.786446104580721,0.0,0.0,0.7954961974469698,0.9427003407275695,,
IDRiD_25_0_3072,0.2879857223956519,0.2736663583059873,,,0.0,0.0,,
IDRiD_25_0_512,0.5880740232834794,0.41853658534543725,0.0,0.0,0.0,0.0,0.13487837978771397,0.1800445930830534
IDRiD_25_1024_0,,,0.0,0.0,,,,
IDRiD_25_1024_1024,0.0,0.0,0.0,0.0,0.0,0.0,,
IDRiD_25_1024_1536,0.6369277209351513,0.5945522855167642,0.0,0.0,0.7371264400722187,0.8007382369392183,,
IDRiD_25_1024_2048,,,0.0,0.0,0.6716881874697888,0.8489482591865946,,
IDRiD_25_1024_2560,0.7125164941722508,0.8261687066773847,0.0,0.0,0.672286033373273,0.8866025930446008,,
IDRiD_25_1024_3072,0.0,0.0,,,0.7896569380420132,0.7999792509554934,,
IDRiD_25_1024_512,,,0.0,0.0,,,,
IDRiD_25_1536_0,,,,,0.4872340425013581,0.8388278385205759,,
IDRiD_25_1536_1024,0.49070308280677033,0.9867461601520717,,,,,0.9024918743174281,0.887534035741831
IDRiD_25_1536_1536,0.0,0.0,0.0,0.0,0.7587203402895074,0.8395702710941926,,
IDRiD_25_1536_2048,0.0,0.0,0.0,0.0,0.7586025985236574,0.8550507861386704,0.0,0.0
IDRiD_25_1536_2560,0.5435666648585594,0.537274237631874,0.0,0.0,0.5745883210756846,0.664791901003026,0.0,0.0
IDRiD_25_1536_3072,0.7311846137573049,0.8950173332597142,0.0,0.0,,,,
IDRiD_25_1536_512,0.0,0.0,0.0,0.0,0.0,0.0,,
IDRiD_25_2048_1024,0.0,0.0,,,,,,
IDRiD_25_2048_1536,0.602654275800889,0.6516173434229069,0.0,0.0,0.6060102938634234,0.7412672623581938,,
IDRiD_25_2048_2048,0.211754022531253,0.18970864900498444,0.0,0.0,,,,
IDRiD_25_2048_2560,0.0,0.0,0.0,0.0,0.0,0.0,,
IDRiD_25_2048_3072,,,0.0,0.0,0.0,0.0,,
IDRiD_25_512_1024,0.0,0.0,,,0.6438661932787382,0.7351281086418255,,
IDRiD_25_512_1536,0.7071980158945863,0.8309754675970144,0.0,0.0,0.4621408045960411,0.6401632003120692,,
IDRiD_25_512_2048,0.7163781051718289,0.7518735891630883,0.0,0.0,0.5098009875766137,0.540193435856347,0.857189489139406,0.7596181660289324
IDRiD_25_512_2560,0.598178573624398,0.6268781840418721,0.0,0.0,0.7306157577647979,0.8593075806203159,,
IDRiD_25_512_3072,,,0.0,0.0,0.6006436804543178,0.7838700224635045,,
IDRiD_25_512_512,0.6506498621376399,0.839430894266289,,,,,,
IDRiD_26_0_1024,0.2839705204941965,0.19432624113168911,0.0,0.0,,,,
IDRiD_26_0_1536,0.7294438043288002,0.641606780898441,,,,,,
IDRiD_26_0_2048,,,0.0,0.0,,,,
IDRiD_26_0_2560,0.0,0.0,0.0,0.0,,,,
IDRiD_26_1024_1024,,,0.0,0.0,,,,
IDRiD_26_1024_1536,,,0.0,0.0,,,,
IDRiD_26_1024_2048,0.07271191646163731,0.8440285204238833,0.0,0.0,,,,
IDRiD_26_1024_2560,0.6112359550485489,0.7793696274823506,0.0,0.0,,,,
IDRiD_26_1024_3072,0.8825560366063392,0.9677884615326454,0.0,0.0,,,,
IDRiD_26_1536_1024,,,0.0,0.0,,,,
IDRiD_26_1536_1536,,,0.0,0.0,,,,
IDRiD_26_1536_2048,0.0,0.0,,,,,,
IDRiD_26_1536_2560,,,0.0,0.0,,,,
IDRiD_26_1536_3072,0.44963875902146966,0.41719242900563125,0.0,0.0,,,,
IDRiD_26_2048_1024,,,,,0.0,0.0,,
IDRiD_26_2048_1536,0.10627112279284386,0.7350649349694721,0.0,0.0,,,,
IDRiD_26_2048_2048,,,0.0,0.0,,,,
IDRiD_26_2048_3072,0.778776300916005,0.9111055149721593,,,,,,
IDRiD_26_512_1024,0.6494747718243091,0.7014134275553151,0.0,0.0,,,,
IDRiD_26_512_1536,0.0,0.0,0.0,0.0,,,,
IDRiD_26_512_2048,0.5219735602672493,0.8354996360524539,0.0,0.0,0.44016794960741484,0.5987624940219533,,
IDRiD_26_512_2560,,,0.0,0.0,,,,
IDRiD_26_512_3072,0.7205201950720261,0.7926267281078732,0.0,0.0,,,,
IDRiD_26_512_3584,0.0,0.0,,,,,,
IDRiD_26_512_512,0.659763313585068,0.8243992605522735,,,,,,
IDRiD_27_0_1024,,,,,0.22676579923543067,0.2396856581061521,,
IDRiD_27_0_1536,0.0,0.0,0.0,0.0,0.4188185355352381,0.3270718231863496,,
IDRiD_27_0_2048,0.05660808034566062,0.03950302644028344,,,,,,
IDRiD_27_0_2560,0.30142210216770704,0.7057291666535392,0.0,0.0,,,,
IDRiD_27_0_3072,,,0.0,0.0,,,,
IDRiD_27_0_512,0.0,0.0,0.0,0.0,,,,
IDRiD_27_1024_0,0.6067207024602607,0.657456541616515,0.0,0.0,0.0,0.0,,
IDRiD_27_1024_1024,0.0,0.0,0.0,0.0,0.5902192242708638,0.7212776918742257,,
IDRiD_27_1024_1536,0.0,0.0,0.0,0.0,0.6022927310952629,0.8222743258989181,,
IDRiD_27_1024_2048,,,0.0,0.0,0.46729171105404543,0.5397489539616109,,
IDRiD_27_1024_2560,,,0.0,0.0,,,,
IDRiD_27_1024_512,0.5025521364955148,0.9999999999419616,0.0,0.0,0.4885046670394756,0.4602219074544355,,
IDRiD_27_1536_0,0.6924900271703402,0.9593144321563405,0.0,0.0,,,,
IDRiD_27_1536_1024,0.3354341736671188,0.30835586455119923,0.0,0.0,0.1846026490028021,0.12185792349393831,,
IDRiD_27_1536_1536,0.0,0.0,0.0,0.0,0.5514193227057307,0.6944183129398805,,
IDRiD_27_1536_2048,,,0.0,0.0,0.0,0.0,,
IDRiD_27_1536_2560,,,0.0,0.0,,,,
IDRiD_27_1536_512,0.7012899173839253,0.7241344906642309,0.0,0.0,0.4598815293453158,0.47026431717414285,,
IDRiD_27_2048_1024,0.25032938075591804,0.2285027059393564,0.0,0.0,0.6513677253414473,0.5776619993299361,,
IDRiD_27_2048_1536,0.0,0.0,0.0,0.0,0.3805131645113155,0.4342583731974305,,
IDRiD_27_2048_2048,0.6467406774652223,0.8881939014160911,0.0,0.0,0.0,0.0,,
IDRiD_27_2048_512,0.3607266435830136,0.24689165185039125,0.0,0.0,,,,
IDRiD_27_512_1024,0.0,0.0,0.0,0.0,0.3338332976144454,0.5141914191079742,,
IDRiD_27_512_1536,,,0.0,0.0,0.4226960900259447,0.5723437356953204,,
IDRiD_27_512_2048,,,0.0,0.0,0.4508543658845363,0.6999269895181327,,
IDRiD_27_512_512,0.26491693698876967,0.6046668162305437,0.0,0.0,,,,
IDRiD_28_0_3072,,,,,0.0,0.0,,
IDRiD_28_1024_1536,,,0.0,0.0,0.1337078651647835,0.08788774002629662,,
IDRiD_28_1024_2048,,,0.0,0.0,0.0,0.0,,
IDRiD_28_1024_2560,0.5621797857344625,0.7966996699144092,0.0,0.0,,,,
IDRiD_28_1024_3072,0.0,0.0,0.0,0.0,,,,
IDRiD_28_1536_1536,0.7751688645617508,0.8782798833179096,,,0.0,0.0,,
IDRiD_28_1536_2048,0.48415531434046655,0.7384444444280346,0.0,0.0,0.0,0.0,,
IDRiD_28_1536_2560,0.6992432256461093,0.9083509513646051,0.0,0.0,0.259778597766806,0.24788732390874826,,
IDRiD_28_1536_3072,,,0.0,0.0,,,,
IDRiD_28_2048_1024,0.0,0.0,,,,,,
IDRiD_28_2048_1536,0.3307588574190173,0.999999999925871,0.0,0.0,,,,
IDRiD_28_2048_2048,0.6691466083004564,0.8692438885236359,0.0,0.0,,,,
IDRiD_28_2048_2560,0.0,0.0,0.0,0.0,,,,
IDRiD_28_2048_3072,0.7142303218024727,0.632989690678145,,,,,,
IDRiD_28_2048_512,0.0,0.0,,,,,,
IDRiD_28_512_1536,0.7085620197520256,0.9897776641709742,,,,,,
IDRiD_28_512_2048,0.5609984399288456,0.7303005686137165,0.0,0.0,0.0,0.0,,
IDRiD_28_512_2560,0.0,0.0,0.0,0.0,,,,
IDRiD_28_512_3072,0.3691583548092664,0.9004920721213509,,,,,,
IDRiD_29_0_1024,,,0.0,0.0,,,,
IDRiD_29_0_1536,,,0.0,0.0,,,,
IDRiD_29_0_2560,0.0,0.0,0.0,0.0,,,,
IDRiD_29_1024_1024,,,,,0.5121767511797094,0.5024630541624402,,
IDRiD_29_1024_2048,,,0.0,0.0,,,,
IDRiD_29_1024_2560,,,0.0,0.0,,,,
IDRiD_29_1024_3072,0.0,0.0,,,,,,
IDRiD_29_1536_1024,,,0.0,0.0,0.0,0.0,,
IDRiD_29_1536_1536,,,0.0,0.0,,,,
IDRiD_29_1536_2560,,,0.0,0.0,,,,
IDRiD_29_1536_3072,0.0,0.0,0.0,0.0,,,,
IDRiD_29_2048_1024,,,0.0,0.0,0.0,0.0,,
IDRiD_29_2048_1536,,,0.0,0.0,,,,
IDRiD_29_2048_2560,,,0.0,0.0,0.3627906976503129,0.9999999996336996,,
IDRiD_29_2048_3072,,,0.0,0.0,,,,
IDRiD_29_512_2048,,,0.0,0.0,,,,
IDRiD_29_512_2560,,,0.0,0.0,,,,
IDRiD_29_512_3072,,,0.0,0.0,,,,
IDRiD_30_0_1024,,,0.0,0.0,,,,
IDRiD_30_0_2048,0.639692513059818,0.8389881671043287,0.0,0.0,,,,
IDRiD_30_0_2560,0.5144378455761942,0.4836349634007072,0.0,0.0,,,0.6234306983766846,0.9692036092490269
IDRiD_30_1024_1024,0.749289711576628,0.9059962523328544,,,0.27894327893966664,0.4797327393995665,,
IDRiD_30_1024_1536,,,,,0.5938336241966617,0.7019667170856558,,
IDRiD_30_1024_2048,0.0,0.0,0.0,0.0,0.28866849545708656,0.23115917538928155,,
IDRiD_30_1024_512,0.07519543367570176,0.03921822417759231,0.0,0.0,0.0,0.0,,
IDRiD_30_1536_1024,,,,,0.27074680003161183,0.6439516128772601,,
IDRiD_30_1536_1536,,,,,0.18089688370761847,0.8386844165357333,,
IDRiD_30_1536_2048,0.7433177768270754,0.9077720207018712,0.0,0.0,0.42926155968893615,0.681270536654914,,
IDRiD_30_1536_2560,,,0.0,0.0,,,,
IDRiD_30_1536_512,0.0,0.0,0.0,0.0,0.2698048220358839,0.22882181108915184,,
IDRiD_30_2048_2048,0.8288399594015406,0.8854530027256957,0.0,0.0,,,,
IDRiD_30_2048_2560,,,,,,,0.7412768156954956,0.6322751322472542
IDRiD_30_512_1024,0.0,0.0,,,,,,
IDRiD_30_512_2560,,,0.0,0.0,,,,
IDRiD_30_512_512,0.0,0.0,,,,,,
IDRiD_31_0_1024,,,0.0,0.0,,,,
IDRiD_31_0_1536,0.69604365620618,0.7864960690581683,0.0,0.0,0.3545630625478263,0.34329840043747045,0.9042343158411627,0.9124789049272807
IDRiD_31_0_2048,0.6677251077316559,0.6391200520975532,0.0,0.0,0.5512059603450485,0.5438574632376794,0.8203285013929987,0.9155802017553077
IDRiD_31_0_2560,0.8298126743698975,0.8084988350116027,0.0,0.0,0.3981968444718528,0.412772585656923,0.3376496457324988,0.2060226595079603
IDRiD_31_0_3072,0.7234405544669507,0.7210571064140494,,,,,0.8523915587594356,0.9959199876474959
IDRiD_31_0_512,,,0.0,0.0,,,,
IDRiD_31_1024_0,,,0.0,0.0,,,0.0,0.0
IDRiD_31_1024_1536,0.9401875690624945,0.9516471330498218,0.0,0.0,0.6978560744499097,0.719993141277092,,
IDRiD_31_1024_2048,,,0.0,0.0,0.5902907441958287,0.5843675732718566,,
IDRiD_31_1024_2560,0.0,0.0,,,,,,
IDRiD_31_1024_3072,0.0,0.0,,,,,,
IDRiD_31_1024_512,0.0,0.0,,,,,0.0,0.0
IDRiD_31_1536_0,0.25100409005397767,0.3528436755376272,,,,,0.16290640548185717,0.09288798486923995
IDRiD_31_1536_1024,0.7238625812374757,0.6486936262165304,,,0.5002890730294799,0.835263835210086,,
IDRiD_31_1536_1536,0.6511729564283026,0.5805404000963816,0.0,0.0,,,,
IDRiD_31_1536_2048,0.0,0.0,,,0.3105731902189867,0.3480040941480039,,
IDRiD_31_1536_2560,,,,,0.42843105141079496,0.5404958677239259,,
IDRiD_31_1536_512,0.7751224660998265,0.7726757675456069,0.0,0.0,0.0,0.0,0.0,0.0
IDRiD_31_2048_1024,,,0.0,0.0,,,,
IDRiD_31_2048_2048,,,,,0.2679640718362302,0.6026936024906755,,
IDRiD_31_512_0,0.799769549045201,0.7505160719477979,,,0.0,0.0,,
IDRiD_31_512_1024,0.6538264288526193,0.8229809209464499,,,,,,
IDRiD_31_512_1536,0.45009014914849876,0.45179335306180346,0.0,0.0,,,,
IDRiD_31_512_2048,0.0,0.0,0.0,0.0,0.39335979789269726,0.3585526315553584,,
IDRiD_31_512_2560,0.0,0.0,0.0,0.0,0.4893703178731588,0.5840985983425786,,
IDRiD_31_512_3072,0.7193686287358148,0.8795432614847292,,,,,0.7359020158109735,0.9339378238039528
IDRiD_31_512_512,0.7686744043964113,0.7890142964595485,0.0,0.0,0.0,0.0,,
IDRiD_32_0_1024,0.8537287647505489,0.9306340238397578,,,,,,
IDRiD_32_0_2048,,,0.0,0.0,,,0.5514311270001916,0.6375387796981624
IDRiD_32_0_2560,,,,,,,0.6355096602243987,0.9335486396463735
IDRiD_32_0_512,0.0,0.0,,,,,,
IDRiD_32_1024_2048,,,0.0,0.0,0.5664364079412257,0.9005167957492872,,
IDRiD_32_1024_2560,0.0,0.0,,,0.652507485029068,0.8060031699880927,,
IDRiD_32_1024_3072,0.0,0.0,0.0,0.0,0.6741018218959961,0.8820458957927303,,
IDRiD_32_1536_0,0.1571209524654359,0.09015629851888876,,,,,,
IDRiD_32_1536_1024,,,,,0.0,0.0,,
IDRiD_32_1536_2048,,,,,0.10799238819914386,0.8798449608992848,,
IDRiD_32_1536_2560,,,,,0.4468672008347975,0.46386692117633305,,
IDRiD_32_1536_3072,,,,,0.44586539503147427,0.8271009247757499,,
IDRiD_32_1536_512,0.0,0.0,,,,,,
IDRiD_32_2048_0,0.0,0.0,,,,,,
IDRiD_32_2048_1024,0.7519874266694347,0.8329891898423701,,,,,0.8789300797541312,0.9052682454854873
IDRiD_32_2048_1536,0.0,0.0,0.0,0.0,,,,
IDRiD_32_2048_2048,0.3743226344154097,0.2420485175071672,,,,,0.7096339924244441,0.6316656680599785
IDRiD_32_2048_2560,0.6387758256446041,0.7754565924346328,,,,,,
IDRiD_32_2048_3072,0.0,0.0,0.0,0.0,,,,
IDRiD_32_2048_512,0.7289710672507713,0.9984254034772546,,,,,0.8720954573909138,0.9926137717180697
IDRiD_32_512_1024,0.6572769952434481,0.5116959063579393,,,,,,
IDRiD_32_512_2048,,,,,0.15769017211784062,0.9999999992957747,,
IDRiD_32_512_2560,,,0.0,0.0,0.49396857577043096,0.5846430713787085,0.8224602881357779,0.9475655430550296
IDRiD_32_512_3072,,,,,0.556239824445698,0.7862717630420999,,
IDRiD_32_512_512,0.0,0.0,,,,,,
IDRiD_33_0_1024,0.37904740854924246,0.7392241378991714,,,0.13677811548073282,0.07340946165197236,,
IDRiD_33_0_1536,0.6110997672209291,0.878375205436976,0.0,0.0,,,,
IDRiD_33_0_2048,0.0,0.0,0.0,0.0,,,,
IDRiD_33_0_2560,0.7105753395060469,0.8662980152040213,0.0,0.0,,,,
IDRiD_33_0_3072,0.18866826207816872,0.9164310398706745,0.0,0.0,,,,
IDRiD_33_1024_0,0.6357679804941189,0.8748864192292242,,,0.0,0.0,,
IDRiD_33_1024_1024,0.7507079860769422,0.9177052423161681,0.0,0.0,0.0,0.0,,
IDRiD_33_1024_1536,0.5732977706176171,0.7467226009341017,0.0,0.0,0.30522971651630953,0.3422855576776573,,
IDRiD_33_1024_2048,0.46123573395937634,0.43614170883542513,0.0,0.0,0.3610860273291127,0.46323756564004887,,
IDRiD_33_1024_2560,0.6511358623713852,0.7655753646627839,0.0,0.0,0.013451327433152166,0.006993006992749614,,
IDRiD_33_1024_3072,0.7515589241832674,0.8588703872505452,0.0,0.0,0.0,0.0,,
IDRiD_33_1024_3584,,,0.0,0.0,,,,
IDRiD_33_1024_512,0.8240678657819314,0.8106217022206319,,,0.0,0.0,,
IDRiD_33_1536_0,,,0.0,0.0,0.0,0.0,,
IDRiD_33_1536_1024,0.6220283533192799,0.5422053231836083,0.0,0.0,0.05946727235062013,0.0582995951393401,,
IDRiD_33_1536_1536,0.6485137281523881,0.560392156851757,0.0,0.0,0.4095092024513707,0.4720789745031372,,
IDRiD_33_1536_2048,0.0,0.0,0.0,0.0,0.3234246529731919,0.3865064842041013,,
IDRiD_33_1536_2560,0.1370808678467189,0.12279151942920533,0.0,0.0,0.20465307802749325,0.16099773242108853,,
IDRiD_33_1536_3072,0.46398873685395753,0.4553933845715917,0.0,0.0,,,,
IDRiD_33_1536_3584,0.609563409538064,0.5651503469109367,,,,,,
IDRiD_33_1536_512,0.8079174934460107,0.9218985855623584,,,0.0,0.0,,
IDRiD_33_2048_1024,,,0.0,0.0,0.3944700460465926,0.5232273837351522,,
IDRiD_33_2048_1536,0.43299624753270366,0.567806505411713,0.0,0.0,0.03978016226014708,0.028571428570354458,,
IDRiD_33_2048_2048,0.43386426592046634,0.3685294117538668,0.0,0.0,0.30331501506690606,0.4406954281978017,,
IDRiD_33_2048_2560,0.45221230797118744,0.9995933305815539,0.0,0.0,0.2905355832508778,0.33445945940296296,,
IDRiD_33_2048_3072,0.18199608608786733,0.1678700360707816,0.0,0.0,,,,
IDRiD_33_2048_512,0.6415825522696431,0.7215690249304603,0.0,0.0,0.0,0.0,0.8182754561446566,0.9982049901095279
IDRiD_33_512_0,0.7076454925773477,0.730600062822328,,,,,,
IDRiD_33_512_1536,0.7864544942080975,0.9424295957503643,0.0,0.0,0.28758169933823297,0.29677419353098095,,
IDRiD_33_512_2048,0.7486000506503805,0.7215546936431105,0.0,0.0,0.44418238993128695,0.43461538460424065,,
IDRiD_33_512_2560,0.5348941492989665,0.6656875991266775,0.0,0.0,0.0,0.0,,
IDRiD_33_512_3072,0.5411303564778794,0.6344553471539628,0.0,0.0,,,,
IDRiD_33_512_512,0.5568018891770397,0.5063660070524132,0.0,0.0,,,,
IDRiD_34_0_1024,0.4325796476483515,0.9324853228848766,0.0,0.0,0.0,0.0,,
IDRiD_34_0_1536,,,0.0,0.0,,,,
IDRiD_34_0_2048,0.6511431388167168,0.5663536137152605,,,,,,
IDRiD_34_0_2560,0.0,0.0,,,0.39301972685514963,0.3232449297921491,,
IDRiD_34_0_3072,,,0.0,0.0,0.0,0.0,,
IDRiD_34_0_512,0.5001469291727866,0.5707578805978955,,,,,,
IDRiD_34_1024_1024,,,,,0.030188679243004626,0.04319654426712818,,
IDRiD_34_1024_1536,,,0.0,0.0,0.20496894407816058,0.19999999995959594,,
IDRiD_34_1024_2048,,,0.0,0.0,,,,
IDRiD_34_1024_3072,0.8437759323341445,0.8584508011146096,0.0,0.0,0.6881834215046176,0.9303767286156235,,
IDRiD_34_1024_3584,0.0,0.0,,,,,,
IDRiD_34_1024_512,,,,,0.0,0.0,,
IDRiD_34_1536_0,0.6186841148648221,0.533988705288057,,,,,,
IDRiD_34_1536_1024,0.3115789473602216,0.2973380210799931,0.0,0.0,0.0,0.0,,
IDRiD_34_1536_1536,0.5638095238041542,0.7670380927502711,0.0,0.0,0.0,0.0,,
IDRiD_34_1536_2048,0.5693944484395697,0.6782923575247133,0.0,0.0,,,,
IDRiD_34_1536_3072,0.8213966583012162,0.8110028764090522,,,0.35860250493608875,0.46896551721442725,,
IDRiD_34_1536_3584,0.5770509977667114,0.6271084336971621,,,,,,
IDRiD_34_1536_512,0.7303573455760916,0.7156877286643041,0.0,0.0,,,,
IDRiD_34_2048_0,0.0,0.0,,,,,,
IDRiD_34_2048_1024,0.293799845631752,0.9999999998248688,0.0,0.0,0.3220568335479683,0.6770981506860458,,
IDRiD_34_2048_1536,0.7738293576887555,0.7832711689517369,,,0.36584468162069034,0.41940928266502875,,
IDRiD_34_2048_2048,0.5909049650486439,0.5711528338204747,0.0,0.0,0.0,0.0,,
IDRiD_34_2048_2560,0.5749876215032054,0.5570873100007216,,,,,,
IDRiD_34_2048_3072,,,,,0.6885174733950832,0.775171065455759,,
IDRiD_34_2048_512,0.821829777979799,0.8498126405153644,0.0,0.0,0.0,0.0,,
IDRiD_34_512_1024,0.8004491755556824,0.7751270499971702,0.0,0.0,0.27278003480715146,0.9999999995744681,,
IDRiD_34_512_1536,0.0,0.0,0.0,0.0,0.1368310598082512,0.9235127476137357,,
IDRiD_34_512_2560,0.0,0.0,,,0.0,0.0,,
IDRiD_34_512_3072,0.6387530562322786,0.5663572928625001,0.0,0.0,0.0,0.0,,
IDRiD_34_512_3584,0.0,0.0,,,,,,
IDRiD_34_512_512,0.5177455267309125,0.4675840682213994,0.0,0.0,,,,
IDRiD_35_0_1024,,,0.0,0.0,0.0,0.0,,
IDRiD_35_0_1536,0.2886044591239456,0.5137816979004614,,,0.0,0.0,0.0,0.0
IDRiD_35_0_2048,0.1974422018994261,0.11822900116488035,0.0,0.0,,,0.0,0.0
IDRiD_35_0_2560,0.4046861713841064,0.7679894812243845,,,,,,
IDRiD_35_1024_0,0.5908944037697587,0.9280144565167512,,,,,,
IDRiD_35_1024_1024,0.12646562343153359,0.99999999997595,,,,,,
IDRiD_35_1024_1536,0.2019549693680474,0.911661088595106,,,0.0,0.0,0.4000606612041245,0.25639031975647397
IDRiD_35_1024_2048,0.7263676919430553,0.794289822319048,0.0,0.0,0.6173663485262719,0.7589432228359128,,
IDRiD_35_1024_2560,0.5571709942707865,0.48420309927487337,0.0,0.0,0.48498431195685826,0.45673279862993954,,
IDRiD_35_1024_3072,0.863793312666589,0.8727179510022676,,,,,,
IDRiD_35_1024_512,0.8621856155253552,0.9867025753074112,0.0,0.0,,,,
IDRiD_35_1536_0,0.0,0.0,,,,,,
IDRiD_35_1536_1024,,,0.0,0.0,,,,
IDRiD_35_1536_1536,,,0.0,0.0,,,,
IDRiD_35_1536_2048,,,0.0,0.0,0.3839219742813075,0.4059374999873145,,
IDRiD_35_1536_2560,0.0,0.0,0.0,0.0,0.4095022623971151,0.3859275052482031,,
IDRiD_35_1536_3072,0.3747044917254426,0.9644311216457231,,,,,,
IDRiD_35_1536_512,0.6449611368705258,0.8659858460948401,,,,,,
IDRiD_35_2048_1024,,,,,,,0.8021835196230758,0.9960461550795122
IDRiD_35_2048_2048,0.7713920817317241,0.9105046016992938,0.0,0.0,0.35930735926847324,0.4999999998493976,,
IDRiD_35_2048_512,0.28366861692155015,0.9999999999937214,,,,,0.6978903966986995,0.5947734716116623
IDRiD_35_512_0,0.3400731985339889,0.9999999999647142,,,,,,
IDRiD_35_512_1024,,,0.0,0.0,,,,
IDRiD_35_512_1536,0.7295357703439164,0.5940467494413066,,,0.2457722660376807,0.21124031003658134,0.888128265161446,0.930539826314438
IDRiD_35_512_2048,0.739908786404311,0.8181932324673694,0.0,0.0,0.0,0.0,0.0,0.0
IDRiD_35_512_2560,0.45979216625963565,0.48944860447619304,0.0,0.0,,,,
IDRiD_35_512_512,0.15308945588530495,0.2066961815106061,0.0,0.0,,,,
IDRiD_36_0_1024,,,0.0,0.0,,,,
IDRiD_36_0_1536,0.6231777661182676,0.828268748234506,0.0,0.0,0.3538201976294572,0.4137542277106114,,
IDRiD_36_1024_1024,,,0.0,0.0,0.0,0.0,,
IDRiD_36_1024_1536,0.5813129164811951,0.999512432910799,0.0,0.0,0.0,0.0,,
IDRiD_36_1024_2048,,,0.0,0.0,,,,
IDRiD_36_1024_3584,0.496799999993376,0.5020210185798432,,,,,,
IDRiD_36_1024_512,0.4519392917216884,0.37367540432941015,0.0,0.0,,,,
IDRiD_36_1536_1024,,,0.0,0.0,0.0,0.0,,
IDRiD_36_1536_1536,0.3151585508961436,0.8975132959544522,,,,,,
IDRiD_36_1536_2048,0.0,0.0,,,,,,
IDRiD_36_1536_3584,0.0,0.0,,,,,,
IDRiD_36_1536_512,0.0,0.0,0.0,0.0,0.0,0.0,,
IDRiD_36_2048_1024,,,0.0,0.0,0.36013686910350146,0.7135593219129561,,
IDRiD_36_2048_1536,,,0.0,0.0,,,,
IDRiD_36_2048_3072,0.7661180375792493,0.7739012414643172,,,,,,
IDRiD_36_2048_512,0.6017953321292424,0.5430978612974056,0.0,0.0,,,,
IDRiD_36_512_1024,,,0.0,0.0,,,,
IDRiD_36_512_1536,,,0.0,0.0,0.11077542799225326,0.13295729249532978,,
IDRiD_36_512_2048,,,0.0,0.0,0.0,0.0,,
IDRiD_37_0_1024,0.818675628261115,0.9010002326080437,,,0.0,0.0,,
IDRiD_37_0_1536,,,0.0,0.0,,,,
IDRiD_37_0_2048,,,0.0,0.0,0.0,0.0,,
IDRiD_37_1024_1024,,,0.0,0.0,,,,
IDRiD_37_1024_1536,0.0,0.0,0.0,0.0,0.5795551348765757,0.6992120589163044,,
IDRiD_37_1024_2048,,,0.0,0.0,0.6528445006297531,0.8215454545379859,,
IDRiD_37_1024_2560,,,0.0,0.0,0.0,0.0,,
IDRiD_37_1024_3072,,,0.0,0.0,,,,
IDRiD_37_1536_1536,,,0.0,0.0,,,,
IDRiD_37_1536_2048,0.09390603194264566,0.8355408388059856,,,0.16187989554022456,0.30392156847846985,,
IDRiD_37_1536_2560,,,0.0,0.0,0.0,0.0,,
IDRiD_37_1536_3072,0.2423277052114014,0.9819277107588702,0.0,0.0,0.0,0.0,,
IDRiD_37_1536_512,0.0,0.0,,,,,,
IDRiD_37_2048_3072,,,0.0,0.0,,,,
IDRiD_37_2048_512,0.8315685304263652,0.9637573116072512,,,,,,
IDRiD_37_512_1536,0.0,0.0,,,0.17379018014221864,0.18879508824337718,,
IDRiD_37_512_2048,0.6626202112512799,0.4998216196872419,0.0,0.0,0.5410057374191528,0.4618265629368532,,
IDRiD_37_512_2560,,,0.0,0.0,0.0,0.0,,
IDRiD_38_0_2048,,,0.0,0.0,,,,
IDRiD_38_0_2560,,,0.0,0.0,,,,
IDRiD_38_0_512,,,,,0.0,0.0,,
IDRiD_38_1024_1024,,,0.0,0.0,0.0,0.0,,
IDRiD_38_1024_1536,0.0,0.0,0.0,0.0,,,,
IDRiD_38_1024_2048,,,0.0,0.0,,,,
IDRiD_38_1024_3072,,,0.0,0.0,,,,
IDRiD_38_1536_1024,,,0.0,0.0,0.0,0.0,,
IDRiD_38_1536_1536,,,0.0,0.0,0.4721579790030941,0.4471777590489102,,
IDRiD_38_1536_2048,,,0.0,0.0,0.0,0.0,,
IDRiD_38_1536_2560,,,0.0,0.0,,,,
IDRiD_38_1536_3072,,,,,,,0.6648928912493867,0.9255460588618131
IDRiD_38_2048_1024,,,0.0,0.0,0.0,0.0,,
IDRiD_38_2048_1536,,,0.0,0.0,0.0,0.0,,
IDRiD_38_2048_2048,0.49612082341474995,0.7107291048989114,,,,,,
IDRiD_38_512_1024,,,0.0,0.0,0.2355140186475675,0.1406249999686105,,
IDRiD_38_512_1536,,,0.0,0.0,0.6651665166217298,0.7004739335828934,,
IDRiD_38_512_2560,0.6811310688123576,0.8760292771785898,0.0,0.0,0.0,0.0,,
IDRiD_38_512_3072,,,0.0,0.0,,,0.8633908575916763,0.9892083616256191
IDRiD_39_0_1024,0.5889908256700614,0.5988805969776815,0.0,0.0,,,0.36211101355612024,0.6059418870190681
IDRiD_39_0_1536,0.05350013308419617,0.23344947732480262,0.0,0.0,0.0,0.0,,
IDRiD_39_0_2048,0.39273614310349997,0.3139081455737888,0.0,0.0,,,,
IDRiD_39_0_2560,0.5464364827992853,0.862011205447571,,,,,0.8176233848587667,0.9039812645946613
IDRiD_39_0_3072,0.8710210830741831,0.9687356321393685,,,,,,
IDRiD_39_0_512,0.14638203492801824,0.2611275964133405,0.0,0.0,0.2769145393929824,0.7118402281438174,0.6534669338624972,0.5074069463400049
IDRiD_39_1024_0,0.7517408906821721,0.9298878204941929,0.0,0.0,,,,
IDRiD_39_1024_1024,0.19258987527395088,0.7694186614182013,0.0,0.0,0.0,0.0,,
IDRiD_39_1024_1536,0.049709257448413986,0.10754843019132602,0.0,0.0,0.23828802775711802,0.5498220640080229,,
IDRiD_39_1024_2048,0.5932611311601291,0.8137999339447409,0.0,0.0,0.35628019321520044,0.36645962728366965,,
IDRiD_39_1024_3072,0.0,0.0,0.0,0.0,0.6581653640206432,0.49658597141548194,,
IDRiD_39_1024_3584,0.4823882088418611,0.9377200436938482,,,0.0,0.0,,
IDRiD_39_1024_512,0.3983179744081746,0.5621212121070172,0.0,0.0,0.0,0.0,,
IDRiD_39_1536_0,,,0.0,0.0,,,,
IDRiD_39_1536_1024,0.27315776053569163,0.7104689720444294,0.0,0.0,0.0,0.0,,
IDRiD_39_1536_1536,0.14554721789556296,0.8649558266358874,0.0,0.0,0.22059177291050525,0.5387779083114701,,
IDRiD_39_1536_2048,0.31642582355311016,0.8413271445617788,0.0,0.0,,,,
IDRiD_39_1536_2560,0.47497725204251356,0.7150684931289173,0.0,0.0,,,,
IDRiD_39_1536_3072,0.6910994764379539,0.6932181701818446,0.0,0.0,0.10563380279830391,0.08450704222971632,,
IDRiD_39_1536_512,0.4226385937720178,0.334249923607264,0.0,0.0,,,,
IDRiD_39_2048_0,0.0,0.0,,,,,,
IDRiD_39_2048_1024,0.46724981776284885,0.7465890182904061,0.0,0.0,0.0,0.0,0.0,0.0
IDRiD_39_2048_1536,0.14225997842406782,0.35750593018104015,0.0,0.0,0.0,0.0,,
IDRiD_39_2048_2048,0.4067349629738641,0.43700959022587166,0.0,0.0,,,,
IDRiD_39_2048_2560,0.7282497855315903,0.6933579904432321,0.0,0.0,,,,
IDRiD_39_2048_3072,0.7483407828770542,0.6940518811588842,,,,,0.7774683949407026,0.817032153902751
IDRiD_39_2048_512,0.6133971291848764,0.8765988255098013,0.0,0.0,0.0,0.0,0.0,0.0
IDRiD_39_512_0,,,0.0,0.0,,,,
IDRiD_39_512_1024,0.5686093123633407,0.8141999293463952,0.0,0.0,0.22111624599678073,0.22767203513075873,,
IDRiD_39_512_1536,0.5095933635286539,0.5478769971517407,0.0,0.0,0.10166414523141712,0.05989304812620702,,
IDRiD_39_512_2048,0.5555139486935451,0.6282024137067923,0.0,0.0,0.2619592459380848,0.6240913810683234,,
IDRiD_39_512_2560,0.6083713219931958,0.790096878321308,0.0,0.0,,,0.7289274106017567,0.9999999999405469
IDRiD_39_512_512,0.5219993746347344,0.6499443826401563,0.0,0.0,0.0,0.0,,
IDRiD_40_0_1024,0.6095041322156637,0.740740740694241,0.0,0.0,,,,
IDRiD_40_0_1536,0.0,0.0,0.0,0.0,,,,
IDRiD_40_0_2048,,,0.0,0.0,0.5094579847170838,0.4652051154216043,,
IDRiD_40_1024_0,,,0.0,0.0,0.0,0.0,,
IDRiD_40_1024_2048,,,0.0,0.0,0.0,0.0,,
IDRiD_40_1024_2560,,,0.0,0.0,0.0,0.0,,
IDRiD_40_1024_3072,,,0.0,0.0,,,,
IDRiD_40_1536_1536,,,,,0.07463823304839008,0.28160919524045447,,
IDRiD_40_1536_2048,,,0.0,0.0,0.0,0.0,,
IDRiD_40_1536_2560,,,0.0,0.0,,,,
IDRiD_40_1536_3072,,,0.0,0.0,,,,
IDRiD_40_1536_512,,,,,0.0,0.0,,
IDRiD_40_2048_1024,,,0.0,0.0,,,,
IDRiD_40_2048_1536,0.0,0.0,0.0,0.0,,,,
IDRiD_40_2048_2048,,,0.0,0.0,0.0,0.0,,
IDRiD_40_2048_2560,,,0.0,0.0,,,,
IDRiD_40_2048_3072,,,0.0,0.0,,,,
IDRiD_40_2048_512,,,0.0,0.0,,,,
IDRiD_40_512_1536,,,0.0,0.0,,,,
IDRiD_40_512_2048,,,,,0.0,0.0,,
IDRiD_40_512_2560,,,0.0,0.0,0.0,0.0,,
IDRiD_41_0_3072,,,0.0,0.0,,,,
IDRiD_41_1024_1024,0.05190235319877057,0.09269442261644191,0.0,0.0,,,,
IDRiD_41_1024_1536,,,0.0,0.0,0.0,0.0,,
IDRiD_41_1024_2048,,,,,0.4701627486331338,0.47080126752056134,,
IDRiD_41_1024_512,,,,,0.0990476190413303,0.11095305830569659,,
IDRiD_41_1536_1024,,,,,0.21254355398845437,0.26464208237209497,,
IDRiD_41_1536_3072,0.6171617161461568,0.5275035260558883,0.0,0.0,,,,
IDRiD_41_1536_3584,0.40821114367107264,0.9999999997126436,,,,,,
IDRiD_41_1536_512,,,,,0.0,0.0,,
IDRiD_41_2048_1024,0.0,0.0,0.0,0.0,,,,
IDRiD_41_2048_2048,,,0.0,0.0,,,,
IDRiD_41_2048_2560,,,0.0,0.0,,,,
IDRiD_41_512_1536,,,0.0,0.0,0.46442687744740974,0.999999999787234,,
IDRiD_41_512_2048,,,,,0.0,0.0,,
IDRiD_41_512_3072,,,,,0.0,0.0,,
IDRiD_42_0_1024,,,,,0.3959390862657042,0.4026548671972486,,
IDRiD_42_0_512,0.0,0.0,0.0,0.0,,,,
IDRiD_42_1024_0,,,0.0,0.0,0.33732127223993813,0.2670979667159382,,
IDRiD_42_1024_1536,,,0.0,0.0,,,,
IDRiD_42_1024_2048,,,,,0.437991117177349,0.5065191623663959,,
IDRiD_42_1024_2560,,,,,0.4881003894375759,0.7018417122772066,,
IDRiD_42_1024_3072,,,,,0.0,0.0,,
IDRiD_42_1024_512,,,,,0.0,0.0,,
IDRiD_42_1536_0,0.38963360139502823,0.2701363072775544,,,,,,
IDRiD_42_1536_1536,,,0.0,0.0,,,,
IDRiD_42_1536_2048,,,0.0,0.0,0.0,0.0,,
IDRiD_42_1536_2560,,,,,0.3962040331912097,0.3306930692741888,,
IDRiD_42_2048_1536,,,0.0,0.0,,,,
IDRiD_42_2048_2048,,,,,0.0,0.0,,
IDRiD_42_2048_2560,,,0.0,0.0,0.0,0.0,,
IDRiD_42_512_1536,,,0.0,0.0,,,,
IDRiD_42_512_2048,,,0.0,0.0,,,,
IDRiD_42_512_2560,,,,,0.5439456808725767,0.5347672909277326,,
IDRiD_42_512_3072,,,,,0.3333333332846004,0.23700623695696335,,
IDRiD_42_512_512,0.5896919981335754,0.6109685695763,,,0.0,0.0,,
IDRiD_43_1024_2048,,,,,0.7384408602130687,0.6863381970783213,,
IDRiD_43_1024_2560,,,0.0,0.0,0.6047381784155075,0.6490329454161242,,
IDRiD_43_1024_3072,,,,,0.0,0.0,,
IDRiD_43_1024_3584,,,,,0.0,0.0,,
IDRiD_43_1536_2048,,,,,0.4358759429917042,0.5505558496267572,,
IDRiD_43_1536_2560,,,,,0.6624568902673412,0.7324382384454088,,
IDRiD_43_512_2048,,,,,0.6144067796465535,0.6637843336386681,,
IDRiD_43_512_2560,,,,,0.0,0.0,,
IDRiD_43_512_3072,,,,,0.0,0.0,,
IDRiD_44_0_1024,,,0.0,0.0,,,,
IDRiD_44_0_2560,,,,,0.6014659685737913,0.6465556055539597,,
IDRiD_44_0_3072,,,,,0.0,0.0,,
IDRiD_44_0_512,,,,,0.4123867069174934,0.25975261653094645,,
IDRiD_44_1024_0,,,,,0.0,0.0,,
IDRiD_44_1024_1024,,,0.0,0.0,0.0,0.0,,
IDRiD_44_1024_1536,,,,,0.0,0.0,,
IDRiD_44_1024_3072,,,,,0.5477707005871,0.6644591610012232,,
IDRiD_44_1024_512,,,,,0.0,0.0,,
IDRiD_44_1536_1024,0.665618448625688,0.7321291314092188,,,0.42101152117904683,0.35695364237228633,,
IDRiD_44_1536_1536,,,,,0.0,0.0,,
IDRiD_44_1536_2560,,,,,0.0,0.0,,
IDRiD_44_1536_3072,,,,,0.0,0.0,,
IDRiD_44_1536_512,,,0.0,0.0,0.0,0.0,,
IDRiD_44_2048_1024,,,,,0.0,0.0,,
IDRiD_44_2048_1536,0.6697006826418747,0.7990810358897628,,,0.4374646293028448,0.5642335766011508,,
IDRiD_44_2048_512,,,0.0,0.0,0.40327150952857244,0.3529478074585396,,
IDRiD_44_512_1024,,,0.0,0.0,,,,
IDRiD_44_512_1536,0.38845144353556854,0.24422442241537687,0.0,0.0,,,,
IDRiD_44_512_2048,,,,,0.7407101568645454,0.6334745762264495,,
IDRiD_44_512_2560,,,0.0,0.0,0.0,0.0,,
IDRiD_44_512_512,,,0.0,0.0,,,,
IDRiD_45_0_1024,,,0.0,0.0,0.4353699723538419,0.37572866982640546,,
IDRiD_45_0_1536,0.8332601054451038,0.896478373899815,0.0,0.0,0.579417532135306,0.6845718208281742,,
IDRiD_45_0_2048,,,,,0.0,0.0,,
IDRiD_45_0_2560,,,,,0.5637119113378216,0.9024390242901953,,
IDRiD_45_0_512,,,,,0.0,0.0,,
IDRiD_45_1024_1024,0.0,0.0,0.0,0.0,0.0,0.0,,
IDRiD_45_1024_2560,,,,,0.09980198019406726,0.05825242718177289,,
IDRiD_45_1024_512,,,,,0.6458752514960588,0.5868372943112674,,
IDRiD_45_1536_0,,,0.0,0.0,,,,
IDRiD_45_1536_1024,,,0.0,0.0,0.3155230596086748,0.24391304346765597,,
IDRiD_45_1536_1536,,,,,0.414835164828042,0.7173396674158349,,
IDRiD_45_1536_2048,,,0.0,0.0,,,,
IDRiD_45_1536_2560,,,,,0.0,0.0,,
IDRiD_45_1536_3072,,,,,0.316049382677031,0.99999999921875,,
IDRiD_45_1536_512,,,0.0,0.0,0.5333896872313323,0.5116769380390581,,
IDRiD_45_2048_1024,0.0,0.0,0.0,0.0,0.0,0.0,,
IDRiD_45_2048_1536,,,0.0,0.0,,,,
IDRiD_45_2048_2560,,,,,0.2737680437892599,0.40381791477183293,,
IDRiD_45_2048_512,,,,,0.5670710868055063,0.705238550624745,,
IDRiD_45_512_1024,,,0.0,0.0,0.37384933307582474,0.28510028652478225,,
IDRiD_45_512_1536,,,,,0.0,0.0,,
IDRiD_45_512_2560,,,,,0.0,0.0,,
IDRiD_45_512_512,,,,,0.004975124377490656,0.0024937655857239695,,
IDRiD_46_0_1024,,,0.0,0.0,,,,
IDRiD_46_0_1536,0.0,0.0,,,,,,
IDRiD_46_1024_1024,0.20643769106213977,0.8385682980073395,0.0,0.0,0.0,0.0,,
IDRiD_46_1024_1536,0.4762272760718403,0.5398156259102331,0.0,0.0,0.5978138180936321,0.6432086928690111,,
IDRiD_46_1024_2048,0.7827473100126214,0.795055424082731,0.0,0.0,0.0,0.0,,
IDRiD_46_1536_1024,0.4034614441355027,0.6900767018133979,0.0,0.0,,,,
IDRiD_46_1536_1536,0.0985181400097163,0.5013000519760115,0.0,0.0,0.0,0.0,,
IDRiD_46_1536_2048,0.7505799595842956,0.7531160834847107,0.0,0.0,,,,
IDRiD_46_1536_512,0.8286000668195099,0.8333333333271107,,,,,,
IDRiD_46_2048_1024,0.7838548701241397,0.7999477670386815,0.0,0.0,,,0.6602840829944984,0.7378618113854819
IDRiD_46_2048_1536,0.6445681511416619,0.6738977072191552,0.0,0.0,,,,
IDRiD_46_2048_2048,0.4173312067937977,0.27505255780395754,0.0,0.0,0.0,0.0,0.8158516315247316,0.931482221325095
IDRiD_46_2048_2560,,,,,,,0.0,0.0
IDRiD_46_2048_3072,0.6266659353884348,0.8601324902008411,0.0,0.0,,,0.5921958085682194,0.46174013779366047
IDRiD_46_2048_512,0.8615449114326026,0.8477285618478434,0.0,0.0,0.0,0.0,0.9143759561747777,0.9936360386092469
IDRiD_46_512_1024,0.7211561019062489,0.8958964793553753,0.0,0.0,,,,
IDRiD_46_512_1536,0.7750200160114313,0.7227476356372233,0.0,0.0,0.3582563797005435,0.4701589783562638,0.9086281496547493,0.9861489286098175
IDRiD_46_512_2048,0.4987286277904539,0.43633016261987834,0.0,0.0,0.0,0.0,0.7741608612997203,0.9936595675338374
IDRiD_47_0_1024,0.0,0.0,,,0.37911364631947725,0.3864042933464754,,
IDRiD_47_0_1536,,,,,0.3748631486725431,0.4011873144758446,,
IDRiD_47_0_2048,,,0.0,0.0,0.0,0.0,,
IDRiD_47_0_2560,0.5180481283335888,0.5751391465463771,0.0,0.0,,,0.8299323126097985,0.9842125529427913
IDRiD_47_0_512,,,,,0.0,0.0,,
IDRiD_47_1024_0,,,,,0.6031987814051181,0.6293206197604561,,
IDRiD_47_1024_1024,0.0,0.0,,,,,,
IDRiD_47_1024_2048,,,0.0,0.0,0.027682837018661022,0.5258249640942736,,
IDRiD_47_1024_3072,0.0,0.0,,,,,,
IDRiD_47_1024_3584,,,0.0,0.0,,,,
IDRiD_47_1024_512,,,0.0,0.0,0.5922479836145932,0.7827307358097793,,
IDRiD_47_1536_0,,,0.0,0.0,,,,
IDRiD_47_1536_1024,,,,,0.19513596323060955,0.2511708158676073,,
IDRiD_47_1536_1536,,,,,0.0,0.0,,
IDRiD_47_1536_3072,0.5714758712011382,0.8848257006076142,,,,,,
IDRiD_47_1536_512,,,0.0,0.0,,,,
IDRiD_47_2048_0,,,,,0.0,0.0,,
IDRiD_47_2048_1536,0.2347469220182012,0.23481116583279632,,,,,,
IDRiD_47_2048_2048,0.0,0.0,,,,,,
IDRiD_47_2048_2560,0.0,0.0,0.0,0.0,,,,
IDRiD_47_2048_512,,,,,0.4581955597327258,0.8290598289181095,,
IDRiD_47_512_0,,,,,0.0,0.0,,
IDRiD_47_512_1024,,,0.0,0.0,,,,
IDRiD_47_512_1536,,,0.0,0.0,,,,
IDRiD_47_512_2048,,,,,0.4827841540080936,0.5207667731421419,,
IDRiD_47_512_2560,,,,,0.4493918779540427,0.8257575756950183,,
IDRiD_47_512_512,,,0.0,0.0,0.31957013574208754,0.4843549078232167,,
IDRiD_48_0_1536,,,0.0,0.0,,,,
IDRiD_48_0_2048,0.5417966718651137,0.7527318703083831,0.0,0.0,0.0,0.0,,
IDRiD_48_0_2560,0.3255494505270914,0.267494356628951,0.0,0.0,0.29664983937313766,0.24425634824298284,,
IDRiD_48_0_3072,,,0.0,0.0,,,,
IDRiD_48_1024_0,0.0,0.0,0.0,0.0,,,,
IDRiD_48_1024_1024,0.0,0.0,0.0,0.0,0.028090832632228,0.2987477638105997,0.7614174071282274,0.9792917332104462
IDRiD_48_1024_1536,0.09340252038500912,0.3767942583581821,,,0.1690784462932918,0.23029045638375717,,
IDRiD_48_1024_2048,0.08148895140017075,0.2717083529934909,0.0,0.0,0.7384001544453414,0.7447747630696512,,
IDRiD_48_1024_2560,0.36796949474814183,0.3003891050466775,0.0,0.0,0.669906886318766,0.7830965025578128,,
IDRiD_48_1024_3072,0.3187415730308428,0.20115724982753394,0.0,0.0,0.6028778386814659,0.7985219758745168,,
IDRiD_48_1024_512,0.5026201868192613,0.3735184557950045,,,,,,
IDRiD_48_1536_1024,,,,,0.3776855693833316,0.3361785948730109,0.7218304791952536,0.9751166407085881
IDRiD_48_1536_1536,0.4702053079501701,0.6799420709138347,0.0,0.0,0.576913665382562,0.6752942401797974,,
IDRiD_48_1536_2048,,,,,0.5405236420455626,0.5185185185146309,,
IDRiD_48_1536_2560,0.4710871241144531,0.31723779852973844,0.0,0.0,0.6044884350274292,0.8518034721015851,,
IDRiD_48_1536_3072,0.5974789631972601,0.7647389592942396,0.0,0.0,0.0,0.0,0.8267875125843321,0.994603524218121
IDRiD_48_1536_512,0.0,0.0,0.0,0.0,0.6945690084530501,0.8428053203843527,,
IDRiD_48_2048_1024,,,0.0,0.0,0.0,0.0,0.6399555637821146,0.7028060187010752
IDRiD_48_2048_1536,,,,,0.3630264629011172,0.6754507627357211,,
IDRiD_48_2048_2048,0.0,0.0,0.0,0.0,0.3477555435276432,0.546304163080178,,
IDRiD_48_2048_2560,0.5785739445449677,0.8529673590377899,0.0,0.0,0.6239590006206291,0.8240270726883225,,
IDRiD_48_2048_3072,0.20318123766163726,0.9754738014520097,0.0,0.0,,,,
IDRiD_48_2048_512,0.8294120818864615,0.8084442887147567,,,0.32581227435352833,0.2772657449863851,,
IDRiD_48_512_1024,0.0,0.0,0.0,0.0,0.0,0.0,0.0,0.0
IDRiD_48_512_1536,0.0,0.0,0.0,0.0,0.5732054936363513,0.7723463686611489,0.5811109009501888,0.563386308065016
IDRiD_48_512_2048,0.5813234384303448,0.4097646032772655,0.0,0.0,0.5400693655795094,0.8141019709372249,,
IDRiD_48_512_2560,0.6099864130414063,0.5530643671046931,0.0,0.0,0.33310136858424727,0.2896329164869047,,
IDRiD_48_512_3072,0.4553479125212298,0.514835461238719,0.0,0.0,0.0,0.0,,
IDRiD_48_512_512,,,0.0,0.0,,,,
IDRiD_49_0_1024,0.2341666666617882,0.15880192144224917,0.0,0.0,0.39954305297159015,0.43099199012843525,,
IDRiD_49_0_1536,0.0,0.0,0.0,0.0,0.4832233414346424,0.5813137222032205,0.0,0.0
IDRiD_49_0_2048,0.0,0.0,0.0,0.0,0.0,0.0,,
IDRiD_49_0_2560,0.25345359058963973,0.6068890103550088,0.0,0.0,0.11282660331871576,0.07963118188770903,,
IDRiD_49_0_3072,0.4067346034378939,0.2996083550718271,0.0,0.0,0.0,0.0,,
IDRiD_49_0_512,0.5132858068364688,0.5012658227213588,,,0.42913697542128765,0.4754385964078178,,
IDRiD_49_1024_1024,0.5319561006757937,0.4345991560722997,0.0,0.0,0.5627066188352847,0.6248047485128355,,
IDRiD_49_1024_1536,0.0,0.0,0.0,0.0,0.5816998456899123,0.7711970832458124,,
IDRiD_49_1024_2048,,,0.0,0.0,0.3956321497519266,0.38577430102294985,,
IDRiD_49_1024_2560,,,,,0.07324315407214639,0.04879120878906413,,
IDRiD_49_1024_3072,,,0.0,0.0,0.30201183431237844,0.8692098091458843,,
IDRiD_49_1024_512,0.6249711516126247,0.4884559884383674,,,0.4724278466233683,0.41826215021475316,,
IDRiD_49_1536_1024,0.6323401446255819,0.9579090909003826,0.0,0.0,0.7536191920480682,0.720158102747822,,
IDRiD_49_1536_1536,,,,,0.6839306157336446,0.7896797510263706,,
IDRiD_49_1536_2048,,,,,0.0,0.0,,
IDRiD_49_1536_512,0.477617243009962,0.5244473341934403,0.0,0.0,0.3674409675490989,0.3552338529934954,,
IDRiD_49_2048_1024,0.6713807785862553,0.8342781556988447,0.0,0.0,0.8107864811543563,0.8522486919713563,,
IDRiD_49_2048_1536,0.37306843265735584,0.3631805157332965,0.0,0.0,0.6290543627209083,0.7205651491318644,,
IDRiD_49_2048_2048,0.22562979188867388,0.22306442879138794,0.0,0.0,0.0,0.0,,
IDRiD_49_2048_2560,,,0.0,0.0,,,,
IDRiD_49_2048_3072,0.4593435680241944,0.9063087528628962,0.0,0.0,0.0,0.0,,
IDRiD_49_2048_512,0.3644343763221799,0.4944295043989847,0.0,0.0,0.6047040307755394,0.6703715670392867,,
IDRiD_49_512_0,,,,,0.0,0.0,,
IDRiD_49_512_1024,0.5878099590073411,0.6441426846132606,,,0.40202275599658616,0.3511225616359543,0.7905200313570858,0.9313660477409466
IDRiD_49_512_1536,0.7034150297335028,0.8102231447804347,0.0,0.0,0.5449118589738132,0.8986752122604028,0.885186177334891,0.8210505391799381
IDRiD_49_512_2048,,,,,0.48379006885010356,0.5236920039434976,,
IDRiD_49_512_3072,0.4008672809890303,0.961977186292536,0.0,0.0,,,,
IDRiD_49_512_512,0.4210931980190051,0.5192460003085816,0.0,0.0,0.0,0.0,,
IDRiD_50_0_1024,,,,,0.6714677640373297,0.6357142856730056,,
IDRiD_50_0_1536,,,,,0.37516675217675555,0.4061319706641606,,
IDRiD_50_0_2048,,,,,0.4629059350471521,0.41096060643207455,,
IDRiD_50_0_2560,,,,,,,0.3575576572062588,0.22792173452958303
IDRiD_50_0_512,,,,,0.0,0.0,,
IDRiD_50_1024_1024,0.17787721996840591,0.887029288661691,,,0.5204081632358045,0.5066225165003728,,
IDRiD_50_1024_1536,0.45869085559905187,0.42163380281215057,0.0,0.0,0.39386117892993466,0.41735659372534956,0.781926811045725,0.6428242517169175
IDRiD_50_1024_2048,,,,,0.40276919272588985,0.5020030816486286,,
IDRiD_50_1024_2560,0.7532382357640066,0.6507082152790168,,,0.5302664429244663,0.542591506824095,,
IDRiD_50_1024_3072,0.0,0.0,,,,,,
IDRiD_50_1536_0,,,0.0,0.0,,,,
IDRiD_50_1536_1024,0.0,0.0,,,0.0,0.0,,
IDRiD_50_1536_1536,,,,,0.5495203185005357,0.7402891976148743,,
IDRiD_50_1536_2048,,,,,0.46403624692346546,0.6276813074245311,,
IDRiD_50_1536_2560,0.0,0.0,0.0,0.0,0.669854025732822,0.8278853406986688,,
IDRiD_50_1536_3072,0.3147792138648446,0.8414103881663261,0.0,0.0,,,0.7006242979894454,0.9999999999925434
IDRiD_50_1536_512,0.0,0.0,,,0.0,0.0,,
IDRiD_50_2048_1024,0.5689302325475548,0.5694599627348432,0.0,0.0,0.0,0.0,,
IDRiD_50_2048_1536,,,,,0.0,0.0,,
IDRiD_50_2048_2048,,,,,0.0,0.0,,
IDRiD_50_2048_2560,,,,,0.0,0.0,,
IDRiD_50_2048_512,,,,,0.0,0.0,,
IDRiD_50_512_1536,,,0.0,0.0,0.5135669362072921,0.6097066666634149,,
IDRiD_50_512_2048,,,0.0,0.0,0.43622368122962996,0.5187937533600561,,
IDRiD_50_512_2560,0.6018651362876279,0.6790772966135542,0.0,0.0,0.2726766833459835,0.16990291260957677,0.6808158003743805,0.9999999999864756
IDRiD_51_0_1024,,,0.0,0.0,0.47098464992620803,0.6792656586739454,,
IDRiD_51_0_1536,0.0,0.0,0.0,0.0,,,,
IDRiD_51_0_2048,0.0,0.0,0.0,0.0,,,0.6097741030472498,0.7933154052710982
IDRiD_51_0_3072,,,0.0,0.0,,,,
IDRiD_51_1024_1024,,,0.0,0.0,0.33557629693215596,0.5569164264728446,,
IDRiD_51_1024_1536,0.6140868831587076,0.600660065981821,0.0,0.0,0.44154861035772924,0.4009230164925282,0.11602209944430879,0.061583577710804006
IDRiD_51_1024_2048,,,,,0.0,0.0,,
IDRiD_51_1024_3072,0.5916145796713841,0.49367088607016324,,,,,,
IDRiD_51_1024_3584,0.3953495251889023,0.930251983837808,,,,,,
IDRiD_51_1024_512,0.23124999997591147,0.14434330297212702,0.0,0.0,0.4247341300249453,0.4981995884645525,0.8204801482701906,0.9821131447519265
IDRiD_51_1536_0,,,0.0,0.0,,,,
IDRiD_51_1536_1024,,,0.0,0.0,,,,
IDRiD_51_1536_1536,,,0.0,0.0,0.0,0.0,0.37045084192702427,0.24473684209940821
IDRiD_51_1536_512,,,0.0,0.0,,,,
IDRiD_51_2048_1024,0.47408092485329906,0.47964817067016324,0.0,0.0,,,,
IDRiD_51_2048_1536,0.0,0.0,0.0,0.0,0.0,0.0,0.9100981388864242,0.9845573711573686
IDRiD_51_2048_2048,,,,,,,0.26892569325294163,0.6952099737304721
IDRiD_51_2048_2560,,,0.0,0.0,,,,
IDRiD_51_2048_512,0.0,0.0,0.0,0.0,0.0,0.0,0.3290015847834469,0.21528569946888637
IDRiD_51_512_1024,,,0.0,0.0,,,,
IDRiD_51_512_1536,,,,,0.0,0.0,,
IDRiD_51_512_2048,,,0.0,0.0,,,,
IDRiD_52_0_2560,,,0.0,0.0,,,,
IDRiD_52_1024_0,,,,,0.5635883904715784,0.6691729322469708,,
IDRiD_52_1024_2560,0.0,0.0,0.0,0.0,,,,
IDRiD_52_1024_3072,,,0.0,0.0,,,,
IDRiD_52_1536_2048,,,0.0,0.0,0.0,0.0,,
IDRiD_52_1536_2560,,,0.0,0.0,,,,
IDRiD_52_1536_3072,0.0,0.0,0.0,0.0,,,,
IDRiD_52_2048_2048,0.0,0.0,0.0,0.0,,,,
IDRiD_52_2048_2560,,,0.0,0.0,,,,
IDRiD_52_2048_3072,,,0.0,0.0,,,0.535116731514907,0.9999999999818215
IDRiD_52_512_0,0.0,0.0,,,,,,
IDRiD_52_512_2048,,,0.0,0.0,0.0,0.0,,
IDRiD_52_512_2560,,,0.0,0.0,,,0.6690811747053848,0.999999999976465
IDRiD_52_512_512,0.0,0.0,0.0,0.0,,,,
IDRiD_53_0_1024,0.6056881745820307,0.6476832350408788,0.0,0.0,,,,
IDRiD_53_0_1536,,,0.0,0.0,,,,
IDRiD_53_0_2048,,,0.0,0.0,,,,
IDRiD_53_0_2560,,,0.0,0.0,,,,
IDRiD_53_0_3072,,,0.0,0.0,,,,
IDRiD_53_0_512,0.4696626791629522,0.4881272401324344,0.0,0.0,,,,
IDRiD_53_1024_1536,,,,,0.0,0.0,,
IDRiD_53_1024_2048,0.4364976159419918,0.4180157741628055,0.0,0.0,0.3447936325564553,0.32598913886228104,,
IDRiD_53_1024_2560,0.5880603096972533,0.7157524055117759,0.0,0.0,,,,
IDRiD_53_1024_3072,0.7391935483841161,0.6694909064299942,0.0,0.0,0.0,0.0,,
IDRiD_53_1536_1536,0.7650158060310838,0.7515527948754549,,,,,,
IDRiD_53_1536_2048,0.46279470960144603,0.8320926385327807,0.0,0.0,0.0,0.0,,
IDRiD_53_1536_2560,0.41473375972555493,0.8064129457354986,0.0,0.0,0.0,0.0,,
IDRiD_53_1536_3072,0.7284201363649468,0.8081442137323653,0.0,0.0,0.0,0.0,0.9408983451487213,0.9925737087010355
IDRiD_53_1536_3584,0.8355193728202093,0.9386856368245703,,,,,,
IDRiD_53_1536_512,,,0.0,0.0,,,,
IDRiD_53_2048_1024,0.0,0.0,0.0,0.0,0.0,0.0,,
IDRiD_53_2048_1536,0.0,0.0,0.0,0.0,,,,
IDRiD_53_2048_2048,0.0,0.0,0.0,0.0,0.0,0.0,,
IDRiD_53_2048_2560,0.4978638564369734,0.36614997903786556,0.0,0.0,0.280825958685497,0.384491114639016,,
IDRiD_53_2048_3072,0.0,0.0,0.0,0.0,,,,
IDRiD_53_2048_512,,,0.0,0.0,,,,
IDRiD_53_512_0,,,0.0,0.0,,,,
IDRiD_53_512_1536,,,0.0,0.0,,,,
IDRiD_53_512_2560,0.6801537070498789,0.6638964477409436,0.0,0.0,,,,
IDRiD_53_512_3072,,,,,0.0,0.0,,
IDRiD_53_512_512,0.0,0.0,0.0,0.0,,,,
IDRiD_54_0_1536,,,0.0,0.0,,,,
IDRiD_54_0_2048,,,0.0,0.0,,,,
IDRiD_54_0_2560,0.5113163503449577,0.7582781456725384,0.0,0.0,0.7194908512216469,0.9217284956819516,,
IDRiD_54_0_3072,0.0,0.0,0.0,0.0,,,,
IDRiD_54_1024_0,0.0,0.0,0.0,0.0,,,,
IDRiD_54_1024_1024,,,0.0,0.0,,,,
IDRiD_54_1024_1536,,,0.0,0.0,,,,
IDRiD_54_1024_2048,0.5286926147638636,0.40140178063266907,0.0,0.0,0.4314720811817705,0.5889145495175717,,
IDRiD_54_1024_2560,0.39169948500157753,0.6828624240643554,0.0,0.0,0.38483630096539817,0.5841325195654635,,
IDRiD_54_1024_3072,0.3889651386166763,0.6508957280362474,0.0,0.0,0.0,0.0,,
IDRiD_54_1024_3584,0.6073140665579055,0.7358114835467703,0.0,0.0,,,,
IDRiD_54_1024_512,0.0,0.0,,,,,,
IDRiD_54_1536_0,0.0,0.0,0.0,0.0,,,,
IDRiD_54_1536_1536,,,0.0,0.0,,,,
IDRiD_54_1536_2048,,,0.0,0.0,,,,
IDRiD_54_1536_2560,0.08257215929548513,0.14809960679579298,0.0,0.0,0.0,0.0,,
IDRiD_54_1536_512,0.24173401909471956,0.13748432928802826,0.0,0.0,,,,
IDRiD_54_2048_0,,,,,,,0.908513053327843,0.8344453711078214
IDRiD_54_2048_1024,,,,,,,0.2979610330738744,0.49177385580341687
IDRiD_54_2048_1536,,,0.0,0.0,,,,
IDRiD_54_2048_2048,0.5944713593447002,0.9999999999041227,0.0,0.0,,,,
IDRiD_54_2048_2560,0.342679127720519,0.6931316949783786,0.0,0.0,,,,
IDRiD_54_2048_3072,0.18874528809654356,0.7197125255934587,0.0,0.0,,,,
IDRiD_54_2048_512,,,,,,,0.7959936742186419,0.7728457100244477
IDRiD_54_512_0,0.46278625951990526,0.4690522243260104,,,,,,
IDRiD_54_512_1024,,,0.0,0.0,,,,
IDRiD_54_512_1536,,,0.0,0.0,0.0,0.0,,
IDRiD_54_512_2048,,,0.0,0.0,,,,
IDRiD_54_512_2560,0.31005917159457536,0.8627881448483651,0.0,0.0,0.5556265984595521,0.6044516577647936,,
IDRiD_54_512_3072,0.7253821942405273,0.7034775972887444,0.0,0.0,,,,
IDRiD_54_512_512,0.478340451465629,0.31435445065642703,,,,,,
IDRiD_55_0_1024,,,,,0.35505617969549297,0.3159999998736,,
IDRiD_55_0_1536,,,,,0.5515446527516914,0.6952612393597173,,
IDRiD_55_0_2048,,,0.0,0.0,0.6814042126365468,0.7896596615176229,,
IDRiD_55_1024_1024,,,0.0,0.0,0.6447365454407937,0.6893924782994725,,
IDRiD_55_1024_1536,0.0,0.0,0.0,0.0,0.705683453784751,0.7738250325671012,,
IDRiD_55_1024_2048,,,0.0,0.0,0.7626969598084393,0.8688836523547149,,
IDRiD_55_1024_2560,,,0.0,0.0,0.6988551518161422,0.8380029492291319,,
IDRiD_55_1536_1024,,,0.0,0.0,0.42286520818332485,0.4176774013604116,,
IDRiD_55_1536_1536,,,0.0,0.0,0.4467873831762652,0.5803930495441202,,
IDRiD_55_1536_2048,0.35762599469377443,0.5388150664348205,0.0,0.0,0.45100567302587996,0.552606635066725,0.0,0.0
IDRiD_55_1536_2560,0.7188070602544147,0.6664576605929509,0.0,0.0,0.671232746581927,0.7272540139960328,0.0,0.0
IDRiD_55_1536_3072,,,,,0.6454261141390651,0.7611802673692403,,
IDRiD_55_1536_512,,,,,0.5702286513966296,0.5791469193763842,,
IDRiD_55_2048_1024,,,,,0.5207823960561869,0.7566607458691544,,
IDRiD_55_2048_1536,,,0.0,0.0,0.2645161290215921,0.1727224855095986,,
IDRiD_55_2048_2048,,,0.0,0.0,0.5778598164355337,0.7557671673718379,,
IDRiD_55_2048_2560,,,,,0.6661771647331353,0.861853711488249,,
IDRiD_55_512_1024,0.45597980434749164,0.6806406028883354,0.0,0.0,0.6071965929658439,0.729607158176351,,
IDRiD_55_512_1536,0.749932377598391,0.9189592310089666,0.0,0.0,0.7616608108388412,0.8520941946255256,,
IDRiD_55_512_2048,0.8343026256918388,0.9682495307301245,0.0,0.0,0.5837430413400955,0.8093899204222562,,
IDRiD_55_512_2560,,,,,0.28054298639360375,0.5904761901950114,,
IDRiD_56_0_1024,,,0.0,0.0,,,,
IDRiD_56_0_1536,,,0.0,0.0,,,,
IDRiD_56_0_2048,0.0,0.0,0.0,0.0,,,,
IDRiD_56_0_2560,0.9113724652566295,0.8775515450643283,,,,,,
IDRiD_56_0_3072,0.8943194552155231,0.860495977433354,,,,,0.7992029226157435,0.9933949801808396
IDRiD_56_0_512,,,0.0,0.0,,,,
IDRiD_56_1024_0,0.0,0.0,,,,,,
IDRiD_56_1024_1024,,,0.0,0.0,,,,
IDRiD_56_1024_1536,,,0.0,0.0,,,,
IDRiD_56_1024_2048,,,,,0.5251404594230485,0.6967352330496936,,
IDRiD_56_1024_2560,0.0,0.0,0.0,0.0,0.2487046632016967,0.550669215955895,,
IDRiD_56_1024_3072,0.4747855594284344,0.4370119729269737,0.0,0.0,,,,
IDRiD_56_1536_1024,0.0,0.0,,,,,,
IDRiD_56_1536_1536,,,0.0,0.0,,,,
IDRiD_56_1536_2048,0.36128252707736896,0.40676319113393483,,,0.19932742280038743,0.20632911391099182,,
IDRiD_56_1536_2560,0.2276295133402256,0.2053242707390166,0.0,0.0,,,0.0,0.0
IDRiD_56_1536_512,0.560708534612549,0.7556423610783142,,,,,,
IDRiD_56_2048_1024,0.7497085761852628,0.8332099496563768,,,0.0,0.0,,
IDRiD_56_2048_1536,,,0.0,0.0,,,,
IDRiD_56_2048_2048,0.6983536543314848,0.5742607907491304,0.0,0.0,,,,
IDRiD_56_2048_2560,0.6749440035376629,0.5644251225577448,,,,,0.4490169181458769,0.2908767772454408
IDRiD_56_2048_3072,,,0.0,0.0,,,,
IDRiD_56_2048_512,0.0461672473865585,0.15177548682268685,,,,,,
IDRiD_56_512_1024,0.6088782970448403,0.994852164717597,0.0,0.0,,,,
IDRiD_56_512_1536,,,0.0,0.0,0.3264633140703657,0.5308310990533964,,
IDRiD_56_512_2048,,,,,0.4128719831257293,0.6900783289637056,,
IDRiD_56_512_2560,0.4731815468556614,0.4481505411044407,0.0,0.0,,,,
IDRiD_56_512_3072,0.5551444761834161,0.596938261651758,0.0,0.0,0.4618181817901928,0.8264642080636737,0.9468544848713527,0.9808625521086675
IDRiD_57_0_1024,,,,,0.0,0.0,,
IDRiD_57_0_1536,0.6809599999782093,0.9779411763807039,,,0.0,0.0,,
IDRiD_57_0_2048,,,,,0.0,0.0,,
IDRiD_57_0_512,,,,,0.0,0.0,,
IDRiD_57_1024_0,,,,,0.0,0.0,,
IDRiD_57_1024_1024,,,0.0,0.0,0.0,0.0,,
IDRiD_57_1024_1536,,,0.0,0.0,0.21866056095539038,0.12330535829169448,,
IDRiD_57_1024_2048,,,,,0.28493894163602856,0.5468749998575846,,
IDRiD_57_1024_512,,,,,0.0,0.0,,
IDRiD_57_1536_0,2.1786729702914207e-05,0.0013586956519893076,,,0.0,0.0,,
IDRiD_57_1536_1024,,,,,0.37728070844814654,0.3665084544591144,,
IDRiD_57_1536_1536,,,,,0.4535805053004398,0.40999999998891895,,
IDRiD_57_1536_2048,,,,,0.0,0.0,,
IDRiD_57_1536_512,,,0.0,0.0,0.07428170987826624,0.04134165366453426,,
IDRiD_57_2048_1024,,,,,0.021720969087575523,0.018840579707414408,,
IDRiD_57_2048_1536,,,,,0.0,0.0,,
IDRiD_57_2048_512,,,0.0,0.0,0.0,0.0,,
IDRiD_57_512_0,,,,,0.0,0.0,,
IDRiD_57_512_1024,,,0.0,0.0,0.0,0.0,,
IDRiD_57_512_1536,0.0,0.0,,,0.0,0.0,,
IDRiD_57_512_512,,,0.0,0.0,0.0,0.0,,
IDRiD_58_0_1536,0.0,0.0,0.0,0.0,,,,
IDRiD_58_0_2048,,,0.0,0.0,0.43693558097202784,0.5758778020119842,,
IDRiD_58_0_2560,,,0.0,0.0,0.650945982981877,0.9785655399028387,,
IDRiD_58_0_3072,,,0.0,0.0,,,,
IDRiD_58_0_512,,,0.0,0.0,,,,
IDRiD_58_1024_0,,,,,0.7297658862754219,0.8696691908780523,,
IDRiD_58_1024_1024,,,0.0,0.0,,,,
IDRiD_58_1024_1536,0.4535683160602927,0.7259764413910113,0.0,0.0,0.516518163118348,0.4935813465943521,,
IDRiD_58_1024_2048,,,,,0.605581979712774,0.7287257019281053,,
IDRiD_58_1024_2560,0.0,0.0,0.0,0.0,0.6399750415906824,0.8991817650234021,,
IDRiD_58_1024_3584,,,,,0.0,0.0,,
IDRiD_58_1536_0,,,,,0.0,0.0,,
IDRiD_58_1536_1536,0.0,0.0,,,,,,
IDRiD_58_1536_2048,0.0,0.0,,,0.0,0.0,,
IDRiD_58_1536_2560,0.6624485286710775,0.6792064254775917,0.0,0.0,,,,
IDRiD_58_1536_3072,0.0422641933038412,0.1328510938579243,,,,,,
IDRiD_58_1536_512,,,0.0,0.0,0.7825391749155335,0.7788033099688478,,
IDRiD_58_2048_1024,,,,,0.0,0.0,,
IDRiD_58_2048_1536,0.0,0.0,,,,,,
IDRiD_58_2048_2048,,,0.0,0.0,,,,
IDRiD_58_2048_2560,0.6644330805737183,0.5632286995347316,,,,,,
IDRiD_58_2048_3072,0.32668175272241634,0.2039820166961595,,,0.5984591679445458,0.690120824432833,,
IDRiD_58_512_1024,0.8165156367077178,0.8001602457047462,,,,,,
IDRiD_58_512_1536,0.6665018541244375,0.8635490069914447,0.0,0.0,0.6035576108591755,0.7424805677551961,,
IDRiD_58_512_2048,,,,,0.47119717995416893,0.5046353818168342,,
IDRiD_58_512_2560,0.8334698992585267,0.9337941462260093,0.0,0.0,0.25054945053568406,0.4049733569440545,,
IDRiD_58_512_3072,,,0.0,0.0,0.3409247756838561,0.45238095229809877,,
IDRiD_58_512_512,0.7460012795852278,0.874499999985425,,,,,,
IDRiD_59_0_1024,,,0.0,0.0,,,,
IDRiD_59_0_1536,0.7288526334391837,0.6498023715312284,0.0,0.0,0.0,0.0,0.6155857284774797,0.999830143805912
IDRiD_59_0_2048,,,,,,,0.8254134127902709,0.9999315701200946
IDRiD_59_1024_1024,0.15281862134200858,0.9065641631634201,0.0,0.0,0.1914232442391906,0.25538971803393207,0.0,0.0
IDRiD_59_1024_1536,,,0.0,0.0,0.6662881936686882,0.6904071599618034,,
IDRiD_59_1024_2048,0.6307305435512881,0.8956235121608566,,,0.6204909342957553,0.6673488480840407,,
IDRiD_59_1024_512,0.0,0.0,0.0,0.0,,,,
IDRiD_59_1536_0,,,0.0,0.0,,,,
IDRiD_59_1536_1024,0.0,0.0,,,0.444654358089784,0.6223557692158088,,
IDRiD_59_1536_1536,,,0.0,0.0,0.5708472796444782,0.7395000850069802,,
IDRiD_59_1536_2048,0.42218426604619524,0.4011838838953373,0.0,0.0,0.5724832214701064,0.783047735594154,,
IDRiD_59_1536_2560,,,,,0.0,0.0,,
IDRiD_59_1536_3072,,,,,0.0,0.0,,
IDRiD_59_1536_512,0.8631153680272745,0.8539093726103475,0.0,0.0,,,,
IDRiD_59_2048_1024,0.4683694955555399,0.40784438774859944,,,,,,
IDRiD_59_2048_1536,,,0.0,0.0,,,,
IDRiD_59_2048_2048,0.5073995771491403,0.6271777002937998,0.0,0.0,,,0.0,0.0
IDRiD_59_2048_2560,,,,,0.41223726201813315,0.3867437538635816,0.8868172704855417,0.996584483794964
IDRiD_59_2048_3072,,,,,0.5163848207742019,0.5160925117173526,,
IDRiD_59_2048_512,,,0.0,0.0,,,,
IDRiD_59_512_1024,0.45899322931728587,0.5065627030473481,0.0,0.0,0.38638605721484387,0.5690072639087408,0.931996140693407,0.9760520201798489
IDRiD_59_512_1536,0.699773709110472,0.7607801037684667,0.0,0.0,0.5407759941910527,0.741921204068493,0.0,0.0
IDRiD_59_512_512,0.0,0.0,0.0,0.0,,,0.49720243372826245,0.9880908980314972
IDRiD_60_0_1536,,,0.0,0.0,,,,
IDRiD_60_0_512,,,,,,,0.6697689878565769,0.6074766354957046
IDRiD_60_1024_0,,,,,0.2733686066959134,0.28105167723114,,
IDRiD_60_1024_1024,,,,,0.11750424860331692,0.5569620252844095,,
IDRiD_60_1024_1536,0.0,0.0,0.0,0.0,0.596455157743366,0.7336705328269497,,
IDRiD_60_1024_2048,0.0,0.0,0.0,0.0,0.0,0.0,0.7637271214551493,0.9993779159875777
IDRiD_60_1024_2560,0.7890443466614473,0.9705667720631164,0.0,0.0,0.0,0.0,0.0,0.0
IDRiD_60_1024_3072,,,,,0.0,0.0,,
IDRiD_60_1536_1024,,,0.0,0.0,0.016212587300457708,0.8939226518349257,,
IDRiD_60_1536_1536,0.12487708947578965,0.06983777838686177,,,0.3453257790319359,0.3291036716973784,,
IDRiD_60_1536_2048,,,0.0,0.0,0.2848191398380855,0.6631299733868529,,
IDRiD_60_1536_2560,0.3967836257251932,0.46922544949968104,0.0,0.0,0.3947343852096222,0.596164692602987,,
IDRiD_60_1536_3072,,,0.0,0.0,,,,
IDRiD_60_1536_512,,,,,0.07902984057665854,0.4022191400274315,,
IDRiD_60_2048_0,,,,,0.0,0.0,,
IDRiD_60_2048_1024,0.0,0.0,,,0.48132780082630905,0.4310550763048301,,
IDRiD_60_2048_1536,,,0.0,0.0,,,,
IDRiD_60_2048_2048,,,0.0,0.0,0.28296607205151586,0.3298899007702883,0.0,0.0
IDRiD_60_2048_2560,0.6324764699913155,0.6932334997188395,0.0,0.0,0.5642140468133074,0.7106149957577669,0.8173634177051486,0.9772142191982406
IDRiD_60_2048_512,0.0,0.0,0.0,0.0,0.0,0.0,,
IDRiD_60_512_0,,,,,0.0,0.0,,
IDRiD_60_512_1024,,,0.0,0.0,,,,
IDRiD_60_512_1536,,,0.0,0.0,0.45409153952213466,0.4337572866869699,,
IDRiD_60_512_2048,0.3266518188445935,0.40182648398156834,0.0,0.0,,,0.9279207920771663,0.9998103456403213
IDRiD_60_512_2560,0.0,0.0,,,0.0,0.0,0.8944767283967948,0.9926869449873722
IDRiD_60_512_3072,,,,,,,0.6695311650132191,0.9995128288243016
IDRiD_61_0_1024,0.7493563976329268,0.6085943804557548,,,,,,
IDRiD_61_0_1536,0.4182078624847423,0.28944701475968515,0.0,0.0,,,,
IDRiD_61_0_2048,0.6780201065721143,0.5773224810498894,0.0,0.0,,,,
IDRiD_61_0_2560,,,0.0,0.0,,,,
IDRiD_61_0_512,0.7911584470489826,0.6544765483264625,,,,,,
IDRiD_61_1024_0,0.4865769334863393,0.37095261321288053,0.0,0.0,,,,
IDRiD_61_1024_1024,0.7021077441828943,0.6268425291972879,0.0,0.0,0.0,0.0,,
IDRiD_61_1024_1536,0.6691168749308563,0.5552457302147503,0.0,0.0,0.5470759021130358,0.5732788595221376,,
IDRiD_61_1024_2048,0.4279607744423445,0.6797124600096076,0.0,0.0,0.4962246210610424,0.579641970461523,,
IDRiD_61_1024_2560,0.6605796151016203,0.6917956574531576,0.0,0.0,,,,
IDRiD_61_1024_3072,0.5198809845680313,0.40310402682872887,0.0,0.0,,,,
IDRiD_61_1536_0,0.0,0.0,,,,,,
IDRiD_61_1536_1024,0.39112050739440907,0.35568372986407876,,,0.0,0.0,,
IDRiD_61_1536_1536,0.0,0.0,0.0,0.0,0.15152986886102332,0.14885496181785735,,
IDRiD_61_1536_2048,0.0,0.0,0.0,0.0,0.4808068007789175,0.5408648134884667,,
IDRiD_61_1536_2560,0.002191220509807967,0.0015774529393040545,0.0,0.0,,,,
IDRiD_61_1536_512,0.6583694635710986,0.6723503264318921,0.0,0.0,,,,
IDRiD_61_2048_1024,0.7590351325964375,0.6541845726578607,,,,,,
IDRiD_61_2048_1536,0.6428662177610475,0.5495117759263514,,,,,,
IDRiD_61_2048_2048,0.5946817312900549,0.5344084918715266,,,,,,
IDRiD_61_2048_2560,0.6240265644122859,0.7947840096586971,0.0,0.0,,,,
IDRiD_61_2048_512,0.6717980562325129,0.6315332192972454,,,,,,
IDRiD_61_512_0,0.5062397454357568,0.4385012919858871,,,,,,
IDRiD_61_512_1024,0.5238616278082251,0.38281749741577814,,,0.0,0.0,,
IDRiD_61_512_1536,0.5295165833174411,0.5924496752164612,0.0,0.0,0.5408131106038193,0.6106761565401654,,
IDRiD_61_512_2048,0.6444157122090639,0.5560931298000432,0.0,0.0,0.0,0.0,,
IDRiD_61_512_2560,0.39113804366469923,0.26165456767014783,0.0,0.0,,,,
IDRiD_61_512_3072,0.0,0.0,,,,,,
IDRiD_61_512_512,0.8791886136924824,0.986916593275966,,,,,,
IDRiD_62_0_1024,0.7297935103173078,0.9978488840818003,0.0,0.0,0.0,0.0,,
IDRiD_62_0_1536,,,,,0.0,0.0,,
IDRiD_62_0_512,0.0,0.0,,,0.3290989660168656,0.5225140712455427,,
IDRiD_62_1024_0,,,0.0,0.0,,,,
IDRiD_62_1024_2048,,,0.0,0.0,,,,
IDRiD_62_1024_2560,,,,,0.0,0.0,,
IDRiD_62_1024_3072,0.0,0.0,0.0,0.0,,,,
IDRiD_62_1536_0,,,0.0,0.0,,,,
IDRiD_62_1536_1024,,,0.0,0.0,,,,
IDRiD_62_1536_2560,,,,,0.6484691580332707,0.8168155394751622,,
IDRiD_62_1536_3072,,,0.0,0.0,,,,
IDRiD_62_2048_2048,,,,,0.5201013327401685,0.6088189788393806,,
IDRiD_62_2048_2560,,,,,0.5425598149950324,0.7140181664916471,,
IDRiD_62_2048_512,,,,,0.0,0.0,,
IDRiD_62_512_1536,,,0.0,0.0,0.5571687839784782,0.4679878048067092,,
IDRiD_62_512_512,,,,,0.0,0.0,,
IDRiD_63_0_1024,,,,,0.5884682009355071,0.6370780496403451,,
IDRiD_63_0_1536,,,,,0.35626048497245294,0.31414739106201867,,
IDRiD_63_0_2560,0.05530919220043385,0.7007340485205683,0.0,0.0,,,,
IDRiD_63_0_3072,,,0.0,0.0,,,,
IDRiD_63_1024_1024,,,,,0.712802265625497,0.8277955810283725,,
IDRiD_63_1024_1536,,,,,0.6866682052439161,0.977977429593755,,
IDRiD_63_1024_3072,0.35222948580177466,0.9999999999722992,,,,,,
IDRiD_63_1024_3584,0.5191780821562206,0.3883196720913607,,,,,,
IDRiD_63_1024_512,0.5348371214259183,0.9405960531425575,,,,,,
IDRiD_63_1536_1536,,,0.0,0.0,0.49889840880051656,0.9999999999018646,,
IDRiD_63_1536_2048,,,,,0.0,0.0,,
IDRiD_63_1536_2560,,,,,0.0,0.0,,
IDRiD_63_1536_3072,,,,,0.4247452002743602,0.4276849641800628,,
IDRiD_63_1536_512,0.12377850162711378,0.3859374999698486,,,,,,
IDRiD_63_2048_1536,,,,,0.0,0.0,,
IDRiD_63_2048_2048,,,,,0.2806079369507373,0.34642112576975603,,
IDRiD_63_512_1024,,,,,0.6599819118385829,0.7734205796932242,,
IDRiD_63_512_1536,,,,,0.7240139379020517,0.8091671436016394,,
IDRiD_64_0_1024,,,0.0,0.0,0.34802431608297685,0.9999999995633188,0.8749972877365092,0.967050359707592
IDRiD_64_0_1536,0.5902645811994216,0.5757057313902502,0.0,0.0,0.3528843832886101,0.6497777777200197,,
IDRiD_64_0_2048,0.2622207834165678,0.15346722242692432,,,0.7083901995167726,0.8054980786224837,,
IDRiD_64_0_2560,,,,,0.6159068864880743,0.4851031321248966,,
IDRiD_64_0_3072,,,,,0.2713450292238979,0.44615384606804737,,
IDRiD_64_0_512,,,0.0,0.0,0.0,0.0,,
IDRiD_64_1024_1536,,,0.0,0.0,0.07692307690750545,0.06333333331222221,,
IDRiD_64_1024_2048,,,0.0,0.0,0.20218931100443693,0.35280898872440347,,
IDRiD_64_1024_2560,,,0.0,0.0,0.5202495745858182,0.48243214811190366,,
IDRiD_64_1024_3072,,,0.0,0.0,0.4069013432097394,0.49201904227129606,,
IDRiD_64_1536_0,,,0.0,0.0,,,,
IDRiD_64_1536_2048,0.0,0.0,0.0,0.0,0.11013215857817928,0.07621951218350313,,
IDRiD_64_1536_2560,0.0,0.0,,,0.21910695742187036,0.27509778356339315,,
IDRiD_64_1536_3072,,,0.0,0.0,0.6768916155073164,0.9105914716766724,,
IDRiD_64_2048_1536,,,0.0,0.0,0.5720461095032174,0.8422913719645584,,
IDRiD_64_2048_2560,0.6024034773638148,0.5598859315456302,0.0,0.0,0.0,0.0,0.8095893217785043,0.9211350163130544
IDRiD_64_2048_3072,0.0,0.0,0.0,0.0,0.5781249999677386,0.9999999998069499,,
IDRiD_64_512_1024,,,0.0,0.0,,,,
IDRiD_64_512_1536,,,,,0.47397250335374186,0.7068051498354776,,
IDRiD_64_512_2048,,,0.0,0.0,0.4571779392187415,0.5915791331927656,,
IDRiD_64_512_2560,,,0.0,0.0,0.5770241222786638,0.5713384833584844,,
IDRiD_64_512_3072,,,0.0,0.0,0.0,0.0,,
IDRiD_65_0_1024,,,0.0,0.0,0.0,0.0,,
IDRiD_65_0_1536,,,0.0,0.0,,,,
IDRiD_65_0_2048,0.698661278082883,0.9630919219385033,0.0,0.0,0.3628375482172863,0.6386269332086524,,
IDRiD_65_0_2560,0.759454705348297,0.8119417018894245,0.0,0.0,0.6900642609814616,0.8294711823630736,,
IDRiD_65_0_3072,0.3276536665363164,0.42571334862493565,0.0,0.0,0.0,0.0,,
IDRiD_65_0_3584,0.2611520138531583,0.5888671874424934,0.0,0.0,,,,
IDRiD_65_0_512,,,0.0,0.0,0.0,0.0,,
IDRiD_65_1024_1024,,,0.0,0.0,0.2437656780250293,0.36038394413785413,,
IDRiD_65_1024_1536,0.257675438595207,0.8467081558844839,0.0,0.0,0.10761540723000249,0.3877118643246373,,
IDRiD_65_1024_2048,0.651881863731188,0.7678975131683523,0.0,0.0,0.7503742264108886,0.8292430003415671,,
IDRiD_65_1024_2560,0.5362758835414282,0.6564078132381476,0.0,0.0,0.22424794894759803,0.529715762228276,,
IDRiD_65_1024_3072,0.5376897350003167,0.5230230229968457,0.0,0.0,0.39496496852636304,0.7617956939641871,,
IDRiD_65_1024_3584,0.28270259815523596,0.97748551045525,0.0,0.0,,,,
IDRiD_65_1536_1024,,,0.0,0.0,0.5010119595170099,0.5338168986368591,,
IDRiD_65_1536_1536,,,0.0,0.0,0.4631661441915524,0.4686756542240811,,
IDRiD_65_1536_2048,0.0,0.0,0.0,0.0,0.3921284908060754,0.39173171435698956,,
IDRiD_65_1536_2560,,,0.0,0.0,0.0,0.0,,
IDRiD_65_1536_3072,0.40333333332373017,0.8486973947045394,0.0,0.0,0.327302631552031,0.259452411960958,,
IDRiD_65_1536_3584,0.018092553868517054,0.9999999998994975,0.0,0.0,,,,
IDRiD_65_1536_512,,,,,0.2865288667039726,0.18873239435733652,,
IDRiD_65_2048_1536,,,0.0,0.0,,,,
IDRiD_65_2048_2048,,,,,0.0,0.0,,
IDRiD_65_2048_2560,0.6599086899275717,0.9706351012754237,,,,,,
IDRiD_65_2048_3072,,,0.0,0.0,0.0,0.0,,
IDRiD_65_512_1024,,,0.0,0.0,,,,
IDRiD_65_512_1536,,,,,0.4167185231265411,0.7451780415338134,,
IDRiD_65_512_2048,0.0,0.0,,,0.553379762390195,0.7745412843947873,,
IDRiD_65_512_2560,0.0,0.0,0.0,0.0,0.33925794267752024,0.4644866920081447,,
IDRiD_65_512_3072,,,0.0,0.0,0.13918495297369327,0.22492401213526605,,
IDRiD_65_512_3584,0.7920384351225798,0.7167701863057239,0.0,0.0,,,,
IDRiD_66_0_1024,,,0.0,0.0,0.5153452685367077,0.7031113695637362,,
IDRiD_66_0_1536,,,0.0,0.0,0.3507749921944161,0.3307828134131689,,
IDRiD_66_0_2048,,,0.0,0.0,0.09623567921125252,0.05791962174712689,,
IDRiD_66_0_2560,,,,,0.8382899627473708,0.9111111109270482,,
IDRiD_66_0_512,,,0.0,0.0,,,,
IDRiD_66_1024_0,,,,,0.10223818734174529,0.07495948135838901,,
IDRiD_66_1024_1024,,,0.0,0.0,0.8711331581957318,0.9393262267680285,,
IDRiD_66_1024_1536,0.28766086296081295,0.21788990823189336,0.0,0.0,0.705977633414254,0.7624879029227928,,
IDRiD_66_1024_2048,,,0.0,0.0,0.7658361723630874,0.9055945990803989,,
IDRiD_66_1024_2560,,,,,0.6349862258939502,0.6484395604367101,,
IDRiD_66_1024_512,0.7309340188360983,0.7793513019287642,0.0,0.0,0.5819634352390385,0.6149350649250822,,
IDRiD_66_1536_1024,0.2797033971326142,0.35368512863699586,0.0,0.0,0.7722773528849174,0.7585834378444134,,
IDRiD_66_1536_1536,,,0.0,0.0,0.8225567125202252,0.9634711860283066,,
IDRiD_66_1536_2048,,,,,0.7615713598819358,0.7865381934750723,,
IDRiD_66_1536_2560,,,0.0,0.0,0.48433048431987,0.6239412760799581,,
IDRiD_66_1536_512,,,,,0.7713363926001016,0.7123135571238302,,
IDRiD_66_2048_1024,,,,,0.7261344309969139,0.839651142904407,,
IDRiD_66_2048_1536,,,,,0.6342031571366833,0.7980541349582259,,
IDRiD_66_2048_512,,,,,0.7002983455193844,0.8323662152912723,,
IDRiD_66_512_0,,,,,0.0,0.0,,
IDRiD_66_512_1024,0.0,0.0,0.0,0.0,0.653265337326162,0.7295445870734053,,
IDRiD_66_512_1536,,,0.0,0.0,0.8046874999996653,0.9287209525629645,,
IDRiD_66_512_2048,,,0.0,0.0,0.7474578278592056,0.7451129214512893,,
IDRiD_66_512_2560,,,,,0.5711738484341636,0.5417136414779836,,
IDRiD_66_512_512,,,,,0.6028843434791079,0.6818036456595052,,
IDRiD_67_0_1024,0.8515765130572217,0.941141268435037,0.0,0.0,0.3934707903442035,0.8450184498726868,,
IDRiD_67_0_1536,0.5329106843135101,0.44420267329119983,0.0,0.0,0.22988505746465848,0.2659574467908273,0.7375289669449399,0.8637337523149283
IDRiD_67_0_2048,0.5045564680398562,0.875865406086221,0.0,0.0,,,,
IDRiD_67_0_512,,,0.0,0.0,,,,
IDRiD_67_1024_1024,0.642514604583475,0.6992124489923217,0.0,0.0,,,,
IDRiD_67_1024_1536,0.3229608675142353,0.4629719030562617,,,0.218304757299727,0.15296108290514515,,
IDRiD_67_1024_2048,0.0,0.0,0.0,0.0,,,,
IDRiD_67_1024_2560,,,0.0,0.0,0.4779527558866948,0.7635220124825759,,
IDRiD_67_1024_512,0.5896776058968058,0.4510749358557415,0.0,0.0,,,,
IDRiD_67_1536_1024,0.5606658379691906,0.6574144486608693,,,0.33599072328836077,0.42469769144651165,,
IDRiD_67_1536_1536,0.0,0.0,0.0,0.0,0.5451435729414503,0.8610455825214135,,
IDRiD_67_1536_2048,0.0,0.0,0.0,0.0,0.7488262910578396,0.8686181074970307,,
IDRiD_67_1536_2560,0.6066790352461346,0.7049751243664183,,,0.0,0.0,,
IDRiD_67_1536_512,0.0,0.0,0.0,0.0,,,,
IDRiD_67_2048_1024,0.6931690929431882,0.6109055020941974,0.0,0.0,0.0059347180991291635,0.0031948881778930066,,
IDRiD_67_2048_1536,0.6334287531789826,0.8119181898429576,,,0.14716703457342406,0.11848341230823657,,
IDRiD_67_2048_2048,0.017890421169998314,0.03524229074631113,0.0,0.0,,,,
IDRiD_67_2048_2560,0.0,0.0,,,,,,
IDRiD_67_2048_512,0.26457258946641515,0.8717816683681465,,,,,,
IDRiD_67_512_1024,0.7911140583528146,0.9281879716725419,0.0,0.0,0.2924948086534413,0.6828254846699688,,
IDRiD_67_512_1536,0.4164998419533426,0.5253854332731873,0.0,0.0,0.13043478260103203,0.44047619030139834,,
IDRiD_67_512_2048,0.7155278372071037,0.6429681747472554,0.0,0.0,,,,
IDRiD_67_512_2560,,,0.0,0.0,,,,
IDRiD_67_512_512,0.3924505432648264,0.856414131856104,0.0,0.0,0.36025307032526044,0.9999999997933884,,
IDRiD_68_0_1536,,,0.0,0.0,,,,
IDRiD_68_0_2560,0.6777439737857348,0.8349671318090766,,,,,,
IDRiD_68_1024_0,0.8021065920495914,0.7107864418087981,,,,,,
IDRiD_68_1024_1536,0.0,0.0,0.0,0.0,,,,
IDRiD_68_1024_2048,0.0,0.0,0.0,0.0,0.0,0.0,,
IDRiD_68_1024_2560,0.0,0.0,,,0.6012726990439039,0.9241412213299551,,
IDRiD_68_1024_3072,0.5077519379824461,0.537619699037811,0.0,0.0,,,,
IDRiD_68_1024_512,0.0,0.0,,,,,,
IDRiD_68_1536_0,0.5085069444422373,0.40041011619685296,,,,,,
IDRiD_68_1536_1536,0.19395050412394518,0.16363523880126432,,,,,,
IDRiD_68_1536_2048,0.0,0.0,,,,,,
IDRiD_68_1536_2560,0.4560373093938369,0.6444799352153939,,,0.0,0.0,,
IDRiD_68_1536_3072,0.06790691094287209,0.9999999999810606,,,,,,
IDRiD_68_1536_512,0.6950705386356365,0.737136577076945,,,,,,
IDRiD_68_2048_0,0.0,0.0,,,,,,
IDRiD_68_2048_1536,,,0.0,0.0,0.3973029045437083,0.7105751390147357,,
IDRiD_68_2048_2048,0.5258695122755365,0.9034650640869367,0.0,0.0,0.0,0.0,,
IDRiD_68_2048_2560,,,,,0.6675938802965795,0.5673758863906913,0.6419727821538218,0.999999999994687
IDRiD_68_2048_512,0.8439694477417954,0.9753320683078905,,,,,,
IDRiD_68_512_1536,,,0.0,0.0,,,,
IDRiD_68_512_2048,0.4985921296597123,0.49600327935713595,0.0,0.0,0.5867542775337103,0.7255832662853935,0.31496986241079644,0.9999999999883666
IDRiD_68_512_2560,0.6591966574842882,0.6803881211341724,0.0,0.0,0.6702412868033742,0.5040322579967699,,
IDRiD_68_512_3072,0.03815669799463347,0.26892551891731,0.0,0.0,,,,
IDRiD_69_0_1024,0.45678664285794945,0.29926527931576874,,,,,,
IDRiD_69_0_1536,0.8143802506212243,0.875508762486334,,,,,,
IDRiD_69_0_2048,0.7245573435210038,0.866066259241775,0.0,0.0,0.648029056010636,0.6551677671428704,,
IDRiD_69_0_2560,0.2691114245340166,0.5230263157321243,0.0,0.0,0.36448598128407966,0.8100890205311309,,
IDRiD_69_0_3072,0.25163502950928524,0.9254913464087565,,,,,,
IDRiD_69_0_512,0.21324652892969342,0.7985074626468404,0.0,0.0,,,,
IDRiD_69_1024_1024,,,0.0,0.0,0.0,0.0,,
IDRiD_69_1024_1536,0.5160667387590141,0.7287303664841979,0.0,0.0,0.3187592631784948,0.46351600984508134,,
IDRiD_69_1024_2048,0.5700587318641968,0.5204639964867485,0.0,0.0,0.4718723104589943,0.6851851851774007,,
IDRiD_69_1024_2560,0.452489914910836,0.42219129554388796,0.0,0.0,0.3944617123369748,0.4517799352458395,,
IDRiD_69_1024_3072,0.32654216185163354,0.3503339404872394,,,0.10067618331324746,0.3316831681526321,,
IDRiD_69_1536_0,0.19430485761493116,0.2555066079070038,0.0,0.0,,,,
IDRiD_69_1536_1536,,,0.0,0.0,0.1871680780797019,0.3560895685223326,,
IDRiD_69_1536_2048,0.4522732919232185,0.34427717678837827,0.0,0.0,0.4493888202108311,0.5988286969034105,,
IDRiD_69_1536_2560,0.27192889641163936,0.7536656891274586,,,,,,
IDRiD_69_1536_3072,,,0.0,0.0,,,,
IDRiD_69_2048_1024,0.6923845497728953,0.7163531844046374,,,,,,
IDRiD_69_2048_1536,0.627675969985682,0.60286109430244,,,0.0,0.0,,
IDRiD_69_2048_2048,0.573402417961127,0.9368226539432811,0.0,0.0,0.26737967912651206,0.21810250815505972,,
IDRiD_69_2048_2560,,,0.0,0.0,,,,
IDRiD_69_2048_3072,,,0.0,0.0,,,,
IDRiD_69_512_1024,0.08427389014137934,0.17364341083925244,0.0,0.0,0.0,0.0,,
IDRiD_69_512_1536,0.5838882115672522,0.7458073789950693,0.0,0.0,0.16594706213317165,0.2356076758936243,,
IDRiD_69_512_2048,0.7042285558294379,0.8661593554114472,0.0,0.0,0.0,0.0,,
IDRiD_69_512_2560,0.5236356410052323,0.7144309631890841,0.0,0.0,0.0,0.0,,
IDRiD_69_512_3072,0.4156264759434881,0.6457023060661279,,,0.0,0.0,,
IDRiD_69_512_512,,,0.0,0.0,,,,
IDRiD_70_0_1536,0.7034104750250958,0.8950019372162922,,,0.0,0.0,,
IDRiD_70_1024_1024,0.0,0.0,0.0,0.0,0.3164871582348388,0.9999999998254799,0.0,0.0
IDRiD_70_1024_1536,0.6845429260716654,0.8041155234642525,0.0,0.0,0.0,0.0,,
IDRiD_70_1024_2048,0.49971925884022883,0.8170134638756219,0.0,0.0,0.0,0.0,,
IDRiD_70_1024_512,0.32719033232134154,0.6555690072242392,0.0,0.0,,,0.8805327066173638,0.9003524511326478
IDRiD_70_1536_0,,,0.0,0.0,,,,
IDRiD_70_1536_1024,0.0,0.0,,,0.0,0.0,,
IDRiD_70_1536_1536,0.6254125412524053,0.8088496834259881,0.0,0.0,,,,
IDRiD_70_1536_2048,0.4055899634682295,0.8634212305028113,0.0,0.0,0.011338199513354408,0.005701421684964149,,
IDRiD_70_1536_512,,,0.0,0.0,,,,
IDRiD_70_2048_512,,,0.0,0.0,,,,
IDRiD_70_512_0,0.8267649560298621,0.7046882551616874,,,,,,
IDRiD_70_512_1024,,,0.0,0.0,,,,
IDRiD_70_512_1536,0.7629990262864508,0.6644619689590057,0.0,0.0,0.039812927209020105,0.020388111028980742,,
IDRiD_70_512_2048,,,,,0.6531957580875152,0.5211525268575086,,
IDRiD_70_512_512,0.4844153265784751,0.4881952781014767,0.0,0.0,,,0.3894409937767255,0.24180485922708042
IDRiD_71_0_1024,0.0,0.0,0.0,0.0,0.29184549353718064,0.36170212758261655,,
IDRiD_71_0_1536,,,0.0,0.0,,,,
IDRiD_71_0_2048,,,0.0,0.0,0.0,0.0,,
IDRiD_71_0_2560,0.6527666932673158,0.5855855855820918,,,,,,
IDRiD_71_0_512,,,0.0,0.0,0.0,0.0,,
IDRiD_71_1024_0,0.0,0.0,0.0,0.0,0.26603646183213797,0.3122028525654195,,
IDRiD_71_1024_1024,0.0,0.0,0.0,0.0,0.6385865141461037,0.8256854985803775,0.0,0.0
IDRiD_71_1024_1536,,,0.0,0.0,0.5380300337948573,0.6231135501523435,,
IDRiD_71_1024_2048,,,0.0,0.0,0.0,0.0,,
IDRiD_71_1024_512,,,0.0,0.0,0.4569754848861451,0.5758327647132571,0.5471881345433601,0.38096994283372687
IDRiD_71_1536_0,0.0,0.0,,,0.0,0.0,,
IDRiD_71_1536_1024,0.5300788202363077,0.43031704094757,0.0,0.0,0.7550902229109917,0.9062470043123402,,
IDRiD_71_1536_1536,,,0.0,0.0,0.6119154996426388,0.8189326556496538,,
IDRiD_71_1536_2048,,,0.0,0.0,0.5201962574137369,0.6510996857947572,,
IDRiD_71_1536_2560,,,,,0.0,0.0,,
IDRiD_71_1536_3072,,,0.0,0.0,,,,
IDRiD_71_1536_512,0.0,0.0,0.0,0.0,0.691807134456473,0.9452260229928224,,
IDRiD_71_2048_0,,,,,0.0,0.0,,
IDRiD_71_2048_1024,0.0,0.0,0.0,0.0,0.47394912985147536,0.5209535020569691,,
IDRiD_71_2048_1536,,,,,0.3898675877935526,0.46341240875489587,,
IDRiD_71_2048_2048,,,0.0,0.0,0.4816059587588264,0.574058033774642,,
IDRiD_71_2048_3072,0.2000910539488957,0.9659340659075293,,,,,,
IDRiD_71_2048_512,0.2159937888181988,0.6633285645844861,0.0,0.0,0.4937686939120916,0.7422255526136297,,
IDRiD_71_512_0,,,,,0.0,0.0,,
IDRiD_71_512_1024,0.634577786047532,0.48512455515323666,0.0,0.0,0.5919528467905859,0.6646750620400342,,
IDRiD_71_512_1536,0.0,0.0,0.0,0.0,0.5745856353564484,0.7183654515820946,,
IDRiD_71_512_2048,0.0,0.0,0.0,0.0,0.022029897717465385,0.025735294115281682,,
IDRiD_71_512_512,0.2235707441697632,0.504759157758732,0.0,0.0,0.4098909799597424,0.5548227534945619,0.0,0.0
IDRiD_72_0_1024,,,0.0,0.0,,,,
IDRiD_72_0_1536,,,0.0,0.0,0.0,0.0,,
IDRiD_72_0_2048,0.0,0.0,0.0,0.0,0.2860567319102654,0.24238320919144324,,
IDRiD_72_0_2560,,,0.0,0.0,0.0,0.0,0.7871262750587861,0.6958766092375404
IDRiD_72_0_3072,,,0.0,0.0,0.0,0.0,,
IDRiD_72_0_512,,,0.0,0.0,,,,
IDRiD_72_1024_0,,,,,0.0,0.0,,
IDRiD_72_1024_2048,0.0,0.0,,,0.46635839699615883,0.6400257518565251,,
IDRiD_72_1024_2560,0.4192645137125394,0.2692399904035186,,,0.8268463215081189,0.8864946889172292,,
IDRiD_72_1024_3072,0.0,0.0,0.0,0.0,0.5300462249563747,0.5829273458889446,,
IDRiD_72_1024_512,,,,,0.0,0.0,,
IDRiD_72_1536_1024,,,0.0,0.0,0.6613021214268857,0.7886340976872225,,
IDRiD_72_1536_1536,,,0.0,0.0,0.530645161276058,0.7360178970368368,,
IDRiD_72_1536_2048,,,0.0,0.0,0.7703459164614842,0.8617072518016499,,
IDRiD_72_1536_2560,,,,,0.7182115442583449,0.830628939249482,,
IDRiD_72_1536_3072,0.21179509254361623,0.18303571427209556,0.0,0.0,0.7486892174960041,0.8683189097470794,,
IDRiD_72_2048_1024,,,,,0.0,0.0,,
IDRiD_72_2048_1536,0.011902231668184863,0.039660056651606226,,,0.5032632342155363,0.8139171226885131,,
IDRiD_72_2048_2048,0.0,0.0,0.0,0.0,,,,
IDRiD_72_2048_2560,,,0.0,0.0,0.0,0.0,,
IDRiD_72_2048_3072,,,0.0,0.0,0.0,0.0,,
IDRiD_72_512_0,,,,,0.5561560381197194,0.6855620154872684,,
IDRiD_72_512_1536,,,,,0.17217256120924657,0.19532627865099975,,
IDRiD_72_512_2048,0.46505551923807603,0.3486777668610502,0.0,0.0,0.5206991720317881,0.6247240618063237,,
IDRiD_72_512_2560,,,0.0,0.0,0.0,0.0,,
IDRiD_72_512_3072,,,,,0.3728470111322916,0.5390624999473571,,
IDRiD_72_512_512,,,0.0,0.0,0.40624740383479063,0.4793177808178922,,
IDRiD_73_0_1024,,,0.0,0.0,,,,
IDRiD_73_0_1536,,,0.0,0.0,0.0,0.0,,
IDRiD_73_1024_1024,,,0.0,0.0,,,,
IDRiD_73_1024_1536,,,0.0,0.0,0.5318104184400959,0.9280923993692961,,
IDRiD_73_1024_2048,,,0.0,0.0,0.4372683959535591,0.5976845151088734,,
IDRiD_73_1024_2560,,,0.0,0.0,,,,
IDRiD_73_1536_1024,0.8121702426966105,0.807719216408492,0.0,0.0,0.5233067215935281,0.8452579034238553,0.8574111980713849,0.9652966055689984
IDRiD_73_1536_1536,0.414198606262757,0.48569969354005615,0.0,0.0,0.4213197969390385,0.5701668301697579,,
IDRiD_73_1536_2048,,,0.0,0.0,0.0,0.0,,
IDRiD_73_1536_2560,,,0.0,0.0,,,,
IDRiD_73_1536_3072,0.0,0.0,,,,,,
IDRiD_73_1536_512,0.2708251085562248,0.30900900898117034,,,,,,
IDRiD_73_2048_1024,,,,,,,0.7122011797467837,0.8633797515670539
IDRiD_73_2048_1536,,,0.0,0.0,,,,
IDRiD_73_2048_2048,0.0,0.0,0.0,0.0,,,,
IDRiD_73_2048_2560,0.6667495029738227,0.5938468348695475,0.0,0.0,,,0.6808145766296476,0.8514745308158808
IDRiD_73_2048_3072,0.6763256338657068,0.8062004529897198,0.0,0.0,,,,
IDRiD_73_512_1024,,,0.0,0.0,,,,
IDRiD_73_512_1536,0.38122171944623245,0.9466292133501926,0.0,0.0,0.37329214684123446,0.5219269102816636,,
IDRiD_73_512_2048,0.0,0.0,0.0,0.0,0.0,0.0,,
IDRiD_73_512_2560,0.5781603987051128,0.5847846012296256,,,,,,
IDRiD_74_0_2048,0.0,0.0,0.0,0.0,0.18234275821221332,0.1291905151161741,,
IDRiD_74_0_2560,,,0.0,0.0,0.0,0.0,,
IDRiD_74_0_3072,,,0.0,0.0,,,,
IDRiD_74_0_512,,,0.0,0.0,,,,
IDRiD_74_1024_1024,,,0.0,0.0,,,,
IDRiD_74_1024_1536,,,0.0,0.0,,,0.596161651298219,0.5565057371665241
IDRiD_74_1024_2048,0.014594138222080603,0.25313807526084975,0.0,0.0,0.22819767440202052,0.3738095237205215,0.7230741475604714,0.8041733547028823
IDRiD_74_1024_2560,0.6267800729009634,0.6865417376417531,0.0,0.0,0.4784041630487562,0.572555532477215,,
IDRiD_74_1024_3072,0.47069299669755016,0.6165774667130977,0.0,0.0,0.4364765669051881,0.5457112601289901,,
IDRiD_74_1536_0,,,0.0,0.0,,,,
IDRiD_74_1536_1024,,,0.0,0.0,,,,
IDRiD_74_1536_2048,,,0.0,0.0,0.5170149253703282,0.769591210199231,,
IDRiD_74_1536_2560,0.3856878470056404,0.2840785169003628,0.0,0.0,0.0,0.0,,
IDRiD_74_1536_3072,0.39189980100437843,0.3339317773754844,0.0,0.0,0.0,0.0,,
IDRiD_74_2048_1536,0.2616179001686533,0.8727915193575272,0.0,0.0,,,,
IDRiD_74_2048_2048,0.6479726428888716,0.6499411995232267,0.0,0.0,,,,
IDRiD_74_2048_2560,0.7114576167527543,0.6723814110249343,0.0,0.0,0.5348120763687731,0.8330134355406884,,
IDRiD_74_2048_3072,0.8041580041412857,0.707129798877253,0.0,0.0,,,,
IDRiD_74_2048_512,,,0.0,0.0,,,,
IDRiD_74_512_1024,,,0.0,0.0,,,,
IDRiD_74_512_1536,,,0.0,0.0,,,,
IDRiD_74_512_2048,0.0,0.0,0.0,0.0,0.2772058823478455,0.31195697143930673,,
IDRiD_74_512_2560,0.620181731223145,0.5623590633033416,0.0,0.0,0.271402650243188,0.37783221064945144,,
IDRiD_74_512_3072,,,0.0,0.0,,,,
IDRiD_74_512_512,,,0.0,0.0,,,,
IDRiD_75_0_1024,0.5521075963592147,0.5180485053508453,0.0,0.0,,,,
IDRiD_75_0_1536,0.6799557032090071,0.6121228233376836,0.0,0.0,0.33522557513190243,0.30926130097523363,,
IDRiD_75_0_2048,0.8112991391417259,0.7734023964005653,,,0.7474747474593388,0.7872340425190085,,
IDRiD_75_0_2560,0.37973548531293727,0.2679531793693775,0.0,0.0,,,,
IDRiD_75_0_512,0.6048565121222057,0.8045302012747877,0.0,0.0,,,,
IDRiD_75_1024_0,,,0.0,0.0,0.0,0.0,,
IDRiD_75_1024_1024,0.5544911619681971,0.9237446581073218,0.0,0.0,0.27407815078293457,0.18707738541043745,,
IDRiD_75_1024_1536,0.0,0.0,0.0,0.0,0.3476297967612574,0.3499999998409091,,
IDRiD_75_1024_2048,,,0.0,0.0,0.23158694000639382,0.36352800949183217,,
IDRiD_75_1024_512,0.0,0.0,0.0,0.0,,,,
IDRiD_75_1536_0,,,0.0,0.0,,,,
IDRiD_75_1536_1024,0.48722800377277137,0.3413987404593504,0.0,0.0,0.23148936169227707,0.1857923497140852,,
IDRiD_75_1536_1536,,,0.0,0.0,0.0,0.0,,
IDRiD_75_1536_2048,,,0.0,0.0,0.0,0.0,,
IDRiD_75_1536_2560,0.08288661651388401,0.4747162022458867,0.0,0.0,,,,
IDRiD_75_1536_3072,0.28077826232690045,0.7147736976790185,,,,,,
IDRiD_75_1536_512,,,0.0,0.0,,,,
IDRiD_75_2048_1024,0.6798975672171581,0.8949941007770943,0.0,0.0,0.0,0.0,0.7340135740304999,0.618840015565443
IDRiD_75_2048_1536,0.321798756176672,0.6424705507595521,0.0,0.0,,,,
IDRiD_75_2048_2048,0.37958033196431007,0.7911227153014201,0.0,0.0,,,,
IDRiD_75_2048_2560,0.5814432989590818,0.567975830796644,0.0,0.0,,,,
IDRiD_75_2048_3072,0.8093311232439434,0.8397066261991915,0.0,0.0,,,,
IDRiD_75_2048_512,0.5668244536178526,0.9030808728995013,0.0,0.0,0.0,0.0,0.0,0.0
IDRiD_75_512_0,,,0.0,0.0,,,,
IDRiD_75_512_1024,0.4781626920720484,0.8357720446508323,0.0,0.0,0.5052475352459173,0.6188003115993405,,
IDRiD_75_512_1536,,,0.0,0.0,0.19610231423897062,0.17019027482344712,,
IDRiD_75_512_2048,0.6547364325942935,0.8761061946674621,0.0,0.0,0.5427120668975103,0.694041252838272,,
IDRiD_75_512_2560,0.7529749537200975,0.793281859422166,,,,,,
IDRiD_75_512_512,,,0.0,0.0,,,,
IDRiD_76_0_1024,0.5997425997340234,0.475618053969707,0.0,0.0,,,,
IDRiD_76_0_1536,0.5173370930056072,0.4317864234725911,0.0,0.0,,,,
IDRiD_76_0_2560,0.37959589266712174,0.24289953369042394,0.0,0.0,,,,
IDRiD_76_0_512,0.20065234506578952,0.5117613310090785,,,,,,
IDRiD_76_1024_0,,,0.0,0.0,,,,
IDRiD_76_1024_1024,0.3609137055807029,0.39757688722464907,0.0,0.0,0.515932252044431,0.6867596484491462,,
IDRiD_76_1024_1536,,,0.0,0.0,0.7732083054201392,0.7385796545011059,,
IDRiD_76_1024_2048,0.0,0.0,0.0,0.0,0.1686559418741916,0.10815307819939592,,
IDRiD_76_1024_3072,,,0.0,0.0,,,,
IDRiD_76_1024_3584,,,0.0,0.0,,,,
IDRiD_76_1024_512,0.37926537708781494,0.34255987435526974,0.0,0.0,0.2759899842318836,0.48186528495848885,,
IDRiD_76_1536_0,,,0.0,0.0,,,,
IDRiD_76_1536_1024,,,0.0,0.0,0.7587412587379425,0.777986914038021,,
IDRiD_76_1536_1536,,,0.0,0.0,,,,
IDRiD_76_1536_2048,0.7613135762763054,0.7109199700556874,0.0,0.0,,,,
IDRiD_76_1536_2560,0.9135683244721046,0.9016393442451079,0.0,0.0,,,,
IDRiD_76_1536_3072,,,,,0.0,0.0,,
IDRiD_76_1536_512,0.2631713554970385,0.1963740457996529,0.0,0.0,0.15718745757897126,0.10140105078631521,,
IDRiD_76_2048_1024,,,0.0,0.0,,,,
IDRiD_76_2048_1536,,,0.0,0.0,,,,
IDRiD_76_2048_2560,,,0.0,0.0,0.0,0.0,,
IDRiD_76_2048_3072,,,0.0,0.0,,,,
IDRiD_76_2048_512,0.5339999999961856,0.43419677081619,0.0,0.0,,,,
IDRiD_76_512_0,0.5045025496310676,0.9651307596112441,0.0,0.0,,,,
IDRiD_76_512_1024,0.5060526644171592,0.5752589019637501,0.0,0.0,0.0,0.0,,
IDRiD_76_512_1536,0.6178454422757964,0.825650270388214,0.0,0.0,,,,
IDRiD_76_512_2048,,,0.0,0.0,,,,
IDRiD_76_512_3072,,,0.0,0.0,,,,
IDRiD_76_512_512,0.4711830131416128,0.7739256798676786,0.0,0.0,0.25479586816257765,0.3368010402682964,,
IDRiD_77_0_1024,,,0.0,0.0,0.0,0.0,,
IDRiD_77_0_1536,0.0,0.0,0.0,0.0,0.4511545292958347,0.4919756502218054,,
IDRiD_77_0_2048,0.28740068104209304,0.34191573640003753,,,0.0,0.0,,
IDRiD_77_0_2560,0.7128283957493263,0.7716511610258554,0.0,0.0,0.7736001290822399,0.8161389172347246,,
IDRiD_77_0_3072,,,0.0,0.0,0.0,0.0,,
IDRiD_77_0_512,,,0.0,0.0,,,,
IDRiD_77_1024_0,,,0.0,0.0,,,,
IDRiD_77_1024_1024,,,0.0,0.0,0.0,0.0,,
IDRiD_77_1024_1536,0.0,0.0,0.0,0.0,0.6993630855935302,0.7849457009027351,,
IDRiD_77_1024_2048,0.0,0.0,,,0.4277591108758367,0.3927384907358154,,
IDRiD_77_1024_2560,,,,,0.4684281235795599,0.7864661652952682,,
IDRiD_77_1024_3072,0.22946958836663184,0.902537253286245,0.0,0.0,0.0,0.0,,
IDRiD_77_1024_3584,,,,,0.06072106261475515,0.03947368420728012,,
IDRiD_77_1024_512,,,0.0,0.0,,,,
IDRiD_77_1536_1024,0.4120408726757238,0.35727969346947897,0.0,0.0,0.0,0.0,,
IDRiD_77_1536_1536,,,,,0.3749519784719573,0.3288409703282452,,
IDRiD_77_1536_2048,,,0.0,0.0,0.0,0.0,,
IDRiD_77_1536_512,0.5704946996416034,0.46460431654007767,0.0,0.0,0.3506600660017786,0.31067251461231304,,
IDRiD_77_2048_0,,,0.0,0.0,,,,
IDRiD_77_2048_1024,0.0,0.0,0.0,0.0,0.3094391415539994,0.30151975683523985,,
IDRiD_77_2048_1536,,,0.0,0.0,0.4321608040148038,0.4943914750281999,,
IDRiD_77_2048_2048,,,0.0,0.0,0.4375249500910674,0.5060018466987073,,
IDRiD_77_2048_512,,,0.0,0.0,0.0,0.0,,
IDRiD_77_512_1024,,,0.0,0.0,0.0,0.0,,
IDRiD_77_512_1536,0.0,0.0,0.0,0.0,0.3852003509784103,0.3119744166746892,,
IDRiD_77_512_2048,,,,,0.44092469672492135,0.4206480915327046,,
IDRiD_77_512_2560,0.0,0.0,,,0.22493555826583997,0.14315316870759537,,
IDRiD_77_512_3072,,,0.0,0.0,0.0,0.0,,
IDRiD_77_512_512,0.0,0.0,0.0,0.0,,,,
IDRiD_78_0_1024,,,0.0,0.0,,,,
IDRiD_78_0_1536,,,0.0,0.0,,,,
IDRiD_78_0_2048,0.0,0.0,0.0,0.0,0.0,0.0,,
IDRiD_78_0_2560,0.5248902821250797,0.6524314214260465,0.0,0.0,0.3551261282090076,0.35038246374756954,,
IDRiD_78_0_3072,,,0.0,0.0,0.0,0.0,,
IDRiD_78_0_512,0.5086291110221873,0.5360329443695241,,,,,,
IDRiD_78_1024_0,,,0.0,0.0,,,,
IDRiD_78_1024_1024,,,,,0.0,0.0,,
IDRiD_78_1024_1536,,,,,0.0,0.0,,
IDRiD_78_1024_2048,0.805635100884096,0.7217716964975325,0.0,0.0,0.5491615180887099,0.55613156952885,,
IDRiD_78_1024_2560,0.3976596969077531,0.2561789421619355,0.0,0.0,0.5342438559553172,0.5746007344728448,,
IDRiD_78_1024_3072,,,0.0,0.0,,,,
IDRiD_78_1024_512,,,0.0,0.0,,,,
IDRiD_78_1536_1536,,,0.0,0.0,,,,
IDRiD_78_1536_2048,0.09184342881933429,0.048132019251704516,0.0,0.0,0.5495191057824403,0.6325553560363522,,
IDRiD_78_1536_2560,0.0,0.0,0.0,0.0,0.0,0.0,,
IDRiD_78_1536_3072,,,0.0,0.0,0.0,0.0,,
IDRiD_78_2048_1024,,,0.0,0.0,,,,
IDRiD_78_2048_2048,,,0.0,0.0,,,,
IDRiD_78_2048_2560,0.0,0.0,0.0,0.0,,,,
IDRiD_78_2048_3072,0.0,0.0,,,0.0,0.0,,
IDRiD_78_2048_512,,,0.0,0.0,0.0,0.0,,
IDRiD_78_512_0,,,0.0,0.0,,,,
IDRiD_78_512_1536,,,0.0,0.0,,,,
IDRiD_78_512_2048,,,0.0,0.0,0.6977034574680699,0.8291489532332191,,
IDRiD_78_512_2560,0.46267756265857135,0.3435972629493027,0.0,0.0,0.5827775789707074,0.7595183583460258,,
IDRiD_78_512_3072,,,,,0.1260248301700162,0.3678213308856964,,
IDRiD_78_512_512,,,0.0,0.0,0.13177648038934306,0.29151291502158194,,
IDRiD_79_0_1024,,,0.0,0.0,0.0,0.0,,
IDRiD_79_0_1536,0.4446998496998965,0.5576496673934003,0.0,0.0,0.42651119974143875,0.46991210274037104,,
IDRiD_79_0_2048,0.7265431571695846,0.6338447787779854,0.0,0.0,,,,
IDRiD_79_0_2560,0.40527645242583366,0.27156469408054434,0.0,0.0,0.3274619695625516,0.6234756096610555,,
IDRiD_79_0_512,0.6812116840925518,0.9660756904028968,0.0,0.0,,,,
IDRiD_79_1024_0,0.8059592581282702,0.7683478260780481,,,,,,
IDRiD_79_1024_1024,0.0,0.0,0.0,0.0,0.48224559771905473,0.5644897959106873,,
IDRiD_79_1024_1536,0.0,0.0,,,0.5777238239722141,0.5935395360364987,,
IDRiD_79_1024_2048,,,0.0,0.0,0.5634355604209409,0.7785344936211561,,
IDRiD_79_1024_2560,0.0,0.0,0.0,0.0,0.7088752471108395,0.7713121249814824,,
IDRiD_79_1024_3072,,,,,0.6520631686166919,0.7628128724596462,,
IDRiD_79_1536_0,,,,,0.37451737451080175,0.5773809523497088,,
IDRiD_79_1536_1024,0.19848380426607568,0.11515393842002584,0.0,0.0,0.38628318583216187,0.3668067226736636,,
IDRiD_79_1536_1536,0.7804878048427965,0.6934189405543002,0.0,0.0,0.6738495619765149,0.8290728887019241,,
IDRiD_79_1536_2048,,,0.0,0.0,0.6300143676326081,0.7672178867807283,,
IDRiD_79_1536_2560,0.49621289661215534,0.38871071198240187,0.0,0.0,0.9107644942888165,0.9000062088634669,,
IDRiD_79_1536_3072,0.7176289143676067,0.7684905931296244,0.0,0.0,0.6682296302788658,0.7563931541431147,,
IDRiD_79_1536_512,,,,,0.0,0.0,,
IDRiD_79_2048_1024,0.0,0.0,0.0,0.0,0.6026490066158647,0.6402439024240093,,
IDRiD_79_2048_1536,,,0.0,0.0,0.5128346259681941,0.6435388672570417,,
IDRiD_79_2048_2048,0.0,0.0,0.0,0.0,0.5507957962084495,0.6139088728979037,,
IDRiD_79_2048_2560,0.5759936963728944,0.4921822398407108,,,0.7683583602604318,0.9398225287694427,,
IDRiD_79_2048_3072,0.0,0.0,0.0,0.0,0.5334617236375302,0.5050555279255341,,
IDRiD_79_2048_512,0.0,0.0,0.0,0.0,0.44743398104397436,0.8223443221937099,,
IDRiD_79_512_0,0.7080689029854209,0.7354048964079961,,,0.0,0.0,,
IDRiD_79_512_1024,0.0,0.0,0.0,0.0,0.5066775911470162,0.6695539194311487,,
IDRiD_79_512_1536,,,0.0,0.0,0.39591716556682777,0.4431019332064345,,
IDRiD_79_512_2048,0.0,0.0,0.0,0.0,0.39547012367165146,0.5119598765234583,,
IDRiD_79_512_2560,0.785619174416653,0.6852497096134244,0.0,0.0,0.5795156510770471,0.7016371809117834,,
IDRiD_79_512_3072,0.7481146304487654,0.8611111110612782,0.0,0.0,0.6590270270199023,0.6554838709536456,,
IDRiD_79_512_512,,,0.0,0.0,0.37711313389114265,0.3846153845133646,,
IDRiD_80_0_2048,0.8937759584041182,0.8681720554892426,,,,,,
IDRiD_80_0_2560,,,0.0,0.0,0.0,0.0,,
IDRiD_80_0_3072,,,,,0.0,0.0,,
IDRiD_80_1024_2048,,,,,0.0,0.0,,
IDRiD_80_1024_2560,,,,,0.0,0.0,,
IDRiD_80_1536_1536,,,0.0,0.0,,,,
IDRiD_80_1536_2048,,,,,0.0,0.0,,
IDRiD_80_1536_2560,,,,,0.0,0.0,,
IDRiD_80_1536_3072,,,,,0.1437578814537353,0.11445783131380946,,
IDRiD_80_2048_1536,,,,,0.0,0.0,,
IDRiD_80_2048_2048,,,0.0,0.0,,,,
IDRiD_80_2048_3072,,,0.0,0.0,0.0,0.0,,
IDRiD_80_512_2560,,,,,0.0,0.0,,
