image,dice_hemorrhages,recall_hemorrhages,dice_microaneurysms,recall_microaneurysms,dice_hard_exudates,recall_hard_exudates,dice_soft_exudates,recall_soft_exudates
IDRiD_01_0_1024,0.7949829382938763,0.9917165209159753,,,,,,
IDRiD_01_0_2048,0.0,0.0,,,,,,
IDRiD_01_0_2560,0.0,0.0,0.0,0.0,,,,
IDRiD_01_1024_1024,,,,,0.4321839080397675,0.4757987978337299,,
IDRiD_01_1024_1536,,,,,0.09268136784619108,0.05134560906333762,,
IDRiD_01_1024_2048,,,0.0,0.0,0.22697831596413717,0.25759028442768966,,
IDRiD_01_1024_2560,0.0,0.0,0.0,0.0,0.0,0.0,,
IDRiD_01_1024_512,0.5382645803545302,0.6757142856660203,,,0.0,0.0,,
IDRiD_01_1536_1024,0.8567702268347069,0.9065549531699698,0.0,0.0,0.13542835764551334,0.07292506043219481,,
IDRiD_01_1536_1536,,,,,0.0,0.0,,
IDRiD_01_1536_2048,,,0.0,0.0,0.5436813348200937,0.5096095599949908,,
IDRiD_01_1536_2560,,,,,0.0,0.0,,
IDRiD_01_1536_512,0.0,0.0,0.0,0.0,0.0,0.0,,
IDRiD_01_2048_1024,0.9042822361154137,0.937908496722738,0.0,0.0,0.49790390196175527,0.4368162957292189,,
IDRiD_01_2048_1536,,,,,0.6991118612160055,0.6861456579553242,,
IDRiD_01_2048_2048,,,0.0,0.0,0.3413188116195487,0.23011784212639866,,
IDRiD_01_2048_3072,,,0.0,0.0,,,,
IDRiD_01_512_1024,,,0.0,0.0,0.0,0.0,,
IDRiD_01_512_1536,0.0,0.0,,,0.4333483958378519,0.43600818366819716,,
IDRiD_01_512_2048,0.0,0.0,0.0,0.0,0.34012565800356487,0.3371486281713996,,
IDRiD_01_512_2560,0.7315365768032365,0.7633308984102752,,,,,,
IDRiD_02_0_1536,,,,,0.19528525596045077,0.12358757061928695,,
IDRiD_02_0_2048,0.0,0.0,,,0.026030368757910982,0.01321585902792602,,
IDRiD_02_0_2560,,,,,0.0,0.0,,
IDRiD_02_0_3072,,,,,0.0,0.0,,
IDRiD_02_1024_1024,,,,,0.0,0.0,,
IDRiD_02_1024_1536,,,,,0.0,0.0,,
IDRiD_02_1024_2048,0.0,0.0,0.0,0.0,0.1448773448752543,0.08534512070579148,,
IDRiD_02_1024_2560,0.0,0.0,0.0,0.0,0.6481263719027829,0.5544750343708218,,
IDRiD_02_1024_3072,0.0,0.0,0.0,0.0,0.16847133757693517,0.09436318230299032,,
IDRiD_02_1024_512,,,,,0.0,0.0,,
IDRiD_02_1536_1024,,,0.0,0.0,,,,
IDRiD_02_1536_1536,0.0,0.0,0.0,0.0,0.0,0.0,,
IDRiD_02_1536_2048,0.0,0.0,0.0,0.0,0.44342707651335145,0.5582544256666013,,
IDRiD_02_1536_2560,0.0,0.0,0.0,0.0,0.5808894799707394,0.4798346553439845,,
IDRiD_02_1536_3072,0.026774193548363107,0.7057156352996828,0.0,0.0,0.0,0.0,,
IDRiD_02_2048_1024,,,,,0.0,0.0,,
IDRiD_02_2048_1536,0.0,0.0,0.0,0.0,0.0,0.0,,
IDRiD_02_2048_2048,0.0,0.0,0.0,0.0,,,,
IDRiD_02_2048_2560,,,,,0.0,0.0,,
IDRiD_02_2048_3072,,,0.0,0.0,0.0,0.0,,
IDRiD_02_2048_512,,,,,0.49425776263316645,0.999999999827883,,
IDRiD_02_512_1024,,,0.0,0.0,0.0,0.0,,
IDRiD_02_512_1536,,,0.0,0.0,0.5014976465527305,0.4144637963008181,,
IDRiD_02_512_2048,0.5816631129981285,0.47405004632821945,0.0,0.0,0.5288577027591576,0.49952233101863475,,
IDRiD_02_512_2560,,,0.0,0.0,0.0,0.0,,
IDRiD_02_512_3072,,,,,0.0,0.0,,
IDRiD_03_0_1024,0.0,0.0,,,0.08528279537798986,0.04484584241529599,,
IDRiD_03_0_1536,0.0,0.0,0.0,0.0,0.2631432545128472,0.22030740567208631,,
IDRiD_03_0_2048,0.3716344330537871,0.32907991938689857,0.0,0.0,0.347052280292155,0.28835489830976385,,
IDRiD_03_0_2560,0.7104151130974695,0.6903798538517399,0.0,0.0,0.0,0.0,,
IDRiD_03_0_512,,,,,0.0,0.0,,
IDRiD_03_1024_0,0.0,0.0,,,,,,
IDRiD_03_1024_1024,0.24126637553926675,0.22984919395580605,0.0,0.0,0.5257885262560625,0.3850518713796925,,
IDRiD_03_1024_1536,0.7740492169926169,0.7947932618480145,0.0,0.0,0.7460673050878888,0.7685116310509053,,
IDRiD_03_1024_2048,0.0,0.0,0.0,0.0,0.5607919748873701,0.4991403563594125,,
IDRiD_03_1024_2560,0.0,0.0,0.0,0.0,0.5162764134761697,0.40251572326819995,,
IDRiD_03_1024_3072,0.37455463182758847,0.4800684996624482,0.0,0.0,0.0,0.0,,
IDRiD_03_1536_1024,0.0,0.0,0.0,0.0,0.33899132982856284,0.2417697265242681,,
IDRiD_03_1536_1536,0.0,0.0,0.0,0.0,0.609231284961744,0.5124599062404833,,
IDRiD_03_1536_2048,0.4820759764451023,0.4403714564789652,0.0,0.0,0.7345460501763251,0.6901150761748027,,
IDRiD_03_1536_2560,0.5774978571140853,0.447111777941906,0.0,0.0,0.6291868860205251,0.5635415341535702,,
IDRiD_03_1536_3072,,,0.0,0.0,0.0,0.0,,
IDRiD_03_2048_0,,,0.0,0.0,,,,
IDRiD_03_2048_1024,0.7113680872873465,0.7544631818369296,0.0,0.0,0.0,0.0,,
IDRiD_03_2048_1536,0.07708213280879603,0.04008602453800562,,,0.5269221136963339,0.40730989623348834,,
IDRiD_03_2048_2048,,,0.0,0.0,0.49738095237799174,0.3604831751478819,,
IDRiD_03_2048_2560,0.0,0.0,0.0,0.0,0.0,0.0,,
IDRiD_03_2048_3072,0.6038541041501376,0.8611639406454704,,,,,,
IDRiD_03_512_0,0.0,0.0,0.0,0.0,0.0,0.0,,
IDRiD_03_512_1024,,,0.0,0.0,0.0,0.0,,
IDRiD_03_512_1536,0.4307841239039886,0.5409238249375639,0.0,0.0,0.2759807788834829,0.2187606594631181,,
IDRiD_03_512_2048,0.0,0.0,0.0,0.0,0.36079415791464176,0.2914823008795818,,
IDRiD_03_512_2560,0.7750663800635343,0.6967492611798876,0.0,0.0,0.3651706231420143,0.30939660590337215,,
IDRiD_03_512_3072,0.0,0.0,0.0,0.0,0.28874573701065764,0.20042083113096154,,
IDRiD_03_512_512,0.30841695678254316,0.4061488672920092,0.0,0.0,0.0,0.0,,
IDRiD_04_0_1024,,,,,0.0,0.0,,
IDRiD_04_1024_0,,,,,0.0,0.0,,
IDRiD_04_1024_1024,0.7447511205385143,0.8468347639257824,0.0,0.0,0.0,0.0,,
IDRiD_04_1024_2560,,,,,0.28961175234577063,0.644859812933444,,
IDRiD_04_1024_3072,,,,,0.0,0.0,,
IDRiD_04_1024_3584,,,,,0.0,0.0,,
IDRiD_04_1536_1024,0.8726736082571724,0.7863475177188779,,,,,,
IDRiD_04_1536_2560,,,0.0,0.0,,,,
IDRiD_04_1536_512,0.7541130529367255,0.6097939745252118,0.0,0.0,0.0,0.0,,
IDRiD_04_2048_512,0.0,0.0,,,,,,
IDRiD_04_512_1024,,,,,0.0,0.0,,
IDRiD_04_512_1536,,,,,0.0,0.0,,
IDRiD_04_512_2560,,,,,0.0,0.0,,
IDRiD_04_512_3072,0.0,0.0,,,0.0,0.0,,
IDRiD_04_512_3584,,,,,0.0,0.0,,
IDRiD_04_512_512,,,,,0.0,0.0,,
IDRiD_05_0_512,0.39960014993877796,0.9956413448944182,0.0,0.0,,,,
IDRiD_05_1024_1024,,,,,0.34079210000692517,0.3002591632673036,,
IDRiD_05_1024_1536,,,0.0,0.0,0.6063468076953845,0.690916917748992,,
IDRiD_05_1024_2048,0.0,0.0,0.0,0.0,,,,
IDRiD_05_1024_512,,,0.0,0.0,,,,
IDRiD_05_1536_1024,0.0,0.0,0.0,0.0,0.0,0.0,,
IDRiD_05_1536_1536,,,,,0.0,0.0,,
IDRiD_05_1536_512,0.0,0.0,0.0,0.0,,,,
IDRiD_05_2048_1024,,,0.0,0.0,,,,
IDRiD_05_2048_1536,,,0.0,0.0,,,,
IDRiD_05_2048_512,0.0,0.0,,,,,,
IDRiD_05_512_1536,,,0.0,0.0,,,,
IDRiD_06_0_1536,0.17905767802476227,0.29308481900883077,0.0,0.0,,,,
IDRiD_06_0_2048,0.6787361229679548,0.7140632486737654,0.0,0.0,,,,
IDRiD_06_0_2560,0.6054741181825156,0.8100199172543279,,,0.0,0.0,,
IDRiD_06_0_3072,,,0.0,0.0,,,,
IDRiD_06_0_512,,,0.0,0.0,0.0,0.0,,
IDRiD_06_1024_1024,,,0.0,0.0,0.3502182686735012,0.21874678464637567,,
IDRiD_06_1024_1536,,,,,0.0,0.0,,
IDRiD_06_1024_512,0.0,0.0,0.0,0.0,,,,
IDRiD_06_1536_0,,,,,0.0,0.0,,
IDRiD_06_1536_1024,0.46928916492514533,0.5470635558691018,,,,,,
IDRiD_06_1536_512,,,0.0,0.0,0.0,0.0,,
IDRiD_06_2048_512,,,0.0,0.0,,,,
IDRiD_06_512_0,,,0.0,0.0,,,,
IDRiD_06_512_1024,0.0,0.0,0.0,0.0,0.4691746002388724,0.3462797889742301,,
IDRiD_06_512_1536,0.0,0.0,,,0.37696400625742116,0.2831217677453397,,
IDRiD_06_512_2048,0.8412240184514659,0.8335240274122697,0.0,0.0,0.0,0.0,,
IDRiD_06_512_3072,,,0.0,0.0,,,,
IDRiD_06_512_512,0.0,0.0,0.0,0.0,0.20484261500714668,0.1357945425317562,,
IDRiD_07_0_1024,,,0.0,0.0,0.21213720315503232,0.7362637359940425,,
IDRiD_07_0_1536,0.29042243262663486,0.6629260182600613,,,0.0,0.0,,
IDRiD_07_0_2048,0.6055477197789011,0.9115357394967065,0.0,0.0,0.0,0.0,,
IDRiD_07_0_512,0.7183622828561302,0.8866768758892284,,,,,,
IDRiD_07_1024_0,,,,,0.0,0.0,,
IDRiD_07_1024_1024,,,0.0,0.0,0.25936925469863714,0.22404104568228583,,
IDRiD_07_1024_1536,,,,,0.13658847933402604,0.08894430590006351,,
IDRiD_07_1024_2048,0.0,0.0,,,0.0,0.0,,
IDRiD_07_1024_2560,,,0.0,0.0,,,,
IDRiD_07_1024_512,,,0.0,0.0,0.5192600941422842,0.6487740225207294,,
IDRiD_07_1536_0,,,0.0,0.0,0.530820399107197,0.6416510318777365,,
IDRiD_07_1536_1024,,,,,0.41258180282705265,0.3722950319996015,,
IDRiD_07_1536_1536,,,0.0,0.0,0.7498405246092855,0.8350002841369694,,
IDRiD_07_1536_2048,0.0,0.0,,,0.6122008482274234,0.8095238095224584,,
IDRiD_07_1536_2560,,,0.0,0.0,0.18326446600711382,0.4617844330021698,,
IDRiD_07_1536_512,0.4835965978063508,0.41391264154347324,0.0,0.0,0.3530846135002906,0.32583258324366193,,
IDRiD_07_2048_0,,,,,0.0,0.0,,
IDRiD_07_2048_1024,,,,,0.2859292701207442,0.28009828008451604,,
IDRiD_07_2048_1536,,,,,0.4112372093007954,0.454702542578337,,
IDRiD_07_2048_2048,0.38855319765848817,0.672861208761546,0.0,0.0,0.5264127764073873,0.5424050632796961,,
IDRiD_07_2048_512,0.7798909037260804,0.9085184336969484,0.0,0.0,0.48630831642385514,0.4981818181688784,,
IDRiD_07_512_0,,,0.0,0.0,0.0,0.0,,
IDRiD_07_512_1024,,,0.0,0.0,,,,
IDRiD_07_512_1536,,,0.0,0.0,0.09981851178767527,0.07868383403738428,,
IDRiD_07_512_2048,0.0,0.0,0.0,0.0,,,,
IDRiD_07_512_2560,0.6562306261522594,0.6947817525206833,,,,,,
IDRiD_07_512_512,,,0.0,0.0,,,,
IDRiD_08_0_1024,0.8177923830713115,0.7910990008992835,,,,,,
IDRiD_08_0_1536,0.7254977701277329,0.7310169131644538,0.0,0.0,,,,
IDRiD_08_1024_1024,0.5425202937713324,0.7887046923071451,0.0,0.0,0.38118440778895835,0.45260347127491757,,
IDRiD_08_1024_1536,0.5509841645659983,0.7201160541446786,0.0,0.0,0.0,0.0,0.8435844275480167,0.8633398821150228
IDRiD_08_1024_2048,,,,,0.4304744405772657,0.371545083819987,,
IDRiD_08_1024_2560,,,,,0.0,0.0,,
IDRiD_08_1024_512,0.7230196703784819,0.8854166666378446,,,0.47927927925769015,0.8678629688633177,,
IDRiD_08_1536_1024,,,,,0.0,0.0,,
IDRiD_08_1536_1536,0.6817229336278994,0.5943970767115552,,,0.6916208171670278,0.6925578034556981,,
IDRiD_08_1536_2048,,,,,0.0,0.0,,
IDRiD_08_512_1024,,,0.0,0.0,,,,
IDRiD_08_512_1536,,,0.0,0.0,0.0,0.0,0.8496512054802055,0.8397846860962878
IDRiD_08_512_2048,,,0.0,0.0,,,0.0,0.0
IDRiD_08_512_512,,,0.0,0.0,,,,
IDRiD_09_0_1024,0.27283930771969755,0.16441717791304863,,,,,,
IDRiD_09_0_1536,,,0.0,0.0,,,,
IDRiD_09_0_2560,,,0.0,0.0,,,,
IDRiD_09_0_3072,,,0.0,0.0,,,,
IDRiD_09_0_512,0.3816737025033316,0.2616170212721427,,,,,,
IDRiD_09_1024_1024,0.0,0.0,0.0,0.0,0.5896021966537554,0.528433127235078,,
IDRiD_09_1024_1536,0.8276088959019107,0.7475335789760188,,,0.7290416734224672,0.8195406489230412,,
IDRiD_09_1024_2048,0.5256621865870812,0.677746250492952,0.0,0.0,0.521104467107623,0.5317659727112031,,
IDRiD_09_1024_2560,,,,,0.025629496402833376,0.7899786779541601,,
IDRiD_09_1024_3072,,,0.0,0.0,,,,
IDRiD_09_1024_3584,,,0.0,0.0,,,,
IDRiD_09_1024_512,0.3344081068580622,0.40169679083726684,0.0,0.0,0.6977186311766974,0.7910516002561002,,
IDRiD_09_1536_1024,0.19902482269062446,0.13862303179565844,0.0,0.0,0.5300734075291458,0.497794744447953,,
IDRiD_09_1536_1536,0.36935933147375094,0.7745327102577532,0.0,0.0,0.7814119696980532,0.8607071988521495,,
IDRiD_09_1536_2048,0.46122860019477446,0.557759220579062,0.0,0.0,0.0,0.0,,
IDRiD_09_1536_2560,,,0.0,0.0,,,,
IDRiD_09_1536_512,,,0.0,0.0,0.7649531033766017,0.7656987482024274,,
IDRiD_09_2048_1024,,,,,0.4091921441545941,0.3515393981500863,,
IDRiD_09_2048_1536,0.027633851467252914,0.1344537814749429,0.0,0.0,0.42024593507657715,0.3349280074299353,,
IDRiD_09_2048_2048,0.3228384832798241,0.5978339349964681,0.0,0.0,,,,
IDRiD_09_2048_2560,,,,,0.43843031121161796,0.5618497109177053,,
IDRiD_09_2048_512,,,0.0,0.0,0.0,0.0,,
IDRiD_09_512_0,0.0,0.0,,,,,,
IDRiD_09_512_1024,0.5433791674494505,0.7913100724073808,0.0,0.0,0.5497924364739301,0.47958615200573346,,
IDRiD_09_512_1536,0.04391304347730624,0.45291479800317724,0.0,0.0,0.47032126012071584,0.46432964329235343,,
IDRiD_09_512_2048,,,,,0.561555075586818,0.7115260785347223,,
IDRiD_09_512_3072,,,0.0,0.0,,,,
IDRiD_09_512_512,0.1396356223713872,0.08644214843373733,0.0,0.0,0.39718309857290224,0.9999999997635933,,
IDRiD_10_0_1024,,,,,0.5849810576558592,0.5942953550872868,,
IDRiD_10_0_1536,,,0.0,0.0,0.6494331562510002,0.6741023716927619,,
IDRiD_10_0_2048,0.6869788064894968,0.6919609931927234,0.0,0.0,0.7447859641606943,0.7243027060680189,,
IDRiD_10_0_2560,0.5263681591952509,0.6822871882767719,0.0,0.0,0.2868052609188204,0.25120772945926395,,
IDRiD_10_0_3072,,,,,0.0,0.0,,
IDRiD_10_0_512,,,,,0.0,0.0,,
IDRiD_10_1024_0,,,,,0.0,0.0,,
IDRiD_10_1024_1024,0.0,0.0,0.0,0.0,0.7127916331415194,0.6379345813552979,,
IDRiD_10_1024_1536,,,,,0.9527402078383513,0.9884253062570981,,
IDRiD_10_1024_2048,,,0.0,0.0,0.9609316768512419,0.9818753711804205,,
IDRiD_10_1024_2560,0.37374419586165575,0.24388497135167536,0.0,0.0,0.5538422966015757,0.5210929821092153,,
IDRiD_10_1024_3072,0.39966072942494213,0.8402282453038353,0.0,0.0,0.5130883541595903,0.43702997563354484,,
IDRiD_10_1024_512,,,,,0.23701605287941727,0.3310831781476483,,
IDRiD_10_1536_0,,,0.0,0.0,0.46685934488952924,0.4551944392174489,,
IDRiD_10_1536_1024,,,0.0,0.0,0.49448476052070217,0.5713566996430374,,
IDRiD_10_1536_1536,,,0.0,0.0,0.6709191641858534,0.6721678690230518,,
IDRiD_10_1536_2048,0.5946752923563516,0.8065241844587959,0.0,0.0,0.5705917513437525,0.5078920299347076,,
IDRiD_10_1536_2560,,,0.0,0.0,0.6245001987499135,0.5548907171920764,,
IDRiD_10_1536_3072,,,0.0,0.0,0.35530990919156513,0.44139283960562076,,
IDRiD_10_1536_512,0.6290971822814364,0.5015587749770483,,,,,,
IDRiD_10_2048_1024,0.0,0.0,0.0,0.0,0.0,0.0,,
IDRiD_10_2048_1536,0.0,0.0,0.0,0.0,0.23653088041704584,0.19809244313528754,,
IDRiD_10_2048_2048,0.6256803562554076,0.8848845346241273,0.0,0.0,0.27241035856234547,0.26546954622020213,,
IDRiD_10_2048_2560,0.3931371098930477,0.2638649900710532,,,0.0,0.0,,
IDRiD_10_2048_3072,0.0,0.0,0.0,0.0,0.2386619491721241,0.2781109445068882,,
IDRiD_10_2048_512,,,,,0.5373467112477738,0.6259740259415079,,
IDRiD_10_512_1024,,,0.0,0.0,0.6788992666452524,0.7291455662089664,,
IDRiD_10_512_1536,,,,,0.6698599777346523,0.6695522570884062,,
IDRiD_10_512_2048,0.32805573147042344,0.23386004514144787,0.0,0.0,0.792611603108048,0.8552106084230028,,
IDRiD_10_512_2560,0.0,0.0,0.0,0.0,0.608450467131116,0.6210747884332614,,
IDRiD_10_512_3072,0.45344129554082185,0.3983992885638417,0.0,0.0,0.46644475464237645,0.3855393171978845,,
IDRiD_10_512_512,0.0,0.0,0.0,0.0,0.043641645877342906,0.5396329558555395,,
IDRiD_11_0_1024,,,0.0,0.0,,,,
IDRiD_11_0_1536,0.43257897217783375,0.9493016036756698,0.0,0.0,0.0,0.0,,
IDRiD_11_0_2048,,,0.0,0.0,,,,
IDRiD_11_0_2560,0.7650477785364491,0.6870134465554315,0.0,0.0,,,,
IDRiD_11_0_3072,,,,,0.2237136465074146,0.2096436058260705,,
IDRiD_11_0_512,0.013081678166749365,0.5233532933504966,0.0,0.0,0.0,0.0,,
IDRiD_11_1024_1024,,,0.0,0.0,,,,
IDRiD_11_1024_1536,0.0,0.0,0.0,0.0,0.5050835469874234,0.45051652077556564,,
IDRiD_11_1024_2048,0.5573945541613777,0.6941489360779057,0.0,0.0,0.5897869746612405,0.5733082706755204,,
IDRiD_11_1024_2560,0.6597794220206649,0.5255782918032568,0.0,0.0,0.6186150847637031,0.6168834343814373,,
IDRiD_11_1024_3072,0.5818955329692097,0.5415154514431897,,,0.0,0.0,,
IDRiD_11_1536_1024,,,0.0,0.0,,,,
IDRiD_11_1536_1536,,,0.0,0.0,0.5028670345071635,0.5963561713986052,,
IDRiD_11_1536_2048,0.0,0.0,0.0,0.0,0.6630881910287371,0.6058022824116329,,
IDRiD_11_1536_2560,0.0,0.0,0.0,0.0,0.6674842541406418,0.752840516132644,,
IDRiD_11_1536_3072,,,,,0.12926001357597747,0.07739837398248132,,
IDRiD_11_2048_1024,,,0.0,0.0,0.0,0.0,,
IDRiD_11_2048_1536,,,,,0.0,0.0,,
IDRiD_11_2048_2048,,,,,0.5896755842547092,0.6103198599593797,,
IDRiD_11_2048_2560,0.044416243654258676,0.024061597689755788,0.0,0.0,0.44081785781003674,0.3341232227456481,,
IDRiD_11_2048_3072,0.4814622494497719,0.3549226764606504,0.0,0.0,0.20037807181470904,0.1113445378034302,,
IDRiD_11_512_1024,,,,,0.5098150782216269,0.667163067709072,,
IDRiD_11_512_1536,,,0.0,0.0,0.4440333670711527,0.358023301624596,,
IDRiD_11_512_2048,,,0.0,0.0,0.5768924079843083,0.6041312628168646,,
IDRiD_11_512_2560,0.0,0.0,0.0,0.0,0.3793365408932275,0.27526644615612805,,
IDRiD_11_512_3072,0.3034361620342141,0.3132366273727734,0.0,0.0,0.0,0.0,,
IDRiD_11_512_512,,,0.0,0.0,,,,
IDRiD_12_0_1024,,,,,0.5290628706789615,0.9999999998505232,,
IDRiD_12_0_2560,0.0,0.0,0.0,0.0,,,,
IDRiD_12_0_3072,0.0,0.0,0.0,0.0,,,,
IDRiD_12_0_512,0.7672357189631117,0.7426120114158687,,,,,,
IDRiD_12_1024_1024,0.4078314252462613,0.8406292749083016,,,,,,
IDRiD_12_1024_2048,0.0,0.0,0.0,0.0,0.0,0.0,,
IDRiD_12_1024_2560,,,0.0,0.0,,,,
IDRiD_12_1536_2048,0.0,0.0,,,0.5218631178657617,0.5224590787871629,,
IDRiD_12_1536_3072,,,0.0,0.0,,,,
IDRiD_12_2048_1536,,,0.0,0.0,,,,
IDRiD_12_2048_2048,,,0.0,0.0,,,,
IDRiD_12_2048_2560,,,0.0,0.0,,,,
IDRiD_12_2048_3072,,,0.0,0.0,,,,
IDRiD_12_2048_512,0.4953102453013112,0.7649025069211753,0.0,0.0,,,,
IDRiD_12_512_2560,0.9290780141816743,0.916772700977925,0.0,0.0,,,,
IDRiD_12_512_512,,,,,0.0,0.0,,
IDRiD_13_0_1024,0.6543696274954447,0.5748898678233201,0.0,0.0,,,,
IDRiD_13_0_1536,,,0.0,0.0,,,,
IDRiD_13_0_2048,0.4114768683182501,0.2854057389606478,0.0,0.0,0.0,0.0,,
IDRiD_13_0_2560,0.5114338689661397,0.4689713799810436,0.0,0.0,,,,
IDRiD_13_0_3072,0.0,0.0,0.0,0.0,,,,
IDRiD_13_0_512,,,0.0,0.0,0.0,0.0,0.8463450342145438,0.7939316512245677
IDRiD_13_1024_0,0.22085889563777333,0.1999999998888889,0.0,0.0,,,,
IDRiD_13_1024_1024,0.0,0.0,0.0,0.0,0.7416270723444621,0.8327785935701864,,
IDRiD_13_1024_1536,0.4816053511303005,0.5236363635411571,0.0,0.0,0.6070082629137731,0.5593615185480614,0.0,0.0
IDRiD_13_1024_2048,,,0.0,0.0,0.0,0.0,0.0,0.0
IDRiD_13_1024_2560,,,,,0.0,0.0,,
IDRiD_13_1024_3072,,,,,0.4030481557351239,0.43750868899711515,,
IDRiD_13_1024_3584,,,0.0,0.0,0.0,0.0,,
IDRiD_13_1024_512,0.0,0.0,0.0,0.0,0.3833296679086944,0.3259771834612684,,
IDRiD_13_1536_0,,,0.0,0.0,0.0,0.0,,
IDRiD_13_1536_1024,,,0.0,0.0,0.5291768646073789,0.5777777777615253,,
IDRiD_13_1536_1536,0.0,0.0,0.0,0.0,0.12117903929469546,0.06548672565985329,,
IDRiD_13_1536_2048,0.0,0.0,0.0,0.0,0.10417436275935818,0.05494933748811577,0.0,0.0
IDRiD_13_1536_2560,0.3766533187674232,0.2512139851043831,0.0,0.0,,,,
IDRiD_13_1536_3072,,,0.0,0.0,0.0,0.0,,
IDRiD_13_1536_3584,,,,,0.0,0.0,,
IDRiD_13_1536_512,,,0.0,0.0,0.0,0.0,,
IDRiD_13_2048_1024,0.0,0.0,0.0,0.0,0.0,0.0,0.5389844062267296,0.3704314371978447
IDRiD_13_2048_1536,,,0.0,0.0,,,0.0,0.0
IDRiD_13_2048_2048,0.0,0.0,0.0,0.0,0.0,0.0,,
IDRiD_13_2048_2560,0.0,0.0,0.0,0.0,,,,
IDRiD_13_2048_512,,,0.0,0.0,,,0.0,0.0
IDRiD_13_512_0,0.0,0.0,0.0,0.0,,,,
IDRiD_13_512_1024,0.0,0.0,0.0,0.0,0.5958445214935272,0.5293926900437083,,
IDRiD_13_512_1536,,,0.0,0.0,0.5757937755416789,0.5041841004174847,,
IDRiD_13_512_2048,,,0.0,0.0,0.4207326341325318,0.582001682061312,,
IDRiD_13_512_2560,0.5060054242345601,0.47046109506696965,0.0,0.0,,,,
IDRiD_13_512_3072,,,,,0.28458498022309364,0.2258823529234602,,
IDRiD_13_512_3584,,,,,0.0,0.0,,
IDRiD_13_512_512,0.0,0.0,0.0,0.0,0.37040979243293215,0.32799245992799286,0.0,0.0
IDRiD_14_0_1024,,,0.0,0.0,,,,
IDRiD_14_0_1536,0.4701789264296675,0.30734243013946255,0.0,0.0,0.0,0.0,,
IDRiD_14_0_2048,0.7624349954067762,0.7420507323955929,0.0,0.0,0.67009884677368,0.7553389043289073,,
IDRiD_14_0_2560,0.39665271966290105,0.31745120550786976,0.0,0.0,,,0.8434514184877091,0.910023260722034
IDRiD_14_0_3072,0.0,0.0,,,0.0,0.0,,
IDRiD_14_0_512,,,0.0,0.0,,,,
IDRiD_14_1024_0,,,0.0,0.0,,,,
IDRiD_14_1024_1024,0.0,0.0,0.0,0.0,,,,
IDRiD_14_1024_1536,0.4673247106795895,0.3835195530619129,0.0,0.0,0.560230839963978,0.6072312345297826,,
IDRiD_14_1024_2048,,,0.0,0.0,0.5540225711770385,0.5374207560444428,,
IDRiD_14_1024_2560,,,0.0,0.0,0.5195001893211336,0.45115089513901663,,
IDRiD_14_1024_3072,,,0.0,0.0,0.4924574794128706,0.4216321910011152,,
IDRiD_14_1024_3584,,,,,0.0,0.0,,
IDRiD_14_1024_512,,,0.0,0.0,0.13368168952463136,0.0883707541713192,,
IDRiD_14_1536_0,0.0,0.0,,,,,,
IDRiD_14_1536_1024,,,0.0,0.0,,,,
IDRiD_14_1536_1536,0.7908672294674179,0.8419805539599479,0.0,0.0,0.2916876574233832,0.17361319339809256,,
IDRiD_14_1536_2048,0.0,0.0,0.0,0.0,0.6002608412031258,0.5981156594997363,,
IDRiD_14_1536_2560,,,0.0,0.0,0.49356368562849656,0.588924818084522,,
IDRiD_14_1536_3072,0.0,0.0,0.0,0.0,0.0,0.0,,
IDRiD_14_1536_512,,,0.0,0.0,,,,
IDRiD_14_2048_1024,0.0,0.0,0.0,0.0,,,,
IDRiD_14_2048_1536,,,0.0,0.0,,,,
IDRiD_14_2048_2048,,,0.0,0.0,0.2986881937286232,0.21558630734045256,,
IDRiD_14_2048_2560,0.8236980410762271,0.8619999999712668,0.0,0.0,0.2868089764602243,0.23263041064966414,,
IDRiD_14_2048_3072,0.20600439345360008,0.13639301874155163,0.0,0.0,0.0,0.0,,
IDRiD_14_2048_512,0.5219062259599575,0.3786949246860739,,,,,,
IDRiD_14_512_1536,0.0,0.0,0.0,0.0,0.5230160383199018,0.4411454673148077,,
IDRiD_14_512_2048,0.0,0.0,0.0,0.0,0.5341258560523734,0.5459059693579191,,
IDRiD_14_512_2560,0.0,0.0,0.0,0.0,0.4761135844606212,0.39805600555273446,0.0,0.0
IDRiD_14_512_3072,0.44705882349653975,0.3105209397027047,0.0,0.0,0.4095918614459296,0.4110354885656044,,
IDRiD_14_512_512,,,0.0,0.0,,,,
IDRiD_15_0_1536,,,0.0,0.0,,,,
IDRiD_15_1024_0,,,0.0,0.0,0.0,0.0,,
IDRiD_15_1024_1024,,,,,0.5798554441527178,0.6883476335264781,,
IDRiD_15_1024_1536,,,,,0.6983248808867631,0.6922608165541664,,
IDRiD_15_1024_512,,,,,0.6433321370503001,0.6116820553969824,,
IDRiD_15_1536_2048,,,0.0,0.0,0.0,0.0,,
IDRiD_15_1536_512,0.0,0.0,,,0.0,0.0,,
IDRiD_15_2048_2048,,,0.0,0.0,,,,
IDRiD_15_512_1024,0.0,0.0,,,0.5147819103522824,0.6262823644281109,,
IDRiD_15_512_512,0.0,0.0,0.0,0.0,,,,
IDRiD_16_0_2560,,,0.0,0.0,0.7174956788800174,0.7925328807470288,,
IDRiD_16_1024_2048,,,0.0,0.0,0.0,0.0,,
IDRiD_16_1024_2560,0.0,0.0,0.0,0.0,0.42444593686800736,0.31665970772178154,,
IDRiD_16_1024_3072,0.815992730573303,0.7636703801278708,0.0,0.0,0.6944333678907918,0.6969345285709263,,
IDRiD_16_1024_3584,0.2575952075200002,0.15652626104230233,,,,,,
IDRiD_16_1536_2048,,,,,0.3718622299949836,0.4301147872768322,,
IDRiD_16_1536_2560,,,,,0.4747388781394604,0.42481307116553846,,
IDRiD_16_1536_3072,,,,,0.5718692165294764,0.5902202979677802,,
IDRiD_16_2048_1024,,,,,0.0,0.0,,
IDRiD_16_2048_1536,,,0.0,0.0,,,,
IDRiD_16_2048_2560,,,,,0.0,0.0,,
IDRiD_16_2048_3072,,,,,0.0,0.0,,
IDRiD_16_2048_512,,,0.0,0.0,0.0,0.0,,
IDRiD_16_512_1536,,,0.0,0.0,,,,
IDRiD_16_512_2048,,,,,0.0,0.0,,
IDRiD_16_512_2560,,,,,0.7223018677428347,0.7708984332892896,,
IDRiD_16_512_3072,,,,,0.5388184900897839,0.42503167675031633,,
IDRiD_17_0_1024,0.2956514950413941,0.9153976311115447,0.0,0.0,0.5103993875174786,0.5124263387072454,,
IDRiD_17_0_1536,0.49106396053378787,0.5834110728023386,0.0,0.0,0.45268792180380407,0.3780904991418279,,
IDRiD_17_0_2048,0.44606012969051756,0.43769817464890864,,,0.406123367850287,0.38719832108759705,,
IDRiD_17_0_2560,0.7213438735167066,0.6728862322262705,0.0,0.0,0.568714752135093,0.5799031476646548,,
IDRiD_17_0_3072,0.6848989298250625,0.6428571428212692,,,,,,
IDRiD_17_0_512,,,,,0.0,0.0,0.764218272083141,0.692591997423328
IDRiD_17_1024_0,0.19082510353463822,0.127841212249196,0.0,0.0,0.0,0.0,,
IDRiD_17_1024_1024,0.20526622053967655,0.11437140309544969,0.0,0.0,0.6501729877922295,0.8414057220070922,,
IDRiD_17_1024_1536,0.591613600863888,0.6341547179503986,0.0,0.0,0.49589886371814357,0.4149874055363352,,
IDRiD_17_1024_2048,0.5714559999981713,0.6678384442732398,,,0.41169988980855754,0.36887452880328714,,
IDRiD_17_1024_2560,0.0,0.0,,,0.0,0.0,,
IDRiD_17_1024_3072,0.19090776809987964,0.503343198503745,0.0,0.0,,,,
IDRiD_17_1024_3584,,,0.0,0.0,,,,
IDRiD_17_1024_512,0.7351992380695714,0.6144720624454885,0.0,0.0,0.498345055853334,0.5309441946551576,,
IDRiD_17_1536_0,0.17010300916510648,0.09406002762760973,,,,,,
IDRiD_17_1536_1024,0.0,0.0,,,0.4558497397580636,0.5938679245212987,,
IDRiD_17_1536_1536,0.2422949770711274,0.5606646376527049,0.0,0.0,0.31187904967153524,0.24282511210217883,,
IDRiD_17_1536_2048,0.34108608300676535,0.20852670998270248,0.0,0.0,0.0,0.0,0.6464011643270494,0.936816874391785
IDRiD_17_1536_2560,0.0,0.0,,,,,,
IDRiD_17_1536_3072,0.8535181706977164,0.8661213305105185,0.0,0.0,,,0.8775023567854627,0.9155288127642266
IDRiD_17_1536_512,0.0,0.0,,,0.3583881108862647,0.4930214271575974,,
IDRiD_17_2048_0,0.0,0.0,,,,,,
IDRiD_17_2048_1024,0.9362506583908391,0.9416743983591963,,,0.0,0.0,,
IDRiD_17_2048_1536,0.8382551604258184,0.8784279999218461,,,0.0,0.0,,
IDRiD_17_2048_2048,0.6412581009987949,0.5341068811850411,,,0.0,0.0,0.0,0.0
IDRiD_17_2048_2560,0.9124899991102209,0.8767766844320132,0.0,0.0,,,0.0,0.0
IDRiD_17_2048_3072,0.6316828254836709,0.5514145810647098,,,,,,
IDRiD_17_2048_512,0.9825273053059674,0.9934223104300792,,,,,,
IDRiD_17_512_0,,,0.0,0.0,0.0,0.0,,
IDRiD_17_512_1024,0.3895907717633233,0.4910003461320353,0.0,0.0,0.5361186618425631,0.5681106826919115,,
IDRiD_17_512_1536,0.37241139680204166,0.44546965918166687,0.0,0.0,0.6901315906293795,0.7019362762780799,,
IDRiD_17_512_2048,0.6048560135502996,0.4980101907966749,0.0,0.0,0.22106398274225264,0.15260545905328524,,
IDRiD_17_512_2560,0.0,0.0,0.0,0.0,0.183903723200754,0.10249423600707411,,
IDRiD_17_512_3072,0.3879624305137629,0.8883037085607132,0.0,0.0,,,,
IDRiD_17_512_512,0.10712600283101875,0.17784393606741078,0.0,0.0,0.406792311996989,0.42033009408899946,0.6210590756013618,0.5744620611497313
IDRiD_18_0_1024,0.0,0.0,0.0,0.0,,,,
IDRiD_18_0_1536,0.08815232721833031,0.05305602716243396,0.0,0.0,0.0,0.0,,
IDRiD_18_0_2048,,,0.0,0.0,0.4325925925861838,0.6113902847315164,,
IDRiD_18_0_2560,0.7977284269781719,0.8578947368335859,0.0,0.0,0.3575359012165141,0.31721838532228586,0.8129285870241846,0.7594254937101401
IDRiD_18_0_3072,,,0.0,0.0,,,0.8773453502590959,0.8942709203124392
IDRiD_18_0_512,,,0.0,0.0,,,,
IDRiD_18_1024_0,0.0,0.0,0.0,0.0,0.0,0.0,,
IDRiD_18_1024_1024,0.3697323900224629,0.2853751186949015,0.0,0.0,0.5680195087939034,0.6744570837572444,,
IDRiD_18_1024_1536,0.44729858825908264,0.6623703237923422,0.0,0.0,0.48953954201251526,0.49584209998501305,,
IDRiD_18_1024_2048,,,0.0,0.0,,,,
IDRiD_18_1024_3072,,,,,,,0.6188904270029313,0.9634479900458893
IDRiD_18_1024_512,0.560753426575775,0.5561547870535074,0.0,0.0,0.548030273625684,0.5970086147635061,,
IDRiD_18_1536_0,0.0,0.0,0.0,0.0,0.4848337781974076,0.5027679919223569,,
IDRiD_18_1536_1024,0.11751075802519843,0.07151490733135546,0.0,0.0,0.4747160917051922,0.5747081711987716,,
IDRiD_18_1536_1536,,,0.0,0.0,0.0,0.0,,
IDRiD_18_1536_2048,,,0.0,0.0,0.0,0.0,,
IDRiD_18_1536_3072,,,0.0,0.0,,,,
IDRiD_18_1536_3584,0.0,0.0,,,,,,
IDRiD_18_1536_512,0.0,0.0,0.0,0.0,0.50829478877478,0.6304758019244711,,
IDRiD_18_2048_0,0.032178217820786566,0.1456582632645215,0.0,0.0,,,,
IDRiD_18_2048_1024,0.0,0.0,0.0,0.0,0.4954685838666626,0.6563380281602101,,
IDRiD_18_2048_1536,,,0.0,0.0,0.0,0.0,0.18747344267708443,0.10343210802603682
IDRiD_18_2048_2048,,,0.0,0.0,0.0,0.0,,
IDRiD_18_2048_2560,,,0.0,0.0,,,,
IDRiD_18_2048_3072,0.12943372743438494,0.08006158582909456,0.0,0.0,,,,
IDRiD_18_2048_512,0.616687592739147,0.8574239827280047,0.0,0.0,0.09532980259531393,0.06734693877092877,,
IDRiD_18_512_1024,0.07440476190254748,0.04467476768961134,0.0,0.0,0.26086956521068,0.22120418847202428,,
IDRiD_18_512_1536,0.7124999999856351,0.9329461456740789,,,0.0,0.0,,
IDRiD_18_512_2048,0.6002731379283509,0.6619555143498157,0.0,0.0,,,,
IDRiD_18_512_3072,,,0.0,0.0,0.0,0.0,,
IDRiD_18_512_512,0.5760233918035084,0.8931989923983275,0.0,0.0,0.6366332962527377,0.7416846652203741,,
IDRiD_19_0_1024,0.6313686313476068,0.47471206807838195,,,,,0.7904587794829767,0.7218953728617921
IDRiD_19_0_1536,,,,,0.0,0.0,,
IDRiD_19_0_2048,,,,,,,0.0,0.0
IDRiD_19_0_2560,0.3592428513749802,0.6237762236889823,,,,,,
IDRiD_19_1024_0,,,0.0,0.0,,,,
IDRiD_19_1024_1024,,,,,0.4783683559654902,0.32630691396911404,,
IDRiD_19_1024_1536,,,,,0.3532196969641222,0.3189851767297895,,
IDRiD_19_1024_2560,,,0.0,0.0,,,,
IDRiD_19_1024_512,0.27376425852910985,0.4186046510411033,0.0,0.0,,,,
IDRiD_19_1536_2048,0.0,0.0,0.0,0.0,,,,
IDRiD_19_1536_2560,,,0.0,0.0,,,,
IDRiD_19_1536_3072,,,0.0,0.0,0.0,0.0,,
IDRiD_19_1536_512,0.43136272544009613,0.670560747611327,,,,,,
IDRiD_19_2048_1024,0.8057389842669843,0.7992140049922685,0.0,0.0,,,,
IDRiD_19_2048_1536,0.3070325900382919,0.3308687615221008,0.0,0.0,,,,
IDRiD_19_2048_2048,0.8398601398307741,0.9030075187290971,0.0,0.0,,,,
IDRiD_19_2048_2560,0.0,0.0,,,,,,
IDRiD_19_2048_3072,,,0.0,0.0,,,0.8825018351167103,0.8781894662580837
IDRiD_19_2048_512,0.7149781871003799,0.750381549927923,0.0,0.0,,,0.720724801806563,0.9966590102109698
IDRiD_19_512_1024,0.48392250848328416,0.4612602322394582,0.0,0.0,0.008171603676386967,0.00453514739177606,,
IDRiD_19_512_1536,0.6451561376869654,0.6598595000780926,0.0,0.0,0.4738325991168553,0.49430147058369206,0.6544014437504793,0.8063001852896072
IDRiD_19_512_2048,0.0,0.0,,,,,,
IDRiD_19_512_512,0.0,0.0,0.0,0.0,,,,
IDRiD_20_0_1024,0.36625766870042153,0.2986493246473912,0.0,0.0,,,,
IDRiD_20_0_1536,0.6079340546078932,0.4377828893638214,0.0,0.0,0.2774690455271768,0.24345594524818726,,
IDRiD_20_0_2048,0.0,0.0,0.0,0.0,0.0,0.0,,
IDRiD_20_0_2560,,,0.0,0.0,,,,
IDRiD_20_0_512,0.0,0.0,,,,,,
IDRiD_20_1024_0,,,0.0,0.0,,,,
IDRiD_20_1024_1024,0.3446647780844036,0.6129303106118446,0.0,0.0,0.5230180908941814,0.47981433505785936,,
IDRiD_20_1024_1536,0.0,0.0,0.0,0.0,0.5480615452474823,0.5461639920831712,,
IDRiD_20_1024_2048,,,0.0,0.0,0.0,0.0,,
IDRiD_20_1024_2560,,,0.0,0.0,,,,
IDRiD_20_1024_3072,0.5209480488264078,0.5132075471456035,0.0,0.0,,,,
IDRiD_20_1024_512,0.5342379299421407,0.5953930015720874,0.0,0.0,0.0,0.0,,
IDRiD_20_1536_1024,0.5667032450182888,0.4368052199077234,0.0,0.0,0.5154068089997483,0.47802197801856694,,
IDRiD_20_1536_1536,,,0.0,0.0,0.6079560099638802,0.5150302059792194,,
IDRiD_20_1536_2048,0.7731800765987288,0.8091419405926911,,,,,,
IDRiD_20_1536_3072,0.0,0.0,0.0,0.0,0.0,0.0,,
IDRiD_20_1536_512,0.33382461310487016,0.24659771365015798,0.0,0.0,0.7158373326561462,0.6332111895555169,,
IDRiD_20_2048_1024,,,0.0,0.0,0.5310762540750704,0.5321175152462834,,
IDRiD_20_2048_1536,0.0,0.0,0.0,0.0,0.5340933534035911,0.41619175326154556,,
IDRiD_20_2048_2560,0.45086206894608355,0.2910406232447946,,,,,,
IDRiD_20_2048_3072,0.0,0.0,0.0,0.0,0.0,0.0,,
IDRiD_20_2048_512,0.16368286444594163,0.09176942930622974,0.0,0.0,0.8538174327260105,0.910783936708725,,
IDRiD_20_512_1024,0.0,0.0,0.0,0.0,0.5970894311152674,0.6541059048510217,,
IDRiD_20_512_1536,0.45707266614651487,0.4503184713318431,0.0,0.0,0.4516660262379874,0.37367727871214096,,
IDRiD_20_512_2048,,,,,0.0,0.0,,
IDRiD_20_512_2560,0.0,0.0,0.0,0.0,,,,
IDRiD_20_512_3072,,,0.0,0.0,,,,
IDRiD_20_512_512,,,0.0,0.0,0.0,0.0,,
IDRiD_21_0_1024,0.0,0.0,0.0,0.0,0.0,0.0,,
IDRiD_21_0_1536,0.013513513512904798,0.022658610268480574,0.0,0.0,0.0,0.0,,
IDRiD_21_0_2048,,,0.0,0.0,0.2547770700541485,0.19540229883934468,,
IDRiD_21_0_2560,,,0.0,0.0,,,,
IDRiD_21_0_3072,,,0.0,0.0,,,,
IDRiD_21_0_512,0.6709011512416183,0.6503335043445271,,,0.0,0.0,,
IDRiD_21_1024_1024,,,0.0,0.0,0.0,0.0,,
IDRiD_21_1024_1536,0.5793467502436203,0.46672336805797654,0.0,0.0,0.6768068318201593,0.6084772148294351,,
IDRiD_21_1024_2048,0.32850461959246596,0.2201161724209704,0.0,0.0,0.614660969226184,0.668154976232651,,
IDRiD_21_1024_2560,0.5383687840614558,0.4165858027885602,0.0,0.0,0.5762993762953825,0.612822402349111,,
IDRiD_21_1024_3072,0.7973720054418927,0.8203099241539679,0.0,0.0,,,,
IDRiD_21_1536_0,,,,,0.0,0.0,,
IDRiD_21_1536_1024,,,0.0,0.0,0.0,0.0,,
IDRiD_21_1536_1536,0.0,0.0,,,0.8136167476588473,0.8475410258370107,,
IDRiD_21_1536_2048,0.24258864560661522,0.14667291471071525,0.0,0.0,0.47399535038035867,0.5007367903971599,,
IDRiD_21_1536_2560,0.6220369267396385,0.5524367021612776,0.0,0.0,0.6216990402897491,0.6541846343366444,,
IDRiD_21_1536_3072,,,0.0,0.0,,,,
IDRiD_21_1536_512,0.5188760558434946,0.6629955946844496,,,0.27012441912351787,0.3679052674410819,,
IDRiD_21_2048_1024,0.3772627304960707,0.34297139340686034,0.0,0.0,0.0,0.0,,
IDRiD_21_2048_1536,0.23449094686154673,0.14705882352393676,0.0,0.0,0.25091037236871944,0.17055253912215662,,
IDRiD_21_2048_2048,0.26932599724526374,0.15599107711669868,0.0,0.0,0.5339723428672208,0.5065833096499641,,
IDRiD_21_2048_2560,0.7340645695288279,0.6883368911180218,0.0,0.0,0.35737491876681693,0.3485424587865309,,
IDRiD_21_2048_3072,,,0.0,0.0,0.0,0.0,,
IDRiD_21_2048_512,0.0,0.0,0.0,0.0,0.0,0.0,,
IDRiD_21_512_1024,,,0.0,0.0,,,,
IDRiD_21_512_1536,,,0.0,0.0,0.2459428571372356,0.16307972112267113,,
IDRiD_21_512_2048,0.6349144381505959,0.7028233938245055,0.0,0.0,0.5414667580488223,0.6035141329143714,,
IDRiD_21_512_2560,0.41865926558050104,0.270893769853973,0.0,0.0,0.27912008653879844,0.3580018501056427,,
IDRiD_21_512_3072,0.0,0.0,0.0,0.0,,,,
IDRiD_21_512_512,,,0.0,0.0,0.0,0.0,,
IDRiD_22_0_1024,0.7033829991920758,0.6659609040294157,0.0,0.0,,,0.5007175791611935,0.8214607754651692
IDRiD_22_0_1536,0.7864233108938066,0.7994791666146172,0.0,0.0,,,,
IDRiD_22_0_2048,0.3311211522145501,0.43627906975932507,0.0,0.0,,,0.7756819232511526,0.7895529411690394
IDRiD_22_0_2560,0.803082890973859,0.7861889771609144,,,0.45697862402628026,0.4678190511045304,,
IDRiD_22_0_3072,0.5467723823440747,0.49699969068668726,,,,,,
IDRiD_22_0_512,0.0,0.0,,,,,,
IDRiD_22_1024_1024,,,0.0,0.0,,,,
IDRiD_22_1024_1536,,,0.0,0.0,0.5960010561422049,0.635200818620439,,
IDRiD_22_1024_2048,,,0.0,0.0,0.5958528254842484,0.6451782521798816,,
IDRiD_22_1024_3072,0.0,0.0,,,,,,
IDRiD_22_1024_512,,,0.0,0.0,,,,
IDRiD_22_1536_0,,,,,0.24231782264081134,0.3289630512122809,,
IDRiD_22_1536_1024,,,0.0,0.0,0.17162872151109831,0.13243243239663988,,
IDRiD_22_1536_1536,0.0,0.0,0.0,0.0,0.6644094031085962,0.6112495549908998,,
IDRiD_22_1536_2048,0.1535592166567125,0.2535934291320746,0.0,0.0,0.6431105536630656,0.7103107065081721,,
IDRiD_22_1536_3072,0.735411340049753,0.8811948098716832,0.0,0.0,0.0,0.0,,
IDRiD_22_1536_3584,0.5826699834138364,0.45227521400236675,,,,,,
IDRiD_22_1536_512,,,0.0,0.0,0.07091412742185833,0.06428930185513364,,
IDRiD_22_2048_1024,0.5899447834845983,0.47132574877011085,0.0,0.0,,,0.9002274211323766,0.9352921910778305
IDRiD_22_2048_1536,0.7946304329966879,0.8777576853367495,,,,,,
IDRiD_22_2048_2048,,,0.0,0.0,,,,
IDRiD_22_2048_3072,,,0.0,0.0,,,,
IDRiD_22_2048_512,,,,,0.0,0.0,0.0,0.0
IDRiD_22_512_1024,0.659620642032835,0.618744216786203,,,0.1591796874987046,0.8281117696165866,0.23371487241801833,0.19528469750765579
IDRiD_22_512_1536,,,0.0,0.0,,,,
IDRiD_22_512_2560,0.1595180722853128,0.08667190363742677,,,,,,
IDRiD_22_512_3072,0.7699353499568968,0.7205075201355754,,,,,0.825164409324533,0.8343799458803431
IDRiD_22_512_512,0.8286468851885299,0.8148487625906684,,,0.4219962829296819,0.3884081304007163,0.0,0.0
IDRiD_23_0_1024,0.07916828199084515,0.9999999999905829,0.0,0.0,,,,
IDRiD_23_0_1536,,,,,,,0.5642479577099268,0.8929277566404118
IDRiD_23_0_2048,0.2983783783762279,0.17857142856988809,,,,,,
IDRiD_23_0_2560,0.0,0.0,,,,,,
IDRiD_23_0_3072,0.101425008906125,0.9249512670264799,,,,,,
IDRiD_23_1024_1024,,,,,0.0,0.0,,
IDRiD_23_1024_1536,,,0.0,0.0,,,,
IDRiD_23_1024_2560,,,,,,,0.0,0.0
IDRiD_23_1024_3072,,,0.0,0.0,,,,
IDRiD_23_1536_1024,,,0.0,0.0,0.4644902634460341,0.42327766177331533,,
IDRiD_23_1536_1536,,,0.0,0.0,0.0,0.0,,
IDRiD_23_1536_2560,,,,,0.0,0.0,,
IDRiD_23_1536_3072,,,0.0,0.0,0.0,0.0,,
IDRiD_23_1536_3584,,,,,0.0,0.0,,
IDRiD_23_1536_512,,,0.0,0.0,0.1373881931972312,0.10480349344406094,,
IDRiD_23_2048_1024,0.5874713521547948,0.44813519810908303,,,,,,
IDRiD_23_2048_2048,0.7854120629686598,0.7151993510927959,,,,,,
IDRiD_23_2048_2560,0.6180104031159134,0.4781187122676293,0.0,0.0,,,,
IDRiD_23_2048_3072,,,,,0.0,0.0,,
IDRiD_23_2048_512,0.7287350718897302,0.8719743365158363,,,0.0,0.0,,
IDRiD_23_512_1024,0.07651006711152651,0.03977669225262468,,,,,,
IDRiD_23_512_2048,,,0.0,0.0,,,,
IDRiD_23_512_2560,,,,,,,0.0,0.0
IDRiD_23_512_3072,0.0,0.0,,,,,0.0,0.0
IDRiD_23_512_512,,,0.0,0.0,,,,
IDRiD_24_0_2048,,,,,0.0,0.0,,
IDRiD_24_1024_1536,,,,,0.0,0.0,,
IDRiD_24_1024_2048,,,,,0.0,0.0,,
IDRiD_24_1024_2560,,,0.0,0.0,,,,
IDRiD_24_1536_1536,,,,,0.0,0.0,,
IDRiD_24_1536_2048,,,0.0,0.0,0.0,0.0,,
IDRiD_24_1536_2560,,,0.0,0.0,,,,
IDRiD_24_1536_512,0.31887755101634085,0.25267839093889877,,,0.0,0.0,,
IDRiD_24_2048_1024,0.8149822633344405,0.8179406631705554,,,,,,
IDRiD_24_2048_1536,0.4517628825861386,0.5256988277253652,0.0,0.0,,,,
IDRiD_24_512_1536,,,,,0.0,0.0,,
IDRiD_24_512_2048,,,,,0.0,0.0,,
IDRiD_24_512_2560,0.6499999999916237,0.5504146660726666,,,,,,
IDRiD_24_512_512,0.6132530120297213,0.47973609799812744,,,,,,
IDRiD_25_0_1024,,,0.0,0.0,0.44657620700395523,0.3799806680250242,0.0,0.0
IDRiD_25_0_1536,0.0,0.0,0.0,0.0,0.7565465351001873,0.7702135609773071,,
IDRiD_25_0_2048,0.5050353880195023,0.5757037247613328,0.0,0.0,0.4175309624694647,0.329551334169822,0.0,0.0
IDRiD_25_0_2560,0.3307703904693896,0.23415154748949676,0.0,0.0,0.8054298642529222,0.8946991962950364,,
IDRiD_25_0_3072,0.00023383608090455,0.00015417823003154211,,,0.0,0.0,,
IDRiD_25_0_512,0.7656387665029595,0.8478048780074242,0.0,0.0,0.0,0.0,0.0,0.0
IDRiD_25_1024_0,,,0.0,0.0,,,,
IDRiD_25_1024_1024,0.0,0.0,0.0,0.0,0.0,0.0,,
IDRiD_25_1024_1536,0.22480620154416373,0.12711333750384743,0.0,0.0,0.7437864306643788,0.686664039979498,,
IDRiD_25_1024_2048,,,0.0,0.0,0.6665913928105941,0.7136968085097755,,
IDRiD_25_1024_2560,0.6620376337146184,0.7575210145968237,0.0,0.0,0.6720117410441268,0.7974585564067225,,
IDRiD_25_1024_3072,0.0,0.0,,,0.7817851787525799,0.7707749766533314,,
IDRiD_25_1024_512,,,0.0,0.0,,,,
IDRiD_25_1536_0,,,,,0.5677966101093436,0.9816849813253901,,
IDRiD_25_1536_1024,0.7191348924790817,0.8379175070350896,,,,,0.0,0.0
IDRiD_25_1536_1536,0.0,0.0,0.0,0.0,0.7403721332749418,0.7069866877446292,,
IDRiD_25_1536_2048,0.046022727272073544,0.02355335853411525,0.0,0.0,0.7551411501348614,0.8155697787643816,0.0,0.0
IDRiD_25_1536_2560,0.538603268944382,0.6070796934438955,0.0,0.0,0.5507282930793195,0.614032620913751,0.0,0.0
IDRiD_25_1536_3072,0.7834575301763042,0.7371035339124691,0.0,0.0,,,,
IDRiD_25_1536_512,0.0,0.0,0.0,0.0,0.0,0.0,,
IDRiD_25_2048_1024,0.0,0.0,,,,,,
IDRiD_25_2048_1536,0.45177835701483315,0.36978664831128844,0.0,0.0,0.619425348129395,0.7136474410758064,,
IDRiD_25_2048_2048,0.3023110183381473,0.2577413942123469,0.0,0.0,,,,
IDRiD_25_2048_2560,0.0,0.0,0.0,0.0,0.0,0.0,,
IDRiD_25_2048_3072,,,0.0,0.0,0.0,0.0,,
IDRiD_25_512_1024,0.0,0.0,,,0.6151234736888516,0.5764375876558121,,
IDRiD_25_512_1536,0.6852009622122316,0.7244476235873352,0.0,0.0,0.4405951997031345,0.47586824559184127,,
IDRiD_25_512_2048,0.706663510473776,0.6738826185086368,0.0,0.0,0.46530681914768873,0.4322181702801297,0.8370252154431086,0.94822100085409
IDRiD_25_512_2560,0.6498826650325225,0.8214999677511994,0.0,0.0,0.7514079315929516,0.7817018056874466,,
IDRiD_25_512_3072,,,0.0,0.0,0.45395091839059387,0.34239572819215836,,
IDRiD_25_512_512,0.6577047547757604,0.6712398373642663,,,,,,
IDRiD_26_0_1024,0.2912138274153305,0.17525610716823867,0.0,0.0,,,,
IDRiD_26_0_1536,0.6963749711302658,0.5557398194111712,,,,,,
IDRiD_26_0_2048,,,0.0,0.0,,,,
IDRiD_26_0_2560,0.0,0.0,0.0,0.0,,,,
IDRiD_26_1024_1024,,,0.0,0.0,,,,
IDRiD_26_1024_1536,,,0.0,0.0,,,,
IDRiD_26_1024_2048,0.18658892127373233,0.1711229946371548,0.0,0.0,,,,
IDRiD_26_1024_2560,0.686546653831434,0.7952881247756992,0.0,0.0,,,,
IDRiD_26_1024_3072,0.8773700722933369,0.9663461538403464,0.0,0.0,,,,
IDRiD_26_1536_1024,,,0.0,0.0,,,,
IDRiD_26_1536_1536,,,0.0,0.0,,,,
IDRiD_26_1536_2048,0.015034482758517003,0.07305630026319998,,,,,,
IDRiD_26_1536_2560,,,0.0,0.0,,,,
IDRiD_26_1536_3072,0.38109992253082625,0.29100946371092234,0.0,0.0,,,,
IDRiD_26_2048_1024,,,,,0.0,0.0,,
IDRiD_26_2048_1536,0.2802927622585987,0.6714285713413729,0.0,0.0,,,,
IDRiD_26_2048_2048,,,0.0,0.0,,,,
IDRiD_26_2048_3072,0.7926938306246475,0.7814152606297984,,,,,,
IDRiD_26_512_1024,0.49693805842537425,0.46029384414673336,0.0,0.0,,,,
IDRiD_26_512_1536,0.0,0.0,0.0,0.0,,,,
IDRiD_26_512_2048,0.6071808413077816,0.8607673910693483,0.0,0.0,0.5515578634912545,0.7077582103423248,,
IDRiD_26_512_2560,,,0.0,0.0,,,,
IDRiD_26_512_3072,0.6621727156877344,0.554027099523509,0.0,0.0,,,,
IDRiD_26_512_3584,0.0,0.0,,,,,,
IDRiD_26_512_512,0.7128325508328314,0.841959334487804,,,,,,
IDRiD_27_0_1024,,,,,0.028892455854110363,0.01768172887668335,,
IDRiD_27_0_1536,0.4963144962738481,0.5449640286789633,0.0,0.0,0.06620395087740502,0.034254143644516344,,
IDRiD_27_0_2048,0.0,0.0,,,,,,
IDRiD_27_0_2560,0.3039935888853747,0.4233630952302202,0.0,0.0,,,,
IDRiD_27_0_3072,,,0.0,0.0,,,,
IDRiD_27_0_512,0.0,0.0,0.0,0.0,,,,
IDRiD_27_1024_0,0.6355382619910651,0.5827996340241025,0.0,0.0,0.0,0.0,,
IDRiD_27_1024_1024,0.0,0.0,0.0,0.0,0.5083884087313577,0.5151983513387327,,
IDRiD_27_1024_1536,0.0,0.0,0.0,0.0,0.6063225611870818,0.7071512309412995,,
IDRiD_27_1024_2048,,,0.0,0.0,0.44269293923981723,0.49766182622452226,,
IDRiD_27_1024_2560,,,0.0,0.0,,,,
IDRiD_27_1024_512,0.7583626760396487,0.9999999999419616,0.0,0.0,0.40984867914499573,0.28293201132810514,,
IDRiD_27_1536_0,0.7180311822669438,0.8225212237640355,0.0,0.0,,,,
IDRiD_27_1536_1024,0.33362939038890893,0.2659971675001159,0.0,0.0,0.16345197852130738,0.11229508196414495,,
IDRiD_27_1536_1536,0.0,0.0,0.0,0.0,0.4758812615923941,0.563029162738115,,
IDRiD_27_1536_2048,,,0.0,0.0,0.0,0.0,,
IDRiD_27_1536_2560,,,0.0,0.0,,,,
IDRiD_27_1536_512,0.6118969894776212,0.5049386411203737,0.0,0.0,0.4248584289209753,0.4028083700385076,,
IDRiD_27_2048_1024,0.20828105394361018,0.14972940468131513,0.0,0.0,0.6262471220140782,0.53142298923701,,
IDRiD_27_2048_1536,0.0,0.0,0.0,0.0,0.30924581886705327,0.2813397129132758,,
IDRiD_27_2048_2048,0.6968515741919985,0.9085222829625862,0.0,0.0,0.0,0.0,,
IDRiD_27_2048_512,0.09163911194654516,0.05743043220500708,0.0,0.0,,,,
IDRiD_27_512_1024,0.0,0.0,0.0,0.0,0.3078131134547384,0.2587458745703798,,
IDRiD_27_512_1536,,,0.0,0.0,0.3974926542589716,0.4642628351746658,,
IDRiD_27_512_2048,,,0.0,0.0,0.4835594389459236,0.5118033584689267,,
IDRiD_27_512_512,0.3459014570106445,0.6977787749450801,0.0,0.0,,,,
IDRiD_28_0_3072,,,,,0.44678362567873875,0.5876923075114793,,
IDRiD_28_1024_1536,,,0.0,0.0,0.104921898022254,0.06573116691042352,,
IDRiD_28_1024_2048,,,0.0,0.0,0.0,0.0,,
IDRiD_28_1024_2560,0.42517482515995897,0.4013201319867115,0.0,0.0,,,,
IDRiD_28_1024_3072,0.0,0.0,0.0,0.0,,,,
IDRiD_28_1536_1536,0.6928941750322387,0.8279883381320707,,,0.0,0.0,,
IDRiD_28_1536_2048,0.6606767794555346,0.6291111110971309,0.0,0.0,0.0,0.0,,
IDRiD_28_1536_2560,0.7004539979583968,0.7991543340296072,0.0,0.0,0.0,0.0,,
IDRiD_28_1536_3072,,,0.0,0.0,,,,
IDRiD_28_2048_1024,0.0,0.0,,,,,,
IDRiD_28_2048_1536,0.4190956357268143,0.9859154928846615,0.0,0.0,,,,
IDRiD_28_2048_2048,0.6121878121755807,0.8709494030204121,0.0,0.0,,,,
IDRiD_28_2048_2560,0.4489795917451062,0.28947368413434904,0.0,0.0,,,,
IDRiD_28_2048_3072,0.6119718309643672,0.597250859065481,,,,,,
IDRiD_28_2048_512,0.0,0.0,,,,,,
IDRiD_28_512_1536,0.7797605071521512,0.8487094300830895,,,,,,
IDRiD_28_512_2048,0.6308201831164851,0.6575954508262553,0.0,0.0,0.0,0.0,,
IDRiD_28_512_2560,0.0,0.0,0.0,0.0,,,,
IDRiD_28_512_3072,0.7346749941999844,0.8682340076069855,,,,,,
IDRiD_29_0_1024,,,0.0,0.0,,,,
IDRiD_29_0_1536,,,0.0,0.0,,,,
IDRiD_29_0_2560,0.0,0.0,0.0,0.0,,,,
IDRiD_29_1024_1024,,,,,0.04785209352885535,0.23842364530845203,,
IDRiD_29_1024_2048,,,0.0,0.0,,,,
IDRiD_29_1024_2560,,,0.0,0.0,,,,
IDRiD_29_1024_3072,0.0,0.0,,,,,,
IDRiD_29_1536_1024,,,0.0,0.0,0.0,0.0,,
IDRiD_29_1536_1536,,,0.0,0.0,,,,
IDRiD_29_1536_2560,,,0.0,0.0,,,,
IDRiD_29_1536_3072,0.0,0.0,0.0,0.0,,,,
IDRiD_29_2048_1024,,,0.0,0.0,0.0,0.0,,
IDRiD_29_2048_1536,,,0.0,0.0,,,,
IDRiD_29_2048_2560,,,0.0,0.0,0.23404255314169306,0.20146520139140467,,
IDRiD_29_2048_3072,,,0.0,0.0,,,,
IDRiD_29_512_2048,,,0.0,0.0,,,,
IDRiD_29_512_2560,,,0.0,0.0,,,,
IDRiD_29_512_3072,,,0.0,0.0,,,,
IDRiD_30_0_1024,,,0.0,0.0,,,,
IDRiD_30_0_2048,0.6130246897965352,0.7322506640863785,0.0,0.0,,,,
IDRiD_30_0_2560,0.5066720582186277,0.4824797843479985,0.0,0.0,,,0.7420744314234059,0.8448411141541305
IDRiD_30_1024_1024,0.796792975084486,0.8690401832097746,,,0.40157345646653714,0.522939866346417,,
IDRiD_30_1024_1536,,,,,0.6016287186272138,0.74680236555155,,
IDRiD_30_1024_2048,0.0,0.0,0.0,0.0,0.3111757374260246,0.25312605609147937,,
IDRiD_30_1024_512,0.35579890492428273,0.23129691948962858,0.0,0.0,0.0,0.0,,
IDRiD_30_1536_1024,,,,,0.41622156280086603,0.42419354836999223,,
IDRiD_30_1536_1536,,,,,0.0,0.0,,
IDRiD_30_1536_2048,0.7713829917686663,0.814248704642118,0.0,0.0,0.310726023295168,0.28477546548276145,,
IDRiD_30_1536_2560,,,0.0,0.0,,,,
IDRiD_30_1536_512,0.0,0.0,0.0,0.0,0.3440990039135497,0.27750730281024794,,
IDRiD_30_2048_2048,0.8311395600395278,0.8691430187530014,0.0,0.0,,,,
IDRiD_30_2048_2560,,,,,,,0.7520541324129518,0.686067019370103
IDRiD_30_512_1024,0.0,0.0,,,,,,
IDRiD_30_512_2560,,,0.0,0.0,,,,
IDRiD_30_512_512,0.0,0.0,,,,,,
IDRiD_31_0_1024,,,0.0,0.0,,,,
IDRiD_31_0_1536,0.6658762902883832,0.8117003237212436,0.0,0.0,0.2668561503215944,0.18643132928641554,0.9161708779521799,0.9204012750753778
IDRiD_31_0_2048,0.6620182064665426,0.618351544969836,0.0,0.0,0.5109732506136283,0.4771991029095789,0.7862481706031959,0.8874107722232097
IDRiD_31_0_2560,0.8064833885531582,0.7494175080397791,0.0,0.0,0.256903252193559,0.19563862927739445,0.7766721945772755,0.837805605234976
IDRiD_31_0_3072,0.7655668008549397,0.7208445515040325,,,,,0.8696933616996178,0.9826654610392284
IDRiD_31_0_512,,,0.0,0.0,,,,
IDRiD_31_1024_0,,,0.0,0.0,,,0.0,0.0
IDRiD_31_1024_1536,0.9538515121602196,0.9425080779287182,0.0,0.0,0.6259259259198252,0.5505829903883646,,
IDRiD_31_1024_2048,,,0.0,0.0,0.5528521359244534,0.4790071296498635,,
IDRiD_31_1024_2560,0.0,0.0,,,,,,
IDRiD_31_1024_3072,0.0,0.0,,,,,,
IDRiD_31_1024_512,0.0,0.0,,,,,0.0,0.0
IDRiD_31_1536_0,0.4084940200126507,0.43344038122414336,,,,,0.2867266918376801,0.17614102701289605
IDRiD_31_1536_1024,0.5409309791270244,0.39257779996018344,,,0.41580180782698695,0.7992277991763689,,
IDRiD_31_1536_1536,0.5569954601687412,0.43829566120501046,0.0,0.0,,,,
IDRiD_31_1536_2048,0.0,0.0,,,0.3243986254184056,0.24155578299684974,,
IDRiD_31_1536_2560,,,,,0.43600805290664346,0.6264462809399631,,
IDRiD_31_1536_512,0.5346252285172408,0.3944855123272299,0.0,0.0,0.0,0.0,0.0,0.0
IDRiD_31_2048_1024,,,0.0,0.0,,,,
IDRiD_31_2048_2048,,,,,0.03960396039043791,0.04713804712217574,,
IDRiD_31_512_0,0.7821009607687133,0.7241718273790998,,,0.0,0.0,,
IDRiD_31_512_1024,0.7045058772273373,0.9285611820265591,,,,,,
IDRiD_31_512_1536,0.2970019613253852,0.17439947350528465,0.0,0.0,,,,
IDRiD_31_512_2048,0.0,0.0,0.0,0.0,0.3292367399634788,0.33486842103060077,,
IDRiD_31_512_2560,0.0,0.0,0.0,0.0,0.4211008124451184,0.44465925566832626,,
IDRiD_31_512_3072,0.6642621922482024,0.6812479896963454,,,,,0.0,0.0
IDRiD_31_512_512,0.7375500564720773,0.7206420867784267,0.0,0.0,0.0,0.0,,
IDRiD_32_0_1024,0.8431174089007871,0.9150973006761598,,,,,,
IDRiD_32_0_2048,,,0.0,0.0,,,0.0,0.0
IDRiD_32_0_2560,,,,,,,0.5978589885544561,0.7925229986221126
IDRiD_32_0_512,0.0,0.0,,,,,,
IDRiD_32_1024_2048,,,0.0,0.0,0.498162515292031,0.7881136949886158,,
IDRiD_32_1024_2560,0.0,0.0,,,0.6495078194902778,0.7549531105509346,,
IDRiD_32_1024_3072,0.0,0.0,0.0,0.0,0.6796524946322816,0.7507240841505117,,
IDRiD_32_1536_0,0.23328355732343384,0.14553358865391228,,,,,,
IDRiD_32_1536_1024,,,,,0.0,0.0,,
IDRiD_32_1536_2048,,,,,0.35476718399614554,0.6201550385193197,,
IDRiD_32_1536_2560,,,,,0.43891603731024853,0.4041450777091861,,
IDRiD_32_1536_3072,,,,,0.5995510274460447,0.6980297546965006,,
IDRiD_32_1536_512,0.0,0.0,,,,,,
IDRiD_32_2048_0,0.0,0.0,,,,,,
IDRiD_32_2048_1024,0.7647649288112982,0.7557390987458774,,,,,0.4382739211925277,0.5645239245739718
IDRiD_32_2048_1536,0.0,0.0,0.0,0.0,,,,
IDRiD_32_2048_2048,0.5474254742335491,0.3811320754511519,,,,,0.6654468941511964,0.5447872977790235
IDRiD_32_2048_2560,0.6566085028407567,0.8520140104972228,,,,,,
IDRiD_32_2048_3072,0.5043859649022252,0.351291307960253,0.0,0.0,,,,
IDRiD_32_2048_512,0.8384405761590654,0.9891090407953141,,,,,0.8164815897056644,0.9985704074100888
IDRiD_32_512_1024,0.0,0.0,,,,,,
IDRiD_32_512_2048,,,,,0.18112244896804064,0.9999999992957747,,
IDRiD_32_512_2560,,,0.0,0.0,0.45331739390045833,0.45494901019250206,0.837744171385966,0.9053455907234365
IDRiD_32_512_3072,,,,,0.5357414127729281,0.6351811086524879,,
IDRiD_32_512_512,0.0,0.0,,,,,,
IDRiD_33_0_1024,0.7179487179304913,0.6094827585944189,,,0.0,0.0,,
IDRiD_33_0_1536,0.6611066860297938,0.8282460671421901,0.0,0.0,,,,
IDRiD_33_0_2048,0.0,0.0,0.0,0.0,,,,
IDRiD_33_0_2560,0.7353478124004794,0.7689674467569567,0.0,0.0,,,,
IDRiD_33_0_3072,0.4425967380805469,0.43480992772746435,0.0,0.0,,,,
IDRiD_33_1024_0,0.7198826733685317,0.7204864751469875,,,0.0,0.0,,
IDRiD_33_1024_1024,0.7841425389685154,0.8706231453833705,0.0,0.0,0.0,0.0,,
IDRiD_33_1024_1536,0.4815344493964771,0.7503932878768957,0.0,0.0,0.19576459000005214,0.2178679090101982,,
IDRiD_33_1024_2048,0.38219454728725855,0.3380470378038397,0.0,0.0,0.356423516600732,0.4045412418843908,,
IDRiD_33_1024_2560,0.6407238058156087,0.6404538087478738,0.0,0.0,0.09308885754321329,0.06072874493703612,,
IDRiD_33_1024_3072,0.7815557260675677,0.7820432842229376,0.0,0.0,0.0,0.0,,
IDRiD_33_1024_3584,,,0.0,0.0,,,,
IDRiD_33_1024_512,0.796130396911795,0.733941270929491,,,0.0,0.0,,
IDRiD_33_1536_0,,,0.0,0.0,0.0,0.0,,
IDRiD_33_1536_1024,0.2765126870482025,0.16159695817183276,0.0,0.0,0.06752411575345582,0.04251012145576882,,
IDRiD_33_1536_1536,0.6028343455924396,0.4962745097941907,0.0,0.0,0.3945178658802862,0.3562693384358882,,
IDRiD_33_1536_2048,0.0,0.0,0.0,0.0,0.2557051736345112,0.21529159041916388,,
IDRiD_33_1536_2560,0.19960238567794822,0.11086572437672855,0.0,0.0,0.0,0.0,,
IDRiD_33_1536_3072,0.5420180875899704,0.4606615424435559,0.0,0.0,,,,
IDRiD_33_1536_3584,0.4071082390733921,0.2914417887207832,,,,,,
IDRiD_33_1536_512,0.8110893350801315,0.8734276290018632,,,0.0,0.0,,
IDRiD_33_2048_1024,,,0.0,0.0,0.0,0.0,,
IDRiD_33_2048_1536,0.4062452399055122,0.4448707255972499,0.0,0.0,0.0,0.0,,
IDRiD_33_2048_2048,0.46338983050062055,0.40205882351758654,0.0,0.0,0.2808211409760643,0.3188667095902271,,
IDRiD_33_2048_2560,0.6818713450192709,0.9483529889813602,0.0,0.0,0.0,0.0,,
IDRiD_33_2048_3072,0.0,0.0,0.0,0.0,,,,
IDRiD_33_2048_512,0.6799143265095671,0.72395094262759,0.0,0.0,0.18698673403746136,0.27458256024590305,0.7067891111781994,0.7736492550570159
IDRiD_33_512_0,0.289334254776672,0.19729814639966545,,,,,,
IDRiD_33_512_1536,0.8013623978165242,0.9168658422434077,0.0,0.0,0.06873977086368031,0.03695014662539882,,
IDRiD_33_512_2048,0.7389212158889843,0.6768016490800488,0.0,0.0,0.33571741351137474,0.2948717948642341,,
IDRiD_33_512_2560,0.588218895484965,0.6197497503341376,0.0,0.0,0.0,0.0,,
IDRiD_33_512_3072,0.46138250015547494,0.45224195751518764,0.0,0.0,,,,
IDRiD_33_512_512,0.5093278941320863,0.39262156772209983,0.0,0.0,,,,
IDRiD_34_0_1024,0.7825323974029257,0.7090264187780208,0.0,0.0,0.0,0.0,,
IDRiD_34_0_1536,,,0.0,0.0,,,,
IDRiD_34_0_2048,0.5411512613200489,0.4537362188611373,,,,,,
IDRiD_34_0_2560,0.0,0.0,,,0.46145313366184637,0.38939157565695176,,
IDRiD_34_0_3072,,,0.0,0.0,0.0,0.0,,
IDRiD_34_0_512,0.0,0.0,,,,,,
IDRiD_34_1024_1024,,,,,0.0,0.0,,
IDRiD_34_1024_1536,,,0.0,0.0,0.0,0.0,,
IDRiD_34_1024_2048,,,0.0,0.0,,,,
IDRiD_34_1024_3072,0.7909295123145489,0.7442558567113053,0.0,0.0,0.5393673516384353,0.5569861706935152,,
IDRiD_34_1024_3584,0.0,0.0,,,,,,
IDRiD_34_1024_512,,,,,0.0,0.0,,
IDRiD_34_1536_0,0.5156118143435743,0.3833925956886049,,,,,,
IDRiD_34_1536_1024,0.4476190476065093,0.40130587642384197,0.0,0.0,0.0,0.0,,
IDRiD_34_1536_1536,0.723186608792263,0.6045607670224266,0.0,0.0,0.0,0.0,,
IDRiD_34_1536_2048,0.589469555833028,0.572898799302975,0.0,0.0,,,,
IDRiD_34_1536_3072,0.8253875028717023,0.7812960769602347,,,0.3199476211191631,0.42126436779188137,,
IDRiD_34_1536_3584,0.34391283750147267,0.21867469878200754,,,,,,
IDRiD_34_1536_512,0.6907991866059071,0.6130475625417456,0.0,0.0,,,,
IDRiD_34_2048_0,0.0,0.0,,,,,,
IDRiD_34_2048_1024,0.7324595219173122,0.8318739052833847,0.0,0.0,0.39095438863967213,0.7254623043064776,,
IDRiD_34_2048_1536,0.7562917582753297,0.7029204031398185,,,0.07485029939559504,0.04219409282344353,,
IDRiD_34_2048_2048,0.6513685374559822,0.6201087910050868,0.0,0.0,0.0,0.0,,
IDRiD_34_2048_2560,0.6698573877027784,0.5230015654167398,,,,,,
IDRiD_34_2048_3072,,,,,0.6634552222320242,0.7404692081749527,,
IDRiD_34_2048_512,0.7313299978491319,0.5952035972990497,0.0,0.0,0.0,0.0,,
IDRiD_34_512_1024,0.799596437365561,0.8178469186196093,0.0,0.0,0.1466275659680716,0.3191489360344047,,
IDRiD_34_512_1536,0.0,0.0,0.0,0.0,0.16773580422504786,0.9999999997167138,,
IDRiD_34_512_2560,0.0,0.0,,,0.0,0.0,,
IDRiD_34_512_3072,0.46619697196589116,0.3160354989477946,0.0,0.0,0.0,0.0,,
IDRiD_34_512_3584,0.0,0.0,,,,,,
IDRiD_34_512_512,0.508386849418891,0.5140032948904254,0.0,0.0,,,,
IDRiD_35_0_1024,,,0.0,0.0,0.0,0.0,,
IDRiD_35_0_1536,0.0,0.0,,,0.0,0.0,0.0,0.0
IDRiD_35_0_2048,0.40434014477509056,0.2739328460962315,0.0,0.0,,,0.0,0.0
IDRiD_35_0_2560,0.6741750642132277,0.8156825244941945,,,,,,
IDRiD_35_1024_0,0.6212935375159431,0.5910339876708889,,,,,,
IDRiD_35_1024_1024,0.0,0.0,,,,,,
IDRiD_35_1024_1536,0.3217524520588111,0.8046503434841936,,,0.0,0.0,0.0,0.0
IDRiD_35_1024_2048,0.6963701206668798,0.731950292690439,0.0,0.0,0.6374643379005028,0.7516409583134915,,
IDRiD_35_1024_2560,0.4238336549378301,0.3070792066263175,0.0,0.0,0.32816377170198,0.22330097086436046,,
IDRiD_35_1024_3072,0.8280016670655486,0.7307237912647272,,,,,,
IDRiD_35_1024_512,0.6909169487813086,0.8072715031003658,0.0,0.0,,,,
IDRiD_35_1536_0,0.10363743775758597,0.14902912620997502,,,,,,
IDRiD_35_1536_1024,,,0.0,0.0,,,,
IDRiD_35_1536_1536,,,0.0,0.0,,,,
IDRiD_35_1536_2048,,,0.0,0.0,0.34891319789247177,0.38374999998800785,,
IDRiD_35_1536_2560,0.0,0.0,0.0,0.0,0.0,0.0,,
IDRiD_35_1536_3072,0.0,0.0,,,,,,
IDRiD_35_1536_512,0.7065303256369996,0.7210875212724129,,,,,,
IDRiD_35_2048_1024,,,,,,,0.855345464881805,0.9709513434925283
IDRiD_35_2048_2048,0.8110913404447576,0.8679784195355764,0.0,0.0,0.0,0.0,,
IDRiD_35_2048_512,0.2551892649707549,0.9999999999937214,,,,,0.8061416105136249,0.9959061135303227
IDRiD_35_512_0,0.46773975381485544,0.6100917430977385,,,,,,
IDRiD_35_512_1024,,,0.0,0.0,,,,
IDRiD_35_512_1536,0.7506246876486694,0.6857195032745486,,,0.36535662297195365,0.4864341084328616,0.7927519818619988,0.6606266515416902
IDRiD_35_512_2048,0.7522484569405777,0.8033774875995493,0.0,0.0,0.0,0.0,0.0,0.0
IDRiD_35_512_2560,0.4196290571789098,0.3696392103345936,0.0,0.0,,,,
IDRiD_35_512_512,0.2864353312266696,0.31405644714128234,0.0,0.0,,,,
IDRiD_36_0_1024,,,0.0,0.0,,,,
IDRiD_36_0_1536,0.5956703910545196,0.713409534409997,0.0,0.0,0.26251331202708966,0.27790304395276755,,
IDRiD_36_1024_1024,,,0.0,0.0,0.0,0.0,,
IDRiD_36_1024_1536,0.791897654567337,0.9054119941050507,0.0,0.0,0.0,0.0,,
IDRiD_36_1024_2048,,,0.0,0.0,,,,
IDRiD_36_1024_3584,0.6671251719303009,0.6534626785057003,,,,,,
IDRiD_36_1024_512,0.5464265616053341,0.5415504740356079,0.0,0.0,,,,
IDRiD_36_1536_1024,,,0.0,0.0,0.0,0.0,,
IDRiD_36_1536_1536,0.6619977362738327,0.6725600114943757,,,,,,
IDRiD_36_1536_2048,0.0,0.0,,,,,,
IDRiD_36_1536_3584,0.0,0.0,,,,,,
IDRiD_36_1536_512,0.0,0.0,0.0,0.0,0.0,0.0,,
IDRiD_36_2048_1024,,,0.0,0.0,0.29839326700088803,0.33050847452025284,,
IDRiD_36_2048_1536,,,0.0,0.0,,,,
IDRiD_36_2048_3072,0.561662231119072,0.4591433475691224,,,,,,
IDRiD_36_2048_512,0.6662189388762093,0.5357528623777111,0.0,0.0,,,,
IDRiD_36_512_1024,,,0.0,0.0,,,,
IDRiD_36_512_1536,,,0.0,0.0,0.18906605921833464,0.20064464140204313,,
IDRiD_36_512_2048,,,0.0,0.0,0.0,0.0,,
IDRiD_37_0_1024,0.8119807786267877,0.9276110723380897,,,0.0,0.0,,
IDRiD_37_0_1536,,,0.0,0.0,,,,
IDRiD_37_0_2048,,,0.0,0.0,0.0,0.0,,
IDRiD_37_1024_1024,,,0.0,0.0,,,,
IDRiD_37_1024_1536,0.340451494793139,0.23445378149290302,0.0,0.0,0.5620180866227414,0.6742034943396802,,
IDRiD_37_1024_2048,,,0.0,0.0,0.624616243368986,0.7120909090844355,,
IDRiD_37_1024_2560,,,0.0,0.0,0.0,0.0,,
IDRiD_37_1024_3072,,,0.0,0.0,,,,
IDRiD_37_1536_1536,,,0.0,0.0,,,,
IDRiD_37_1536_2048,0.7098135771822085,0.5568432670774369,,,0.0,0.0,,
IDRiD_37_1536_2560,,,0.0,0.0,0.0,0.0,,
IDRiD_37_1536_3072,0.39470782799715715,0.9242685025022144,0.0,0.0,0.0,0.0,,
IDRiD_37_1536_512,0.009141013576970817,0.005547397617791689,,,,,,
IDRiD_37_2048_3072,,,0.0,0.0,,,,
IDRiD_37_2048_512,0.7527357260262361,0.7613258401105478,,,,,,
IDRiD_37_512_1536,0.0,0.0,,,0.16844143271207931,0.13353798924531557,,
IDRiD_37_512_2048,0.5242190242144241,0.3552146509649754,0.0,0.0,0.49778761061029153,0.3889369057796331,,
IDRiD_37_512_2560,,,0.0,0.0,0.0,0.0,,
IDRiD_38_0_2048,,,0.0,0.0,,,,
IDRiD_38_0_2560,,,0.0,0.0,,,,
IDRiD_38_0_512,,,,,0.0,0.0,,
IDRiD_38_1024_1024,,,0.0,0.0,0.0,0.0,,
IDRiD_38_1024_1536,0.0,0.0,0.0,0.0,,,,
IDRiD_38_1024_2048,,,0.0,0.0,,,,
IDRiD_38_1024_3072,,,0.0,0.0,,,,
IDRiD_38_1536_1024,,,0.0,0.0,0.0,0.0,,
IDRiD_38_1536_1536,,,0.0,0.0,0.43725404459513273,0.33698399325464223,,
IDRiD_38_1536_2048,,,0.0,0.0,0.0,0.0,,
IDRiD_38_1536_2560,,,0.0,0.0,,,,
IDRiD_38_1536_3072,,,,,,,0.47139179319880525,0.8520417853589356
IDRiD_38_2048_1024,,,0.0,0.0,0.09819763827854583,0.06863596871688653,,
IDRiD_38_2048_1536,,,0.0,0.0,0.0,0.0,,
IDRiD_38_2048_2048,0.6017999217346838,0.6837581505428644,,,,,,
IDRiD_38_512_1024,,,0.0,0.0,0.0,0.0,,
IDRiD_38_512_1536,,,0.0,0.0,0.4641711229698304,0.4113744075439455,,
IDRiD_38_512_2560,0.6972255729674784,0.9254345836722125,0.0,0.0,0.0,0.0,,
IDRiD_38_512_3072,,,0.0,0.0,,,0.9277170323588181,0.9540412044302011
IDRiD_39_0_1024,0.31802205792851745,0.8159203979592089,0.0,0.0,,,0.4850522271522985,0.6594841658289428
IDRiD_39_0_1536,0.06232995300365249,0.14634146339763746,0.0,0.0,0.0,0.0,,
IDRiD_39_0_2048,0.3701517706524712,0.285311958399365,0.0,0.0,,,,
IDRiD_39_0_2560,0.7206514042937913,0.8818229076365631,,,,,0.8048548310136875,0.7920374706888976
IDRiD_39_0_3072,0.7053571428361501,0.544827586181847,,,,,,
IDRiD_39_0_512,0.4628770301489885,0.7893175073403247,0.0,0.0,0.029202476665472668,0.22539229668681995,0.0,0.0
IDRiD_39_1024_0,0.7818853974041704,0.7626201922924155,0.0,0.0,,,,
IDRiD_39_1024_1024,0.6382775119464528,0.6516853932265908,0.0,0.0,0.0,0.0,,
IDRiD_39_1024_1536,0.06608019639866938,0.07192162101821595,0.0,0.0,0.35468501850954554,0.29804270459981824,,
IDRiD_39_1024_2048,0.6652780003098017,0.6853747111031571,0.0,0.0,0.45745257450095106,0.5242236024193512,,
IDRiD_39_1024_3072,0.0,0.0,0.0,0.0,0.32012513032741785,0.19056486653069118,,
IDRiD_39_1024_3584,0.0,0.0,,,0.0,0.0,,
IDRiD_39_1024_512,0.3575743312123827,0.5755050504905176,0.0,0.0,0.0,0.0,,
IDRiD_39_1536_0,,,0.0,0.0,,,,
IDRiD_39_1536_1024,0.3857840477467414,0.47153008052608686,0.0,0.0,0.0,0.0,,
IDRiD_39_1536_1536,0.10216181702057782,0.7067732435546162,0.0,0.0,0.1666666666642679,0.34018801408107,,
IDRiD_39_1536_2048,0.29321334833054236,0.8066013408835035,0.0,0.0,,,,
IDRiD_39_1536_2560,0.47480183970569717,0.7385083713626025,0.0,0.0,,,,
IDRiD_39_1536_3072,0.6524668836056521,0.5291640008502391,0.0,0.0,0.0,0.0,,
IDRiD_39_1536_512,0.6408268733746637,0.6061717078947091,0.0,0.0,,,,
IDRiD_39_2048_0,0.0,0.0,,,,,,
IDRiD_39_2048_1024,0.5869175627202577,0.7628951746961249,0.0,0.0,0.0,0.0,0.287891515658899,0.18342380915831924
IDRiD_39_2048_1536,0.2436641653670985,0.5831921382384551,0.0,0.0,0.0,0.0,,
IDRiD_39_2048_2048,0.3933136676456537,0.39232781167409925,0.0,0.0,,,,
IDRiD_39_2048_2560,0.6245704814637495,0.4761904761890085,0.0,0.0,,,,
IDRiD_39_2048_3072,0.7489540893036861,0.8601846617620741,,,,,0.8181138940297628,0.8470334992543587
IDRiD_39_2048_512,0.7220943186011062,0.782157509445884,0.0,0.0,0.0,0.0,0.0,0.0
IDRiD_39_512_0,,,0.0,0.0,,,,
IDRiD_39_512_1024,0.4992779360661204,0.5648180854771739,0.0,0.0,0.1845469705340593,0.12152269399262362,,
IDRiD_39_512_1536,0.4930938501116194,0.5137338586095769,0.0,0.0,0.0,0.0,,
IDRiD_39_512_2048,0.6501758499337611,0.5871268261573761,0.0,0.0,0.21517801373805157,0.3577362408952369,,
IDRiD_39_512_2560,0.5079887217925755,0.5818083960935517,0.0,0.0,,,0.4075258239005469,0.9851367419152712
IDRiD_39_512_512,0.5331917153447029,0.5025583982146545,0.0,0.0,0.0,0.0,,
IDRiD_40_0_1024,0.5983675766789089,0.6672944130152357,0.0,0.0,,,,
IDRiD_40_0_1536,0.0,0.0,0.0,0.0,,,,
IDRiD_40_0_2048,,,0.0,0.0,0.48723257418489274,0.46902507888275996,,
IDRiD_40_1024_0,,,0.0,0.0,0.0,0.0,,
IDRiD_40_1024_2048,,,0.0,0.0,0.0,0.0,,
IDRiD_40_1024_2560,,,0.0,0.0,0.0,0.0,,
IDRiD_40_1024_3072,,,0.0,0.0,,,,
IDRiD_40_1536_1536,,,,,0.0,0.0,,
IDRiD_40_1536_2048,,,0.0,0.0,0.0,0.0,,
IDRiD_40_1536_2560,,,0.0,0.0,,,,
IDRiD_40_1536_3072,,,0.0,0.0,,,,
IDRiD_40_1536_512,,,,,0.0,0.0,,
IDRiD_40_2048_1024,,,0.0,0.0,,,,
IDRiD_40_2048_1536,0.0,0.0,0.0,0.0,,,,
IDRiD_40_2048_2048,,,0.0,0.0,0.0,0.0,,
IDRiD_40_2048_2560,,,0.0,0.0,,,,
IDRiD_40_2048_3072,,,0.0,0.0,,,,
IDRiD_40_2048_512,,,0.0,0.0,,,,
IDRiD_40_512_1536,,,0.0,0.0,,,,
IDRiD_40_512_2048,,,,,0.0,0.0,,
IDRiD_40_512_2560,,,0.0,0.0,0.0,0.0,,
IDRiD_41_0_3072,,,0.0,0.0,,,,
IDRiD_41_1024_1024,0.6592943654207849,0.4917517674397681,0.0,0.0,,,,
IDRiD_41_1024_1536,,,0.0,0.0,0.0,0.0,,
IDRiD_41_1024_2048,,,,,0.030547305896031086,0.016296966952634814,,
IDRiD_41_1024_512,,,,,0.0,0.0,,
IDRiD_41_1536_1024,,,,,0.0,0.0,,
IDRiD_41_1536_3072,0.30179640716755707,0.1777150916658875,0.0,0.0,,,,
IDRiD_41_1536_3584,0.0,0.0,,,,,,
IDRiD_41_1536_512,,,,,0.0,0.0,,
IDRiD_41_2048_1024,0.0,0.0,0.0,0.0,,,,
IDRiD_41_2048_2048,,,0.0,0.0,,,,
IDRiD_41_2048_2560,,,0.0,0.0,,,,
IDRiD_41_512_1536,,,0.0,0.0,0.632653061178378,0.9234042551226799,,
IDRiD_41_512_2048,,,,,0.0,0.0,,
IDRiD_41_512_3072,,,,,0.0,0.0,,
IDRiD_42_0_1024,,,,,0.0,0.0,,
IDRiD_42_0_512,0.0,0.0,0.0,0.0,,,,
IDRiD_42_1024_0,,,0.0,0.0,0.315195940222295,0.25831792974776724,,
IDRiD_42_1024_1536,,,0.0,0.0,,,,
IDRiD_42_1024_2048,,,,,0.5048931495804895,0.49940734885423127,,
IDRiD_42_1024_2560,,,,,0.4736312951240871,0.6448481831596603,,
IDRiD_42_1024_3072,,,,,0.0,0.0,,
IDRiD_42_1024_512,,,,,0.0,0.0,,
IDRiD_42_1536_0,0.5952606634788976,0.7781908301390098,,,,,,
IDRiD_42_1536_1536,,,0.0,0.0,,,,
IDRiD_42_1536_2048,,,0.0,0.0,0.0,0.0,,
IDRiD_42_1536_2560,,,,,0.4402430789709491,0.3227722771957651,,
IDRiD_42_2048_1536,,,0.0,0.0,,,,
IDRiD_42_2048_2048,,,,,0.0,0.0,,
IDRiD_42_2048_2560,,,0.0,0.0,0.0,0.0,,
IDRiD_42_512_1536,,,0.0,0.0,,,,
IDRiD_42_512_2048,,,0.0,0.0,,,,
IDRiD_42_512_2560,,,,,0.4754002342811626,0.45151121824168816,,
IDRiD_42_512_3072,,,,,0.0,0.0,,
IDRiD_42_512_512,0.49803190386372426,0.3855035278901378,,,0.0,0.0,,
IDRiD_43_1024_2048,,,,,0.694431917657388,0.6540575654574552,,
IDRiD_43_1024_2560,,,0.0,0.0,0.5881395302654646,0.6069496803777784,,
IDRiD_43_1024_3072,,,,,0.0,0.0,,
IDRiD_43_1024_3584,,,,,0.0,0.0,,
IDRiD_43_1536_2048,,,,,0.5168431183706246,0.5685547908645551,,
IDRiD_43_1536_2560,,,,,0.6203799654546243,0.6751879699175597,,
IDRiD_43_512_2048,,,,,0.6350851221160848,0.6546286876574451,,
IDRiD_43_512_2560,,,,,0.0,0.0,,
IDRiD_43_512_3072,,,,,0.0,0.0,,
IDRiD_44_0_1024,,,0.0,0.0,,,,
IDRiD_44_0_2560,,,,,0.6356011183478919,0.7676722196862823,,
IDRiD_44_0_3072,,,,,0.0,0.0,,
IDRiD_44_0_512,,,,,0.6321428571052295,0.5052331112744782,,
IDRiD_44_1024_0,,,,,0.0,0.0,,
IDRiD_44_1024_1024,,,0.0,0.0,0.0,0.0,,
IDRiD_44_1024_1536,,,,,0.0,0.0,,
IDRiD_44_1024_3072,,,,,0.11564625848373364,0.07505518762140062,,
IDRiD_44_1024_512,,,,,0.0,0.0,,
IDRiD_44_1536_1024,0.6369753284101735,0.7640276709929275,,,0.42329270651144724,0.362251655617144,,
IDRiD_44_1536_1536,,,,,0.0,0.0,,
IDRiD_44_1536_2560,,,,,0.0,0.0,,
IDRiD_44_1536_3072,,,,,0.0,0.0,,
IDRiD_44_1536_512,,,0.0,0.0,0.0,0.0,,
IDRiD_44_2048_1024,,,,,0.0,0.0,,
IDRiD_44_2048_1536,0.6872525732247179,0.7251461988001192,,,0.411317310605071,0.4934306568982897,,
IDRiD_44_2048_512,,,0.0,0.0,0.3678456591613587,0.2901589448732932,,
IDRiD_44_512_1024,,,0.0,0.0,,,,
IDRiD_44_512_1536,0.0,0.0,0.0,0.0,,,,
IDRiD_44_512_2048,,,,,0.6847545219343345,0.5614406779264519,,
IDRiD_44_512_2560,,,0.0,0.0,0.0,0.0,,
IDRiD_44_512_512,,,0.0,0.0,,,,
IDRiD_45_0_1024,,,0.0,0.0,0.0,0.0,,
IDRiD_45_0_1536,0.813782835262456,0.9042779484684135,0.0,0.0,0.5825056071745205,0.5459927921696757,,
IDRiD_45_0_2048,,,,,0.0,0.0,,
IDRiD_45_0_2560,,,,,0.6499602227267319,0.9057649666401592,,
IDRiD_45_0_512,,,,,0.0,0.0,,
IDRiD_45_1024_1024,0.0,0.0,0.0,0.0,0.0,0.0,,
IDRiD_45_1024_2560,,,,,0.2695303280559469,0.263985205720574,,
IDRiD_45_1024_512,,,,,0.668032023819251,0.65594149906194,,
IDRiD_45_1536_0,,,0.0,0.0,,,,
IDRiD_45_1536_1024,,,0.0,0.0,0.34649350648450666,0.28999999998739134,,
IDRiD_45_1536_1536,,,,,0.17743555406168612,0.1573634204182088,,
IDRiD_45_1536_2048,,,0.0,0.0,,,,
IDRiD_45_1536_2560,,,,,0.0,0.0,,
IDRiD_45_1536_3072,,,,,0.0,0.0,,
IDRiD_45_1536_512,,,0.0,0.0,0.4861878452999172,0.4852416477378326,,
IDRiD_45_2048_1024,0.0,0.0,0.0,0.0,0.0,0.0,,
IDRiD_45_2048_1536,,,0.0,0.0,,,,
IDRiD_45_2048_2560,,,,,0.42612942610341087,0.5124816445649807,,
IDRiD_45_2048_512,,,,,0.5301744978219411,0.6408458187159616,,
IDRiD_45_512_1024,,,0.0,0.0,0.3347566182678319,0.22464183380445155,,
IDRiD_45_512_1536,,,,,0.0,0.0,,
IDRiD_45_512_2560,,,,,0.0,0.0,,
IDRiD_45_512_512,,,,,0.0,0.0,,
IDRiD_46_0_1024,,,0.0,0.0,,,,
IDRiD_46_0_1536,0.6687464548874434,0.7640959169951979,,,,,,
IDRiD_46_1024_1024,0.7762216924794961,0.634282931564785,0.0,0.0,0.0,0.0,,
IDRiD_46_1024_1536,0.6074169365199675,0.5711842489443492,0.0,0.0,0.5328369932702679,0.49862575902525647,,
IDRiD_46_1024_2048,0.7421901305670163,0.6176983435009484,0.0,0.0,0.0,0.0,,
IDRiD_46_1536_1024,0.7085145270012698,0.6736577181127318,0.0,0.0,,,,
IDRiD_46_1536_1536,0.6512726318380668,0.6453458137989939,0.0,0.0,0.0,0.0,,
IDRiD_46_1536_2048,0.7817539018644325,0.6807328427589618,0.0,0.0,,,,
IDRiD_46_1536_512,0.8000963584502344,0.7440262843433092,,,,,,
IDRiD_46_2048_1024,0.7846000760912163,0.777951887638844,0.0,0.0,,,0.7155072310752824,0.791083099900474
IDRiD_46_2048_1536,0.6511627906924525,0.7160493827034207,0.0,0.0,,,,
IDRiD_46_2048_2048,0.036463708289079334,0.01857042746956656,0.0,0.0,0.0,0.0,0.8214551247964872,0.7724730323534511
IDRiD_46_2048_2560,,,,,,,0.0,0.0
IDRiD_46_2048_3072,0.5039135948204823,0.8675097861959122,0.0,0.0,,,0.4885732495652892,0.32717517224359993
IDRiD_46_2048_512,0.8363645019976281,0.9058423142324249,0.0,0.0,0.0,0.0,0.954506003180684,0.943653914905457
IDRiD_46_512_1024,0.7535465256025875,0.7307064583733888,0.0,0.0,,,,
IDRiD_46_512_1536,0.8046621984364583,0.7708976273410623,0.0,0.0,0.1942765014068062,0.12561897315283765,0.889713183085315,0.9370585217594528
IDRiD_46_512_2048,0.46401697857935537,0.3689782141704667,0.0,0.0,0.0,0.0,0.6311360448765703,0.7681677775846502
IDRiD_47_0_1024,0.0,0.0,,,0.06373815675592263,0.03309481216161943,,
IDRiD_47_0_1536,,,,,0.31136882797125837,0.2768317450355127,,
IDRiD_47_0_2048,,,0.0,0.0,0.0,0.0,,
IDRiD_47_0_2560,0.33912128386820417,0.4782931354182452,0.0,0.0,,,0.8509636415088246,0.9795622167560808
IDRiD_47_0_512,,,,,0.0,0.0,,
IDRiD_47_1024_0,,,,,0.7247932036502394,0.6440206594897092,,
IDRiD_47_1024_1024,0.0,0.0,,,,,,
IDRiD_47_1024_2048,,,0.0,0.0,0.031484485905416026,0.44548063124494397,,
IDRiD_47_1024_3072,0.0,0.0,,,,,,
IDRiD_47_1024_3584,,,0.0,0.0,,,,
IDRiD_47_1024_512,,,0.0,0.0,0.59241548781101,0.5961371382704261,,
IDRiD_47_1536_0,,,0.0,0.0,,,,
IDRiD_47_1536_1024,,,,,0.24104460364870525,0.25708651712454805,,
IDRiD_47_1536_1536,,,,,0.0,0.0,,
IDRiD_47_1536_3072,0.6978411778141054,0.7816131237117087,,,,,,
IDRiD_47_1536_512,,,0.0,0.0,,,,
IDRiD_47_2048_0,,,,,0.0,0.0,,
IDRiD_47_2048_1536,0.21234729851428755,0.7088122604976019,,,,,,
IDRiD_47_2048_2048,0.0,0.0,,,,,,
IDRiD_47_2048_2560,0.0,0.0,0.0,0.0,,,,
IDRiD_47_2048_512,,,,,0.4807809639731067,0.6735042733891446,,
IDRiD_47_512_0,,,,,0.0,0.0,,
IDRiD_47_512_1024,,,0.0,0.0,,,,
IDRiD_47_512_1536,,,0.0,0.0,,,,
IDRiD_47_512_2048,,,,,0.5401090342573966,0.5539137379970482,,
IDRiD_47_512_2560,,,,,0.5257142856955103,0.557575757533517,,
IDRiD_47_512_512,,,0.0,0.0,0.35284903073520957,0.386198028273202,,
IDRiD_48_0_1536,,,0.0,0.0,,,,
IDRiD_48_0_2048,0.6024921024894591,0.6200668292186393,0.0,0.0,0.0,0.0,,
IDRiD_48_0_2560,0.2678331089994729,0.22460496611460443,0.0,0.0,0.5560205831865795,0.6124546553716377,,
IDRiD_48_0_3072,,,0.0,0.0,,,,
IDRiD_48_1024_0,0.10117548278544972,0.33565459605353004,0.0,0.0,,,,
IDRiD_48_1024_1024,0.0,0.0,0.0,0.0,0.0,0.0,0.7789698634899495,0.9836977474198176
IDRiD_48_1024_1536,0.05262403211892297,0.146331738431167,,,0.0,0.0,,
IDRiD_48_1024_2048,0.09833630421844848,0.27336007550408964,0.0,0.0,0.7548915917454065,0.741269635197439,,
IDRiD_48_1024_2560,0.36513610117225365,0.25836575874481066,0.0,0.0,0.6580401309464149,0.7621644897355099,,
IDRiD_48_1024_3072,0.2411849710965232,0.18935783979816928,0.0,0.0,0.6097862568414898,0.6713341112320584,,
IDRiD_48_1024_512,0.0,0.0,,,,,,
IDRiD_48_1536_1024,,,,,0.33172572866081224,0.25968483256303865,0.6731391585669749,0.9704510108487383
IDRiD_48_1536_1536,0.5447247706265848,0.6879073134911001,0.0,0.0,0.5426187489759976,0.5181751900816677,,
IDRiD_48_1536_2048,,,,,0.4994659070656068,0.42067776277987196,,
IDRiD_48_1536_2560,0.7822265624809027,0.8317757008913927,0.0,0.0,0.6073009937998479,0.6501769762318802,,
IDRiD_48_1536_3072,0.40074211502676715,0.3270037631371296,0.0,0.0,0.22626262623977145,0.16208393630071144,0.8007510729570775,0.8219162995504193
IDRiD_48_1536_512,0.0,0.0,0.0,0.0,0.7195896433629803,0.8905683191722752,,
IDRiD_48_2048_1024,,,0.0,0.0,0.7566182749657282,0.6487990626640656,0.7890817010471844,0.8617324115424014
IDRiD_48_2048_1536,,,,,0.4095796676241652,0.5811373092120475,,
IDRiD_48_2048_2048,0.0,0.0,0.0,0.0,0.4747348720999771,0.6465590483732745,,
IDRiD_48_2048_2560,0.4528112449770782,0.5353115726923544,0.0,0.0,0.6675070910599589,0.8959390862186176,,
IDRiD_48_2048_3072,0.4147692307437065,0.37569676695923115,0.0,0.0,,,,
IDRiD_48_2048_512,0.7571061474584757,0.6710231254356306,,,0.38882421418747287,0.38479262669855663,,
IDRiD_48_512_1024,0.0,0.0,0.0,0.0,0.0,0.0,0.0,0.0
IDRiD_48_512_1536,0.363584637258504,0.22241559344857587,0.0,0.0,0.5185941969652923,0.8861731842956583,0.6047692163049392,0.5898533007298908
IDRiD_48_512_2048,0.0,0.0,0.0,0.0,0.5874989970288554,0.6775238271428007,,
IDRiD_48_512_2560,0.6488904925107383,0.5538651062485133,0.0,0.0,0.08716707021490257,0.05082694634728411,,
IDRiD_48_512_3072,0.5166857261615897,0.44686207515830134,0.0,0.0,0.0,0.0,,
IDRiD_48_512_512,,,0.0,0.0,,,,
IDRiD_49_0_1024,0.2226684515791462,0.14100028256171235,0.0,0.0,0.33973361009618175,0.30252618606584947,,
IDRiD_49_0_1536,0.0,0.0,0.0,0.0,0.46080892607767915,0.5522313220699945,0.0,0.0
IDRiD_49_0_2048,0.0,0.0,0.0,0.0,0.0,0.0,,
IDRiD_49_0_2560,0.40167114293041867,0.36796063420623504,0.0,0.0,0.0,0.0,,
IDRiD_49_0_3072,0.6354238456018118,0.601827676200925,0.0,0.0,0.0,0.0,,
IDRiD_49_0_512,0.0,0.0,,,0.34855545197124366,0.32807017538104033,,
IDRiD_49_1024_1024,0.44296577944662713,0.49156118138274674,0.0,0.0,0.530032573288521,0.5295220243646281,,
IDRiD_49_1024_1536,0.0,0.0,0.0,0.0,0.47890475609162514,0.47684828843234006,,
IDRiD_49_1024_2048,,,0.0,0.0,0.4008268176471571,0.3230479501619144,,
IDRiD_49_1024_2560,,,,,0.3721639011112062,0.48307692305568894,,
IDRiD_49_1024_3072,,,0.0,0.0,0.0,0.0,,
IDRiD_49_1024_512,0.6119373388734496,0.5566378066177259,,,0.5421326193058581,0.5069219440278804,,
IDRiD_49_1536_1024,0.601600966619539,0.9052727272644975,0.0,0.0,0.7727476467836135,0.68142292488323,,
IDRiD_49_1536_1536,,,,,0.67932452786369,0.7848274938902224,,
IDRiD_49_1536_2048,,,,,0.0,0.0,,
IDRiD_49_1536_512,0.4341361123439401,0.44421326397341726,0.0,0.0,0.33999570169052235,0.2936154417114471,,
IDRiD_49_2048_1024,0.7780958190569278,0.7833522297733999,0.0,0.0,0.8048351099948643,0.8079149504597353,,
IDRiD_49_2048_1536,0.3133012820387299,0.28008595986532336,0.0,0.0,0.6046816737998734,0.572802197798451,,
IDRiD_49_2048_2048,0.3558445396725899,0.6518678938466774,0.0,0.0,0.0,0.0,,
IDRiD_49_2048_2560,,,0.0,0.0,,,,
IDRiD_49_2048_3072,0.5227619402714391,0.8054104867264945,0.0,0.0,0.0,0.0,,
IDRiD_49_2048_512,0.4559415535939177,0.5873991547987938,0.0,0.0,0.6004751329840405,0.7513408723699428,,
IDRiD_49_512_0,,,,,0.0,0.0,,
IDRiD_49_512_1024,0.6205782164372134,0.6278535450215681,,,0.18614029502084112,0.32278248066533743,0.7473825627704359,0.7641625615727351
IDRiD_49_512_1536,0.6808724654542833,0.667410482612001,0.0,0.0,0.518560063147298,0.8247381809745127,0.0,0.0
IDRiD_49_512_2048,,,,,0.45810735465326113,0.44610069101237804,,
IDRiD_49_512_3072,0.560716074107657,0.8963378026636715,0.0,0.0,,,,
IDRiD_49_512_512,0.49487418452474485,0.4205607476568896,0.0,0.0,0.0,0.0,,
IDRiD_50_0_1024,,,,,0.0,0.0,,
IDRiD_50_0_1536,,,,,0.16714350248204873,0.12330593201236824,,
IDRiD_50_0_2048,,,,,0.5150083194641264,0.4808002982418193,,
IDRiD_50_0_2560,,,,,,,0.6281790793784482,0.9482813326182096
IDRiD_50_0_512,,,,,0.07595659622855636,0.04265554842711176,,
IDRiD_50_1024_1024,0.4095953368410537,0.8493723848977512,,,0.0,0.0,,
IDRiD_50_1024_1536,0.46879990536186905,0.4465352112625742,0.0,0.0,0.3128968253937212,0.23314606741228347,0.7432484567829547,0.591404451257231
IDRiD_50_1024_2048,,,,,0.41263993197658155,0.44869029274426225,,
IDRiD_50_1024_2560,0.7425306122327751,0.6441926345426574,,,0.5351873273671824,0.4747047491394811,,
IDRiD_50_1024_3072,0.0,0.0,,,,,,
IDRiD_50_1536_0,,,0.0,0.0,,,,
IDRiD_50_1536_1024,0.0,0.0,,,0.0,0.0,,
IDRiD_50_1536_1536,,,,,0.555590593745933,0.5827899064333106,,
IDRiD_50_1536_2048,,,,,0.4773731845826695,0.5791624105935055,,
IDRiD_50_1536_2560,0.0,0.0,0.0,0.0,0.6877155744183622,0.6517475483951252,,
IDRiD_50_1536_3072,0.10586930593621985,0.9999999999920942,0.0,0.0,,,0.9230553215356534,0.9803892327120991
IDRiD_50_1536_512,0.0,0.0,,,0.0,0.0,,
IDRiD_50_2048_1024,0.0,0.0,0.0,0.0,0.0,0.0,,
IDRiD_50_2048_1536,,,,,0.0,0.0,,
IDRiD_50_2048_2048,,,,,0.0,0.0,,
IDRiD_50_2048_2560,,,,,0.0,0.0,,
IDRiD_50_2048_512,,,,,0.0,0.0,,
IDRiD_50_512_1536,,,0.0,0.0,0.5215665144754514,0.49045333333071756,,
IDRiD_50_512_2048,,,0.0,0.0,0.4424128180940508,0.505546580500748,,
IDRiD_50_512_2560,0.6386554621732069,0.7074059085104247,0.0,0.0,0.0,0.0,0.7696070777997939,0.9999999999864756
IDRiD_51_0_1024,,,0.0,0.0,0.0,0.0,,
IDRiD_51_0_1536,0.43114035086773816,0.27481129437308327,0.0,0.0,,,,
IDRiD_51_0_2048,0.0,0.0,0.0,0.0,,,0.7003965106946805,0.8482520168709854
IDRiD_51_0_3072,,,0.0,0.0,,,,
IDRiD_51_1024_1024,,,0.0,0.0,0.0,0.0,,
IDRiD_51_1024_1536,0.5931523022292055,0.5181518151601423,0.0,0.0,0.24043892205712086,0.14630793401270317,0.6481832773873022,0.6513196480747414
IDRiD_51_1024_2048,,,,,0.0,0.0,,
IDRiD_51_1024_3072,0.5230748500941651,0.45499296764586267,,,,,,
IDRiD_51_1024_3584,0.5703310773681147,0.43408046776508313,,,,,,
IDRiD_51_1024_512,0.0,0.0,0.0,0.0,0.31375131717184207,0.3063271604859484,0.8513078937743218,0.8901136993837346
IDRiD_51_1536_0,,,0.0,0.0,,,,
IDRiD_51_1536_1024,,,0.0,0.0,,,,
IDRiD_51_1536_1536,,,0.0,0.0,0.0,0.0,0.4508401859054194,0.30167464114110826
IDRiD_51_1536_512,,,0.0,0.0,,,,
IDRiD_51_2048_1024,0.45139903359674455,0.37587723401912715,0.0,0.0,,,,
IDRiD_51_2048_1536,0.0,0.0,0.0,0.0,0.0,0.0,0.9105354492025538,0.9775094271818212
IDRiD_51_2048_2048,,,,,,,0.13485840789532857,0.4796587926351818
IDRiD_51_2048_2560,,,0.0,0.0,,,,
IDRiD_51_2048_512,0.0,0.0,0.0,0.0,0.0,0.0,0.6670562112851054,0.5919319713720633
IDRiD_51_512_1024,,,0.0,0.0,,,,
IDRiD_51_512_1536,,,,,0.0,0.0,,
IDRiD_51_512_2048,,,0.0,0.0,,,,
IDRiD_52_0_2560,,,0.0,0.0,,,,
IDRiD_52_1024_0,,,,,0.5953757225089378,0.6453634084404307,,
IDRiD_52_1024_2560,0.3539473683977666,0.3217703348897404,0.0,0.0,,,,
IDRiD_52_1024_3072,,,0.0,0.0,,,,
IDRiD_52_1536_2048,,,0.0,0.0,0.0,0.0,,
IDRiD_52_1536_2560,,,0.0,0.0,,,,
IDRiD_52_1536_3072,0.0,0.0,0.0,0.0,,,,
IDRiD_52_2048_2048,0.0,0.0,0.0,0.0,,,,
IDRiD_52_2048_2560,,,0.0,0.0,,,,
IDRiD_52_2048_3072,,,0.0,0.0,,,0.7429482071653948,0.8474822759344214
IDRiD_52_512_0,0.0,0.0,,,,,,
IDRiD_52_512_2048,,,0.0,0.0,0.0,0.0,,
IDRiD_52_512_2560,,,0.0,0.0,,,0.759965892125773,0.8390209460852196
IDRiD_52_512_512,0.013425725421969993,0.05363321798380048,0.0,0.0,,,,
IDRiD_53_0_1024,0.6040851129777757,0.6565290648638876,0.0,0.0,,,,
IDRiD_53_0_1536,,,0.0,0.0,,,,
IDRiD_53_0_2048,,,0.0,0.0,,,,
IDRiD_53_0_2560,,,0.0,0.0,,,,
IDRiD_53_0_3072,,,0.0,0.0,,,,
IDRiD_53_0_512,0.49708425497187725,0.5537634408478099,0.0,0.0,,,,
IDRiD_53_1024_1536,,,,,0.0,0.0,,
IDRiD_53_1024_2048,0.2656206220155332,0.19676214195945363,0.0,0.0,0.3156971132726533,0.27913110938279084,,
IDRiD_53_1024_2560,0.56142546109622,0.5563436167019326,0.0,0.0,,,,
IDRiD_53_1024_3072,0.7349597649732407,0.630414140671752,0.0,0.0,0.0,0.0,,
IDRiD_53_1536_1536,0.0,0.0,,,,,,
IDRiD_53_1536_2048,0.6778073320187474,0.8079680176342988,0.0,0.0,0.0,0.0,,
IDRiD_53_1536_2560,0.47499999999513315,0.6946359004886234,0.0,0.0,0.0,0.0,,
IDRiD_53_1536_3072,0.7260928474597013,0.8194109125894188,0.0,0.0,0.0,0.0,0.8830380737942496,0.9999999999889159
IDRiD_53_1536_3584,0.8614583333183775,0.8404471544430743,,,,,,
IDRiD_53_1536_512,,,0.0,0.0,,,,
IDRiD_53_2048_1024,0.31071428568654336,0.2676923076511243,0.0,0.0,0.0,0.0,,
IDRiD_53_2048_1536,0.0,0.0,0.0,0.0,,,,
IDRiD_53_2048_2048,0.0,0.0,0.0,0.0,0.0,0.0,,
IDRiD_53_2048_2560,0.45407467973687454,0.34897360702350344,0.0,0.0,0.0,0.0,,
IDRiD_53_2048_3072,0.0,0.0,0.0,0.0,,,,
IDRiD_53_2048_512,,,0.0,0.0,,,,
IDRiD_53_512_0,,,0.0,0.0,,,,
IDRiD_53_512_1536,,,0.0,0.0,,,,
IDRiD_53_512_2560,0.6047849511432527,0.48709274104223654,0.0,0.0,,,,
IDRiD_53_512_3072,,,,,0.0,0.0,,
IDRiD_53_512_512,0.0,0.0,0.0,0.0,,,,
IDRiD_54_0_1536,,,0.0,0.0,,,,
IDRiD_54_0_2048,,,0.0,0.0,,,,
IDRiD_54_0_2560,0.550644202169462,0.4181216134732655,0.0,0.0,0.6264811952494165,0.7435792906341795,,
IDRiD_54_0_3072,0.0,0.0,0.0,0.0,,,,
IDRiD_54_1024_0,0.0,0.0,0.0,0.0,,,,
IDRiD_54_1024_1024,,,0.0,0.0,,,,
IDRiD_54_1024_1536,,,0.0,0.0,,,,
IDRiD_54_1024_2048,0.5740830115760849,0.4506535328575364,0.0,0.0,0.2866556836430551,0.20092378748246562,,
IDRiD_54_1024_2560,0.3114992721941836,0.3390546606723249,0.0,0.0,0.4230878589586839,0.6486486485920968,,
IDRiD_54_1024_3072,0.25535598354781747,0.27101515846251656,0.0,0.0,0.3673469386922116,0.2604501606879581,,
IDRiD_54_1024_3584,0.40318752118678897,0.3946232990244068,0.0,0.0,,,,
IDRiD_54_1024_512,0.0,0.0,,,,,,
IDRiD_54_1536_0,0.0,0.0,0.0,0.0,,,,
IDRiD_54_1536_1536,,,0.0,0.0,,,,
IDRiD_54_1536_2048,,,0.0,0.0,,,,
IDRiD_54_1536_2560,0.0,0.0,0.0,0.0,0.0,0.0,,
IDRiD_54_1536_512,0.2615328732197046,0.15043877976805523,0.0,0.0,,,,
IDRiD_54_2048_0,,,,,,,0.8191625525540471,0.9341117597608795
IDRiD_54_2048_1024,,,,,,,0.2398086996114791,0.6299730780547421
IDRiD_54_2048_1536,,,0.0,0.0,,,,
IDRiD_54_2048_2048,0.0,0.0,0.0,0.0,,,,
IDRiD_54_2048_2560,0.4098842910294198,0.6584751102294596,0.0,0.0,,,,
IDRiD_54_2048_3072,0.7079762689052091,0.5513347022021217,0.0,0.0,,,,
IDRiD_54_2048_512,,,,,,,0.7475814911195168,0.895309882738737
IDRiD_54_512_0,0.0,0.0,,,,,,
IDRiD_54_512_1024,,,0.0,0.0,,,,
IDRiD_54_512_1536,,,0.0,0.0,0.0,0.0,,
IDRiD_54_512_2048,,,0.0,0.0,,,,
IDRiD_54_512_2560,0.41410155221765194,0.863885839689139,0.0,0.0,0.5280345039995067,0.5961047994297217,,
IDRiD_54_512_3072,0.679162342019176,0.6063447072865328,0.0,0.0,,,,
IDRiD_54_512_512,0.13115916341257855,0.14835605451897704,,,,,,
IDRiD_55_0_1024,,,,,0.0,0.0,,
IDRiD_55_0_1536,,,,,0.577309456209995,0.6424058323129719,,
IDRiD_55_0_2048,,,0.0,0.0,0.6213332685235343,0.5943369908843484,,
IDRiD_55_1024_1024,,,0.0,0.0,0.6114536550693678,0.5809546769499472,,
IDRiD_55_1024_1536,0.0,0.0,0.0,0.0,0.6590218830302751,0.5653539098764649,,
IDRiD_55_1024_2048,,,0.0,0.0,0.7600077752491167,0.8375820658532485,,
IDRiD_55_1024_2560,,,0.0,0.0,0.6897138498242712,0.8253867939966169,,
IDRiD_55_1536_1024,,,0.0,0.0,0.3457342657310421,0.2584692597203615,,
IDRiD_55_1536_1536,,,0.0,0.0,0.4392857142841454,0.46665149100488157,,
IDRiD_55_1536_2048,0.4270406229527373,0.6191427714994591,0.0,0.0,0.4224614489362714,0.4014218009446965,0.0,0.0
IDRiD_55_1536_2560,0.6041217448983991,0.4567514186272792,0.0,0.0,0.653030017177558,0.6768834911472275,0.0,0.0
IDRiD_55_1536_3072,,,,,0.5036588442971572,0.4601198708870392,,
IDRiD_55_1536_512,,,,,0.5448309651864365,0.5270142179595246,,
IDRiD_55_2048_1024,,,,,0.49258160233734555,0.5896980460764302,,
IDRiD_55_2048_1536,,,0.0,0.0,0.0,0.0,,
IDRiD_55_2048_2048,,,0.0,0.0,0.5821377794973366,0.6040772532107822,,
IDRiD_55_2048_2560,,,,,0.641150217500025,0.7700502103353911,,
IDRiD_55_512_1024,0.0,0.0,0.0,0.0,0.5848050937788689,0.6219893362731446,,
IDRiD_55_512_1536,0.0,0.0,0.0,0.0,0.7542198101778355,0.8758076094749205,,
IDRiD_55_512_2048,0.8812567501218642,0.8961619872980228,0.0,0.0,0.6402416379878683,0.6859416445605148,,
IDRiD_55_512_2560,,,,,0.0,0.0,,
IDRiD_56_0_1024,,,0.0,0.0,,,,
IDRiD_56_0_1536,,,0.0,0.0,,,,
IDRiD_56_0_2048,0.0,0.0,0.0,0.0,,,,
IDRiD_56_0_2560,0.7607257203830451,0.6413697362315764,,,,,,
IDRiD_56_0_3072,0.6388727637308624,0.5020320145931655,,,,,0.7736794465624011,0.9879871202072821
IDRiD_56_0_512,,,0.0,0.0,,,,
IDRiD_56_1024_0,0.0,0.0,,,,,,
IDRiD_56_1024_1024,,,0.0,0.0,,,,
IDRiD_56_1024_1536,,,0.0,0.0,,,,
IDRiD_56_1024_2048,,,,,0.4479487644224038,0.6995659558275228,,
IDRiD_56_1024_2560,0.0,0.0,0.0,0.0,0.14811205846167816,0.581261950175667,,
IDRiD_56_1024_3072,0.1133155046948609,0.07903869512338157,0.0,0.0,,,,
IDRiD_56_1536_1024,0.0,0.0,,,,,,
IDRiD_56_1536_1536,,,0.0,0.0,,,,
IDRiD_56_1536_2048,0.11935615877697887,0.08502575065508672,,,0.21000704720894972,0.18860759492477167,,
IDRiD_56_1536_2560,0.27893175073724147,0.23959218351063177,0.0,0.0,,,0.0,0.0
IDRiD_56_1536_512,0.6032225578901506,0.5199652777552098,,,,,,
IDRiD_56_2048_1024,0.802964324236341,0.743966538344892,,,0.0,0.0,,
IDRiD_56_2048_1536,,,0.0,0.0,,,,
IDRiD_56_2048_2048,0.6679468032098147,0.5320040783898039,0.0,0.0,,,,
IDRiD_56_2048_2560,0.6805975206825725,0.5573489963899854,,,,,0.7208291056622639,0.982030015778396
IDRiD_56_2048_3072,,,0.0,0.0,,,,
IDRiD_56_2048_512,0.0,0.0,,,,,,
IDRiD_56_512_1024,0.623256961866549,0.9999999999868004,0.0,0.0,,,,
IDRiD_56_512_1536,,,0.0,0.0,0.4136363635893595,0.48793565670564726,,
IDRiD_56_512_2048,,,,,0.43420932148673,0.6190600522031577,,
IDRiD_56_512_2560,0.5250268318834763,0.43458245840385573,0.0,0.0,,,,
IDRiD_56_512_3072,0.07732328668750157,0.04340819820683444,0.0,0.0,0.0,0.0,0.9029974344789302,0.9502426354934711
IDRiD_57_0_1024,,,,,0.0,0.0,,
IDRiD_57_0_1536,0.0,0.0,,,0.0,0.0,,
IDRiD_57_0_2048,,,,,0.0,0.0,,
IDRiD_57_0_512,,,,,0.0,0.0,,
IDRiD_57_1024_0,,,,,0.0,0.0,,
IDRiD_57_1024_1024,,,0.0,0.0,0.27493010251310657,0.1815663948271801,,
IDRiD_57_1024_1536,,,0.0,0.0,0.0,0.0,,
IDRiD_57_1024_2048,,,,,0.03526448361832129,0.018229166661919486,,
IDRiD_57_1024_512,,,,,0.0,0.0,,
IDRiD_57_1536_0,0.0,0.0,,,0.0,0.0,,
IDRiD_57_1536_1024,,,,,0.20704190428704386,0.1238504894671633,,
IDRiD_57_1536_1536,,,,,0.48378191855618047,0.3789189189086779,,
IDRiD_57_1536_2048,,,,,0.0,0.0,,
IDRiD_57_1536_512,,,0.0,0.0,0.0,0.0,,
IDRiD_57_2048_1024,,,,,0.0,0.0,,
IDRiD_57_2048_1536,,,,,0.0,0.0,,
IDRiD_57_2048_512,,,0.0,0.0,0.0,0.0,,
IDRiD_57_512_0,,,,,0.0,0.0,,
IDRiD_57_512_1024,,,0.0,0.0,0.0,0.0,,
IDRiD_57_512_1536,0.0,0.0,,,0.0,0.0,,
IDRiD_57_512_512,,,0.0,0.0,0.0,0.0,,
IDRiD_58_0_1536,0.0,0.0,0.0,0.0,,,,
IDRiD_58_0_2048,,,0.0,0.0,0.458066689117059,0.5395754810446425,,
IDRiD_58_0_2560,,,0.0,0.0,0.6504488850086751,0.9258037921742948,,
IDRiD_58_0_3072,,,0.0,0.0,,,,
IDRiD_58_0_512,,,0.0,0.0,,,,
IDRiD_58_1024_0,,,,,0.6694713736844802,0.7293742526612446,,
IDRiD_58_1024_1024,,,0.0,0.0,,,,
IDRiD_58_1024_1536,0.756013745692096,0.7160570365556089,0.0,0.0,0.5339130434716284,0.5630075975749802,,
IDRiD_58_1024_2048,,,,,0.5124117513036619,0.4859611230996553,,
IDRiD_58_1024_2560,0.0,0.0,0.0,0.0,0.40591639871121593,0.9222676796925112,,
IDRiD_58_1024_3584,,,,,0.0,0.0,,
IDRiD_58_1536_0,,,,,0.7233664938549186,0.7196357215805256,,
IDRiD_58_1536_1536,0.0,0.0,,,,,,
IDRiD_58_1536_2048,0.0,0.0,,,0.0,0.0,,
IDRiD_58_1536_2560,0.6963925610549839,0.6400768861080519,0.0,0.0,,,,
IDRiD_58_1536_3072,0.5524833257750924,0.7526464361193959,,,,,,
IDRiD_58_1536_512,,,0.0,0.0,0.47465753423844764,0.4411203055238345,,
IDRiD_58_2048_1024,,,,,0.0,0.0,,
IDRiD_58_2048_1536,0.0875796178320706,0.10122699385882042,,,,,,
IDRiD_58_2048_2048,,,0.0,0.0,,,,
IDRiD_58_2048_2560,0.5851838029373916,0.4687593422879295,,,,,,
IDRiD_58_2048_3072,0.6047534466666264,0.45921644186950267,,,0.5458920591205925,0.5643212508750457,,
IDRiD_58_512_1024,0.17615222468993247,0.10322494491484793,,,,,,
IDRiD_58_512_1536,0.6478132193144422,0.6310057654944903,0.0,0.0,0.5931199999984184,0.6263940520410815,,
IDRiD_58_512_2048,,,,,0.38482514471422846,0.38440217910365665,,
IDRiD_58_512_2560,0.8419996991383342,0.9067933902051323,0.0,0.0,0.0,0.0,,
IDRiD_58_512_3072,,,0.0,0.0,0.03486924034435003,0.025641025636329483,,
IDRiD_58_512_512,0.6902871105628414,0.7533333333207778,,,,,,
IDRiD_59_0_1024,,,0.0,0.0,,,,
IDRiD_59_0_1536,0.7351628368264576,0.7030830039414533,0.0,0.0,0.0,0.0,0.7832139659785514,0.9906579096308987
IDRiD_59_0_2048,,,,,,,0.9368353486096546,0.9238375474700659
IDRiD_59_1024_1024,0.6438928483498675,0.7746895327750035,0.0,0.0,0.33420914344013614,0.5273631839921454,0.0,0.0
IDRiD_59_1024_1536,,,0.0,0.0,0.6360388768023708,0.6695659481462685,,
IDRiD_59_1024_2048,0.3507059800628041,0.3092840139112015,,,0.5023569881497568,0.46111565898455664,,
IDRiD_59_1024_512,0.0,0.0,0.0,0.0,,,,
IDRiD_59_1536_0,,,0.0,0.0,,,,
IDRiD_59_1536_1024,0.0,0.0,,,0.4003239850116399,0.47524038460396056,,
IDRiD_59_1536_1536,,,0.0,0.0,0.48946109148633093,0.7304880122303947,,
IDRiD_59_1536_2048,0.0,0.0,0.0,0.0,0.6237387148085005,0.7187882496720077,,
IDRiD_59_1536_2560,,,,,0.0,0.0,,
IDRiD_59_1536_3072,,,,,0.0,0.0,,
IDRiD_59_1536_512,0.8292103600737101,0.7368751964757854,0.0,0.0,,,,
IDRiD_59_2048_1024,0.37426538818049004,0.2893813775464065,,,,,,
IDRiD_59_2048_1536,,,0.0,0.0,,,,
IDRiD_59_2048_2048,0.0,0.0,0.0,0.0,,,0.0,0.0
IDRiD_59_2048_2560,,,,,0.41405684754093997,0.41358661985518097,0.855287664241797,0.9621710054218817
IDRiD_59_2048_3072,,,,,0.46709247430836714,0.40805434254555956,,
IDRiD_59_2048_512,,,0.0,0.0,,,,
IDRiD_59_512_1024,0.4991948470188728,0.7855750487227345,0.0,0.0,0.40987237632728746,0.47046004841475886,0.9391127047732974,0.918120454762901
IDRiD_59_512_1536,0.7267312612695493,0.7750044730651726,0.0,0.0,0.5025257840441419,0.5284417883990237,0.0,0.0
IDRiD_59_512_512,0.0,0.0,0.0,0.0,,,0.5902580853562932,0.9991493498481084
IDRiD_60_0_1536,,,0.0,0.0,,,,
IDRiD_60_0_512,,,,,,,0.6945632254017324,0.685559240256691
IDRiD_60_1024_0,,,,,0.06944867499026962,0.05167724387798381,,
IDRiD_60_1024_1024,,,,,0.15886903174095027,0.8567318756699234,,
IDRiD_60_1024_1536,0.0,0.0,0.0,0.0,0.5524403619394281,0.70279933722244,,
IDRiD_60_1024_2048,0.0,0.0,0.0,0.0,0.0,0.0,0.842205065680046,0.9670295489590349
IDRiD_60_1024_2560,0.7401567708769251,0.9991486256263785,0.0,0.0,0.0,0.0,0.24712643677371884,0.14098360655224104
IDRiD_60_1024_3072,,,,,0.0,0.0,,
IDRiD_60_1536_1024,,,0.0,0.0,0.012630971408261598,0.628729281698483,,
IDRiD_60_1536_1536,0.0,0.0,,,0.37757306948279795,0.4481641468561511,,
IDRiD_60_1536_2048,,,0.0,0.0,0.4212678936389945,0.5464190980707667,,
IDRiD_60_1536_2560,0.49683608898761306,0.42081604424547664,0.0,0.0,0.3808859060382234,0.5001410039410584,,
IDRiD_60_1536_3072,,,0.0,0.0,,,,
IDRiD_60_1536_512,,,,,0.28930817607788456,0.2552011095346462,,
IDRiD_60_2048_0,,,,,0.0,0.0,,
IDRiD_60_2048_1024,0.27279073013719407,0.6303225806044953,,,0.4756770310902979,0.5035169210284869,,
IDRiD_60_2048_1536,,,0.0,0.0,,,,
IDRiD_60_2048_2048,,,0.0,0.0,0.2772398745378614,0.27633546282076477,0.0,0.0
IDRiD_60_2048_2560,0.6648030963916421,0.6001663893477528,0.0,0.0,0.4949570414550811,0.5581297388138952,0.8852783419234357,0.9311496960019108
IDRiD_60_2048_512,0.0,0.0,0.0,0.0,0.0,0.0,,
IDRiD_60_512_0,,,,,0.0,0.0,,
IDRiD_60_512_1024,,,0.0,0.0,,,,
IDRiD_60_512_1536,,,0.0,0.0,0.5151853229141542,0.5506094329477846,,
IDRiD_60_512_2048,0.22586359609274298,0.23287671230749982,0.0,0.0,,,0.9624428789009842,0.9586553506189434
IDRiD_60_512_2560,0.0,0.0,,,0.0,0.0,0.9530808141136873,0.961506007148465
IDRiD_60_512_3072,,,,,,,0.8372705230284914,0.9813251055378155
IDRiD_61_0_1024,0.6451814156040386,0.48364940209771506,,,,,,
IDRiD_61_0_1536,0.4057106328562122,0.2936329588002043,0.0,0.0,,,,
IDRiD_61_0_2048,0.7276595744644846,0.6879034521406314,0.0,0.0,,,,
IDRiD_61_0_2560,,,0.0,0.0,,,,
IDRiD_61_0_512,0.6910879335184196,0.5279865250047681,,,,,,
IDRiD_61_1024_0,0.45476746934047224,0.32487900048653107,0.0,0.0,,,,
IDRiD_61_1024_1024,0.6828338937913224,0.5990334273044723,0.0,0.0,0.29904559911993156,0.263059701443459,,
IDRiD_61_1024_1536,0.7020363887347664,0.6203380968924682,0.0,0.0,0.5459622992760252,0.5098226703710899,,
IDRiD_61_1024_2048,0.31237183867695245,0.36501597441173994,0.0,0.0,0.4974119114406148,0.5211028354825414,,
IDRiD_61_1024_2560,0.6498911075525442,0.6542342437495153,0.0,0.0,,,,
IDRiD_61_1024_3072,0.5941756693143688,0.53062080534687,0.0,0.0,,,,
IDRiD_61_1536_0,0.0,0.0,,,,,,
IDRiD_61_1536_1024,0.40290425793252643,0.39341504445101144,,,0.0,0.0,,
IDRiD_61_1536_1536,0.0,0.0,0.0,0.0,0.0,0.0,,
IDRiD_61_1536_2048,0.0,0.0,0.0,0.0,0.5018454075687976,0.5653361843601171,,
IDRiD_61_1536_2560,0.0,0.0,0.0,0.0,,,,
IDRiD_61_1536_512,0.6235703843825273,0.5036463397676634,0.0,0.0,,,,
IDRiD_61_2048_1024,0.7533739157017888,0.6324407210214922,,,,,,
IDRiD_61_2048_1536,0.5337939833379437,0.3990499933892392,,,,,,
IDRiD_61_2048_2048,0.5333807229110425,0.41363263422335567,,,,,,
IDRiD_61_2048_2560,0.6176975169272338,0.6888530862885021,0.0,0.0,,,,
IDRiD_61_2048_512,0.28406142328409534,0.18131465341646624,,,,,,
IDRiD_61_512_0,0.5048041389478154,0.4118001722617416,,,,,,
IDRiD_61_512_1024,0.3710683426471645,0.2393101412187194,,,0.0,0.0,,
IDRiD_61_512_1536,0.49293268423537706,0.472120393591407,0.0,0.0,0.6623963827934289,0.6256227757561834,,
IDRiD_61_512_2048,0.5533115604431184,0.4550050356435652,0.0,0.0,0.41556811047032116,0.36736958932478525,,
IDRiD_61_512_2560,0.6940399103541204,0.6032056350167423,0.0,0.0,,,,
IDRiD_61_512_3072,0.0,0.0,,,,,,
IDRiD_61_512_512,0.8067714376099389,0.9622594036925257,,,,,,
IDRiD_62_0_1024,0.8684516879980798,0.9026620058912971,0.0,0.0,0.0,0.0,,
IDRiD_62_0_1536,,,,,0.0,0.0,,
IDRiD_62_0_512,0.2845598845516722,0.16588156123264194,,,0.19972131908036594,0.2016885553281718,,
IDRiD_62_1024_0,,,0.0,0.0,,,,
IDRiD_62_1024_2048,,,0.0,0.0,,,,
IDRiD_62_1024_2560,,,,,0.0,0.0,,
IDRiD_62_1024_3072,0.5004084490547274,0.5181246979091801,0.0,0.0,,,,
IDRiD_62_1536_0,,,0.0,0.0,,,,
IDRiD_62_1536_1024,,,0.0,0.0,,,,
IDRiD_62_1536_2560,,,,,0.6790799561837412,0.7032468453040799,,
IDRiD_62_1536_3072,,,0.0,0.0,,,,
IDRiD_62_2048_2048,,,,,0.5120736868245945,0.530428055685136,,
IDRiD_62_2048_2560,,,,,0.5425927091847833,0.6052533008680342,,
IDRiD_62_2048_512,,,,,0.0,0.0,,
IDRiD_62_512_1536,,,0.0,0.0,0.2761904761575964,0.17682926826572726,,
IDRiD_62_512_512,,,,,0.0,0.0,,
IDRiD_63_0_1024,,,,,0.6156746566063769,0.6124307912017783,,
IDRiD_63_0_1536,,,,,0.28499791056654833,0.18343195265778828,,
IDRiD_63_0_2560,0.2587624404963487,0.33766233764327147,0.0,0.0,,,,
IDRiD_63_0_3072,,,0.0,0.0,,,,
IDRiD_63_1024_1024,,,,,0.7212230215768376,0.7439703153863388,,
IDRiD_63_1024_1536,,,,,0.7341723136460108,0.8309411635714808,,
IDRiD_63_1024_3072,0.0,0.0,,,,,,
IDRiD_63_1024_3584,0.0,0.0,,,,,,
IDRiD_63_1024_512,0.8331871985879746,0.7654047523003342,,,,,,
IDRiD_63_1536_1536,,,0.0,0.0,0.500614099717499,0.9999999999018646,,
IDRiD_63_1536_2048,,,,,0.0,0.0,,
IDRiD_63_1536_2560,,,,,0.0,0.0,,
IDRiD_63_1536_3072,,,,,0.24539512774077854,0.19713603817674769,,
IDRiD_63_1536_512,0.0,0.0,,,,,,
IDRiD_63_2048_1536,,,,,0.0,0.0,,
IDRiD_63_2048_2048,,,,,0.32510811497519443,0.22202918692765708,,
IDRiD_63_512_1024,,,,,0.6804657733621292,0.7324547255853073,,
IDRiD_63_512_1536,,,,,0.7042834122385117,0.7014706248271793,,
IDRiD_64_0_1024,,,0.0,0.0,0.0,0.0,0.8761950059432195,0.8835491606672251
IDRiD_64_0_1536,0.6267593244166663,0.5079127459330773,0.0,0.0,0.3949755757015012,0.5031111110663901,,
IDRiD_64_0_2048,0.19129737316640671,0.18075028419171088,,,0.6413705302760949,0.8562666272475888,,
IDRiD_64_0_2560,,,,,0.7099999999726924,0.705118410946897,,
IDRiD_64_0_3072,,,,,0.0652528548017532,0.03846153845414201,,
IDRiD_64_0_512,,,0.0,0.0,0.0,0.0,,
IDRiD_64_1024_1536,,,0.0,0.0,0.0,0.0,,
IDRiD_64_1024_2048,,,0.0,0.0,0.0,0.0,,
IDRiD_64_1024_2560,,,0.0,0.0,0.4650809166912942,0.45045234588206967,,
IDRiD_64_1024_3072,,,0.0,0.0,0.33964550825117945,0.3139176701116237,,
IDRiD_64_1536_0,,,0.0,0.0,,,,
IDRiD_64_1536_2048,0.0,0.0,0.0,0.0,0.0,0.0,,
IDRiD_64_1536_2560,0.0,0.0,,,0.0,0.0,,
IDRiD_64_1536_3072,,,0.0,0.0,0.6938110748620675,0.5859697385713935,,
IDRiD_64_2048_1536,,,0.0,0.0,0.5779220779139198,0.7238330975698787,,
IDRiD_64_2048_2560,0.6265322800241551,0.5465779467550719,0.0,0.0,0.0,0.0,0.8387373845797762,0.9106108039638272
IDRiD_64_2048_3072,0.0,0.0,0.0,0.0,0.0,0.0,,
IDRiD_64_512_1024,,,0.0,0.0,,,,
IDRiD_64_512_1536,,,,,0.43967345207570147,0.44866385372229073,,
IDRiD_64_512_2048,,,0.0,0.0,0.4024279689393306,0.4506134698521439,,
IDRiD_64_512_2560,,,0.0,0.0,0.5787827330362071,0.5104839981001027,,
IDRiD_64_512_3072,,,0.0,0.0,0.0,0.0,,
IDRiD_65_0_1024,,,0.0,0.0,0.0,0.0,,
IDRiD_65_0_1536,,,0.0,0.0,,,,
IDRiD_65_0_2048,0.6242121277847379,0.999999999930362,0.0,0.0,0.02286978974463778,0.011693700489939883,,
IDRiD_65_0_2560,0.772334293929579,0.7559943582155151,0.0,0.0,0.7591145833086226,0.6928104574751747,,
IDRiD_65_0_3072,0.33242968484695984,0.32174483436137274,0.0,0.0,0.0,0.0,,
IDRiD_65_0_3584,0.37674919266002427,0.34179687496662137,0.0,0.0,,,,
IDRiD_65_0_512,,,0.0,0.0,0.0,0.0,,
IDRiD_65_1024_1024,,,0.0,0.0,0.07756813416919749,0.04842931936961478,,
IDRiD_65_1024_1536,0.3020740552194672,0.3887979036885425,0.0,0.0,0.0,0.0,,
IDRiD_65_1024_2048,0.6228600201331462,0.6214518964928045,0.0,0.0,0.7511924079245926,0.7543824996259227,,
IDRiD_65_1024_2560,0.587077032238294,0.6306812767924661,0.0,0.0,0.13885057470625975,0.13006029283978807,,
IDRiD_65_1024_3072,0.4812164579498834,0.5385385385115846,0.0,0.0,0.4281690140744561,0.41777370589016155,,
IDRiD_65_1024_3584,0.6073809892959576,0.8731609451432644,0.0,0.0,,,,
IDRiD_65_1536_1024,,,0.0,0.0,0.510354875632112,0.48069006076297416,,
IDRiD_65_1536_1536,,,0.0,0.0,0.0,0.0,,
IDRiD_65_1536_2048,0.594039054440183,0.7467700257433114,0.0,0.0,0.3939962476473922,0.30355594101464134,,
IDRiD_65_1536_2560,,,0.0,0.0,0.0,0.0,,
IDRiD_65_1536_3072,0.4485473798412016,0.8276553105383111,0.0,0.0,0.0,0.0,,
IDRiD_65_1536_3584,0.5665529010063124,0.9175879396062726,0.0,0.0,,,,
IDRiD_65_1536_512,,,,,0.0,0.0,,
IDRiD_65_2048_1536,,,0.0,0.0,,,,
IDRiD_65_2048_2048,,,,,0.0,0.0,,
IDRiD_65_2048_2560,0.6702928870236795,0.9116776689981407,,,,,,
IDRiD_65_2048_3072,,,0.0,0.0,0.0,0.0,,
IDRiD_65_512_1024,,,0.0,0.0,,,,
IDRiD_65_512_1536,,,,,0.6651076923035993,0.6681503461836282,,
IDRiD_65_512_2048,0.0,0.0,,,0.5122502378656503,0.49392201834295957,,
IDRiD_65_512_2560,0.0,0.0,0.0,0.0,0.40098643649485416,0.3709505703365635,,
IDRiD_65_512_3072,,,0.0,0.0,0.0,0.0,,
IDRiD_65_512_3584,0.8200972447135889,0.7333333333029676,0.0,0.0,,,,
IDRiD_66_0_1024,,,0.0,0.0,0.5885575167287195,0.5623727827693408,,
IDRiD_66_0_1536,,,0.0,0.0,0.27310138420908964,0.21483225426300115,,
IDRiD_66_0_2048,,,0.0,0.0,0.0,0.0,,
IDRiD_66_0_2560,,,,,0.0,0.0,,
IDRiD_66_0_512,,,0.0,0.0,,,,
IDRiD_66_1024_0,,,,,0.044594594593088024,0.02674230145758743,,
IDRiD_66_1024_1024,,,0.0,0.0,0.8654006919918528,0.9206714944036305,,
IDRiD_66_1024_1536,0.0,0.0,0.0,0.0,0.7085649598724281,0.65234869351354,,
IDRiD_66_1024_2048,,,0.0,0.0,0.762635278928882,0.8368435615064613,,
IDRiD_66_1024_2560,,,,,0.5309292496829383,0.4251868131849442,,
IDRiD_66_1024_512,0.5238623751241992,0.4312471447952834,0.0,0.0,0.5870679137813171,0.5858766233671124,,
IDRiD_66_1536_1024,0.34883720929039547,0.222416048834609,0.0,0.0,0.7597071135192569,0.7188978431193189,,
IDRiD_66_1536_1536,,,0.0,0.0,0.8049362002734889,0.9685638172717093,,
IDRiD_66_1536_2048,,,,,0.7452570447154712,0.7333948982423798,,
IDRiD_66_1536_2560,,,0.0,0.0,0.465619694387402,0.6194240541716869,,
IDRiD_66_1536_512,,,,,0.7010953912577856,0.5768163144432554,,
IDRiD_66_2048_1024,,,,,0.7078013342036267,0.679397290465942,,
IDRiD_66_2048_1536,,,,,0.61463184180126,0.5679805413460897,,
IDRiD_66_2048_512,,,,,0.39406583215604707,0.2740167633607984,,
IDRiD_66_512_0,,,,,0.0,0.0,,
IDRiD_66_512_1024,0.0,0.0,0.0,0.0,0.6210735171255001,0.5973804214616658,,
IDRiD_66_512_1536,,,0.0,0.0,0.7931903898644358,0.9138179373910948,,
IDRiD_66_512_2048,,,0.0,0.0,0.7263882046583799,0.6963349019199239,,
IDRiD_66_512_2560,,,,,0.45171661499079435,0.36959789552105227,,
IDRiD_66_512_512,,,,,0.42844636002135866,0.3390896492875057,,
IDRiD_67_0_1024,0.8548671519019736,0.9005473201250476,0.0,0.0,0.0,0.0,,
IDRiD_67_0_1536,0.5020772562494291,0.4414050357407304,0.0,0.0,0.0,0.0,0.6966405149851724,0.9892872446722661
IDRiD_67_0_2048,0.5516525217295049,0.8008263232308463,0.0,0.0,,,,
IDRiD_67_0_512,,,0.0,0.0,,,,
IDRiD_67_1024_1024,0.5622387366443635,0.6891545687381235,0.0,0.0,,,,
IDRiD_67_1024_1536,0.4900302877303759,0.3749155160724639,,,0.0,0.0,,
IDRiD_67_1024_2048,0.0,0.0,0.0,0.0,,,,
IDRiD_67_1024_2560,,,0.0,0.0,0.0,0.0,,
IDRiD_67_1024_512,0.4575393154472478,0.32818720693475983,0.0,0.0,,,,
IDRiD_67_1536_1024,0.5295306275588618,0.5812420785731148,,,0.3708570594193188,0.465371931093244,,
IDRiD_67_1536_1536,0.0,0.0,0.0,0.0,0.5509899613104635,0.8290845445488997,,
IDRiD_67_1536_2048,0.0,0.0,0.0,0.0,0.7715877437057247,0.7542545949112147,,
IDRiD_67_1536_2560,0.4541615973630991,0.5262023217159834,,,0.0,0.0,,
IDRiD_67_1536_512,0.0,0.0,0.0,0.0,,,,
IDRiD_67_2048_1024,0.6281577420025409,0.5073772514161985,0.0,0.0,0.0,0.0,,
IDRiD_67_2048_1536,0.6605682516059715,0.6942991098682184,,,0.0,0.0,,
IDRiD_67_2048_2048,0.0,0.0,0.0,0.0,,,,
IDRiD_67_2048_2560,0.11618257260446617,0.06724303553628788,,,,,,
IDRiD_67_2048_512,0.5948295074593846,0.458118777884344,,,,,,
IDRiD_67_512_1024,0.6048012516471676,0.4812106123046665,0.0,0.0,0.0111420612803025,0.00831024930632822,,
IDRiD_67_512_1536,0.4495815532249688,0.5104997341771598,0.0,0.0,0.0,0.0,,
IDRiD_67_512_2048,0.6159802306408128,0.9176961466013441,0.0,0.0,,,,
IDRiD_67_512_2560,,,0.0,0.0,,,,
IDRiD_67_512_512,0.5729705077487612,0.7120725486357062,0.0,0.0,0.0,0.0,,
IDRiD_68_0_1536,,,0.0,0.0,,,,
IDRiD_68_0_2560,0.7370263028340514,0.7771883289035036,,,,,,
IDRiD_68_1024_0,0.8858074759250977,0.8570546000987526,,,,,,
IDRiD_68_1024_1536,0.0,0.0,0.0,0.0,,,,
IDRiD_68_1024_2048,0.0,0.0,0.0,0.0,0.0,0.0,,
IDRiD_68_1024_2560,0.0,0.0,,,0.5919999999912297,0.9532442747636811,,
IDRiD_68_1024_3072,0.5033680954019092,0.4312585499279133,0.0,0.0,,,,
IDRiD_68_1024_512,0.0,0.0,,,,,,
IDRiD_68_1536_0,0.3221080476125643,0.21640464798211614,,,,,,
IDRiD_68_1536_1536,0.25427104077007506,0.15008661222376832,,,,,,
IDRiD_68_1536_2048,0.6719143576806964,0.6142131979663289,,,,,,
IDRiD_68_1536_2560,0.4624495997888725,0.43472197228622744,,,0.16782140107129248,0.09159663865161359,,
IDRiD_68_1536_3072,0.0,0.0,,,,,,
IDRiD_68_1536_512,0.6625107798431378,0.6715955639890518,,,,,,
IDRiD_68_2048_0,0.0,0.0,,,,,,
IDRiD_68_2048_1536,,,0.0,0.0,0.0,0.0,,
IDRiD_68_2048_2048,0.6260491837726813,0.849682400818342,0.0,0.0,0.0,0.0,,
IDRiD_68_2048_2560,,,,,0.0,0.0,0.6759929308888922,0.9653065561525591
IDRiD_68_2048_512,0.8301035934456567,0.8919422607722556,,,,,,
IDRiD_68_512_1536,,,0.0,0.0,,,,
IDRiD_68_512_2048,0.49391919876315404,0.44811095169469073,0.0,0.0,0.5907019792090605,0.6674979887315567,0.32239232496362036,0.9186831084118346
IDRiD_68_512_2560,0.6690692087085597,0.8461236891027528,0.0,0.0,0.0,0.0,,
IDRiD_68_512_3072,0.08850408850383809,0.4774114773969044,0.0,0.0,,,,
IDRiD_69_0_1024,0.46500465004510544,0.31810532364520744,,,,,,
IDRiD_69_0_1536,0.7976128406067382,0.8361868882222137,,,,,,
IDRiD_69_0_2048,0.7345237216825259,0.6403988420672859,0.0,0.0,0.7816052654050728,0.9241342137116012,,
IDRiD_69_0_2560,0.5129725722377336,0.3793859648706814,0.0,0.0,0.6028602859622816,0.8130563795806954,,
IDRiD_69_0_3072,0.28385850018635533,0.7755940158176711,,,,,,
IDRiD_69_0_512,0.4210852713047726,0.3378109452568253,0.0,0.0,,,,
IDRiD_69_1024_1024,,,0.0,0.0,0.0,0.0,,
IDRiD_69_1024_1536,0.5938320209945921,0.6909904013886236,0.0,0.0,0.32944606413785366,0.40009236452586067,,
IDRiD_69_1024_2048,0.47991254440666925,0.5764937622986104,0.0,0.0,0.5176736125084935,0.7296069075127288,,
IDRiD_69_1024_2560,0.4516106564497593,0.4101720647747332,0.0,0.0,0.4676995030556066,0.5177993527172945,,
IDRiD_69_1024_3072,0.5880093876554724,0.4183363691433414,,,0.0,0.0,,
IDRiD_69_1536_0,0.2471078204420589,0.23524229072817246,0.0,0.0,,,,
IDRiD_69_1536_1536,,,0.0,0.0,0.14132891366368347,0.2561441834922914,,
IDRiD_69_1536_2048,0.38418267891738134,0.2609123231692192,0.0,0.0,0.47415204677808004,0.7419472913344822,,
IDRiD_69_1536_2560,0.42830994508473536,0.7205278592164068,,,,,,
IDRiD_69_1536_3072,,,0.0,0.0,,,,
IDRiD_69_2048_1024,0.543593456865538,0.4164187383368644,,,,,,
IDRiD_69_2048_1536,0.5331873228542474,0.4471648370636028,,,0.0,0.0,,
IDRiD_69_2048_2048,0.5723004973929963,0.7211706537445879,0.0,0.0,0.0,0.0,,
IDRiD_69_2048_2560,,,0.0,0.0,,,,
IDRiD_69_2048_3072,,,0.0,0.0,,,,
IDRiD_69_512_1024,0.3698866909857905,0.7465116278491076,0.0,0.0,0.0,0.0,,
IDRiD_69_512_1536,0.5886532696726029,0.635122184939264,0.0,0.0,0.17843326885448663,0.19669509593834247,,
IDRiD_69_512_2048,0.7193360584647112,0.8123321396552577,0.0,0.0,0.0,0.0,,
IDRiD_69_512_2560,0.5565658395198095,0.5207076526772811,0.0,0.0,0.0,0.0,,
IDRiD_69_512_3072,0.3109361329820169,0.7450733752464346,,,0.0,0.0,,
IDRiD_69_512_512,,,0.0,0.0,,,,
IDRiD_70_0_1536,0.7290279128883557,0.9436265013377834,,,0.0,0.0,,
IDRiD_70_1024_1024,0.0,0.0,0.0,0.0,0.0,0.0,0.0,0.0
IDRiD_70_1024_1536,0.7111953721251167,0.660198555955487,0.0,0.0,0.0,0.0,,
IDRiD_70_1024_2048,0.6059238917163012,0.6301509587794747,0.0,0.0,0.0,0.0,,
IDRiD_70_1024_512,0.3440553745858295,0.5115012106227904,0.0,0.0,,,0.8691875615239181,0.8015593292705245
IDRiD_70_1536_0,,,0.0,0.0,,,,
IDRiD_70_1536_1024,0.0,0.0,,,0.0,0.0,,
IDRiD_70_1536_1536,0.7078655279381125,0.7871523084528196,0.0,0.0,,,,
IDRiD_70_1536_2048,0.663996439667824,0.5043948613587292,0.0,0.0,0.0,0.0,,
IDRiD_70_1536_512,,,0.0,0.0,,,,
IDRiD_70_2048_512,,,0.0,0.0,,,,
IDRiD_70_512_0,0.8448900027612116,0.7332044465571192,,,,,,
IDRiD_70_512_1024,,,0.0,0.0,,,,
IDRiD_70_512_1536,0.6915350107241489,0.6012889001899322,0.0,0.0,0.0,0.0,,
IDRiD_70_512_2048,,,,,0.0,0.0,,
IDRiD_70_512_512,0.3414278503710312,0.6090436174347931,0.0,0.0,,,0.0,0.0
IDRiD_71_0_1024,0.0,0.0,0.0,0.0,0.2890410958706136,0.4489361701172476,,
IDRiD_71_0_1536,,,0.0,0.0,,,,
IDRiD_71_0_2048,,,0.0,0.0,0.0,0.0,,
IDRiD_71_0_2560,0.4883748470355332,0.3690710578105777,,,,,,
IDRiD_71_0_512,,,0.0,0.0,0.36861538460404264,0.4028244787893191,,
IDRiD_71_1024_0,0.0,0.0,0.0,0.0,0.11038961037766347,0.08082408873521013,,
IDRiD_71_1024_1024,0.0,0.0,0.0,0.0,0.6457074340519836,0.7556902697068404,0.0,0.0
IDRiD_71_1024_1536,,,0.0,0.0,0.5502700303301388,0.6002743926995378,,
IDRiD_71_1024_2048,,,0.0,0.0,0.0,0.0,,
IDRiD_71_1024_512,,,0.0,0.0,0.4566669774076111,0.4558029898861373,0.0,0.0
IDRiD_71_1536_0,0.0,0.0,,,0.0,0.0,,
IDRiD_71_1536_1024,0.5379572848353882,0.4200792602343124,0.0,0.0,0.7398389644407162,0.9204665281979222,,
IDRiD_71_1536_1536,,,0.0,0.0,0.6261252446168637,0.7391706133721891,,
IDRiD_71_1536_2048,,,0.0,0.0,0.5028086530387067,0.600828334752916,,
IDRiD_71_1536_2560,,,,,0.0,0.0,,
IDRiD_71_1536_3072,,,0.0,0.0,,,,
IDRiD_71_1536_512,0.0,0.0,0.0,0.0,0.7042442239437384,0.9258492227833897,,
IDRiD_71_2048_0,,,,,0.0,0.0,,
IDRiD_71_2048_1024,0.0,0.0,0.0,0.0,0.4527124803021104,0.4143025308980912,,
IDRiD_71_2048_1536,,,,,0.4055389926235464,0.4716240875869377,,
IDRiD_71_2048_2048,,,0.0,0.0,0.5188408663805814,0.567994802938848,,
IDRiD_71_2048_3072,0.3969252271113847,0.8582417582181802,,,,,,
IDRiD_71_2048_512,0.7663770838044993,0.7782546494621719,0.0,0.0,0.48369210697189025,0.5556388160151503,,
IDRiD_71_512_0,,,,,0.0,0.0,,
IDRiD_71_512_1024,0.2904987258792561,0.1703914590723076,0.0,0.0,0.5803368440561391,0.5748690136908275,,
IDRiD_71_512_1536,0.0,0.0,0.0,0.0,0.5609732640865505,0.6771534710857074,,
IDRiD_71_512_2048,0.0,0.0,0.0,0.0,0.0,0.0,,
IDRiD_71_512_512,0.16030293467844506,0.29304874530449815,0.0,0.0,0.4100079428084987,0.42555647155110377,0.0,0.0
IDRiD_72_0_1024,,,0.0,0.0,,,,
IDRiD_72_0_1536,,,0.0,0.0,0.0,0.0,,
IDRiD_72_0_2048,0.0,0.0,0.0,0.0,0.20545277506302567,0.14285714284747073,,
IDRiD_72_0_2560,,,0.0,0.0,0.0,0.0,0.13917702040271757,0.0759375583053925
IDRiD_72_0_3072,,,0.0,0.0,0.0,0.0,,
IDRiD_72_0_512,,,0.0,0.0,,,,
IDRiD_72_1024_0,,,,,0.0,0.0,,
IDRiD_72_1024_2048,0.0,0.0,,,0.4833256256077112,0.43253931757166797,,
IDRiD_72_1024_2560,0.6682564917770502,0.6046511627762011,,,0.8201763754514046,0.8157207890694038,,
IDRiD_72_1024_3072,0.0,0.0,0.0,0.0,0.5650004890876944,0.611734801935782,,
IDRiD_72_1024_512,,,,,0.0,0.0,,
IDRiD_72_1536_1024,,,0.0,0.0,0.44245628303828827,0.6779661016780169,,
IDRiD_72_1536_1536,,,0.0,0.0,0.5639125601865909,0.5674869499949674,,
IDRiD_72_1536_2048,,,0.0,0.0,0.7852385518418502,0.8108108108064714,,
IDRiD_72_1536_2560,,,,,0.695571375474318,0.6525144159832305,,
IDRiD_72_1536_3072,0.2387060791835635,0.15922619046434328,0.0,0.0,0.7501792019529692,0.8124263247151823,,
IDRiD_72_2048_1024,,,,,0.0,0.0,,
IDRiD_72_2048_1536,0.11491806767152761,0.38243626056906005,,,0.34305317322714185,0.3127443314845391,,
IDRiD_72_2048_2048,0.0,0.0,0.0,0.0,,,,
IDRiD_72_2048_2560,,,0.0,0.0,0.0,0.0,,
IDRiD_72_2048_3072,,,0.0,0.0,0.0,0.0,,
IDRiD_72_512_0,,,,,0.5826163688442243,0.6397771317674473,,
IDRiD_72_512_1536,,,,,0.12322274881151592,0.09171075837338137,,
IDRiD_72_512_2048,0.562079784824649,0.6141038197243777,0.0,0.0,0.5454595623726016,0.6060829040924326,,
IDRiD_72_512_2560,,,0.0,0.0,0.0,0.0,,
IDRiD_72_512_3072,,,,,0.3423180592838132,0.37207031246366495,,
IDRiD_72_512_512,,,0.0,0.0,0.3829623205128364,0.38953146441110503,,
IDRiD_73_0_1024,,,0.0,0.0,,,,
IDRiD_73_0_1536,,,0.0,0.0,0.0,0.0,,
IDRiD_73_1024_1024,,,0.0,0.0,,,,
IDRiD_73_1024_1536,,,0.0,0.0,0.5776255707689292,0.8483606557060969,,
IDRiD_73_1024_2048,,,0.0,0.0,0.27278958188671765,0.2879884225342998,,
IDRiD_73_1024_2560,,,0.0,0.0,,,,
IDRiD_73_1536_1024,0.8699110016987318,0.8035214552145111,0.0,0.0,0.3643013898915764,0.4143094841585433,0.8959497206679846,0.9044029931628651
IDRiD_73_1536_1536,0.35926222934467905,0.5720122573763017,0.0,0.0,0.36687306500128203,0.4651619234087182,,
IDRiD_73_1536_2048,,,0.0,0.0,0.0,0.0,,
IDRiD_73_1536_2560,,,0.0,0.0,,,,
IDRiD_73_1536_3072,0.0,0.0,,,,,,
IDRiD_73_1536_512,0.380106571913552,0.2891891891631361,,,,,,
IDRiD_73_2048_1024,,,,,,,0.6832757769935058,0.5212645840978072
IDRiD_73_2048_1536,,,0.0,0.0,,,,
IDRiD_73_2048_2048,0.0,0.0,0.0,0.0,,,,
IDRiD_73_2048_2560,0.5899832254901751,0.5449313855567745,0.0,0.0,,,0.6794251018316853,0.7899910634353889
IDRiD_73_2048_3072,0.6771939631031498,0.6860135900242637,0.0,0.0,,,,
IDRiD_73_512_1024,,,0.0,0.0,,,,
IDRiD_73_512_1536,0.4472106961527335,0.6811797751852275,0.0,0.0,0.43266085059388415,0.5272425248994271,,
IDRiD_73_512_2048,0.0,0.0,0.0,0.0,0.0,0.0,,
IDRiD_73_512_2560,0.6019417475403483,0.5114573785049076,,,,,,
IDRiD_74_0_2048,0.0,0.0,0.0,0.0,0.0,0.0,,
IDRiD_74_0_2560,,,0.0,0.0,0.0,0.0,,
IDRiD_74_0_3072,,,0.0,0.0,,,,
IDRiD_74_0_512,,,0.0,0.0,,,,
IDRiD_74_1024_1024,,,0.0,0.0,,,,
IDRiD_74_1024_1536,,,0.0,0.0,,,0.48437742887856067,0.3373024464133221
IDRiD_74_1024_2048,0.0,0.0,0.0,0.0,0.2214386459646376,0.3738095237205215,0.0,0.0
IDRiD_74_1024_2560,0.6320833950860526,0.6811115843198348,0.0,0.0,0.4600764181399032,0.4874403155389778,,
IDRiD_74_1024_3072,0.4494784726349792,0.6711952792552327,0.0,0.0,0.40663408854721406,0.48464525236552614,,
IDRiD_74_1536_0,,,0.0,0.0,,,,
IDRiD_74_1536_1024,,,0.0,0.0,,,,
IDRiD_74_1536_2048,,,0.0,0.0,0.5196688699190164,0.6542252383154916,,
IDRiD_74_1536_2560,0.5515951852252449,0.4289349327478286,0.0,0.0,0.0,0.0,,
IDRiD_74_1536_3072,0.4772792226323105,0.4164173149768959,0.0,0.0,0.0,0.0,,
IDRiD_74_2048_1536,0.27701674276489696,0.6431095405792305,0.0,0.0,,,,
IDRiD_74_2048_2048,0.5991972477035589,0.6144649157133039,0.0,0.0,,,,
IDRiD_74_2048_2560,0.6821182589789314,0.5747170719933796,0.0,0.0,0.37585034010409435,0.424184260955051,,
IDRiD_74_2048_3072,0.8459003682720314,0.7978062156929504,0.0,0.0,,,,
IDRiD_74_2048_512,,,0.0,0.0,,,,
IDRiD_74_512_1024,,,0.0,0.0,,,,
IDRiD_74_512_1536,,,0.0,0.0,,,,
IDRiD_74_512_2048,0.0,0.0,0.0,0.0,0.0,0.0,,
IDRiD_74_512_2560,0.46753827242744955,0.36287944491998475,0.0,0.0,0.29461417793161565,0.3018983465967254,,
IDRiD_74_512_3072,,,0.0,0.0,,,,
IDRiD_74_512_512,,,0.0,0.0,,,,
IDRiD_75_0_1024,0.0,0.0,0.0,0.0,,,,
IDRiD_75_0_1536,0.7665681722216257,0.6638309185121372,0.0,0.0,0.10350235232077876,0.05457552370151182,,
IDRiD_75_0_2048,0.5644431530423625,0.42430104842471106,,,0.5570162029789968,0.39557099433801257,,
IDRiD_75_0_2560,0.4060483127382809,0.34830749762182367,0.0,0.0,,,,
IDRiD_75_0_512,0.5215814290706717,0.6031879194124842,0.0,0.0,,,,
IDRiD_75_1024_0,,,0.0,0.0,0.0,0.0,,
IDRiD_75_1024_1024,0.5606793507440574,0.696581196571894,0.0,0.0,0.0,0.0,,
IDRiD_75_1024_1536,0.0,0.0,0.0,0.0,0.0,0.0,,
IDRiD_75_1024_2048,,,0.0,0.0,0.0,0.0,,
IDRiD_75_1024_512,0.0,0.0,0.0,0.0,,,,
IDRiD_75_1536_0,,,0.0,0.0,,,,
IDRiD_75_1536_1024,0.5566930654711861,0.47762678155526594,0.0,0.0,0.15255187884730498,0.0928961748570426,,
IDRiD_75_1536_1536,,,0.0,0.0,0.0,0.0,,
IDRiD_75_1536_2048,,,0.0,0.0,0.0,0.0,,
IDRiD_75_1536_2560,0.17195638585893494,0.6388028895439214,0.0,0.0,,,,
IDRiD_75_1536_3072,0.3960078008443729,0.36848847138410573,,,,,,
IDRiD_75_1536_512,,,0.0,0.0,,,,
IDRiD_75_2048_1024,0.6533265788529776,0.6521152873647039,0.0,0.0,0.0,0.0,0.6578753136807662,0.5204359672984006
IDRiD_75_2048_1536,0.3104601178106916,0.31041069722029896,0.0,0.0,,,,
IDRiD_75_2048_2048,0.2465277777692178,0.46344647513532033,0.0,0.0,,,,
IDRiD_75_2048_2560,0.6519178736168723,0.6874790197822264,0.0,0.0,,,,
IDRiD_75_2048_3072,0.571891974599385,0.4726353060180257,0.0,0.0,,,,
IDRiD_75_2048_512,0.7028689894957342,0.8432284980609238,0.0,0.0,0.0,0.0,0.0,0.0
IDRiD_75_512_0,,,0.0,0.0,,,,
IDRiD_75_512_1024,0.6596484967378031,0.7117828263243785,0.0,0.0,0.48367636621431465,0.5309010646516372,,
IDRiD_75_512_1536,,,0.0,0.0,0.08927285816491916,0.06553911204381194,,
IDRiD_75_512_2048,0.6886173633351946,0.696772514297325,0.0,0.0,0.5144053188806402,0.7979373567304073,,
IDRiD_75_512_2560,0.7539156258868479,0.7375626840664048,,,,,,
IDRiD_75_512_512,,,0.0,0.0,,,,
IDRiD_76_0_1024,0.22432541280257098,0.12633250169820068,0.0,0.0,,,,
IDRiD_76_0_1536,0.4297987236113983,0.386335221001792,0.0,0.0,,,,
IDRiD_76_0_2560,0.0,0.0,0.0,0.0,,,,
IDRiD_76_0_512,0.2363481228568111,0.1589213998761376,,,,,,
IDRiD_76_1024_0,,,0.0,0.0,,,,
IDRiD_76_1024_1024,0.08794669896925564,0.0676607642112272,0.0,0.0,0.5121648094695677,0.5806744363747579,,
IDRiD_76_1024_1536,,,0.0,0.0,0.7276872064055838,0.6739603326849142,,
IDRiD_76_1024_2048,0.0,0.0,0.0,0.0,0.32979713381109627,0.2948419301066608,,
IDRiD_76_1024_3072,,,0.0,0.0,,,,
IDRiD_76_1024_3584,,,0.0,0.0,,,,
IDRiD_76_1024_512,0.3447568233085906,0.32979976442226544,0.0,0.0,0.32568651824696926,0.4666450777050957,,
IDRiD_76_1536_0,,,0.0,0.0,,,,
IDRiD_76_1536_1024,,,0.0,0.0,0.7747052894483776,0.7922380568182106,,
IDRiD_76_1536_1536,,,0.0,0.0,,,,
IDRiD_76_1536_2048,0.7388059701320241,0.5923709797833818,0.0,0.0,,,,
IDRiD_76_1536_2560,0.9225204644876972,0.9237514296430852,0.0,0.0,,,,
IDRiD_76_1536_3072,,,,,0.0,0.0,,
IDRiD_76_1536_512,0.2627308337978264,0.17919847328073282,0.0,0.0,0.000993377483427262,0.0005253940455249494,,
IDRiD_76_2048_1024,,,0.0,0.0,,,,
IDRiD_76_2048_1536,,,0.0,0.0,,,,
IDRiD_76_2048_2560,,,0.0,0.0,0.0,0.0,,
IDRiD_76_2048_3072,,,0.0,0.0,,,,
IDRiD_76_2048_512,0.5083999706513946,0.40248577070040087,0.0,0.0,,,,
IDRiD_76_512_0,0.7300554811415716,0.792029887887421,0.0,0.0,,,,
IDRiD_76_512_1024,0.5023913495494393,0.5141154773653835,0.0,0.0,0.0036683785765345422,0.0018402649980920037,,
IDRiD_76_512_1536,0.6697392086255649,0.76719031674563,0.0,0.0,,,,
IDRiD_76_512_2048,,,0.0,0.0,,,,
IDRiD_76_512_3072,,,0.0,0.0,,,,
IDRiD_76_512_512,0.3692307692286093,0.655179572334333,0.0,0.0,0.15120274913050152,0.143042912855261,,
IDRiD_77_0_1024,,,0.0,0.0,0.0,0.0,,
IDRiD_77_0_1536,0.0,0.0,0.0,0.0,0.270967741926743,0.23242944104967186,,
IDRiD_77_0_2048,0.6342861341712521,0.7770975873104592,,,0.0,0.0,,
IDRiD_77_0_2560,0.7244950422301708,0.7460857726288019,0.0,0.0,0.0,0.0,,
IDRiD_77_0_3072,,,0.0,0.0,0.0,0.0,,
IDRiD_77_0_512,,,0.0,0.0,,,,
IDRiD_77_1024_0,,,0.0,0.0,,,,
IDRiD_77_1024_1024,,,0.0,0.0,0.0,0.0,,
IDRiD_77_1024_1536,0.0,0.0,0.0,0.0,0.6623677581847296,0.6549765866262082,,
IDRiD_77_1024_2048,0.0,0.0,,,0.26007450050355446,0.18224964403933913,,
IDRiD_77_1024_2560,,,,,0.4819435324699971,0.5518796991651309,,
IDRiD_77_1024_3072,0.43347437705281167,0.9283125251337773,0.0,0.0,0.0,0.0,,
IDRiD_77_1024_3584,,,,,0.0,0.0,,
IDRiD_77_1024_512,,,0.0,0.0,,,,
IDRiD_77_1536_1024,0.3154761904676549,0.27921455937360085,0.0,0.0,0.0,0.0,,
IDRiD_77_1536_1536,,,,,0.3646723646593778,0.3450134770656999,,
IDRiD_77_1536_2048,,,0.0,0.0,0.0,0.0,,
IDRiD_77_1536_512,0.7291602107163839,0.6771223021485306,0.0,0.0,0.3607157954014272,0.311890838199028,,
IDRiD_77_2048_0,,,0.0,0.0,,,,
IDRiD_77_2048_1024,0.0,0.0,0.0,0.0,0.23877667838548713,0.17750759878203637,,
IDRiD_77_2048_1536,,,0.0,0.0,0.23496240600951687,0.14021312394446964,,
IDRiD_77_2048_2048,,,0.0,0.0,0.3725429017044449,0.275623268685336,,
IDRiD_77_2048_512,,,0.0,0.0,0.0,0.0,,
IDRiD_77_512_1024,,,0.0,0.0,0.0,0.0,,
IDRiD_77_512_1536,0.10128388016757191,0.05536062377951811,0.0,0.0,0.2988365506109249,0.20306762998813768,,
IDRiD_77_512_2048,,,,,0.27725612936699756,0.18569307362926288,,
IDRiD_77_512_2560,0.4835164835003824,0.5558958651948012,,,0.23104780299093372,0.16525643239224216,,
IDRiD_77_512_3072,,,0.0,0.0,0.0,0.0,,
IDRiD_77_512_512,0.0,0.0,0.0,0.0,,,,
IDRiD_78_0_1024,,,0.0,0.0,,,,
IDRiD_78_0_1536,,,0.0,0.0,,,,
IDRiD_78_0_2048,0.0,0.0,0.0,0.0,0.0,0.0,,
IDRiD_78_0_2560,0.7109023292090252,0.5660847880122791,0.0,0.0,0.3479121034385083,0.28108231532959144,,
IDRiD_78_0_3072,,,0.0,0.0,0.0,0.0,,
IDRiD_78_0_512,0.05083612039793738,0.02608098833039938,,,,,,
IDRiD_78_1024_0,,,0.0,0.0,,,,
IDRiD_78_1024_1024,,,,,0.0,0.0,,
IDRiD_78_1024_1536,,,,,0.0,0.0,,
IDRiD_78_1024_2048,0.2826037535671964,0.16496122202186617,0.0,0.0,0.5471736896141092,0.4758670003490192,,
IDRiD_78_1024_2560,0.4227111691178192,0.28015323776223244,0.0,0.0,0.523377953052507,0.5893756939056335,,
IDRiD_78_1024_3072,,,0.0,0.0,,,,
IDRiD_78_1024_512,,,0.0,0.0,,,,
IDRiD_78_1536_1536,,,0.0,0.0,,,,
IDRiD_78_1536_2048,0.3273912210019668,0.19573687829026504,0.0,0.0,0.46981402001516986,0.49132256131111174,,
IDRiD_78_1536_2560,0.0,0.0,0.0,0.0,0.0,0.0,,
IDRiD_78_1536_3072,,,0.0,0.0,0.0,0.0,,
IDRiD_78_2048_1024,,,0.0,0.0,,,,
IDRiD_78_2048_2048,,,0.0,0.0,,,,
IDRiD_78_2048_2560,0.0,0.0,0.0,0.0,,,,
IDRiD_78_2048_3072,0.0,0.0,,,0.0,0.0,,
IDRiD_78_2048_512,,,0.0,0.0,0.0,0.0,,
IDRiD_78_512_0,,,0.0,0.0,,,,
IDRiD_78_512_1536,,,0.0,0.0,,,,
IDRiD_78_512_2048,,,0.0,0.0,0.7006841709340175,0.7845111093254812,,
IDRiD_78_512_2560,0.0702224205901196,0.038449006190628465,0.0,0.0,0.5691699604735732,0.622742304755299,,
IDRiD_78_512_3072,,,,,0.04310344827543981,0.10027347310390733,,
IDRiD_78_512_512,,,0.0,0.0,0.0,0.0,,
IDRiD_79_0_1024,,,0.0,0.0,0.0,0.0,,
IDRiD_79_0_1536,0.3881585169735348,0.4549889135154105,0.0,0.0,0.41278538811528814,0.458417849867585,,
IDRiD_79_0_2048,0.6232686980547757,0.46923879039968364,0.0,0.0,,,,
IDRiD_79_0_2560,0.41039543797134526,0.27520060180369105,0.0,0.0,0.33656644033285327,0.5289634145535117,,
IDRiD_79_0_512,0.7861756218167777,0.9752812819472335,0.0,0.0,,,,
IDRiD_79_1024_0,0.7593653301681521,0.6686376811516679,,,,,,
IDRiD_79_1024_1024,0.0,0.0,0.0,0.0,0.4640073966420287,0.47795918366696655,,
IDRiD_79_1024_1536,0.0,0.0,,,0.5716408668695254,0.5757046644976839,,
IDRiD_79_1024_2048,,,0.0,0.0,0.5578755321277221,0.6941606759907408,,
IDRiD_79_1024_2560,0.0,0.0,0.0,0.0,0.7197112535669888,0.7562549530128141,,
IDRiD_79_1024_3072,,,,,0.6578105514251597,0.6025029797317987,,
IDRiD_79_1536_0,,,,,0.36934366081595305,0.490259740233211,,
IDRiD_79_1536_1024,0.0,0.0,0.0,0.0,0.4276845251683678,0.3907563025045901,,
IDRiD_79_1536_1536,0.3659016393202687,0.2239165328873261,0.0,0.0,0.6471235893190078,0.7767086516589853,,
IDRiD_79_1536_2048,,,0.0,0.0,0.6664994762997823,0.6995540691171201,,
IDRiD_79_1536_2560,0.17233294255063503,0.09429121231256282,0.0,0.0,0.9043867729727385,0.8838631565848631,,
IDRiD_79_1536_3072,0.7904455741597247,0.7592273445299494,0.0,0.0,0.6426630037691167,0.624130786476814,,
IDRiD_79_1536_512,,,,,0.0,0.0,,
IDRiD_79_2048_1024,0.0,0.0,0.0,0.0,0.5478142076440367,0.5642589118066543,,
IDRiD_79_2048_1536,,,0.0,0.0,0.5780287474316164,0.6363179706100947,,
IDRiD_79_2048_2048,0.0,0.0,0.0,0.0,0.547849162924523,0.5141117874899211,,
IDRiD_79_2048_2560,0.5193030997340395,0.44931547841363567,,,0.7909581782198151,0.9138605804608946,,
IDRiD_79_2048_3072,0.0,0.0,0.0,0.0,0.528862837043241,0.46734626222055903,,
IDRiD_79_2048_512,0.0,0.0,0.0,0.0,0.4315304947968049,0.6868131866873969,,
IDRiD_79_512_0,0.7165887850383575,0.5775894538497629,,,0.0,0.0,,
IDRiD_79_512_1024,0.0,0.0,0.0,0.0,0.5442646148355508,0.6663057600548656,,
IDRiD_79_512_1536,,,0.0,0.0,0.25705162320041175,0.21221441124314117,,
IDRiD_79_512_2048,0.0,0.0,0.0,0.0,0.4733475479652385,0.47106481479664103,,
IDRiD_79_512_2560,0.7411545623663605,0.6163375919234868,0.0,0.0,0.5447830474257421,0.5566002721738769,,
IDRiD_79_512_3072,0.7392405063083196,0.760416666622661,0.0,0.0,0.6564519491280336,0.6772043010607053,,
IDRiD_79_512_512,,,0.0,0.0,0.0,0.0,,
IDRiD_80_0_2048,0.7952913008752485,0.6941429151872401,,,,,,
IDRiD_80_0_2560,,,0.0,0.0,0.1947194719150628,0.11368015412067821,,
IDRiD_80_0_3072,,,,,0.0,0.0,,
IDRiD_80_1024_2048,,,,,0.0,0.0,,
IDRiD_80_1024_2560,,,,,0.0,0.0,,
IDRiD_80_1536_1536,,,0.0,0.0,,,,
IDRiD_80_1536_2048,,,,,0.0,0.0,,
IDRiD_80_1536_2560,,,,,0.0,0.0,,
IDRiD_80_1536_3072,,,,,0.53378094836199,0.638554216803358,,
IDRiD_80_2048_1536,,,,,0.0,0.0,,
IDRiD_80_2048_2048,,,0.0,0.0,,,,
IDRiD_80_2048_3072,,,0.0,0.0,0.13089802128905662,0.08686868685113763,,
IDRiD_80_512_2560,,,,,0.0,0.0,,
