image,dice_hemorrhages,recall_hemorrhages,dice_microaneurysms,recall_microaneurysms,dice_hard_exudates,recall_hard_exudates,dice_soft_exudates,recall_soft_exudates
IDRiD_01_0_1024,0.7920792079133936,0.9756097560751126,,,,,,
IDRiD_01_0_2048,0.0,0.0,,,,,,
IDRiD_01_0_2560,0.5515937331023341,0.6725955203772993,0.0,0.0,,,,
IDRiD_01_1024_1024,,,,,0.36163421640022925,0.35843087629362763,,
IDRiD_01_1024_1536,,,,,0.30746268655951586,0.21883852690443206,,
IDRiD_01_1024_2048,,,0.0,0.0,0.2344346671055216,0.22563119206693413,,
IDRiD_01_1024_2560,0.0,0.0,0.0,0.0,0.4938847488452478,0.4265081548395902,,
IDRiD_01_1024_512,0.4702067288013698,0.41428571425612243,,,0.0,0.0,,
IDRiD_01_1536_1024,0.8342867603275168,0.8984721537614738,0.0,0.0,0.5446685878831732,0.45688960513872323,,
IDRiD_01_1536_1536,,,,,0.0,0.0,,
IDRiD_01_1536_2048,,,0.0,0.0,0.5834020618541664,0.6232722066158749,,
IDRiD_01_1536_2560,,,,,0.0,0.0,,
IDRiD_01_1536_512,0.0,0.0,0.0,0.0,0.0,0.0,,
IDRiD_01_2048_1024,0.9128795021642802,0.9588037235001108,0.0,0.0,0.5876579114733467,0.6097698981401402,,
IDRiD_01_2048_1536,,,,,0.673265566189511,0.6169011024785918,,
IDRiD_01_2048_2048,,,0.0,0.0,0.5853905030830269,0.5831112690217827,,
IDRiD_01_2048_3072,,,0.0,0.0,,,,
IDRiD_01_512_1024,,,0.0,0.0,0.3125407520036396,0.21310017782415236,,
IDRiD_01_512_1536,0.0,0.0,,,0.437143460802481,0.47033416684541185,,
IDRiD_01_512_2048,0.0,0.0,0.0,0.0,0.33031837915764906,0.3073556640244512,,
IDRiD_01_512_2560,0.586029067014251,0.45653761866643255,,,,,,
IDRiD_02_0_1536,,,,,0.31089743589328395,0.20550847457264287,,
IDRiD_02_0_2048,0.0,0.0,,,0.0,0.0,,
IDRiD_02_0_2560,,,,,0.0,0.0,,
IDRiD_02_0_3072,,,,,0.0,0.0,,
IDRiD_02_1024_1024,,,,,0.0,0.0,,
IDRiD_02_1024_1536,,,,,0.0,0.0,,
IDRiD_02_1024_2048,0.0,0.0,0.0,0.0,0.21745350500456062,0.1550493029555415,,
IDRiD_02_1024_2560,0.0,0.0,0.0,0.0,0.652312748277909,0.645635625900128,,
IDRiD_02_1024_3072,0.0,0.0,0.0,0.0,0.5349332735164861,0.4254370317441057,,
IDRiD_02_1024_512,,,,,0.0,0.0,,
IDRiD_02_1536_1024,,,0.0,0.0,,,,
IDRiD_02_1536_1536,0.0,0.0,0.0,0.0,0.0,0.0,,
IDRiD_02_1536_2048,0.0,0.0,0.0,0.0,0.5174850516304134,0.5878962535781023,,
IDRiD_02_1536_2560,0.0,0.0,0.0,0.0,0.5839786720820448,0.5139090604382605,,
IDRiD_02_1536_3072,0.23921085079410573,0.18327822389309031,0.0,0.0,0.0,0.0,,
IDRiD_02_2048_1024,,,,,0.0,0.0,,
IDRiD_02_2048_1536,0.0,0.0,0.0,0.0,0.0,0.0,,
IDRiD_02_2048_2048,0.0,0.0,0.0,0.0,,,,
IDRiD_02_2048_2560,,,,,0.0,0.0,,
IDRiD_02_2048_3072,,,0.0,0.0,0.0,0.0,,
IDRiD_02_2048_512,,,,,0.5433818872360112,0.7383820997007948,,
IDRiD_02_512_1024,,,0.0,0.0,0.0,0.0,,
IDRiD_02_512_1536,,,0.0,0.0,0.5433574063462183,0.4622933427595942,,
IDRiD_02_512_2048,0.5670222336387737,0.5111214086999277,0.0,0.0,0.6298162014933301,0.5524241700435583,,
IDRiD_02_512_2560,,,0.0,0.0,0.0,0.0,,
IDRiD_02_512_3072,,,,,0.0,0.0,,
IDRiD_03_0_1024,0.0,0.0,,,0.2239255406453894,0.1273746496378893,,
IDRiD_03_0_1536,0.0,0.0,0.0,0.0,0.29460317459693963,0.32417326500586063,,
IDRiD_03_0_2048,0.0,0.0,0.0,0.0,0.20355731224290724,0.1903881700378569,,
IDRiD_03_0_2560,0.6780334381702432,0.6183948306019784,0.0,0.0,0.0,0.0,,
IDRiD_03_0_512,,,,,0.0,0.0,,
IDRiD_03_1024_0,0.0,0.0,,,,,,
IDRiD_03_1024_1024,0.12505427702453087,0.07488299531591872,0.0,0.0,0.4688158853050607,0.35049005559494184,,
IDRiD_03_1024_1536,0.7244937948958263,0.707759060727214,0.0,0.0,0.7577072426851879,0.8147991614809055,,
IDRiD_03_1024_2048,0.0,0.0,0.0,0.0,0.583255560739261,0.5860815879939587,,
IDRiD_03_1024_2560,0.0,0.0,0.0,0.0,0.5811748722626741,0.5476150720735369,,
IDRiD_03_1024_3072,0.47125972902582147,0.38883074873571655,0.0,0.0,0.0,0.0,,
IDRiD_03_1536_1024,0.0,0.0,0.0,0.0,0.37082352940740204,0.2745166347278433,,
IDRiD_03_1536_1536,0.0,0.0,0.0,0.0,0.6341670739727688,0.5259243593792043,,
IDRiD_03_1536_2048,0.3384982121438817,0.20821114368483815,0.0,0.0,0.7424513891749639,0.768787510899289,,
IDRiD_03_1536_2560,0.6567251461964301,0.5184373016301088,0.0,0.0,0.6640013981721851,0.6444048679105949,,
IDRiD_03_1536_3072,,,0.0,0.0,0.0,0.0,,
IDRiD_03_2048_0,,,0.0,0.0,,,,
IDRiD_03_2048_1024,0.6848185228413166,0.6816181197730992,0.0,0.0,0.0,0.0,,
IDRiD_03_2048_1536,0.28412841284043167,0.16693696234604802,,,0.5847014925345863,0.4853647204546588,,
IDRiD_03_2048_2048,,,0.0,0.0,0.5511121096351881,0.4232959447763305,,
IDRiD_03_2048_2560,0.0,0.0,0.0,0.0,0.2502002242471536,0.23120189460535223,,
IDRiD_03_2048_3072,0.6887900226045599,0.8980600988798392,,,,,,
IDRiD_03_512_0,0.0,0.0,0.0,0.0,0.0,0.0,,
IDRiD_03_512_1024,,,0.0,0.0,0.49891696749101383,0.4160144491019859,,
IDRiD_03_512_1536,0.4294074615868799,0.4756888168364794,0.0,0.0,0.30995599559742876,0.2562819783939024,,
IDRiD_03_512_2048,0.0,0.0,0.0,0.0,0.34129227170508436,0.32282448376985945,,
IDRiD_03_512_2560,0.7109207708699321,0.716981132059173,0.0,0.0,0.4184959637415486,0.4643306096721507,,
IDRiD_03_512_3072,0.0,0.0,0.0,0.0,0.19310931517681373,0.11941083639561226,,
IDRiD_03_512_512,0.2023346303460509,0.26645091692198214,0.0,0.0,0.0,0.0,,
IDRiD_04_0_1024,,,,,0.12400245548655602,0.09148550723809007,,
IDRiD_04_1024_0,,,,,0.0,0.0,,
IDRiD_04_1024_1024,0.867283524363109,0.8422746780889948,0.0,0.0,0.0,0.0,,
IDRiD_04_1024_2560,,,,,0.2913096695048158,0.5560747662252161,,
IDRiD_04_1024_3072,,,,,0.0,0.0,,
IDRiD_04_1024_3584,,,,,0.0,0.0,,
IDRiD_04_1536_1024,0.8332820670498824,0.8005319148817889,,,,,,
IDRiD_04_1536_2560,,,0.0,0.0,,,,
IDRiD_04_1536_512,0.7812195121903583,0.6632156537875223,0.0,0.0,0.0,0.0,,
IDRiD_04_2048_512,0.773772245911514,0.6571428571411008,,,,,,
IDRiD_04_512_1024,,,,,0.0,0.0,,
IDRiD_04_512_1536,,,,,0.0,0.0,,
IDRiD_04_512_2560,,,,,0.0,0.0,,
IDRiD_04_512_3072,0.0,0.0,,,0.0,0.0,,
IDRiD_04_512_3584,,,,,0.0,0.0,,
IDRiD_04_512_512,,,,,0.0,0.0,,
IDRiD_05_0_512,0.43376097231014504,0.9999999999377335,0.0,0.0,,,,
IDRiD_05_1024_1024,,,,,0.35771133576728636,0.30784894482954744,,
IDRiD_05_1024_1536,,,0.0,0.0,0.5837026934779458,0.7369780455989248,,
IDRiD_05_1024_2048,0.0,0.0,0.0,0.0,,,,
IDRiD_05_1024_512,,,0.0,0.0,,,,
IDRiD_05_1536_1024,0.0,0.0,0.0,0.0,0.0,0.0,,
IDRiD_05_1536_1536,,,,,0.0,0.0,,
IDRiD_05_1536_512,0.0,0.0,0.0,0.0,,,,
IDRiD_05_2048_1024,,,0.0,0.0,,,,
IDRiD_05_2048_1536,,,0.0,0.0,,,,
IDRiD_05_2048_512,0.7824607824459939,0.753275109142894,,,,,,
IDRiD_05_512_1536,,,0.0,0.0,,,,
IDRiD_06_0_1536,0.16006150835143593,0.30929227443789054,0.0,0.0,,,,
IDRiD_06_0_2048,0.5221638895205561,0.68507426927785,0.0,0.0,,,,
IDRiD_06_0_2560,0.04960406394666661,0.025432817526805075,,,0.0,0.0,,
IDRiD_06_0_3072,,,0.0,0.0,,,,
IDRiD_06_0_512,,,0.0,0.0,0.0,0.0,,
IDRiD_06_1024_1024,,,0.0,0.0,0.7713521732251278,0.756867990526218,,
IDRiD_06_1024_1536,,,,,0.19968644277415887,0.11268392624219888,,
IDRiD_06_1024_512,0.0,0.0,0.0,0.0,,,,
IDRiD_06_1536_0,,,,,0.0,0.0,,
IDRiD_06_1536_1024,0.4284750337237357,0.5108608205542348,,,,,,
IDRiD_06_1536_512,,,0.0,0.0,0.6484848483865933,0.47982062769510747,,
IDRiD_06_2048_512,,,0.0,0.0,,,,
IDRiD_06_512_0,,,0.0,0.0,,,,
IDRiD_06_512_1024,0.0,0.0,0.0,0.0,0.5325356094065578,0.44124067673075656,,
IDRiD_06_512_1536,0.0,0.0,,,0.49481686247145384,0.43761165961036563,,
IDRiD_06_512_2048,0.7550087873196833,0.6144164759373903,0.0,0.0,0.0,0.0,,
IDRiD_06_512_3072,,,0.0,0.0,,,,
IDRiD_06_512_512,0.0,0.0,0.0,0.0,0.2191894127332674,0.17014446227383165,,
IDRiD_07_0_1024,,,0.0,0.0,0.20417422866587231,0.8241758238739282,,
IDRiD_07_0_1536,0.3199645468575235,0.30008312550706223,,,0.0,0.0,,
IDRiD_07_0_2048,0.6457369464426392,0.6914366595405919,0.0,0.0,0.0,0.0,,
IDRiD_07_0_512,0.7051862164738885,0.7756508422070711,,,,,,
IDRiD_07_1024_0,,,,,0.0,0.0,,
IDRiD_07_1024_1024,,,0.0,0.0,0.1860539845728462,0.14146103102512922,,
IDRiD_07_1024_1536,,,,,0.2011703305361194,0.13216957605710372,,
IDRiD_07_1024_2048,0.0,0.0,,,0.3154417836238281,0.4591346152742465,,
IDRiD_07_1024_2560,,,0.0,0.0,,,,
IDRiD_07_1024_512,,,0.0,0.0,0.519969007533141,0.6114976805730369,,
IDRiD_07_1536_0,,,0.0,0.0,0.45430744295656017,0.4883409273522289,,
IDRiD_07_1536_1024,,,,,0.4612628447794035,0.5198872294992388,,
IDRiD_07_1536_1536,,,0.0,0.0,0.7360468854314696,0.845740751262017,,
IDRiD_07_1536_2048,0.21587301586730495,0.12099644127755052,,,0.6218749759682696,0.6748785739310752,,
IDRiD_07_1536_2560,,,0.0,0.0,0.15210375400396864,0.4943846513765841,,
IDRiD_07_1536_512,0.0,0.0,0.0,0.0,0.36412896233096376,0.3024302430106917,,
IDRiD_07_2048_0,,,,,0.0,0.0,,
IDRiD_07_2048_1024,,,,,0.18952618453274545,0.14938574937840857,,
IDRiD_07_2048_1536,,,,,0.4268474127937393,0.4249156586816019,,
IDRiD_07_2048_2048,0.4185174217726852,0.7098610413408696,0.0,0.0,0.4598573728955618,0.42172995779700995,,
IDRiD_07_2048_512,0.8574455686769219,0.9266086558171901,0.0,0.0,0.5303840544417794,0.5667532467385259,,
IDRiD_07_512_0,,,0.0,0.0,0.0,0.0,,
IDRiD_07_512_1024,,,0.0,0.0,,,,
IDRiD_07_512_1536,,,0.0,0.0,0.33575825403828996,0.4291845492948234,,
IDRiD_07_512_2048,0.0,0.0,0.0,0.0,,,,
IDRiD_07_512_2560,0.6660649819374357,0.6055136199341807,,,,,,
IDRiD_07_512_512,,,0.0,0.0,,,,
IDRiD_08_0_1024,0.7111987048587936,0.5735694822823164,,,,,,
IDRiD_08_0_1536,0.667395498390137,0.7344137003698648,0.0,0.0,,,,
IDRiD_08_1024_1024,0.6024187452682991,0.6718179263649391,0.0,0.0,0.4107142857076183,0.5629728526674245,,
IDRiD_08_1024_1536,0.6028343284612414,0.8104448742589856,0.0,0.0,0.0,0.0,0.8564390508934742,0.9289587426253126
IDRiD_08_1024_2048,,,,,0.48504948409936277,0.5218622564508171,,
IDRiD_08_1024_2560,,,,,0.0,0.0,,
IDRiD_08_1024_512,0.651643462025956,0.7389322916426129,,,0.4624183006347052,0.9233278954448079,,
IDRiD_08_1536_1024,,,,,0.0,0.0,,
IDRiD_08_1536_1536,0.5393807713052857,0.40316686965476384,,,0.6845280340606411,0.6968930635712267,,
IDRiD_08_1536_2048,,,,,0.5344262294906745,0.4825340437843378,,
IDRiD_08_512_1024,,,0.0,0.0,,,,
IDRiD_08_512_1536,,,0.0,0.0,0.0,0.0,0.8548679180176065,0.8993588968132372
IDRiD_08_512_2048,,,0.0,0.0,,,0.5389358762660008,0.8806298865666706
IDRiD_08_512_512,,,0.0,0.0,,,,
IDRiD_09_0_1024,0.2871078708205211,0.18056183403176904,,,,,,
IDRiD_09_0_1536,,,0.0,0.0,,,,
IDRiD_09_0_2560,,,0.0,0.0,,,,
IDRiD_09_0_3072,,,0.0,0.0,,,,
IDRiD_09_0_512,0.37865311308286337,0.25361702127227886,,,,,,
IDRiD_09_1024_1024,0.0,0.0,0.0,0.0,0.577792412445427,0.4996339082309647,,
IDRiD_09_1024_1536,0.8131199576721788,0.7307738024399052,,,0.7064680392493747,0.8484506015296237,,
IDRiD_09_1024_2048,0.5029768467419737,0.4623023915593372,0.0,0.0,0.3574495150233944,0.4034458004234845,,
IDRiD_09_1024_2560,,,,,0.023666866387007473,0.5895522387431181,,
IDRiD_09_1024_3072,,,0.0,0.0,,,,
IDRiD_09_1024_3584,,,0.0,0.0,,,,
IDRiD_09_1024_512,0.29877599173722497,0.37366285502125923,0.0,0.0,0.6843110504754152,0.7371652514648127,,
IDRiD_09_1536_1024,0.0,0.0,0.0,0.0,0.511666062535987,0.4970164189596493,,
IDRiD_09_1536_1536,0.5588790083460135,0.6057242990477301,0.0,0.0,0.7654228107120592,0.8273966364112182,,
IDRiD_09_1536_2048,0.4769417475655804,0.5469728601062293,0.0,0.0,0.0,0.0,,
IDRiD_09_1536_2560,,,0.0,0.0,,,,
IDRiD_09_1536_512,,,0.0,0.0,0.7497832957702671,0.721116355426018,,
IDRiD_09_2048_1024,,,,,0.38685078317820637,0.32649156374453836,,
IDRiD_09_2048_1536,0.21874999995117186,0.13725490192233755,0.0,0.0,0.5356793265452827,0.5083604273083681,,
IDRiD_09_2048_2048,0.5158764680183585,0.42815884474988597,0.0,0.0,,,,
IDRiD_09_2048_2560,,,,,0.5422661870259773,0.6971098265090047,,
IDRiD_09_2048_512,,,0.0,0.0,0.0,0.0,,
IDRiD_09_512_0,0.0,0.0,,,,,,
IDRiD_09_512_1024,0.4536661466435067,0.4786043449585406,0.0,0.0,0.5562988787310077,0.4698766414606456,,
IDRiD_09_512_1536,0.0,0.0,0.0,0.0,0.5789229340738977,0.6573537163885314,,
IDRiD_09_512_2048,,,,,0.5226397556695972,0.6336123631476622,,
IDRiD_09_512_3072,,,0.0,0.0,,,,
IDRiD_09_512_512,0.04852507374595483,0.025948418644798892,0.0,0.0,0.3670295489700866,0.8368794324262696,,
IDRiD_10_0_1024,,,,,0.45648965019925,0.3505562292384111,,
IDRiD_10_0_1536,,,0.0,0.0,0.6580946814720833,0.6657116219827053,,
IDRiD_10_0_2048,0.6628450310676678,0.5637957879163829,0.0,0.0,0.7355722537424332,0.7474159871150085,,
IDRiD_10_0_2560,0.4503144654007131,0.5386930352304947,0.0,0.0,0.3469823403775086,0.33221850611920406,,
IDRiD_10_0_3072,,,,,0.12746879922297988,0.07177947598155322,,
IDRiD_10_0_512,,,,,0.0,0.0,,
IDRiD_10_1024_0,,,,,0.0,0.0,,
IDRiD_10_1024_1024,0.0,0.0,0.0,0.0,0.743932864590928,0.6747582801823209,,
IDRiD_10_1024_1536,,,,,0.9521155540325983,0.9919372315059901,,
IDRiD_10_1024_2048,,,0.0,0.0,0.9460801665246522,0.9847293403421548,,
IDRiD_10_1024_2560,0.351871192339635,0.22273027765412776,0.0,0.0,0.602395209579711,0.6328287792387151,,
IDRiD_10_1024_3072,0.4422289478290506,0.885877318053789,0.0,0.0,0.5879588839912483,0.6361614235712725,,
IDRiD_10_1024_512,,,,,0.2781972088750961,0.18870266914813233,,
IDRiD_10_1536_0,,,0.0,0.0,0.3238141929118297,0.24816832612721834,,
IDRiD_10_1536_1024,,,0.0,0.0,0.45587451457985273,0.5020124098565989,,
IDRiD_10_1536_1536,,,0.0,0.0,0.6707357526692252,0.6660737226976774,,
IDRiD_10_1536_2048,0.6052256532018588,0.8598425196656954,0.0,0.0,0.5999201679932665,0.613059979425343,,
IDRiD_10_1536_2560,,,0.0,0.0,0.6309502664284392,0.5904180171171345,,
IDRiD_10_1536_3072,,,0.0,0.0,0.3685784180383643,0.3325159391695676,,
IDRiD_10_1536_512,0.4967514888941967,0.3365120117304876,,,,,,
IDRiD_10_2048_1024,0.0,0.0,0.0,0.0,0.0,0.0,,
IDRiD_10_2048_1536,0.0,0.0,0.0,0.0,0.2259546822971644,0.17437026167340744,,
IDRiD_10_2048_2048,0.5951256376308638,0.8266270118819694,0.0,0.0,0.34339622641128303,0.37539432175745224,,
IDRiD_10_2048_2560,0.2828102312058371,0.1675711449360187,,,0.0,0.0,,
IDRiD_10_2048_3072,0.0,0.0,0.0,0.0,0.2698105914082022,0.26161919038518594,,
IDRiD_10_2048_512,,,,,0.5389196960250787,0.6815584415230359,,
IDRiD_10_512_1024,,,0.0,0.0,0.6815874848230783,0.737959271628622,,
IDRiD_10_512_1536,,,,,0.7125929795027107,0.7520570040205965,,
IDRiD_10_512_2048,0.31875211935709136,0.21218961624803184,0.0,0.0,0.7669837316512327,0.9031981279237079,,
IDRiD_10_512_2560,0.12059324094041836,0.1249370277015145,0.0,0.0,0.5931939455586379,0.6136431977292253,,
IDRiD_10_512_3072,0.4565021265568179,0.3937305469009842,0.0,0.0,0.4987011453521705,0.49979291165907463,,
IDRiD_10_512_512,0.0,0.0,0.0,0.0,0.6295532645903883,0.5365091760821356,,
IDRiD_11_0_1024,,,0.0,0.0,,,,
IDRiD_11_0_1536,0.3819465765925101,0.3217796171587284,0.0,0.0,0.0,0.0,,
IDRiD_11_0_2048,,,0.0,0.0,,,,
IDRiD_11_0_2560,0.6790456898415592,0.5337933474781706,0.0,0.0,,,,
IDRiD_11_0_3072,,,,,0.6015367727111376,0.5744234799634332,,
IDRiD_11_0_512,0.0,0.0,0.0,0.0,0.0,0.0,,
IDRiD_11_1024_1024,,,0.0,0.0,,,,
IDRiD_11_1024_1536,0.0,0.0,0.0,0.0,0.5600224908608377,0.5497989117534121,,
IDRiD_11_1024_2048,0.5787671232546365,0.6742021275699199,0.0,0.0,0.5606845954909034,0.5160591696622343,,
IDRiD_11_1024_2560,0.682694995796999,0.5431494661800901,0.0,0.0,0.576583150895191,0.5215382358680776,,
IDRiD_11_1024_3072,0.20237680351281198,0.9579346750194768,,,0.0,0.0,,
IDRiD_11_1536_1024,,,0.0,0.0,,,,
IDRiD_11_1536_1536,,,0.0,0.0,0.38701091295731954,0.3731075185944802,,
IDRiD_11_1536_2048,0.0,0.0,0.0,0.0,0.6807276681527815,0.6885741784651516,,
IDRiD_11_1536_2560,0.0,0.0,0.0,0.0,0.6690610770915086,0.6736222261729136,,
IDRiD_11_1536_3072,,,,,0.3481703659226374,0.23593495934575717,,
IDRiD_11_2048_1024,,,0.0,0.0,0.0,0.0,,
IDRiD_11_2048_1536,,,,,0.0,0.0,,
IDRiD_11_2048_2048,,,,,0.6197150015647124,0.6297740292782075,,
IDRiD_11_2048_2560,0.0,0.0,0.0,0.0,0.505957836844031,0.4185781990481651,,
IDRiD_11_2048_3072,0.3913461538414501,0.24927269942965438,0.0,0.0,0.0,0.0,,
IDRiD_11_512_1024,,,,,0.40165631467900326,0.28890543557044635,,
IDRiD_11_512_1536,,,0.0,0.0,0.4385307586369535,0.38537738503751123,,
IDRiD_11_512_2048,,,0.0,0.0,0.537677527150313,0.4714327571038048,,
IDRiD_11_512_2560,0.0,0.0,0.0,0.0,0.4191555097806447,0.3490138429456203,,
IDRiD_11_512_3072,0.18618618618418933,0.19673617406625712,0.0,0.0,0.0,0.0,,
IDRiD_11_512_512,,,0.0,0.0,,,,
IDRiD_12_0_1024,,,,,0.6807947019416692,0.768310911693825,,
IDRiD_12_0_2560,0.0,0.0,0.0,0.0,,,,
IDRiD_12_0_3072,0.0,0.0,0.0,0.0,,,,
IDRiD_12_0_512,0.0,0.0,,,,,,
IDRiD_12_1024_1024,0.43328973184379843,0.9062927495960128,,,,,,
IDRiD_12_1024_2048,0.44389642414032693,0.8294930873664762,0.0,0.0,0.10428736962870366,0.33582089527177544,,
IDRiD_12_1024_2560,,,0.0,0.0,,,,
IDRiD_12_1536_2048,0.0,0.0,,,0.5333456153230163,0.5510087552236199,,
IDRiD_12_1536_3072,,,0.0,0.0,,,,
IDRiD_12_2048_1536,,,0.0,0.0,,,,
IDRiD_12_2048_2048,,,0.0,0.0,,,,
IDRiD_12_2048_2560,,,0.0,0.0,,,,
IDRiD_12_2048_3072,,,0.0,0.0,,,,
IDRiD_12_2048_512,0.2858302882547369,0.19610027854060721,0.0,0.0,,,,
IDRiD_12_512_2560,0.9010290645106812,0.8938114517010189,0.0,0.0,,,,
IDRiD_12_512_512,,,,,0.0,0.0,,
IDRiD_13_0_1024,0.47625830958033577,0.315607300178867,0.0,0.0,,,,
IDRiD_13_0_1536,,,0.0,0.0,,,,
IDRiD_13_0_2048,0.4186965108532215,0.29435359456049515,0.0,0.0,0.0,0.0,,
IDRiD_13_0_2560,0.6781231320878942,0.6429583451220471,0.0,0.0,,,,
IDRiD_13_0_3072,0.0,0.0,0.0,0.0,,,,
IDRiD_13_0_512,,,0.0,0.0,0.0,0.0,0.8582171798999734,0.8456084318055215
IDRiD_13_1024_0,0.006896551722948871,0.011111111104938272,0.0,0.0,,,,
IDRiD_13_1024_1024,0.0,0.0,0.0,0.0,0.7498662999459471,0.8007015826386022,,
IDRiD_13_1024_1536,0.0,0.0,0.0,0.0,0.5925819916503456,0.5358930112142541,0.0,0.0
IDRiD_13_1024_2048,,,0.0,0.0,0.0,0.0,0.0,0.0
IDRiD_13_1024_2560,,,,,0.0,0.0,,
IDRiD_13_1024_3072,,,,,0.42455482661384014,0.4408452662249292,,
IDRiD_13_1024_3584,,,0.0,0.0,0.0,0.0,,
IDRiD_13_1024_512,0.0,0.0,0.0,0.0,0.3906623235571046,0.3364503459821124,,
IDRiD_13_1536_0,,,0.0,0.0,0.0,0.0,,
IDRiD_13_1536_1024,,,0.0,0.0,0.5309668611079686,0.6016877636961551,,
IDRiD_13_1536_1536,0.0,0.0,0.0,0.0,0.3542461005076518,0.30147492623590116,,
IDRiD_13_1536_2048,0.0,0.0,0.0,0.0,0.2938249926750417,0.1956352299222278,0.0,0.0
IDRiD_13_1536_2560,0.27572347266511626,0.16655875687655294,0.0,0.0,,,,
IDRiD_13_1536_3072,,,0.0,0.0,0.0,0.0,,
IDRiD_13_1536_3584,,,,,0.0,0.0,,
IDRiD_13_1536_512,,,0.0,0.0,0.0,0.0,,
IDRiD_13_2048_1024,0.0,0.0,0.0,0.0,0.0,0.0,0.5464654487580131,0.3781258587420136
IDRiD_13_2048_1536,,,0.0,0.0,,,0.0,0.0
IDRiD_13_2048_2048,0.0,0.0,0.0,0.0,0.0,0.0,,
IDRiD_13_2048_2560,0.0,0.0,0.0,0.0,,,,
IDRiD_13_2048_512,,,0.0,0.0,,,0.0,0.0
IDRiD_13_512_0,0.0,0.0,0.0,0.0,,,,
IDRiD_13_512_1024,0.0,0.0,0.0,0.0,0.5856259274328826,0.5164682447757528,,
IDRiD_13_512_1536,,,0.0,0.0,0.6018246120834332,0.519947882256992,,
IDRiD_13_512_2048,,,0.0,0.0,0.5311111110993086,0.5025231286584305,,
IDRiD_13_512_2560,0.2772861356815303,0.2370317002711072,0.0,0.0,,,,
IDRiD_13_512_3072,,,,,0.19832735960583467,0.13019607842116107,,
IDRiD_13_512_3584,,,,,0.0,0.0,,
IDRiD_13_512_512,0.0,0.0,0.0,0.0,0.37401335760856064,0.2902921771776488,0.0,0.0
IDRiD_14_0_1024,,,0.0,0.0,,,,
IDRiD_14_0_1536,0.0,0.0,0.0,0.0,0.0,0.0,,
IDRiD_14_0_2048,0.7431242135493851,0.7384780278583007,0.0,0.0,0.6712081747010378,0.7776230268905469,,
IDRiD_14_0_2560,0.3098189467334549,0.19728281668391423,0.0,0.0,,,0.7871558063930769,0.9732501585856074
IDRiD_14_0_3072,0.0,0.0,,,0.0,0.0,,
IDRiD_14_0_512,,,0.0,0.0,,,,
IDRiD_14_1024_0,,,0.0,0.0,,,,
IDRiD_14_1024_1024,0.0,0.0,0.0,0.0,,,,
IDRiD_14_1024_1536,0.38546886183991647,0.30083798881841234,0.0,0.0,0.5365771699299823,0.5488039593033489,,
IDRiD_14_1024_2048,,,0.0,0.0,0.543189242573056,0.5246243249573708,,
IDRiD_14_1024_2560,,,0.0,0.0,0.5734303616884135,0.5801242236003649,,
IDRiD_14_1024_3072,,,0.0,0.0,0.4847581796704243,0.40177009364616884,,
IDRiD_14_1024_3584,,,,,0.0,0.0,,
IDRiD_14_1024_512,,,0.0,0.0,0.0,0.0,,
IDRiD_14_1536_0,0.0,0.0,,,,,,
IDRiD_14_1536_1024,,,0.0,0.0,,,,
IDRiD_14_1536_1536,0.8327476038305401,0.8518669825896571,0.0,0.0,0.28839270495502994,0.25367316341068447,,
IDRiD_14_1536_2048,0.0,0.0,0.0,0.0,0.5406672677990862,0.4870045483922351,,
IDRiD_14_1536_2560,,,0.0,0.0,0.49817578771976495,0.6071139854241264,,
IDRiD_14_1536_3072,0.0,0.0,0.0,0.0,0.0,0.0,,
IDRiD_14_1536_512,,,0.0,0.0,,,,
IDRiD_14_2048_1024,0.0,0.0,0.0,0.0,,,,
IDRiD_14_2048_1536,,,0.0,0.0,,,,
IDRiD_14_2048_2048,,,0.0,0.0,0.08292416802602705,0.05535324107389998,,
IDRiD_14_2048_2560,0.766489068514303,0.6953333333101556,0.0,0.0,0.3083377031946993,0.2610432852328292,,
IDRiD_14_2048_3072,0.0,0.0,0.0,0.0,0.0,0.0,,
IDRiD_14_2048_512,0.5530546623571924,0.3837144450427376,,,,,,
IDRiD_14_512_1536,0.0,0.0,0.0,0.0,0.5353887919281036,0.48506676035690327,,
IDRiD_14_512_2048,0.0,0.0,0.0,0.0,0.5178772152189083,0.5719492868432543,,
IDRiD_14_512_2560,0.0,0.0,0.0,0.0,0.500725623581631,0.4258659260957114,0.0,0.0
IDRiD_14_512_3072,0.5269461077493715,0.40449438198115484,0.0,0.0,0.4256889196307426,0.4487117160804883,,
IDRiD_14_512_512,,,0.0,0.0,,,,
IDRiD_15_0_1536,,,0.0,0.0,,,,
IDRiD_15_1024_0,,,0.0,0.0,0.2036535859200388,0.13503813368618045,,
IDRiD_15_1024_1024,,,,,0.528160575186816,0.4879601439112106,,
IDRiD_15_1024_1536,,,,,0.6620782272845043,0.600853138311979,,
IDRiD_15_1024_512,,,,,0.6544368241665872,0.6244078683234668,,
IDRiD_15_1536_2048,,,0.0,0.0,0.0,0.0,,
IDRiD_15_1536_512,0.0,0.0,,,0.0,0.0,,
IDRiD_15_2048_2048,,,0.0,0.0,,,,
IDRiD_15_512_1024,0.0,0.0,,,0.4362862120108634,0.41292134830956373,,
IDRiD_15_512_512,0.0,0.0,0.0,0.0,,,,
IDRiD_16_0_2560,,,0.0,0.0,0.6824214956186077,0.894357233733799,,
IDRiD_16_1024_2048,,,0.0,0.0,0.0,0.0,,
IDRiD_16_1024_2560,0.0,0.0,0.0,0.0,0.4382551477653965,0.32258872651087606,,
IDRiD_16_1024_3072,0.7761436347971724,0.6911301981402234,0.0,0.0,0.6504141205513436,0.6112534016303375,,
IDRiD_16_1024_3584,0.0,0.0,,,,,,
IDRiD_16_1536_2048,,,,,0.0,0.0,,
IDRiD_16_1536_2560,,,,,0.4789692435537907,0.3989199667626846,,
IDRiD_16_1536_3072,,,,,0.5871945010145927,0.5874188208253226,,
IDRiD_16_2048_1024,,,,,0.0,0.0,,
IDRiD_16_2048_1536,,,0.0,0.0,,,,
IDRiD_16_2048_2560,,,,,0.0,0.0,,
IDRiD_16_2048_3072,,,,,0.0,0.0,,
IDRiD_16_2048_512,,,0.0,0.0,0.0,0.0,,
IDRiD_16_512_1536,,,0.0,0.0,,,,
IDRiD_16_512_2048,,,,,0.0,0.0,,
IDRiD_16_512_2560,,,,,0.7021893712566638,0.6469409305418896,,
IDRiD_16_512_3072,,,,,0.591614333204732,0.4509362241243005,,
IDRiD_17_0_1024,0.31588962892295497,0.6420111191529608,0.0,0.0,0.5632406287753129,0.5967204714245873,,
IDRiD_17_0_1536,0.44363166953432953,0.4181707564371601,0.0,0.0,0.204732576984086,0.12276473332201239,,
IDRiD_17_0_2048,0.30183157575987224,0.25632016453742257,,,0.3012648926662401,0.2737765906679979,,
IDRiD_17_0_2560,0.6789827182843876,0.6282785397038398,0.0,0.0,0.5829846582781386,0.5060532687345004,,
IDRiD_17_0_3072,0.4852071005712085,0.3203124999821254,,,,,,
IDRiD_17_0_512,,,,,0.13008130077775573,0.07570977915592751,0.793903827621994,0.7282661095875922
IDRiD_17_1024_0,0.22039092828290954,0.17266033507445672,0.0,0.0,0.0,0.0,,
IDRiD_17_1024_1024,0.08193407960135311,0.04271703007179446,0.0,0.0,0.6421908764150219,0.8326762784387456,,
IDRiD_17_1024_1536,0.5867198404773943,0.6315789473657097,0.0,0.0,0.5319379676795796,0.6177581863902045,,
IDRiD_17_1024_2048,0.5580838323331733,0.5402393418059818,,,0.378319275223537,0.4347513911248474,,
IDRiD_17_1024_2560,0.0,0.0,,,0.17240972386020526,0.9825151310704427,,
IDRiD_17_1024_3072,0.27630339630927947,0.5466403595248641,0.0,0.0,,,,
IDRiD_17_1024_3584,,,0.0,0.0,,,,
IDRiD_17_1024_512,0.678287745323201,0.5635271158557748,0.0,0.0,0.503360716951986,0.5793440888628257,,
IDRiD_17_1536_0,0.1733545247494333,0.0949032130745862,,,,,,
IDRiD_17_1536_1024,0.0,0.0,,,0.5084745762689595,0.6845518867843802,,
IDRiD_17_1536_1536,0.529078164075772,0.6177510899019679,0.0,0.0,0.4141368373319969,0.5123318385535351,,
IDRiD_17_1536_2048,0.48269625976104436,0.32890567487064476,0.0,0.0,0.0,0.0,0.6564656273937629,0.9851390220423284
IDRiD_17_1536_2560,0.11046620482952194,0.11038353601290209,,,,,,
IDRiD_17_1536_3072,0.8044404362112682,0.9196239622321889,0.0,0.0,,,0.0,0.0
IDRiD_17_1536_512,0.9179380293975867,0.8881320162963402,,,0.3470234940807851,0.7723609199769538,,
IDRiD_17_2048_0,0.0,0.0,,,,,,
IDRiD_17_2048_1024,0.9289447951665151,0.9603049150653699,,,0.04721549636518066,0.026104417668935447,,
IDRiD_17_2048_1536,0.8295774836622417,0.8973194441751567,,,0.0,0.0,,
IDRiD_17_2048_2048,0.44921198870263,0.2949250874718295,,,0.0,0.0,0.0,0.0
IDRiD_17_2048_2560,0.9104551305781177,0.8820384037158636,0.0,0.0,,,0.0,0.0
IDRiD_17_2048_3072,0.5814063877388936,0.5183170112425393,,,,,,
IDRiD_17_2048_512,0.9757076482785926,0.9583215739109447,,,,,,
IDRiD_17_512_0,,,0.0,0.0,0.0,0.0,,
IDRiD_17_512_1024,0.29406554472550833,0.17237798545911426,0.0,0.0,0.5604200732351617,0.5519165343590297,,
IDRiD_17_512_1536,0.4485066100846723,0.4568578553577983,0.0,0.0,0.6812713127933139,0.8335741637134833,,
IDRiD_17_512_2048,0.6170093499840422,0.5117342953824832,0.0,0.0,0.2810480976259683,0.19429280396540216,,
IDRiD_17_512_2560,0.0,0.0,0.0,0.0,0.051096282172524383,0.028086355061243212,,
IDRiD_17_512_3072,0.464025143111101,0.9071757735153133,0.0,0.0,,,,
IDRiD_17_512_512,0.05471872118002829,0.055781886555064525,0.0,0.0,0.43731956958954893,0.3855468147432859,0.42140326009623386,0.2805775764412931
IDRiD_18_0_1024,0.0,0.0,0.0,0.0,,,,
IDRiD_18_0_1536,0.41691842899602355,0.5271646858859438,0.0,0.0,0.0,0.0,,
IDRiD_18_0_2048,,,0.0,0.0,0.4585701070376824,0.7265494137049184,,
IDRiD_18_0_2560,0.7877255952642044,0.7736842105186327,0.0,0.0,0.3495168238403828,0.35746606333990316,0.8221378000309871,0.7770523910496404
IDRiD_18_0_3072,,,0.0,0.0,,,0.9010516252318271,0.9445465174387081
IDRiD_18_0_512,,,0.0,0.0,,,,
IDRiD_18_1024_0,0.0,0.0,0.0,0.0,0.0,0.0,,
IDRiD_18_1024_1024,0.17105559306389703,0.18043684709494603,0.0,0.0,0.5620699970065731,0.7772492243973397,,
IDRiD_18_1024_1536,0.5937939717077916,0.630147752274205,0.0,0.0,0.531554643404396,0.5708846808879783,,
IDRiD_18_1024_2048,,,0.0,0.0,,,,
IDRiD_18_1024_3072,,,,,,,0.7546959011215882,0.8958143389896741
IDRiD_18_1024_512,0.565305251172434,0.552151673520782,0.0,0.0,0.5687458081811564,0.6722689075594721,,
IDRiD_18_1536_0,0.0,0.0,0.0,0.0,0.5568786419924784,0.5530951182409112,,
IDRiD_18_1536_1024,0.17798661540398708,0.125906526991823,0.0,0.0,0.501993562950944,0.6776913099782401,,
IDRiD_18_1536_1536,,,0.0,0.0,0.3986044483035934,0.29752604164729646,,
IDRiD_18_1536_2048,,,0.0,0.0,0.0,0.0,,
IDRiD_18_1536_3072,,,0.0,0.0,,,,
IDRiD_18_1536_3584,0.0,0.0,,,,,,
IDRiD_18_1536_512,0.04780487804644855,0.024623115576652102,0.0,0.0,0.4835453100149373,0.6204293946625506,,
IDRiD_18_2048_0,0.0,0.0,0.0,0.0,,,,
IDRiD_18_2048_1024,0.0,0.0,0.0,0.0,0.49415337888891847,0.6547283702125456,,
IDRiD_18_2048_1536,,,0.0,0.0,0.008064516127948318,0.0046439628475783345,0.0,0.0
IDRiD_18_2048_2048,,,0.0,0.0,0.0,0.0,,
IDRiD_18_2048_2560,,,0.0,0.0,,,,
IDRiD_18_2048_3072,0.2619984264255705,0.2563510392412355,0.0,0.0,,,,
IDRiD_18_2048_512,0.5911701795270466,0.7807401764693662,0.0,0.0,0.3151611619452781,0.2693877550837151,,
IDRiD_18_512_1024,0.055437100211742085,0.037169406717756634,0.0,0.0,0.45449744762445876,0.563263525280835,,
IDRiD_18_512_1536,0.4778715783965753,0.4931362196149347,,,0.2433090024182902,0.1964636542046696,,
IDRiD_18_512_2048,0.46138596016525735,0.5931417979473322,0.0,0.0,,,,
IDRiD_18_512_3072,,,0.0,0.0,0.36656389173119003,0.3564290472780527,,
IDRiD_18_512_512,0.6502259036022171,0.8700251888730466,0.0,0.0,0.6139125576176354,0.7593952483735689,,
IDRiD_19_0_1024,0.6886363636168001,0.6069103655179313,,,,,0.6118881118824817,0.5287009063360041
IDRiD_19_0_1536,,,,,0.0,0.0,,
IDRiD_19_0_2048,,,,,,,0.0,0.0
IDRiD_19_0_2560,0.002728512960064323,0.00139860139840579,,,,,,
IDRiD_19_1024_0,,,0.0,0.0,,,,
IDRiD_19_1024_1024,,,,,0.5950466387714685,0.779932546308606,,
IDRiD_19_1024_1536,,,,,0.4186942061890654,0.3409350056915355,,
IDRiD_19_1024_2560,,,0.0,0.0,,,,
IDRiD_19_1024_512,0.15476190473119802,0.11337209299029881,0.0,0.0,,,,
IDRiD_19_1536_2048,0.0,0.0,0.0,0.0,,,,
IDRiD_19_1536_2560,,,0.0,0.0,,,,
IDRiD_19_1536_3072,,,0.0,0.0,0.19333697432040758,0.20629370626966276,,
IDRiD_19_1536_512,0.1389961389894307,0.11214953270154598,,,,,,
IDRiD_19_2048_1024,0.7139031925800624,0.6191496963127409,0.0,0.0,,,,
IDRiD_19_2048_1536,0.0,0.0,0.0,0.0,,,,
IDRiD_19_2048_2048,0.6884128529362993,0.5315789473284527,0.0,0.0,,,,
IDRiD_19_2048_2560,0.0,0.0,,,,,,
IDRiD_19_2048_3072,,,0.0,0.0,,,0.8668113602063645,0.8248910606764945
IDRiD_19_2048_512,0.7241119933077801,0.7346108190480819,0.0,0.0,,,0.6903314077174647,0.9482146585728083
IDRiD_19_512_1024,0.45335584634388604,0.40890919473807524,0.0,0.0,0.2065663474550912,0.1712018140395463,,
IDRiD_19_512_1536,0.662697800670401,0.584980667643713,0.0,0.0,0.5020235204470693,0.48455882352495805,0.7435692452351583,0.976652254466008
IDRiD_19_512_2048,0.0,0.0,,,,,,
IDRiD_19_512_512,0.0,0.0,0.0,0.0,,,,
IDRiD_20_0_1024,0.3579268292573803,0.29364682339701614,0.0,0.0,,,,
IDRiD_20_0_1536,0.6079160511405026,0.4427543221752411,0.0,0.0,0.35200660269934997,0.2918733960600193,,
IDRiD_20_0_2048,0.4864122975436066,0.5299043061884028,0.0,0.0,0.45644171778021003,0.47304170902985543,,
IDRiD_20_0_2560,,,0.0,0.0,,,,
IDRiD_20_0_512,0.0,0.0,,,,,,
IDRiD_20_1024_0,,,0.0,0.0,,,,
IDRiD_20_1024_1024,0.3649973266732312,0.8597816959815464,0.0,0.0,0.5324540846898129,0.5273100172683112,,
IDRiD_20_1024_1536,0.0,0.0,0.0,0.0,0.5212174102745685,0.5251703671107651,,
IDRiD_20_1024_2048,,,0.0,0.0,0.0,0.0,,
IDRiD_20_1024_2560,,,0.0,0.0,,,,
IDRiD_20_1024_3072,0.32307692306736463,0.2575471697991723,0.0,0.0,,,,
IDRiD_20_1024_512,0.49043617446586285,0.5387726393434364,0.0,0.0,0.06294964028210884,0.034381139485817176,,
IDRiD_20_1536_1024,0.6492546930682191,0.9131222812842783,0.0,0.0,0.5617555819364951,0.5233338090443603,,
IDRiD_20_1536_1536,,,0.0,0.0,0.6098647101208284,0.5233277531077711,,
IDRiD_20_1536_2048,0.7386861313509155,0.6086607858373166,,,,,,
IDRiD_20_1536_3072,0.2156611039760003,0.1261261261237589,0.0,0.0,0.0,0.0,,
IDRiD_20_1536_512,0.21455301454409345,0.1404463799596926,0.0,0.0,0.7253399731817404,0.6769148270562435,,
IDRiD_20_2048_1024,,,0.0,0.0,0.5302060260323141,0.5438192456084662,,
IDRiD_20_2048_1536,0.5364452423634177,0.6976961394552399,0.0,0.0,0.5774724281271246,0.5353670801117103,,
IDRiD_20_2048_2560,0.0,0.0,,,,,,
IDRiD_20_2048_3072,0.13637466633981135,0.13966202782606052,0.0,0.0,0.0,0.0,,
IDRiD_20_2048_512,0.13867787295718964,0.12302839116366424,0.0,0.0,0.8411484256278065,0.8819974729391749,,
IDRiD_20_512_1024,0.0,0.0,0.0,0.0,0.5925077101539308,0.6257769543371211,,
IDRiD_20_512_1536,0.47398190044980776,0.53375796177664,0.0,0.0,0.49501892037867784,0.43666833189319826,,
IDRiD_20_512_2048,,,,,0.0,0.0,,
IDRiD_20_512_2560,0.4838546922178644,0.3859154929422167,0.0,0.0,,,,
IDRiD_20_512_3072,,,0.0,0.0,,,,
IDRiD_20_512_512,,,0.0,0.0,0.41130298271003124,0.3826679649091852,,
IDRiD_21_0_1024,0.0,0.0,0.0,0.0,0.06060606060394964,0.031464737792713755,,
IDRiD_21_0_1536,0.05169628432538802,0.048338368572758555,0.0,0.0,0.0,0.0,,
IDRiD_21_0_2048,,,0.0,0.0,0.2751205042537961,0.21321839079234375,,
IDRiD_21_0_2560,,,0.0,0.0,,,,
IDRiD_21_0_3072,,,0.0,0.0,,,,
IDRiD_21_0_512,0.6485388341827076,0.5323242688421672,,,0.0,0.0,,
IDRiD_21_1024_1024,,,0.0,0.0,0.0,0.0,,
IDRiD_21_1024_1536,0.6194473140455872,0.5099936210874974,0.0,0.0,0.6897737795991726,0.6456623266323037,,
IDRiD_21_1024_2048,0.26235509456665823,0.1643228370503772,0.0,0.0,0.6321688712298202,0.7047025781337148,,
IDRiD_21_1024_2560,0.5483362772685906,0.4286780622495433,0.0,0.0,0.5351934941072967,0.5625644804633373,,
IDRiD_21_1024_3072,0.845558014536472,0.8818001978094,0.0,0.0,,,,
IDRiD_21_1536_0,,,,,0.0,0.0,,
IDRiD_21_1536_1024,,,0.0,0.0,0.0,0.0,,
IDRiD_21_1536_1536,0.5149324111752615,0.3670999551605962,,,0.7889521747307605,0.8635649328880037,,
IDRiD_21_1536_2048,0.1658598189819857,0.09231490159108915,0.0,0.0,0.47549348730873003,0.4969475826222935,,
IDRiD_21_1536_2560,0.6085886550977868,0.5232385922806739,0.0,0.0,0.6370929274518947,0.6464842031125297,,
IDRiD_21_1536_3072,,,0.0,0.0,,,,
IDRiD_21_1536_512,0.627485795443404,0.7784140968820082,,,0.4565445026058496,0.35606369945463195,,
IDRiD_21_2048_1024,0.4310226492719454,0.3863426637838714,0.0,0.0,0.0,0.0,,
IDRiD_21_2048_1536,0.0,0.0,0.0,0.0,0.3057423123519702,0.221494730114636,,
IDRiD_21_2048_2048,0.42248301420195095,0.3269598470311192,0.0,0.0,0.5349389577679565,0.5333428057187963,,
IDRiD_21_2048_2560,0.8008479067217715,0.7331651465023644,0.0,0.0,0.39346246972174753,0.4119138149295365,,
IDRiD_21_2048_3072,,,0.0,0.0,0.0,0.0,,
IDRiD_21_2048_512,0.12843537414616502,0.22243166821654742,0.0,0.0,0.0,0.0,,
IDRiD_21_512_1024,,,0.0,0.0,,,,
IDRiD_21_512_1536,,,0.0,0.0,0.33131876646007563,0.32403758713779823,,
IDRiD_21_512_2048,0.5545294970575094,0.5233362143399116,0.0,0.0,0.5162907268127294,0.5901451489574074,,
IDRiD_21_512_2560,0.3206672845189913,0.19118662798465,0.0,0.0,0.24606505770603188,0.4338575392753138,,
IDRiD_21_512_3072,0.0,0.0,0.0,0.0,,,,
IDRiD_21_512_512,,,0.0,0.0,0.0,0.0,,
IDRiD_22_0_1024,0.7045713491713087,0.6242060170337081,0.0,0.0,,,0.594671587191756,0.9202484720877642
IDRiD_22_0_1536,0.0,0.0,0.0,0.0,,,,
IDRiD_22_0_2048,0.30743918203893006,0.2433488372047749,0.0,0.0,,,0.805510320845009,0.8612705882271879
IDRiD_22_0_2560,0.7441388167107363,0.6224953780011867,,,0.44062701308909974,0.37734461197582403,,
IDRiD_22_0_3072,0.5664640637321299,0.5102381688802335,,,,,,
IDRiD_22_0_512,0.0,0.0,,,,,,
IDRiD_22_1024_1024,,,0.0,0.0,,,,
IDRiD_22_1024_1536,,,0.0,0.0,0.612917033864754,0.6227168073644271,,
IDRiD_22_1024_2048,,,0.0,0.0,0.5734347762327537,0.6169243173112597,,
IDRiD_22_1024_3072,0.0,0.0,,,,,,
IDRiD_22_1024_512,,,0.0,0.0,,,,
IDRiD_22_1536_0,,,,,0.15959741192238694,0.13230035755276515,,
IDRiD_22_1536_1024,,,0.0,0.0,0.2973451327170491,0.4540540539313367,,
IDRiD_22_1536_1536,0.0,0.0,0.0,0.0,0.6151142354945196,0.5295478817990469,,
IDRiD_22_1536_2048,0.3069001029787101,0.6119096508612003,0.0,0.0,0.6201734206324188,0.6935681773176585,,
IDRiD_22_1536_3072,0.7932418070991536,0.8238871868768071,0.0,0.0,0.40717549500072475,0.47213500783076395,,
IDRiD_22_1536_3584,0.7651344449422971,0.6556606809509193,,,,,,
IDRiD_22_1536_512,,,0.0,0.0,0.10409556313697112,0.09191361124601137,,
IDRiD_22_2048_1024,0.3641618497044046,0.23403761318239988,0.0,0.0,,,0.9066507999451129,0.9624760211436744
IDRiD_22_2048_1536,0.7768277452130192,0.7311030741278282,,,,,,
IDRiD_22_2048_2048,,,0.0,0.0,,,,
IDRiD_22_2048_3072,,,0.0,0.0,,,,
IDRiD_22_2048_512,,,,,0.0,0.0,0.0,0.0
IDRiD_22_512_1024,0.6449828280149731,0.5486318572358265,,,0.4755718723390124,0.7129551227169385,0.681443161038484,0.9710218606954053
IDRiD_22_512_1536,,,0.0,0.0,,,,
IDRiD_22_512_2560,0.0,0.0,,,,,,
IDRiD_22_512_3072,0.6334525783083572,0.517499465392192,,,,,0.7847623135521142,0.9334252310181921
IDRiD_22_512_512,0.8374855156370402,0.8832875038056327,,,0.3630669546397077,0.3382974441469451,0.0,0.0
IDRiD_23_0_1024,0.36411753259247276,0.4405311234538042,0.0,0.0,,,,
IDRiD_23_0_1536,,,,,,,0.5629521811697292,0.9999999999847909
IDRiD_23_0_2048,0.41910171857498146,0.37551759834044585,,,,,,
IDRiD_23_0_2560,0.03146760218980775,0.016011251149369767,,,,,,
IDRiD_23_0_3072,0.44848741272586234,0.3443794671752963,,,,,,
IDRiD_23_1024_1024,,,,,0.0,0.0,,
IDRiD_23_1024_1536,,,0.0,0.0,,,,
IDRiD_23_1024_2560,,,,,,,0.0,0.0
IDRiD_23_1024_3072,,,0.0,0.0,,,,
IDRiD_23_1536_1024,,,0.0,0.0,0.44678055189364574,0.4436325678265327,,
IDRiD_23_1536_1536,,,0.0,0.0,0.3307271305578293,0.6467889907267907,,
IDRiD_23_1536_2560,,,,,0.08815426996638055,0.04740740740389574,,
IDRiD_23_1536_3072,,,0.0,0.0,0.0,0.0,,
IDRiD_23_1536_3584,,,,,0.0,0.0,,
IDRiD_23_1536_512,,,0.0,0.0,0.14556040756384425,0.10917030567089682,,
IDRiD_23_2048_1024,0.2134831460565126,0.12179487178777419,,,,,,
IDRiD_23_2048_2048,0.3640781279478107,0.2407499844005717,,,,,,
IDRiD_23_2048_2560,0.7139159561456004,0.5896629778597879,0.0,0.0,,,,
IDRiD_23_2048_3072,,,,,0.0,0.0,,
IDRiD_23_2048_512,0.6427752293516554,0.9807524059206547,,,0.0,0.0,,
IDRiD_23_512_1024,0.0,0.0,,,,,,
IDRiD_23_512_2048,,,0.0,0.0,,,,
IDRiD_23_512_2560,,,,,,,0.0,0.0
IDRiD_23_512_3072,0.0,0.0,,,,,0.6835222319033695,0.5238540692165728
IDRiD_23_512_512,,,0.0,0.0,,,,
IDRiD_24_0_2048,,,,,0.0,0.0,,
IDRiD_24_1024_1536,,,,,0.0,0.0,,
IDRiD_24_1024_2048,,,,,0.2660630332532463,0.24192526915003404,,
IDRiD_24_1024_2560,,,0.0,0.0,,,,
IDRiD_24_1536_1536,,,,,0.0,0.0,,
IDRiD_24_1536_2048,,,0.0,0.0,0.0,0.0,,
IDRiD_24_1536_2560,,,0.0,0.0,,,,
IDRiD_24_1536_512,0.4728606356929677,0.5864160096909963,,,0.0,0.0,,
IDRiD_24_2048_1024,0.7486603910182886,0.7217452006930419,,,,,,
IDRiD_24_2048_1536,0.5453763440625645,0.5716862037356459,0.0,0.0,,,,
IDRiD_24_512_1536,,,,,0.0,0.0,,
IDRiD_24_512_2048,,,,,0.6776075856791537,0.5799001248077466,,
IDRiD_24_512_2560,0.6625172890641422,0.5226975119920844,,,,,,
IDRiD_24_512_512,0.5908362704072145,0.4344957586977147,,,,,,
IDRiD_25_0_1024,,,0.0,0.0,0.43190143189999364,0.3482440124565125,0.47271573602561184,0.33184855232374844
IDRiD_25_0_1536,0.0,0.0,0.0,0.0,0.6071555355132479,0.4547296714661051,,
IDRiD_25_0_2048,0.665839478159863,0.6675433608141346,0.0,0.0,0.4592113826601602,0.3781136817193506,0.0,0.0
IDRiD_25_0_2560,0.6107198161715833,0.6524012806760683,0.0,0.0,0.7999999999995362,0.897235154887381,,
IDRiD_25_0_3072,0.23826910074052374,0.1358310206577886,,,0.0,0.0,,
IDRiD_25_0_512,0.679324894494294,0.5497560975341583,0.0,0.0,0.7682888040651376,0.7492245657452044,0.0,0.0
IDRiD_25_1024_0,,,0.0,0.0,,,,
IDRiD_25_1024_1024,0.0,0.0,0.0,0.0,0.0,0.0,,
IDRiD_25_1024_1536,0.584038136235829,0.5945522855167642,0.0,0.0,0.7531805100716947,0.7869481367795721,,
IDRiD_25_1024_2048,,,0.0,0.0,0.6447079821762322,0.620067698258438,,
IDRiD_25_1024_2560,0.625343823960798,0.5406282259233866,0.0,0.0,0.6740678121460191,0.7114966995619956,,
IDRiD_25_1024_3072,0.0,0.0,,,0.7627802690561581,0.7058823529375149,,
IDRiD_25_1024_512,,,0.0,0.0,,,,
IDRiD_25_1536_0,,,,,0.0,0.0,,
IDRiD_25_1536_1024,0.7455455135205368,0.9296970234248771,,,,,0.6742815332682643,0.981887060483226
IDRiD_25_1536_1536,0.0,0.0,0.0,0.0,0.7363046777969837,0.6710382120965973,,
IDRiD_25_1536_2048,0.048240635640632225,0.024716487350614765,0.0,0.0,0.7631098631085238,0.7562613051316396,0.0,0.0
IDRiD_25_1536_2560,0.5787028215455058,0.5289940511267244,0.0,0.0,0.5447783397757752,0.5149043869443911,0.0,0.0
IDRiD_25_1536_3072,0.6331021873383283,0.7345682206201968,0.0,0.0,,,,
IDRiD_25_1536_512,0.0,0.0,0.0,0.0,0.0,0.0,,
IDRiD_25_2048_1024,0.0,0.0,,,,,,
IDRiD_25_2048_1536,0.38027284149892177,0.2916035788004707,0.0,0.0,0.5668202764858228,0.5495532087510336,,
IDRiD_25_2048_2048,0.35606080358679615,0.34718055625999295,0.0,0.0,,,,
IDRiD_25_2048_2560,0.0,0.0,0.0,0.0,0.0,0.0,,
IDRiD_25_2048_3072,,,0.0,0.0,0.0,0.0,,
IDRiD_25_512_1024,0.0,0.0,,,0.6173595749898524,0.5585126398229449,,
IDRiD_25_512_1536,0.5804321452146437,0.5006623218340999,0.0,0.0,0.44788258389993507,0.47676385709546454,,
IDRiD_25_512_2048,0.7232545707251969,0.763498871330105,0.0,0.0,0.3625821414731099,0.297447280794396,0.9438304314841496,0.9016488284509452
IDRiD_25_512_2560,0.6406755422362331,0.606693751205219,0.0,0.0,0.7719238271423395,0.7849941718967199,,
IDRiD_25_512_3072,,,0.0,0.0,0.49127662134421995,0.3988213460085344,,
IDRiD_25_512_512,0.7577525329825683,0.6270325202933418,,,,,,
IDRiD_26_0_1024,0.5531550802079876,0.4075650118139076,0.0,0.0,,,,
IDRiD_26_0_1536,0.5902971805868644,0.42822922424123405,,,,,,
IDRiD_26_0_2048,,,0.0,0.0,,,,
IDRiD_26_0_2560,0.0,0.0,0.0,0.0,,,,
IDRiD_26_1024_1024,,,0.0,0.0,,,,
IDRiD_26_1024_1536,,,0.0,0.0,,,,
IDRiD_26_1024_2048,0.16970356268466544,0.5561497325707531,0.0,0.0,,,,
IDRiD_26_1024_2560,0.6011857707391071,0.48424068766366635,0.0,0.0,,,,
IDRiD_26_1024_3072,0.921232978310377,0.9330528846097773,0.0,0.0,,,,
IDRiD_26_1536_1024,,,0.0,0.0,,,,
IDRiD_26_1536_1536,,,0.0,0.0,,,,
IDRiD_26_1536_2048,0.0,0.0,,,,,,
IDRiD_26_1536_2560,,,0.0,0.0,,,,
IDRiD_26_1536_3072,0.4191983660858004,0.32373817033423746,0.0,0.0,,,,
IDRiD_26_2048_1024,,,,,0.0,0.0,,
IDRiD_26_2048_1536,0.36516068931694645,0.5090909090247934,0.0,0.0,,,,
IDRiD_26_2048_2048,,,0.0,0.0,,,,
IDRiD_26_2048_3072,0.8410437235483705,0.7508184336344647,,,,,,
IDRiD_26_512_1024,0.5384431424097904,0.41872791519045255,0.0,0.0,,,,
IDRiD_26_512_1536,0.0,0.0,0.0,0.0,,,,
IDRiD_26_512_2048,0.5773252995339797,0.8667983778635041,0.0,0.0,0.49238171610881354,0.5844835792201579,,
IDRiD_26_512_2560,,,0.0,0.0,,,,
IDRiD_26_512_3072,0.6939073958564831,0.5548180755191044,0.0,0.0,,,,
IDRiD_26_512_3584,0.0,0.0,,,,,,
IDRiD_26_512_512,0.37880986934841726,0.24121996300912937,,,,,,
IDRiD_27_0_1024,,,,,0.41488519394973195,0.5147347739656709,,
IDRiD_27_0_1536,0.0,0.0,0.0,0.0,0.0,0.0,,
IDRiD_27_0_2048,0.0,0.0,,,,,,
IDRiD_27_0_2560,0.5225913198355276,0.38188244046908704,0.0,0.0,,,,
IDRiD_27_0_3072,,,0.0,0.0,,,,
IDRiD_27_0_512,0.0,0.0,0.0,0.0,,,,
IDRiD_27_1024_0,0.5259465344075729,0.3978042085929039,0.0,0.0,0.0,0.0,,
IDRiD_27_1024_1024,0.0,0.0,0.0,0.0,0.5725457913033022,0.7166409067121772,,
IDRiD_27_1024_1536,0.0,0.0,0.0,0.0,0.6292472492820065,0.7609613130039746,,
IDRiD_27_1024_2048,,,0.0,0.0,0.45676274944061235,0.5070145212772086,,
IDRiD_27_1024_2560,,,0.0,0.0,,,,
IDRiD_27_1024_512,0.8911501695685738,0.8386535112687955,0.0,0.0,0.43942898157397375,0.32518885740881504,,
IDRiD_27_1536_0,0.706797429824872,0.7532436328627803,0.0,0.0,,,,
IDRiD_27_1536_1024,0.34856335374141717,0.23818720226293053,0.0,0.0,0.22208462331842962,0.14699453551510944,,
IDRiD_27_1536_1536,0.0,0.0,0.0,0.0,0.490130701517137,0.5761994355507024,,
IDRiD_27_1536_2048,,,0.0,0.0,0.0,0.0,,
IDRiD_27_1536_2560,,,0.0,0.0,,,,
IDRiD_27_1536_512,0.7015706806240982,0.5882470318209293,0.0,0.0,0.34262465373664625,0.2724394273090248,,
IDRiD_27_2048_1024,0.16114681165787706,0.09801563438977656,0.0,0.0,0.653183520587019,0.5678931943807264,,
IDRiD_27_2048_1536,0.0,0.0,0.0,0.0,0.35649947852131886,0.3598086124333051,,
IDRiD_27_2048_2048,0.49360146250029246,0.42220484750412784,0.0,0.0,0.0,0.0,,
IDRiD_27_2048_512,0.0,0.0,0.0,0.0,,,,
IDRiD_27_512_1024,0.0,0.0,0.0,0.0,0.38047559448121165,0.4013201319867115,,
IDRiD_27_512_1536,,,0.0,0.0,0.353859738809528,0.3484030383421945,,
IDRiD_27_512_2048,,,0.0,0.0,0.44030462799718445,0.4572888780613948,,
IDRiD_27_512_512,0.22336488389538084,0.765088624618239,0.0,0.0,,,,
IDRiD_28_0_3072,,,,,0.0,0.0,,
IDRiD_28_1024_1536,,,0.0,0.0,0.18858800773238424,0.14401772525317513,,
IDRiD_28_1024_2048,,,0.0,0.0,0.0,0.0,,
IDRiD_28_1024_2560,0.20748663100494724,0.12805280527207571,0.0,0.0,,,,
IDRiD_28_1024_3072,0.0,0.0,0.0,0.0,,,,
IDRiD_28_1536_1536,0.7379775280567201,0.598396501414111,,,0.0,0.0,,
IDRiD_28_1536_2048,0.6439283344307375,0.5391111110991309,0.0,0.0,0.0,0.0,,
IDRiD_28_1536_2560,0.6660480222673353,0.6069767441796302,0.0,0.0,0.0,0.0,,
IDRiD_28_1536_3072,,,0.0,0.0,,,,
IDRiD_28_2048_1024,0.0,0.0,,,,,,
IDRiD_28_2048_1536,0.571780653093907,0.6879169754864405,0.0,0.0,,,,
IDRiD_28_2048_2048,0.6604651162598703,0.6458214894459453,0.0,0.0,,,,
IDRiD_28_2048_2560,0.0,0.0,0.0,0.0,,,,
IDRiD_28_2048_3072,0.580110497214676,0.5051546391405392,,,,,,
IDRiD_28_2048_512,0.0,0.0,,,,,,
IDRiD_28_512_1536,0.7229144095243376,0.6820853564865299,,,,,,
IDRiD_28_512_2048,0.5070175438485304,0.46953696180058746,0.0,0.0,0.0,0.0,,
IDRiD_28_512_2560,0.0,0.0,0.0,0.0,,,,
IDRiD_28_512_3072,0.09379885356467958,0.04920721705581152,,,,,,
IDRiD_29_0_1024,,,0.0,0.0,,,,
IDRiD_29_0_1536,,,0.0,0.0,,,,
IDRiD_29_0_2560,0.0,0.0,0.0,0.0,,,,
IDRiD_29_1024_1024,,,,,0.31406551058721693,0.24088669949552283,,
IDRiD_29_1024_2048,,,0.0,0.0,,,,
IDRiD_29_1024_2560,,,0.0,0.0,,,,
IDRiD_29_1024_3072,0.0,0.0,,,,,,
IDRiD_29_1536_1024,,,0.0,0.0,0.0,0.0,,
IDRiD_29_1536_1536,,,0.0,0.0,,,,
IDRiD_29_1536_2560,,,0.0,0.0,,,,
IDRiD_29_1536_3072,0.0,0.0,0.0,0.0,,,,
IDRiD_29_2048_1024,,,0.0,0.0,0.0,0.0,,
IDRiD_29_2048_1536,,,0.0,0.0,,,,
IDRiD_29_2048_2560,,,0.0,0.0,0.25473684207844877,0.4432234430610903,,
IDRiD_29_2048_3072,,,0.0,0.0,,,,
IDRiD_29_512_2048,,,0.0,0.0,,,,
IDRiD_29_512_2560,,,0.0,0.0,,,,
IDRiD_29_512_3072,,,0.0,0.0,,,,
IDRiD_30_0_1024,,,0.0,0.0,,,,
IDRiD_30_0_2048,0.7391089827289534,0.7687152861581217,0.0,0.0,,,,
IDRiD_30_0_2560,0.46409890631326445,0.3758182518145623,0.0,0.0,,,0.8116480793027193,0.9636131816304078
IDRiD_30_1024_1024,0.7830362630568375,0.7957526545825967,,,0.3758370535661853,0.599999999973274,,
IDRiD_30_1024_1536,,,,,0.5719430938197254,0.6552056113236803,,
IDRiD_30_1024_2048,0.0,0.0,0.0,0.0,0.3070301291193144,0.28928692124740496,,
IDRiD_30_1024_512,0.3082818820490921,0.18741910432063916,0.0,0.0,0.0,0.0,,
IDRiD_30_1536_1024,,,,,0.0,0.0,,
IDRiD_30_1536_1536,,,,,0.2685973878401875,0.3703993735027095,,
IDRiD_30_1536_2048,0.8101898101796929,0.8404145077502484,0.0,0.0,0.415103652507031,0.46056955090577384,,
IDRiD_30_1536_2560,,,0.0,0.0,,,,
IDRiD_30_1536_512,0.0,0.0,0.0,0.0,0.3797793174139138,0.3602726387361114,,
IDRiD_30_2048_2048,0.8623303696730822,0.8686716319329812,0.0,0.0,,,,
IDRiD_30_2048_2560,,,,,,,0.7585217079160653,0.932098765391001
IDRiD_30_512_1024,0.0,0.0,,,,,,
IDRiD_30_512_2560,,,0.0,0.0,,,,
IDRiD_30_512_512,0.0,0.0,,,,,,
IDRiD_31_0_1024,,,0.0,0.0,,,,
IDRiD_31_0_1536,0.7511508841355437,0.6728456913801725,0.0,0.0,0.40512701001908585,0.4794263651353621,0.9041016495744447,0.950637539841784
IDRiD_31_0_2048,0.5816326530589592,0.5403430060023131,0.0,0.0,0.49265365247642506,0.44492898080681625,0.7908653523985273,0.8703321337948489
IDRiD_31_0_2560,0.6559265147477268,0.5149783645816322,0.0,0.0,0.36868686867970696,0.2956386292742792,0.7780084472705419,0.8100775193677687
IDRiD_31_0_3072,0.7861224790738999,0.7553492985634451,,,,,0.8589616032804128,0.932955472728022
IDRiD_31_0_512,,,0.0,0.0,,,,
IDRiD_31_1024_0,,,0.0,0.0,,,0.13133994690329273,0.07028562883101114
IDRiD_31_1024_1536,0.929777397418694,0.9555092442097862,0.0,0.0,0.6353313477230516,0.5852194787279626,,
IDRiD_31_1024_2048,,,0.0,0.0,0.5871818622884426,0.5858639204243828,,
IDRiD_31_1024_2560,0.0,0.0,,,,,,
IDRiD_31_1024_3072,0.0,0.0,,,,,,
IDRiD_31_1024_512,0.0,0.0,,,,,0.0,0.0
IDRiD_31_1536_0,0.13066509711498922,0.09199212679900556,,,,,0.10553879810366423,0.05681047710788705
IDRiD_31_1536_1024,0.5114237478839456,0.3780995173842886,,,0.3067869752723897,0.2516087515925606,,
IDRiD_31_1536_1536,0.5833399381740244,0.4780462457719142,0.0,0.0,,,,
IDRiD_31_1536_2048,0.0,0.0,,,0.41106931756015397,0.3915046059165044,,
IDRiD_31_1536_2560,,,,,0.4666021297042078,0.5975206611076429,,
IDRiD_31_1536_512,0.5727190605217829,0.41051098041110173,0.0,0.0,0.0,0.0,0.0,0.0
IDRiD_31_2048_1024,,,0.0,0.0,,,,
IDRiD_31_2048_2048,,,,,0.28284518826084976,0.5690235688319786,,
IDRiD_31_512_0,0.7010115266954774,0.5858645433934349,,,0.0,0.0,,
IDRiD_31_512_1024,0.7503100724541398,0.8244154353632992,,,,,,
IDRiD_31_512_1536,0.4008498583474776,0.2793682132188428,0.0,0.0,,,,
IDRiD_31_512_2048,0.0,0.0,0.0,0.0,0.2821766047480555,0.2848684210338902,,
IDRiD_31_512_2560,0.0,0.0,0.0,0.0,0.3971468016521267,0.4171097148280061,,
IDRiD_31_512_3072,0.6726279185239888,0.6532647153320479,,,,,0.0,0.0
IDRiD_31_512_512,0.7191504097866814,0.6250313518905191,0.0,0.0,0.0,0.0,,
IDRiD_32_0_1024,0.7476903758117527,0.6541117388472362,,,,,,
IDRiD_32_0_2048,,,0.0,0.0,,,0.5635359115858234,0.5010341261374853
IDRiD_32_0_2560,,,,,,,0.592370432681349,0.7925229986221126
IDRiD_32_0_512,0.0,0.0,,,,,,
IDRiD_32_1024_2048,,,0.0,0.0,0.5648635710596045,0.7622739017103005,,
IDRiD_32_1024_2560,0.0,0.0,,,0.6644215648448737,0.7394333641502462,,
IDRiD_32_1024_3072,0.0,0.0,0.0,0.0,0.6963589524574021,0.8044177090270078,,
IDRiD_32_1536_0,0.23850788148684898,0.1495704378413252,,,,,,
IDRiD_32_1536_1024,,,,,0.0,0.0,,
IDRiD_32_1536_2048,,,,,0.06347554630262874,0.23643410843549065,,
IDRiD_32_1536_2560,,,,,0.36996519144090895,0.30433596944902275,,
IDRiD_32_1536_3072,,,,,0.6311243979300594,0.7639726577899488,,
IDRiD_32_1536_512,0.0,0.0,,,,,,
IDRiD_32_2048_0,0.0,0.0,,,,,,
IDRiD_32_2048_1024,0.8046059733700133,0.7695048382494453,,,,,0.9097274318352156,0.8791686804794989
IDRiD_32_2048_1536,0.0,0.0,0.0,0.0,,,,
IDRiD_32_2048_2048,0.2129094412228849,0.11913746630085512,,,,,0.6909498040653445,0.6933043738713802
IDRiD_32_2048_2560,0.7081265708532053,0.6872654490782178,,,,,,
IDRiD_32_2048_3072,0.0,0.0,0.0,0.0,,,,
IDRiD_32_2048_512,0.8885091841039329,0.9552552158384037,,,,,0.712659303307454,0.9992852036931312
IDRiD_32_512_1024,0.10526315788015746,0.055555555547433404,,,,,,
IDRiD_32_512_2048,,,,,0.12681638043238885,0.33802816877603653,,
IDRiD_32_512_2560,,,0.0,0.0,0.4509443861460457,0.4124775044941514,0.8046797842376002,0.9016002723714402
IDRiD_32_512_3072,,,,,0.6059031386343181,0.5833500099943296,,
IDRiD_32_512_512,0.0,0.0,,,,,,
IDRiD_33_0_1024,0.6234297399759442,0.45991379308362446,,,0.5931477515424896,0.45187601950214096,,
IDRiD_33_0_1536,0.6806804038121927,0.5778351725689382,0.0,0.0,,,,
IDRiD_33_0_2048,0.0,0.0,0.0,0.0,,,,
IDRiD_33_0_2560,0.5456069823923606,0.41769527006873475,0.0,0.0,,,,
IDRiD_33_0_3072,0.516292541627149,0.448005026690292,0.0,0.0,,,,
IDRiD_33_1024_0,0.7469835466151847,0.7139861606156847,,,0.0,0.0,,
IDRiD_33_1024_1024,0.7432577158918969,0.7550939663549933,0.0,0.0,0.0,0.0,,
IDRiD_33_1024_1536,0.5625870646738179,0.7412165705199106,0.0,0.0,0.16243980738232391,0.27733625650103216,,
IDRiD_33_1024_2048,0.45198046662640634,0.3719857100272107,0.0,0.0,0.3581974579512248,0.43095458757443694,,
IDRiD_33_1024_2560,0.6197365439990299,0.620680713124015,0.0,0.0,0.03708791208663847,0.01987486197939364,,
IDRiD_33_1024_3072,0.77353795105587,0.8054609146273551,0.0,0.0,0.0,0.0,,
IDRiD_33_1024_3584,,,0.0,0.0,,,,
IDRiD_33_1024_512,0.7841303172002668,0.7067561367245541,,,0.0,0.0,,
IDRiD_33_1536_0,,,0.0,0.0,0.0,0.0,,
IDRiD_33_1536_1024,0.513193812550199,0.3752851710955269,0.0,0.0,0.006719609040723286,0.004453441295366257,,
IDRiD_33_1536_1536,0.5759550274616589,0.4419607843050596,0.0,0.0,0.3734319716920759,0.34212465006126236,,
IDRiD_33_1536_2048,0.0,0.0,0.0,0.0,0.27884026927677924,0.2899992043894502,,
IDRiD_33_1536_2560,0.18130766144479313,0.09982332155036117,0.0,0.0,0.25542973825402954,0.2228701004139012,,
IDRiD_33_1536_3072,0.35039028620771656,0.24423525347401126,0.0,0.0,,,,
IDRiD_33_1536_3584,0.0,0.0,,,,,,
IDRiD_33_1536_512,0.7902540346263406,0.8082685749404365,,,0.0,0.0,,
IDRiD_33_2048_1024,,,0.0,0.0,0.3883847549556819,0.5232273837351522,,
IDRiD_33_2048_1536,0.4658579534292129,0.397164303579697,0.0,0.0,0.0,0.0,,
IDRiD_33_2048_2048,0.5140357272964995,0.41470588234074396,0.0,0.0,0.31628026349424126,0.47611075337442227,,
IDRiD_33_2048_2560,0.7628274129751915,0.8645790971588215,0.0,0.0,0.03735632183371317,0.02195945945575009,,
IDRiD_33_2048_3072,0.0,0.0,0.0,0.0,,,,
IDRiD_33_2048_512,0.5989445910272678,0.517687005876152,0.0,0.0,0.21679389311322184,0.2634508348305286,0.6290295070747113,0.9929994614792138
IDRiD_33_512_0,0.45285242809461507,0.30175934652369213,,,,,,
IDRiD_33_512_1536,0.8385133449696257,0.8733243271238352,0.0,0.0,0.13636363635829296,0.10205278591776816,,
IDRiD_33_512_2048,0.701150817685189,0.6279530228630341,0.0,0.0,0.38825579835918683,0.3712820512725312,,
IDRiD_33_512_2560,0.6150935708239033,0.620748399220932,0.0,0.0,0.0,0.0,,
IDRiD_33_512_3072,0.10443813069359813,0.06620295615369268,0.0,0.0,,,,
IDRiD_33_512_512,0.2551121046731862,0.14879582757977605,0.0,0.0,,,,
IDRiD_34_0_1024,0.7454509880613116,0.931996086094276,0.0,0.0,0.0,0.0,,
IDRiD_34_0_1536,,,0.0,0.0,,,,
IDRiD_34_0_2048,0.4446239040122022,0.3147407104915088,,,,,,
IDRiD_34_0_2560,0.0,0.0,,,0.0,0.0,,
IDRiD_34_0_3072,,,0.0,0.0,0.0,0.0,,
IDRiD_34_0_512,0.6779903450620778,0.6358148893146943,,,,,,
IDRiD_34_1024_1024,,,,,0.0,0.0,,
IDRiD_34_1024_1536,,,0.0,0.0,0.04109589040392194,0.02424242423752678,,
IDRiD_34_1024_2048,,,0.0,0.0,,,,
IDRiD_34_1024_3072,0.8378995287808815,0.8195644832449631,0.0,0.0,0.6882823722411598,0.7997138769289598,,
IDRiD_34_1024_3584,0.538346031919591,0.37510656436196926,,,,,,
IDRiD_34_1024_512,,,,,0.0,0.0,,
IDRiD_34_1536_0,0.38360848426359134,0.2502963117879781,,,,,,
IDRiD_34_1536_1024,0.38551307845531135,0.2405826217860079,0.0,0.0,0.0,0.0,,
IDRiD_34_1536_1536,0.6310774835276576,0.5835708732681116,0.0,0.0,0.0,0.0,,
IDRiD_34_1536_2048,0.6320046215987059,0.5212502382214361,0.0,0.0,,,,
IDRiD_34_1536_3072,0.7188768963684521,0.5755480892398648,,,0.32565217390596407,0.4304597700902034,,
IDRiD_34_1536_3584,0.0,0.0,,,,,,
IDRiD_34_1536_512,0.5198240889092152,0.3769405715406483,0.0,0.0,,,,
IDRiD_34_2048_0,0.0,0.0,,,,,,
IDRiD_34_2048_1024,0.6340921709808943,0.9999999998248688,0.0,0.0,0.1741877256239085,0.2745376955512749,,
IDRiD_34_2048_1536,0.8270810039695665,0.8512022855295167,,,0.3986928104444872,0.5147679324460112,,
IDRiD_34_2048_2048,0.5161773891253445,0.3625197402989556,0.0,0.0,0.0,0.0,,
IDRiD_34_2048_2560,0.6431866392786182,0.48230066151349643,,,,,,
IDRiD_34_2048_3072,,,,,0.7212238950771923,0.7258064515774287,,
IDRiD_34_2048_512,0.774878118724477,0.6749937546806145,0.0,0.0,0.3753976669803396,0.31161971825499657,,
IDRiD_34_512_1024,0.797060873178882,0.7233971727198167,0.0,0.0,0.08960573475096673,0.1063829786781349,,
IDRiD_34_512_1536,0.41065345306873174,0.3703910614318217,0.0,0.0,0.10548048047850074,0.7960339941087722,,
IDRiD_34_512_2560,0.0,0.0,,,0.0,0.0,,
IDRiD_34_512_3072,0.38651427378327585,0.2508637626160093,0.0,0.0,0.0,0.0,,
IDRiD_34_512_3584,0.0,0.0,,,,,,
IDRiD_34_512_512,0.4663541800421653,0.3519236360095362,0.0,0.0,,,,
IDRiD_35_0_1024,,,0.0,0.0,0.0,0.0,,
IDRiD_35_0_1536,0.011772163361352114,0.011944138184381255,,,0.0,0.0,0.0,0.0
IDRiD_35_0_2048,0.7351186633257558,0.6030293401109987,0.0,0.0,,,0.0,0.0
IDRiD_35_0_2560,0.5672773753703994,0.7957207745541989,,,,,,
IDRiD_35_1024_0,0.6205811335079349,0.5662301656049552,,,,,,
IDRiD_35_1024_1024,0.31480397893044465,0.25877825877203514,,,,,,
IDRiD_35_1024_1536,0.35274396108617234,0.5652633433101526,,,0.0,0.0,0.5235277542932972,0.3611624064499838
IDRiD_35_1024_2048,0.658582834328051,0.6777241450069043,0.0,0.0,0.6588047323747145,0.7104529044903967,,
IDRiD_35_1024_2560,0.39725851673954576,0.28324666161370565,0.0,0.0,0.39514563106156725,0.5154073448494974,,
IDRiD_35_1024_3072,0.8602392751653649,0.7661443124300258,,,,,,
IDRiD_35_1024_512,0.8474750064013716,0.8347079616085725,0.0,0.0,,,,
IDRiD_35_1536_0,0.0,0.0,,,,,,
IDRiD_35_1536_1024,,,0.0,0.0,,,,
IDRiD_35_1536_1536,,,0.0,0.0,,,,
IDRiD_35_1536_2048,,,0.0,0.0,0.34927302099597296,0.33781249998944335,,
IDRiD_35_1536_2560,0.0,0.0,0.0,0.0,0.29126213589091027,0.2878464818149581,,
IDRiD_35_1536_3072,0.5135885796193501,0.7694062905428419,,,,,,
IDRiD_35_1536_512,0.6687142672106339,0.8094150317978616,,,,,,
IDRiD_35_2048_1024,,,,,,,0.8689494226014205,0.8712983135570781
IDRiD_35_2048_2048,0.7972936763076279,0.9443033957323976,0.0,0.0,0.4929971988335203,0.795180722652054,,
IDRiD_35_2048_512,0.4290762241284808,0.7738431594099714,,,,,0.8200513343822246,0.9046806768497224
IDRiD_35_512_0,0.0,0.0,,,,,,
IDRiD_35_512_1024,,,0.0,0.0,,,,
IDRiD_35_512_1536,0.2465577969861262,0.14061358655696468,,,0.0,0.0,0.848010437033094,0.736126840289312
IDRiD_35_512_2048,0.7651341037117544,0.7489066063976627,0.0,0.0,0.0,0.0,0.0,0.0
IDRiD_35_512_2560,0.6819444444326052,0.6684819604946058,0.0,0.0,,,,
IDRiD_35_512_512,0.08781636256518167,0.10320973989753156,0.0,0.0,,,,
IDRiD_36_0_1024,,,0.0,0.0,,,,
IDRiD_36_0_1536,0.5295464956401047,0.48341232226140474,0.0,0.0,0.3945396145504674,0.41544532128436046,,
IDRiD_36_1024_1024,,,0.0,0.0,0.0,0.0,,
IDRiD_36_1024_1536,0.8349171270533721,0.921014139399268,0.0,0.0,0.0,0.0,,
IDRiD_36_1024_2048,,,0.0,0.0,,,,
IDRiD_36_1024_3584,0.19185645272160443,0.1123686337884029,,,,,,
IDRiD_36_1024_512,0.36170990133862957,0.2760736196165045,0.0,0.0,,,,
IDRiD_36_1536_1024,,,0.0,0.0,0.0,0.0,,
IDRiD_36_1536_1536,0.7035796155849781,0.5735230702847957,,,,,,
IDRiD_36_1536_2048,0.7375328083795923,0.6156879929616264,,,,,,
IDRiD_36_1536_3584,0.0,0.0,,,,,,
IDRiD_36_1536_512,0.0,0.0,0.0,0.0,0.0,0.0,,
IDRiD_36_2048_1024,,,0.0,0.0,0.2839173404956049,0.2677966101241023,,
IDRiD_36_2048_1536,,,0.0,0.0,,,,
IDRiD_36_2048_3072,0.6814189419198806,0.5992575146676808,,,,,,
IDRiD_36_2048_512,0.0,0.0,0.0,0.0,,,,
IDRiD_36_512_1024,,,0.0,0.0,,,,
IDRiD_36_512_1536,,,0.0,0.0,0.1592326139050544,0.2675261885360575,,
IDRiD_36_512_2048,,,0.0,0.0,0.0,0.0,,
IDRiD_37_0_1024,0.0,0.0,,,0.0,0.0,,
IDRiD_37_0_1536,,,0.0,0.0,,,,
IDRiD_37_0_2048,,,0.0,0.0,0.0,0.0,,
IDRiD_37_1024_1024,,,0.0,0.0,,,,
IDRiD_37_1024_1536,0.34776584688785017,0.42184873946034884,0.0,0.0,0.5833333333301436,0.6091127098251785,,
IDRiD_37_1024_2048,,,0.0,0.0,0.62426118772617,0.705727272720857,,
IDRiD_37_1024_2560,,,0.0,0.0,0.0,0.0,,
IDRiD_37_1024_3072,,,0.0,0.0,,,,
IDRiD_37_1536_1536,,,0.0,0.0,,,,
IDRiD_37_1536_2048,0.2145695364143678,0.13410596025749966,,,0.12259615383141874,0.249999999877451,,
IDRiD_37_1536_2560,,,0.0,0.0,0.0,0.0,,
IDRiD_37_1536_3072,0.7018165706379347,0.6815834767055435,0.0,0.0,0.0,0.0,,
IDRiD_37_1536_512,0.0,0.0,,,,,,
IDRiD_37_2048_3072,,,0.0,0.0,,,,
IDRiD_37_2048_512,0.7241313478392318,0.8700539052543863,,,,,,
IDRiD_37_512_1536,0.0,0.0,,,0.22436781608163828,0.18726016882676436,,
IDRiD_37_512_2048,0.2548510947363821,0.14603401117676257,0.0,0.0,0.5437096492663809,0.4488619994108654,,
IDRiD_37_512_2560,,,0.0,0.0,0.0,0.0,,
IDRiD_38_0_2048,,,0.0,0.0,,,,
IDRiD_38_0_2560,,,0.0,0.0,,,,
IDRiD_38_0_512,,,,,0.0,0.0,,
IDRiD_38_1024_1024,,,0.0,0.0,0.0,0.0,,
IDRiD_38_1024_1536,0.0,0.0,0.0,0.0,,,,
IDRiD_38_1024_2048,,,0.0,0.0,,,,
IDRiD_38_1024_3072,,,0.0,0.0,,,,
IDRiD_38_1536_1024,,,0.0,0.0,0.0,0.0,,
IDRiD_38_1536_1536,,,0.0,0.0,0.4144490169143626,0.38180286435750965,,
IDRiD_38_1536_2048,,,0.0,0.0,0.0,0.0,,
IDRiD_38_1536_2560,,,0.0,0.0,,,,
IDRiD_38_1536_3072,,,,,,,0.5084724005102151,0.7523266856457298
IDRiD_38_2048_1024,,,0.0,0.0,0.13699405603914538,0.2102519548036271,,
IDRiD_38_2048_1536,,,0.0,0.0,0.10079575595925766,0.062431544352417136,,
IDRiD_38_2048_2048,0.3673874231230433,0.2744516893813144,,,,,,
IDRiD_38_512_1024,,,0.0,0.0,0.3175416132756029,0.2767857142239317,,
IDRiD_38_512_1536,,,0.0,0.0,0.42474916385592254,0.3611374407240628,,
IDRiD_38_512_2560,0.7443037974538598,0.8741994510121592,0.0,0.0,0.0,0.0,,
IDRiD_38_512_3072,,,0.0,0.0,,,0.7535299702877468,0.9283072975554425
IDRiD_39_0_1024,0.5944477972059612,0.6125621890166316,0.0,0.0,,,0.32094315536291246,0.6976820110774509
IDRiD_39_0_1536,0.0,0.0,0.0,0.0,0.0,0.0,,
IDRiD_39_0_2048,0.16882956371068064,0.14796360484948087,0.0,0.0,,,,
IDRiD_39_0_2560,0.7754332498236642,0.8670940911403737,,,,,0.7952722667624468,0.8824355971483637
IDRiD_39_0_3072,0.877971473831153,0.891494252832575,,,,,,
IDRiD_39_0_512,0.5735124759856618,0.7388724034877475,0.0,0.0,0.09423571166204582,0.5492154064837068,0.0,0.0
IDRiD_39_1024_0,0.7079096045131081,0.7530048076772234,0.0,0.0,,,,
IDRiD_39_1024_1024,0.5565467625739123,0.4723986321215242,0.0,0.0,0.0,0.0,,
IDRiD_39_1024_1536,0.2193029083436912,0.3215319527873184,0.0,0.0,0.2259246917618819,0.3016014234607116,,
IDRiD_39_1024_2048,0.797040524620867,0.7824364476466678,0.0,0.0,0.2183658712784985,0.18757763972825123,,
IDRiD_39_1024_3072,0.0,0.0,0.0,0.0,0.0,0.0,,
IDRiD_39_1024_3584,0.804561769128143,0.8436323904231682,,,0.0,0.0,,
IDRiD_39_1024_512,0.4399164054279008,0.4252525252417866,0.0,0.0,0.0,0.0,,
IDRiD_39_1536_0,,,0.0,0.0,,,,
IDRiD_39_1536_1024,0.6933907377199593,0.5645665561291845,0.0,0.0,0.0,0.0,,
IDRiD_39_1536_1536,0.36511522819289294,0.6798485485620595,0.0,0.0,0.1598119858972352,0.43948296119627006,,
IDRiD_39_1536_2048,0.5570552147203289,0.7414474815069375,0.0,0.0,,,,
IDRiD_39_1536_2560,0.6769911504336675,0.7917808218937054,0.0,0.0,,,,
IDRiD_39_1536_3072,0.5190012447809951,0.3779057368288659,0.0,0.0,0.27831715207353647,0.3633802815877802,,
IDRiD_39_1536_512,0.5092667203765257,0.3861900397071131,0.0,0.0,,,,
IDRiD_39_2048_0,0.0,0.0,,,,,,
IDRiD_39_2048_1024,0.5990024937606068,0.5995008319367804,0.0,0.0,0.4363636363546206,0.6834951455868288,0.007071390957593685,0.0035935469072284304
IDRiD_39_2048_1536,0.22280520940482706,0.4029142663367362,0.0,0.0,0.0,0.0,,
IDRiD_39_2048_2048,0.3318059299146657,0.26830863120600895,0.0,0.0,,,,
IDRiD_39_2048_2560,0.5781595730821767,0.41072584373428656,0.0,0.0,,,,
IDRiD_39_2048_3072,0.5330192424749662,0.6324351485419732,,,,,0.8367376928698136,0.7660433203231128
IDRiD_39_2048_512,0.7035862964492091,0.740970155251058,0.0,0.0,0.0,0.0,0.0,0.0
IDRiD_39_512_0,,,0.0,0.0,,,,
IDRiD_39_512_1024,0.43808698164794063,0.4016248675344258,0.0,0.0,0.17907227615689517,0.21266471448709134,,
IDRiD_39_512_1536,0.5010001449470909,0.4728058656135215,0.0,0.0,0.23322604604522837,0.16791443849668755,,
IDRiD_39_512_2048,0.5850094705458193,0.6866398475399822,0.0,0.0,0.24171607952142107,0.35981308409346763,,
IDRiD_39_512_2560,0.020953378731222976,0.010764262647429265,0.0,0.0,,,0.48725376592573505,0.9999999999405469
IDRiD_39_512_512,0.5633050945772119,0.5399332591708572,0.0,0.0,0.0,0.0,,
IDRiD_40_0_1024,0.37075718014282893,0.3119899560381676,0.0,0.0,,,,
IDRiD_40_0_1536,0.0,0.0,0.0,0.0,,,,
IDRiD_40_0_2048,,,0.0,0.0,0.48692694678320037,0.5706693240230748,,
IDRiD_40_1024_0,,,0.0,0.0,0.0,0.0,,
IDRiD_40_1024_2048,,,0.0,0.0,0.0,0.0,,
IDRiD_40_1024_2560,,,0.0,0.0,0.0,0.0,,
IDRiD_40_1024_3072,,,0.0,0.0,,,,
IDRiD_40_1536_1536,,,,,0.0,0.0,,
IDRiD_40_1536_2048,,,0.0,0.0,0.0,0.0,,
IDRiD_40_1536_2560,,,0.0,0.0,,,,
IDRiD_40_1536_3072,,,0.0,0.0,,,,
IDRiD_40_1536_512,,,,,0.0,0.0,,
IDRiD_40_2048_1024,,,0.0,0.0,,,,
IDRiD_40_2048_1536,0.0,0.0,0.0,0.0,,,,
IDRiD_40_2048_2048,,,0.0,0.0,0.0,0.0,,
IDRiD_40_2048_2560,,,0.0,0.0,,,,
IDRiD_40_2048_3072,,,0.0,0.0,,,,
IDRiD_40_2048_512,,,0.0,0.0,,,,
IDRiD_40_512_1536,,,0.0,0.0,,,,
IDRiD_40_512_2048,,,,,0.0,0.0,,
IDRiD_40_512_2560,,,0.0,0.0,0.0,0.0,,
IDRiD_41_0_3072,,,0.0,0.0,,,,
IDRiD_41_1024_1024,0.7115384615024525,0.5522388059267683,0.0,0.0,,,,
IDRiD_41_1024_1536,,,0.0,0.0,0.25174825171891047,0.25352112670105137,,
IDRiD_41_1024_2048,,,,,0.15812690871536728,0.10547759166566421,,
IDRiD_41_1024_512,,,,,0.0,0.0,,
IDRiD_41_1536_1024,,,,,0.13402061853367345,0.08459869846321069,,
IDRiD_41_1536_3072,0.0,0.0,0.0,0.0,,,,
IDRiD_41_1536_3584,0.0,0.0,,,,,,
IDRiD_41_1536_512,,,,,0.0,0.0,,
IDRiD_41_2048_1024,0.0,0.0,0.0,0.0,,,,
IDRiD_41_2048_2048,,,0.0,0.0,,,,
IDRiD_41_2048_2560,,,0.0,0.0,,,,
IDRiD_41_512_1536,,,0.0,0.0,0.5280898876107815,0.999999999787234,,
IDRiD_41_512_2048,,,,,0.0,0.0,,
IDRiD_41_512_3072,,,,,0.0,0.0,,
IDRiD_42_0_1024,,,,,0.0,0.0,,
IDRiD_42_0_512,0.0,0.0,0.0,0.0,,,,
IDRiD_42_1024_0,,,0.0,0.0,0.43014301428960006,0.3613678373215634,,
IDRiD_42_1024_1536,,,0.0,0.0,,,,
IDRiD_42_1024_2048,,,,,0.4871712636227202,0.6001580402765643,,
IDRiD_42_1024_2560,,,,,0.4278117788659796,0.5306122448847533,,
IDRiD_42_1024_3072,,,,,0.0,0.0,,
IDRiD_42_1024_512,,,,,0.0,0.0,,
IDRiD_42_1536_0,0.31335740069939655,0.2688971499047216,,,,,,
IDRiD_42_1536_1536,,,0.0,0.0,,,,
IDRiD_42_1536_2048,,,0.0,0.0,0.16923076921992108,0.10320562938989791,,
IDRiD_42_1536_2560,,,,,0.437499999969618,0.3118811880879326,,
IDRiD_42_2048_1536,,,0.0,0.0,,,,
IDRiD_42_2048_2048,,,,,0.0,0.0,,
IDRiD_42_2048_2560,,,0.0,0.0,0.0,0.0,,
IDRiD_42_512_1536,,,0.0,0.0,,,,
IDRiD_42_512_2048,,,0.0,0.0,,,,
IDRiD_42_512_2560,,,,,0.48507250497353294,0.474503986644961,,
IDRiD_42_512_3072,,,,,0.0,0.0,,
IDRiD_42_512_512,0.22148394241067104,0.22450288645848293,,,0.0,0.0,,
IDRiD_43_1024_2048,,,,,0.7317466496114893,0.6575554667166822,,
IDRiD_43_1024_2560,,,0.0,0.0,0.6186960882635533,0.6319046057997382,,
IDRiD_43_1024_3072,,,,,0.0,0.0,,
IDRiD_43_1024_3584,,,,,0.0,0.0,,
IDRiD_43_1536_2048,,,,,0.516732974478897,0.5844362096037884,,
IDRiD_43_1536_2560,,,,,0.6523210587429796,0.6935553168561379,,
IDRiD_43_512_2048,,,,,0.6493100754842669,0.6342828076991718,,
IDRiD_43_512_2560,,,,,0.0,0.0,,
IDRiD_43_512_3072,,,,,0.0,0.0,,
IDRiD_44_0_1024,,,0.0,0.0,,,,
IDRiD_44_0_2560,,,,,0.6583922092675503,0.7762269247736954,,
IDRiD_44_0_3072,,,,,0.0,0.0,,
IDRiD_44_0_512,,,,,0.38297872338336175,0.3339676498255026,,
IDRiD_44_1024_0,,,,,0.0,0.0,,
IDRiD_44_1024_1024,,,0.0,0.0,0.0,0.0,,
IDRiD_44_1024_1536,,,,,0.0,0.0,,
IDRiD_44_1024_3072,,,,,0.4660194174254564,0.47682119194772155,,
IDRiD_44_1024_512,,,,,0.0,0.0,,
IDRiD_44_1536_1024,0.6324450008829826,0.6794773251083983,,,0.3819195539549598,0.3175496688636573,,
IDRiD_44_1536_1536,,,,,0.0,0.0,,
IDRiD_44_1536_2560,,,,,0.0,0.0,,
IDRiD_44_1536_3072,,,,,0.0,0.0,,
IDRiD_44_1536_512,,,0.0,0.0,0.0,0.0,,
IDRiD_44_2048_1024,,,,,0.0,0.0,,
IDRiD_44_2048_1536,0.29531140656769383,0.1762740183719184,,,0.2659685863735095,0.18540145984048165,,
IDRiD_44_2048_512,,,0.0,0.0,0.38088267583707175,0.293315297031977,,
IDRiD_44_512_1024,,,0.0,0.0,,,,
IDRiD_44_512_1536,0.0,0.0,0.0,0.0,,,,
IDRiD_44_512_2048,,,,,0.4926952140809725,0.3453389830264591,,
IDRiD_44_512_2560,,,0.0,0.0,0.0,0.0,,
IDRiD_44_512_512,,,0.0,0.0,,,,
IDRiD_45_0_1024,,,0.0,0.0,0.4499110847525219,0.402225755145616,,
IDRiD_45_0_1536,0.8119867340460676,0.8101315685747251,0.0,0.0,0.5687463893675682,0.5068645958425702,,
IDRiD_45_0_2048,,,,,0.0,0.0,,
IDRiD_45_0_2560,,,,,0.6987341771857075,0.9179600885900266,,
IDRiD_45_0_512,,,,,0.0,0.0,,
IDRiD_45_1024_1024,0.0,0.0,0.0,0.0,0.0,0.0,,
IDRiD_45_1024_2560,,,,,0.0,0.0,,
IDRiD_45_1024_512,,,,,0.6419610113753723,0.6080438756633256,,
IDRiD_45_1536_0,,,0.0,0.0,,,,
IDRiD_45_1536_1024,,,0.0,0.0,0.2942196531706873,0.22130434781646505,,
IDRiD_45_1536_1536,,,,,0.4045941007464215,0.46021377669476166,,
IDRiD_45_1536_2048,,,0.0,0.0,,,,
IDRiD_45_1536_2560,,,,,0.0,0.0,,
IDRiD_45_1536_3072,,,,,0.0,0.0,,
IDRiD_45_1536_512,,,0.0,0.0,0.43338160752685206,0.3882581900683059,,
IDRiD_45_2048_1024,0.0,0.0,0.0,0.0,0.0,0.0,,
IDRiD_45_2048_1536,,,0.0,0.0,,,,
IDRiD_45_2048_2560,,,,,0.22923238693698925,0.16005873712774468,,
IDRiD_45_2048_512,,,,,0.5219997145958141,0.5830411220849745,,
IDRiD_45_512_1024,,,0.0,0.0,0.46922300705568076,0.3997134670372575,,
IDRiD_45_512_1536,,,,,0.0,0.0,,
IDRiD_45_512_2560,,,,,0.0,0.0,,
IDRiD_45_512_512,,,,,0.25302175662747606,0.1957605984793316,,
IDRiD_46_0_1024,,,0.0,0.0,,,,
IDRiD_46_0_1536,0.1398344066218973,0.3447828904507593,,,,,,
IDRiD_46_1024_1024,0.6264660887222531,0.5982468955296264,0.0,0.0,0.0,0.0,,
IDRiD_46_1024_1536,0.6356467564138987,0.6086013431752029,0.0,0.0,0.5709871144523031,0.6259507829937618,,
IDRiD_46_1024_2048,0.7838899803512283,0.7951176983385532,0.0,0.0,0.0,0.0,,
IDRiD_46_1536_1024,0.6193746038420697,0.7026605944306967,0.0,0.0,,,,
IDRiD_46_1536_1536,0.5194929442592803,0.5647425896742203,0.0,0.0,0.0,0.0,,
IDRiD_46_1536_2048,0.728449348703821,0.659258146858999,0.0,0.0,,,,
IDRiD_46_1536_512,0.8057675996573123,0.7093787335669849,,,,,,
IDRiD_46_2048_1024,0.8044096429410632,0.8332027509334227,0.0,0.0,,,0.6485414534267895,0.7888266417616804
IDRiD_46_2048_1536,0.6568100358364085,0.646384479706413,0.0,0.0,,,,
IDRiD_46_2048_2048,0.0,0.0,0.0,0.0,0.0,0.0,0.8251156382205239,0.8373951258406173
IDRiD_46_2048_2560,,,,,,,0.0,0.0
IDRiD_46_2048_3072,0.5871465295599633,0.8596808190174694,0.0,0.0,,,0.5470261809883785,0.468812877260723
IDRiD_46_2048_512,0.8451926225012408,0.7986902490548203,0.0,0.0,0.0,0.0,0.9345896864811811,0.9751877011048438
IDRiD_46_512_1024,0.7374224672600465,0.8107950571134204,0.0,0.0,,,,
IDRiD_46_512_1536,0.7845307787816489,0.7337647253999211,0.0,0.0,0.2953276520673622,0.26192337763195406,0.8387196218451443,0.9662602107218884
IDRiD_46_512_2048,0.5227293941890905,0.4295796256454498,0.0,0.0,0.0,0.0,0.6649897630847325,0.9240773857759051
IDRiD_47_0_1024,0.0,0.0,,,0.0,0.0,,
IDRiD_47_0_1536,,,,,0.29227906976472295,0.24543040149593143,,
IDRiD_47_0_2048,,,0.0,0.0,0.0,0.0,,
IDRiD_47_0_2560,0.3080664774967964,0.2820037105646752,0.0,0.0,,,0.841534826380674,0.9705281241640634
IDRiD_47_0_512,,,,,0.0,0.0,,
IDRiD_47_1024_0,,,,,0.7223484848348041,0.7576479936131248,,
IDRiD_47_1024_1024,0.0,0.0,,,,,,
IDRiD_47_1024_2048,,,0.0,0.0,0.019454830351987442,0.4497847919333009,,
IDRiD_47_1024_3072,0.0,0.0,,,,,,
IDRiD_47_1024_3584,,,0.0,0.0,,,,
IDRiD_47_1024_512,,,0.0,0.0,0.6037039315800046,0.6557508520974688,,
IDRiD_47_1536_0,,,0.0,0.0,,,,
IDRiD_47_1536_1024,,,,,0.08389920024017053,0.06852353955956314,,
IDRiD_47_1536_1536,,,,,0.0,0.0,,
IDRiD_47_1536_3072,0.7902073531939788,0.77494873546843,,,,,,
IDRiD_47_1536_512,,,0.0,0.0,,,,
IDRiD_47_2048_0,,,,,0.0,0.0,,
IDRiD_47_2048_1536,0.21693746028667568,0.6540777230074396,,,,,,
IDRiD_47_2048_2048,0.0,0.0,,,,,,
IDRiD_47_2048_2560,0.38591678096086346,0.7947269301704846,0.0,0.0,,,,
IDRiD_47_2048_512,,,,,0.47779862411020646,0.6529914528798305,,
IDRiD_47_512_0,,,,,0.0,0.0,,
IDRiD_47_512_1024,,,0.0,0.0,,,,
IDRiD_47_512_1536,,,0.0,0.0,,,,
IDRiD_47_512_2048,,,,,0.4313993173963277,0.3785942491861584,,
IDRiD_47_512_2560,,,,,0.585471239519701,0.8212121211499082,,
IDRiD_47_512_512,,,0.0,0.0,0.3356164383479546,0.2940420059882537,,
IDRiD_48_0_1536,,,0.0,0.0,,,,
IDRiD_48_0_2048,0.555978433235247,0.4749390409060332,0.0,0.0,0.0,0.0,,
IDRiD_48_0_2560,0.0,0.0,0.0,0.0,0.4995935620183743,0.46448004836057316,,
IDRiD_48_0_3072,,,0.0,0.0,,,,
IDRiD_48_1024_0,0.0,0.0,0.0,0.0,,,,
IDRiD_48_1024_1024,0.0,0.0,0.0,0.0,0.0,0.0,0.8232834711492537,0.9760422977310346
IDRiD_48_1024_1536,0.09165639128459399,0.08891547049087259,,,0.1755146261998359,0.16804979249625523,,
IDRiD_48_1024_2048,0.05896346643993496,0.12281736668094835,0.0,0.0,0.7226432655183975,0.7055692587212051,,
IDRiD_48_1024_2560,0.020647321427995333,0.014396887158972884,0.0,0.0,0.651921644335108,0.7431941055434114,,
IDRiD_48_1024_3072,0.30305252543493394,0.1875425459474978,0.0,0.0,0.6021288515372429,0.6967457539129166,,
IDRiD_48_1024_512,0.0,0.0,,,,,,
IDRiD_48_1536_1024,,,,,0.3294742432253906,0.2545961917226757,0.798834762893691,0.9595645411757557
IDRiD_48_1536_1536,0.4884488448643379,0.4286748732491908,0.0,0.0,0.5995515695052328,0.6266534735932369,,
IDRiD_48_1536_2048,,,,,0.5248197216144356,0.4692607587309247,,
IDRiD_48_1536_2560,0.689924498810468,0.6879543094139172,0.0,0.0,0.6266550691009439,0.6830439912325845,,
IDRiD_48_1536_3072,0.20855292877500167,0.11981487088490066,0.0,0.0,0.0,0.0,0.7551456956754521,0.8747797356731851
IDRiD_48_1536_512,0.0,0.0,0.0,0.0,0.6672091130819852,0.7436517532803112,,
IDRiD_48_2048_1024,,,0.0,0.0,0.6996982690058806,0.6452841241755922,0.7065623332709116,0.6462789751879114
IDRiD_48_2048_1536,,,,,0.37921503591049116,0.4757281552738241,,
IDRiD_48_2048_2048,0.24355555553390615,0.17254408058280302,0.0,0.0,0.4342473419016719,0.6593033134529054,,
IDRiD_48_2048_2560,0.6206714712548719,0.5238872403483102,0.0,0.0,0.6240240240052846,0.8790186124467835,,
IDRiD_48_2048_3072,0.0,0.0,0.0,0.0,,,,
IDRiD_48_2048_512,0.7551699142950685,0.6205676243846511,,,0.39282589674572066,0.3448540706340358,,
IDRiD_48_512_1024,0.08074634067748518,0.07046603031806666,0.0,0.0,0.0,0.0,0.0,0.0
IDRiD_48_512_1536,0.0,0.0,0.0,0.0,0.5399635511444946,0.7241620111226144,0.678320832323136,0.6854523227341964
IDRiD_48_512_2048,0.0,0.0,0.0,0.0,0.5690273037518386,0.6171000277540751,,
IDRiD_48_512_2560,0.5546198170586508,0.42389898367462947,0.0,0.0,0.49663366335650233,0.505849132694399,,
IDRiD_48_512_3072,0.5663602941124415,0.5540370436872138,0.0,0.0,0.0,0.0,,
IDRiD_48_512_512,,,0.0,0.0,,,,
IDRiD_49_0_1024,0.0,0.0,0.0,0.0,0.2563044474952704,0.1722119531678308,,
IDRiD_49_0_1536,0.0,0.0,0.0,0.0,0.40578477243380867,0.3986294501019785,0.0,0.0
IDRiD_49_0_2048,0.0,0.0,0.0,0.0,0.0,0.0,,
IDRiD_49_0_2560,0.21137026238296758,0.15855658829094824,0.0,0.0,0.09130706691111275,0.0611902766084501,,
IDRiD_49_0_3072,0.6613240417888041,0.6194516970875031,0.0,0.0,0.0,0.0,,
IDRiD_49_0_512,0.0,0.0,,,0.4460345855428721,0.6561403507620807,,
IDRiD_49_1024_1024,0.29557843729281774,0.25738396621757553,0.0,0.0,0.5211012154502556,0.5011454753696701,,
IDRiD_49_1024_1536,0.0,0.0,0.0,0.0,0.5519706657320632,0.6067652420473698,,
IDRiD_49_1024_2048,,,0.0,0.0,0.43112701251885566,0.38403592640324447,,
IDRiD_49_1024_2560,,,,,0.43286933093200314,0.635604395576457,,
IDRiD_49_1024_3072,,,0.0,0.0,0.0,0.0,,
IDRiD_49_1024_512,0.552395593119334,0.38888888887485973,,,0.5324140117250561,0.49469808541244925,,
IDRiD_49_1536_1024,0.6410921809746847,0.7748181818111379,0.0,0.0,0.7480314960524742,0.7009222661211878,,
IDRiD_49_1536_1536,,,,,0.7013118838518304,0.7629756048563967,,
IDRiD_49_1536_2048,,,,,0.0,0.0,,
IDRiD_49_1536_512,0.41436166114173384,0.3496749024661941,0.0,0.0,0.3770174305943025,0.43355605046646045,,
IDRiD_49_2048_1024,0.7425699087367987,0.718820861671213,0.0,0.0,0.8006134549277676,0.8135923410864588,,
IDRiD_49_2048_1536,0.3092580433253691,0.3373925501190979,0.0,0.0,0.6364718449545659,0.6820381998908814,,
IDRiD_49_2048_2048,0.22927835051073653,0.30102869516507696,0.0,0.0,0.0,0.0,,
IDRiD_49_2048_2560,,,0.0,0.0,,,,
IDRiD_49_2048_3072,0.5621474916222291,0.6922916231387894,0.0,0.0,0.0,0.0,,
IDRiD_49_2048_512,0.2988382484307625,0.3211678831993405,0.0,0.0,0.6347498375552053,0.7890791599302805,,
IDRiD_49_512_0,,,,,0.0,0.0,,
IDRiD_49_512_1024,0.6151260504191343,0.5390438599059205,,,0.2768282431976232,0.18181818181148995,0.8011046382696666,0.9412182644896683
IDRiD_49_512_1536,0.686436794002409,0.6606642449368932,0.0,0.0,0.6516115261463513,0.7564174568014919,0.9447823264959619,0.9765442528401503
IDRiD_49_512_2048,,,,,0.490786725456065,0.521915103647365,,
IDRiD_49_512_3072,0.4933362464460466,0.677806683996842,0.0,0.0,,,,
IDRiD_49_512_512,0.5221704798489353,0.40852209725315186,0.0,0.0,0.0,0.0,,
IDRiD_50_0_1024,,,,,0.5939933258956621,0.5201298700960955,,
IDRiD_50_0_1536,,,,,0.2885486834012425,0.26171961785688247,,
IDRiD_50_0_2048,,,,,0.5222015054172902,0.46986454578762443,,
IDRiD_50_0_2560,,,,,,,0.7836201402125365,0.7802221046982525
IDRiD_50_0_512,,,,,0.3685116851077857,0.24021808851057672,,
IDRiD_50_1024_1024,0.6000830564659452,0.6717805671468257,,,0.2537650602314095,0.3719646798706441,,
IDRiD_50_1024_1536,0.7452341727421438,0.7135774647806921,0.0,0.0,0.3807240098980451,0.36383796569538973,0.9325593828692235,0.9370683038996613
IDRiD_50_1024_2048,,,,,0.4115004492301363,0.4234206471364123,,
IDRiD_50_1024_2560,0.7710022705032273,0.6733711047967884,,,0.5249712116677507,0.5154954351264114,,
IDRiD_50_1024_3072,0.0,0.0,,,,,,
IDRiD_50_1536_0,,,0.0,0.0,,,,
IDRiD_50_1536_1024,0.0,0.0,,,0.0,0.0,,
IDRiD_50_1536_1536,,,,,0.5735257214542586,0.6480011341052452,,
IDRiD_50_1536_2048,,,,,0.45989520353768854,0.5827374872021074,,
IDRiD_50_1536_2560,0.0,0.0,0.0,0.0,0.699971387692704,0.7689212974507302,,
IDRiD_50_1536_3072,0.29986559139583424,0.1763775792538827,0.0,0.0,,,0.7480477465396361,0.9999999999925434
IDRiD_50_1536_512,0.0,0.0,,,0.0,0.0,,
IDRiD_50_2048_1024,0.21906961398155494,0.12364990688552514,0.0,0.0,0.0,0.0,,
IDRiD_50_2048_1536,,,,,0.0,0.0,,
IDRiD_50_2048_2048,,,,,0.0,0.0,,
IDRiD_50_2048_2560,,,,,0.0,0.0,,
IDRiD_50_2048_512,,,,,0.0,0.0,,
IDRiD_50_512_1536,,,0.0,0.0,0.5275522872683422,0.5892266666635241,,
IDRiD_50_512_2048,,,0.0,0.0,0.40540035503874894,0.4673128702157532,,
IDRiD_50_512_2560,0.6135234391744756,0.5746661270508027,0.0,0.0,0.23582903909560993,0.26976421634745046,0.6495651409968832,0.9999999999864756
IDRiD_51_0_1024,,,0.0,0.0,0.4458680332834165,0.3758099351645994,,
IDRiD_51_0_1536,0.49423917360957015,0.34777746714152147,0.0,0.0,,,,
IDRiD_51_0_2048,0.0,0.0,0.0,0.0,,,0.5053287753820095,0.9654245101434721
IDRiD_51_0_3072,,,0.0,0.0,,,,
IDRiD_51_1024_1024,,,0.0,0.0,0.29500790602450855,0.47046109506696965,,
IDRiD_51_1024_1536,0.5253814146872294,0.3906765676406487,0.0,0.0,0.4385378228757003,0.3734289080874565,0.6733996270871131,0.6354838709491061
IDRiD_51_1024_2048,,,,,0.0,0.0,,
IDRiD_51_1024_3072,0.47697250981366496,0.31317393342342736,,,,,,
IDRiD_51_1024_3584,0.5574612491923556,0.4230822775939986,,,,,,
IDRiD_51_1024_512,0.0,0.0,0.0,0.0,0.3918600322572049,0.40612139916650924,0.7478142148219922,0.9873128119731883
IDRiD_51_1536_0,,,0.0,0.0,,,,
IDRiD_51_1536_1024,,,0.0,0.0,,,,
IDRiD_51_1536_1536,,,0.0,0.0,0.327552986496746,0.26941362913871525,0.6497109826495706,0.537799043049335
IDRiD_51_1536_512,,,0.0,0.0,,,,
IDRiD_51_2048_1024,0.42028157306654745,0.3784972396334004,0.0,0.0,,,,
IDRiD_51_2048_1536,0.0,0.0,0.0,0.0,0.0,0.0,0.9672960520350363,0.9613036451743522
IDRiD_51_2048_2048,,,,,,,0.678230702500472,0.5131233595632178
IDRiD_51_2048_2560,,,0.0,0.0,,,,
IDRiD_51_2048_512,0.0,0.0,0.0,0.0,0.0,0.0,0.36878185972714134,0.3263507207266789
IDRiD_51_512_1024,,,0.0,0.0,,,,
IDRiD_51_512_1536,,,,,0.0,0.0,,
IDRiD_51_512_2048,,,0.0,0.0,,,,
IDRiD_52_0_2560,,,0.0,0.0,,,,
IDRiD_52_1024_0,,,,,0.5238095237717308,0.4548872179881094,,
IDRiD_52_1024_2560,0.0,0.0,0.0,0.0,,,,
IDRiD_52_1024_3072,,,0.0,0.0,,,,
IDRiD_52_1536_2048,,,0.0,0.0,0.0,0.0,,
IDRiD_52_1536_2560,,,0.0,0.0,,,,
IDRiD_52_1536_3072,0.0,0.0,0.0,0.0,,,,
IDRiD_52_2048_2048,0.0,0.0,0.0,0.0,,,,
IDRiD_52_2048_2560,,,0.0,0.0,,,,
IDRiD_52_2048_3072,,,0.0,0.0,,,0.7680501174567889,0.8914742773879026
IDRiD_52_512_0,0.0,0.0,,,,,,
IDRiD_52_512_2048,,,0.0,0.0,0.0,0.0,,
IDRiD_52_512_2560,,,0.0,0.0,,,0.6845497019438975,0.999999999976465
IDRiD_52_512_512,0.0,0.0,0.0,0.0,,,,
IDRiD_53_0_1024,0.5614550653248026,0.5955349620842836,0.0,0.0,,,,
IDRiD_53_0_1536,,,0.0,0.0,,,,
IDRiD_53_0_2048,,,0.0,0.0,,,,
IDRiD_53_0_2560,,,0.0,0.0,,,,
IDRiD_53_0_3072,,,0.0,0.0,,,,
IDRiD_53_0_512,0.3606943218540645,0.27464157705477954,0.0,0.0,,,,
IDRiD_53_1024_1536,,,,,0.0,0.0,,
IDRiD_53_1024_2048,0.10093217614590383,0.06517227064901734,0.0,0.0,0.3512686998896498,0.3297129557745584,,
IDRiD_53_1024_2560,0.6025151225708306,0.5631881757734193,0.0,0.0,,,,
IDRiD_53_1024_3072,0.7190771960926394,0.5919217003827921,0.0,0.0,0.0,0.0,,
IDRiD_53_1536_1536,0.0,0.0,,,,,,
IDRiD_53_1536_2048,0.6708259061150413,0.6225530741573952,0.0,0.0,0.0,0.0,,
IDRiD_53_1536_2560,0.4623237071798211,0.5157326940211048,0.0,0.0,0.0,0.0,,
IDRiD_53_1536_3072,0.7272293752922648,0.7363592467288531,0.0,0.0,0.0,0.0,0.7593317342054482,0.9999999999889159
IDRiD_53_1536_3584,0.8528765919945415,0.9867886178527511,,,,,,
IDRiD_53_1536_512,,,0.0,0.0,,,,
IDRiD_53_2048_1024,0.5303292893821204,0.47076923069680476,0.0,0.0,0.0,0.0,,
IDRiD_53_2048_1536,0.0,0.0,0.0,0.0,,,,
IDRiD_53_2048_2048,0.0,0.0,0.0,0.0,0.0,0.0,,
IDRiD_53_2048_2560,0.0,0.0,0.0,0.0,0.4264705881960964,0.3747980613287887,,
IDRiD_53_2048_3072,0.0,0.0,0.0,0.0,,,,
IDRiD_53_2048_512,,,0.0,0.0,,,,
IDRiD_53_512_0,,,0.0,0.0,,,,
IDRiD_53_512_1536,,,0.0,0.0,,,,
IDRiD_53_512_2560,0.6111613876293421,0.5215120982531329,0.0,0.0,,,,
IDRiD_53_512_3072,,,,,0.0,0.0,,
IDRiD_53_512_512,0.0,0.0,0.0,0.0,,,,
IDRiD_54_0_1536,,,0.0,0.0,,,,
IDRiD_54_0_2048,,,0.0,0.0,,,,
IDRiD_54_0_2560,0.4290535111613522,0.4018663455628577,0.0,0.0,0.7020808661698177,0.8459029759133346,,
IDRiD_54_0_3072,0.0,0.0,0.0,0.0,,,,
IDRiD_54_1024_0,0.0,0.0,0.0,0.0,,,,
IDRiD_54_1024_1024,,,0.0,0.0,,,,
IDRiD_54_1024_1536,,,0.0,0.0,,,,
IDRiD_54_1024_2048,0.4107462686505859,0.26065542715929807,0.0,0.0,0.4141559062451384,0.9999999997690531,,
IDRiD_54_1024_2560,0.28962900505596934,0.3628201742708524,0.0,0.0,0.4918653045595208,0.5666957279366438,,
IDRiD_54_1024_3072,0.15192034138970356,0.12264584289744393,0.0,0.0,0.0,0.0,,
IDRiD_54_1024_3584,0.0,0.0,0.0,0.0,,,,
IDRiD_54_1024_512,0.0,0.0,,,,,,
IDRiD_54_1536_0,0.0,0.0,0.0,0.0,,,,
IDRiD_54_1536_1536,,,0.0,0.0,,,,
IDRiD_54_1536_2048,,,0.0,0.0,,,,
IDRiD_54_1536_2560,0.0,0.0,0.0,0.0,0.0,0.0,,
IDRiD_54_1536_512,0.08713029575990687,0.04554951942977228,0.0,0.0,,,,
IDRiD_54_2048_0,,,,,,,0.8857539315243813,0.798582151759859
IDRiD_54_2048_1024,,,,,,,0.5123026074088817,0.41728985939523516
IDRiD_54_2048_1536,,,0.0,0.0,,,,
IDRiD_54_2048_2048,0.6231605885717747,0.4669223393607936,0.0,0.0,,,,
IDRiD_54_2048_2560,0.4081130915712331,0.6275992438167864,0.0,0.0,,,,
IDRiD_54_2048_3072,0.20308250224813393,0.11498973304774233,0.0,0.0,,,,
IDRiD_54_2048_512,,,,,,,0.8008469974980951,0.6863018797628299
IDRiD_54_512_0,0.0,0.0,,,,,,
IDRiD_54_512_1024,,,0.0,0.0,,,,
IDRiD_54_512_1536,,,0.0,0.0,0.0,0.0,,
IDRiD_54_512_2048,,,0.0,0.0,,,,
IDRiD_54_512_2560,0.38226972649509167,0.6673984631905928,0.0,0.0,0.44124281452054687,0.7029909575538374,,
IDRiD_54_512_3072,0.6099541584766865,0.5076855990351282,0.0,0.0,,,,
IDRiD_54_512_512,0.3992523364336728,0.4282277465574797,,,,,,
IDRiD_55_0_1024,,,,,0.23353293406181647,0.1559999999376,,
IDRiD_55_0_1536,,,,,0.5747572815501156,0.6114216281821212,,
IDRiD_55_0_2048,,,0.0,0.0,0.6240994769549391,0.5880602566459547,,
IDRiD_55_1024_1024,,,0.0,0.0,0.6385938350154039,0.6507714561202952,,
IDRiD_55_1024_1536,0.0,0.0,0.0,0.0,0.6726736319897468,0.5978721982820625,,
IDRiD_55_1024_2048,,,0.0,0.0,0.7624879414597524,0.8167269428017482,,
IDRiD_55_1024_2560,,,0.0,0.0,0.6851490277328208,0.80492942911124,,
IDRiD_55_1536_1024,,,0.0,0.0,0.3170532059998449,0.24299456294098712,,
IDRiD_55_1536_1536,,,0.0,0.0,0.4773665985211007,0.43409970407137033,,
IDRiD_55_1536_2048,0.3427677715536917,0.3393945449061905,0.0,0.0,0.4404112790137077,0.4466034755099004,0.0,0.0
IDRiD_55_1536_2560,0.7559442988399445,0.7505408032079802,0.0,0.0,0.660737001928002,0.6628859612995823,0.0,0.0
IDRiD_55_1536_3072,,,,,0.5801312089835958,0.570769940038231,,
IDRiD_55_1536_512,,,,,0.5749741468161854,0.5270142179595246,,
IDRiD_55_2048_1024,,,,,0.48195576245844524,0.3676731793307863,,
IDRiD_55_2048_1536,,,0.0,0.0,0.1454703832689255,0.08794102158567978,,
IDRiD_55_2048_2048,,,0.0,0.0,0.5612713360767435,0.6394849785321958,,
IDRiD_55_2048_2560,,,,,0.5766309507643543,0.5769439543996678,,
IDRiD_55_512_1024,0.0,0.0,0.0,0.0,0.5557990295812243,0.5440644726342341,,
IDRiD_55_512_1536,0.6596677198995039,0.5362943321091102,0.0,0.0,0.7624155235150905,0.8457156979265817,,
IDRiD_55_512_2048,0.899243727356602,0.9343224569652655,0.0,0.0,0.643250909538579,0.6917506631281386,,
IDRiD_55_512_2560,,,,,0.0,0.0,,
IDRiD_56_0_1024,,,0.0,0.0,,,,
IDRiD_56_0_1536,,,0.0,0.0,,,,
IDRiD_56_0_2048,0.07480694980604721,0.03888610135425381,0.0,0.0,,,,
IDRiD_56_0_2560,0.521764968057269,0.36114967350413607,,,,,,
IDRiD_56_0_3072,0.0,0.0,,,,,0.9168652913599966,0.9210287318323933
IDRiD_56_0_512,,,0.0,0.0,,,,
IDRiD_56_1024_0,0.0,0.0,,,,,,
IDRiD_56_1024_1024,,,0.0,0.0,,,,
IDRiD_56_1024_1536,,,0.0,0.0,,,,
IDRiD_56_1024_2048,,,,,0.42874977706183487,0.6805057557901396,,
IDRiD_56_1024_2560,0.0,0.0,0.0,0.0,0.15373815373275754,0.4187380496331285,,
IDRiD_56_1024_3072,0.5046060280810991,0.4895019954842139,0.0,0.0,,,,
IDRiD_56_1536_1024,0.0,0.0,,,,,,
IDRiD_56_1536_1536,,,0.0,0.0,,,,
IDRiD_56_1536_2048,0.13351877607711218,0.11194247400532559,,,0.2200772200701391,0.2164556961888319,,
IDRiD_56_1536_2560,0.05788465630862131,0.03851600113173277,0.0,0.0,,,0.0,0.0
IDRiD_56_1536_512,0.5783236371347054,0.5824652777524972,,,,,,
IDRiD_56_2048_1024,0.7150461615222593,0.636437666565604,,,0.0,0.0,,
IDRiD_56_2048_1536,,,0.0,0.0,,,,
IDRiD_56_2048_2048,0.6385623361988876,0.48306332841868055,0.0,0.0,,,,
IDRiD_56_2048_2560,0.7287464555113992,0.6299602256931368,,,,,0.6983645020999354,0.9992101105647866
IDRiD_56_2048_3072,,,0.0,0.0,,,,
IDRiD_56_2048_512,0.0,0.0,,,,,,
IDRiD_56_512_1024,0.7515580437268852,0.9391499471892932,0.0,0.0,,,,
IDRiD_56_512_1536,,,0.0,0.0,0.1750503017932545,0.23324396776588632,,
IDRiD_56_512_2048,,,,,0.45046904314774416,0.6268929503752769,,
IDRiD_56_512_2560,0.458363355633256,0.35963495396252915,0.0,0.0,,,,
IDRiD_56_512_3072,0.33678192213220265,0.24916910061185243,0.0,0.0,0.0,0.0,0.9277650897196483,0.971772264363531
IDRiD_57_0_1024,,,,,0.0,0.0,,
IDRiD_57_0_1536,0.0,0.0,,,0.0,0.0,,
IDRiD_57_0_2048,,,,,0.0,0.0,,
IDRiD_57_0_512,,,,,0.0,0.0,,
IDRiD_57_1024_0,,,,,0.0,0.0,,
IDRiD_57_1024_1024,,,0.0,0.0,0.21891760116749245,0.13817510386000653,,
IDRiD_57_1024_1536,,,0.0,0.0,0.6532214884766514,0.5907036797743479,,
IDRiD_57_1024_2048,,,,,0.0,0.0,,
IDRiD_57_1024_512,,,,,0.0,0.0,,
IDRiD_57_1536_0,0.0,0.0,,,0.0,0.0,,
IDRiD_57_1536_1024,,,,,0.39885904444656634,0.3733313556752695,,
IDRiD_57_1536_1536,,,,,0.48280060882065756,0.4286486486370636,,
IDRiD_57_1536_2048,,,,,0.3261213720144527,0.2366003062605972,,
IDRiD_57_1536_512,,,0.0,0.0,0.095758354752707,0.058112324490713255,,
IDRiD_57_2048_1024,,,,,0.0,0.0,,
IDRiD_57_2048_1536,,,,,0.0,0.0,,
IDRiD_57_2048_512,,,0.0,0.0,0.0,0.0,,
IDRiD_57_512_0,,,,,0.0,0.0,,
IDRiD_57_512_1024,,,0.0,0.0,0.0,0.0,,
IDRiD_57_512_1536,0.0,0.0,,,0.2357414448221024,0.14155251138320718,,
IDRiD_57_512_512,,,0.0,0.0,0.20635872824815962,0.15940685819465214,,
IDRiD_58_0_1536,0.20473577822401479,0.322126306209808,0.0,0.0,,,,
IDRiD_58_0_2048,,,0.0,0.0,0.5715145436251603,0.565165641726539,,
IDRiD_58_0_2560,,,0.0,0.0,0.7152317880579401,0.9793899422110972,,
IDRiD_58_0_3072,,,0.0,0.0,,,,
IDRiD_58_0_512,,,0.0,0.0,,,,
IDRiD_58_1024_0,,,,,0.5865341165749882,0.7760063770117176,,
IDRiD_58_1024_1024,,,0.0,0.0,,,,
IDRiD_58_1024_1536,0.6253258334390819,0.7064476131213129,0.0,0.0,0.5246606638822112,0.511396384581834,,
IDRiD_58_1024_2048,,,,,0.5764002175032473,0.5723542116507051,,
IDRiD_58_1024_2560,0.0,0.0,0.0,0.0,0.48496993987570997,0.8486265341657327,,
IDRiD_58_1024_3584,,,,,0.0,0.0,,
IDRiD_58_1536_0,,,,,0.7215556888586204,0.670662577821107,,
IDRiD_58_1536_1536,0.0,0.0,,,,,,
IDRiD_58_1536_2048,0.29871188651070096,0.17557983515093772,,,0.0,0.0,,
IDRiD_58_1536_2560,0.647778765931276,0.525022310698668,0.0,0.0,,,,
IDRiD_58_1536_3072,0.19294990723286784,0.11926605504376736,,,,,,
IDRiD_58_1536_512,,,0.0,0.0,0.6095312806313095,0.4945894334661175,,
IDRiD_58_2048_1024,,,,,0.5509641872974675,0.6451612902393341,,
IDRiD_58_2048_1536,0.0,0.0,,,,,,
IDRiD_58_2048_2048,,,0.0,0.0,,,,
IDRiD_58_2048_2560,0.48916541513646933,0.34080717487770384,,,,,,
IDRiD_58_2048_3072,0.03656998738919836,0.018625561977923887,,,0.5424760121630883,0.5491589670564047,,
IDRiD_58_512_1024,0.7190813662260375,0.901048274014148,,,,,,
IDRiD_58_512_1536,0.31646655230203835,0.2363869314390527,0.0,0.0,0.5625723898280223,0.5745184183813534,,
IDRiD_58_512_2048,,,,,0.3377510749818121,0.27401318933122415,,
IDRiD_58_512_2560,0.8358771251891621,0.9345501673945938,0.0,0.0,0.3196448390322259,0.2557726464909818,,
IDRiD_58_512_3072,,,0.0,0.0,0.21796407183018396,0.16666666663614166,,
IDRiD_58_512_512,0.7673772011056754,0.75899999998735,,,,,,
IDRiD_59_0_1024,,,0.0,0.0,,,,
IDRiD_59_0_1536,0.7160448446910858,0.6159683794369017,0.0,0.0,0.0,0.0,0.9170918367322568,0.9770127958273297
IDRiD_59_0_2048,,,,,,,0.9211727871617619,0.9664009306430136
IDRiD_59_1024_1024,0.5318976025897624,0.7740981667194501,0.0,0.0,0.17337807605294306,0.2570480928263602,0.0,0.0
IDRiD_59_1024_1536,,,0.0,0.0,0.6690312314257002,0.7331400478980917,,
IDRiD_59_1024_2048,0.6484614145267563,0.7370444973313122,,,0.5021613108584855,0.4381358905365563,,
IDRiD_59_1024_512,0.0,0.0,0.0,0.0,,,,
IDRiD_59_1536_0,,,0.0,0.0,,,,
IDRiD_59_1536_1024,0.0,0.0,,,0.4340101522800272,0.5343749999871544,,
IDRiD_59_1536_1536,,,0.0,0.0,0.39842994481825794,0.5954769596906058,,
IDRiD_59_1536_2048,0.6602606951816489,0.7544395646218361,0.0,0.0,0.5089826724725313,0.7325581395124676,,
IDRiD_59_1536_2560,,,,,0.0,0.0,,
IDRiD_59_1536_3072,,,,,0.0,0.0,,
IDRiD_59_1536_512,0.8338665390310758,0.7432972560257632,0.0,0.0,,,,
IDRiD_59_2048_1024,0.3727839003309441,0.2480867346899221,,,,,,
IDRiD_59_2048_1536,,,0.0,0.0,,,,
IDRiD_59_2048_2048,0.5196480938111643,0.38588850170854627,0.0,0.0,,,0.0,0.0
IDRiD_59_2048_2560,,,,,0.3356818181780036,0.3049762543814789,0.9127404676867401,0.9096753824490983
IDRiD_59_2048_3072,,,,,0.5004962427300405,0.5709202652341756,,
IDRiD_59_2048_512,,,0.0,0.0,,,,
IDRiD_59_512_1024,0.23076200319241977,0.15958414554698397,0.0,0.0,0.36617972553903333,0.5007263922396918,0.9309450728104592,0.913130146683558
IDRiD_59_512_1536,0.6448218848607404,0.5756843800270559,0.0,0.0,0.5048676438402295,0.5107901726399359,0.0,0.0
IDRiD_59_512_512,0.23194921978005886,0.340186190832421,0.0,0.0,,,0.7175699300667938,0.9975695710171639
IDRiD_60_0_1536,,,0.0,0.0,,,,
IDRiD_60_0_512,,,,,,,0.7289314983651008,0.7105818510488218
IDRiD_60_1024_0,,,,,0.22456709956102364,0.18812330008213404,,
IDRiD_60_1024_1024,,,,,0.49369050253500796,0.6415420022645832,,
IDRiD_60_1024_1536,0.0,0.0,0.0,0.0,0.5392745727962971,0.5050143891121913,,
IDRiD_60_1024_2048,0.0,0.0,0.0,0.0,0.0,0.0,0.9086504203946323,0.991601866221101
IDRiD_60_1024_2560,0.7990057171225503,0.9773777669547873,0.0,0.0,0.0,0.0,0.6020782395996015,0.7176684881341469
IDRiD_60_1024_3072,,,,,0.0,0.0,,
IDRiD_60_1536_1024,,,0.0,0.0,0.0097328433806653,0.6497237568342847,,
IDRiD_60_1536_1536,0.0,0.0,,,0.30975670930135746,0.3334233261249076,,
IDRiD_60_1536_2048,,,0.0,0.0,0.2157268494512228,0.5530503978046353,,
IDRiD_60_1536_2560,0.19800900040640926,0.25103734438965986,0.0,0.0,0.37948582380292456,0.4048223350196726,,
IDRiD_60_1536_3072,,,0.0,0.0,,,,
IDRiD_60_1536_512,,,,,0.3563777993810732,0.25381414698282745,,
IDRiD_60_2048_0,,,,,0.0,0.0,,
IDRiD_60_2048_1024,0.0,0.0,,,0.4521057786454319,0.4594558725884611,,
IDRiD_60_2048_1536,,,0.0,0.0,,,,
IDRiD_60_2048_2048,,,0.0,0.0,0.28662589736581606,0.293054234058814,0.0,0.0
IDRiD_60_2048_2560,0.6740642888575544,0.6367720465854866,0.0,0.0,0.4407221291561377,0.49873631000426555,0.8522893355994626,0.9742016760641167
IDRiD_60_2048_512,0.0,0.0,0.0,0.0,0.0,0.0,,
IDRiD_60_512_0,,,,,0.0,0.0,,
IDRiD_60_512_1024,,,0.0,0.0,,,,
IDRiD_60_512_1536,,,0.0,0.0,0.5145854657047776,0.5328563857834432,,
IDRiD_60_512_2048,0.07548770143869858,0.08127853880536269,0.0,0.0,,,0.9519753533867524,0.9962543264852484
IDRiD_60_512_2560,0.6587043068889358,0.4967248908025805,,,0.0,0.0,0.9049884712496706,0.9935709406477535
IDRiD_60_512_3072,,,,,,,0.756163485946792,0.7495940240216046
IDRiD_61_0_1024,0.598429302724493,0.43148888562795146,,,,,,
IDRiD_61_0_1536,0.42134070340751817,0.3425864727898542,0.0,0.0,,,,
IDRiD_61_0_2048,0.6167117291063685,0.44812423986857397,0.0,0.0,,,,
IDRiD_61_0_2560,,,0.0,0.0,,,,
IDRiD_61_0_512,0.5803039709351813,0.4087522674254705,,,,,,
IDRiD_61_1024_0,0.44214898322336116,0.3075451168712432,0.0,0.0,,,,
IDRiD_61_1024_1024,0.6385902106356424,0.5100684655648207,0.0,0.0,0.0,0.0,,
IDRiD_61_1024_1536,0.699852671991161,0.6829905890494685,0.0,0.0,0.5179877593644923,0.45245132127562193,,
IDRiD_61_1024_2048,0.066991473808344,0.04392971245655513,0.0,0.0,0.530519369699468,0.6093035410870338,,
IDRiD_61_1024_2560,0.6290593154544954,0.6636378044235636,0.0,0.0,,,,
IDRiD_61_1024_3072,0.3582339401473481,0.3590604026695025,0.0,0.0,,,,
IDRiD_61_1536_0,0.0,0.0,,,,,,
IDRiD_61_1536_1024,0.4087569791300506,0.3342946407033335,,,0.0,0.0,,
IDRiD_61_1536_1536,0.0,0.0,0.0,0.0,0.0,0.0,,
IDRiD_61_1536_2048,0.041891891891325785,0.02139406487203045,0.0,0.0,0.5079460269843309,0.7043240674660926,,
IDRiD_61_1536_2560,0.0,0.0,0.0,0.0,,,,
IDRiD_61_1536_512,0.5646835842885866,0.4655854979842145,0.0,0.0,,,,
IDRiD_61_2048_1024,0.7229428366109353,0.5925594435044241,,,,,,
IDRiD_61_2048_1536,0.5382623687878628,0.4171718888696081,,,,,,
IDRiD_61_2048_2048,0.45370195038777494,0.3225219219523069,,,,,,
IDRiD_61_2048_2560,0.5492964510370777,0.5758735273328378,0.0,0.0,,,,
IDRiD_61_2048_512,0.6000140989027528,0.462192175068659,,,,,,
IDRiD_61_512_0,0.5003113971325498,0.4151593453883276,,,,,,
IDRiD_61_512_1024,0.5523307516928027,0.4202135511479107,,,0.0,0.0,,
IDRiD_61_512_1536,0.5309931745349944,0.49032092095639385,0.0,0.0,0.6272425248961049,0.6718861209486202,,
IDRiD_61_512_2048,0.6304094113245992,0.5333438653991324,0.0,0.0,0.5124782356206478,0.49001109875194165,,
IDRiD_61_512_2560,0.6248387691168528,0.536203550635325,0.0,0.0,,,,
IDRiD_61_512_3072,0.0,0.0,,,,,,
IDRiD_61_512_512,0.8603524743205522,0.9273493521139303,,,,,,
IDRiD_62_0_1024,0.7256585365782862,0.9999999999731111,0.0,0.0,0.0,0.0,,
IDRiD_62_0_1536,,,,,0.0,0.0,,
IDRiD_62_0_512,0.0,0.0,,,0.23114119921512857,0.22420262662061888,,
IDRiD_62_1024_0,,,0.0,0.0,,,,
IDRiD_62_1024_2048,,,0.0,0.0,,,,
IDRiD_62_1024_2560,,,,,0.0,0.0,,
IDRiD_62_1024_3072,0.6792265741115614,0.6621556307234858,0.0,0.0,,,,
IDRiD_62_1536_0,,,0.0,0.0,,,,
IDRiD_62_1536_1024,,,0.0,0.0,,,,
IDRiD_62_1536_2560,,,,,0.697709401704631,0.7233801219236725,,
IDRiD_62_1536_3072,,,0.0,0.0,,,,
IDRiD_62_2048_2048,,,,,0.48554778554212646,0.5371325425338542,,
IDRiD_62_2048_2560,,,,,0.5220070051050302,0.5791740799673228,,
IDRiD_62_2048_512,,,,,0.0,0.0,,
IDRiD_62_512_1536,,,0.0,0.0,0.464052287531149,0.32469512190172334,,
IDRiD_62_512_512,,,,,0.0,0.0,,
IDRiD_63_0_1024,,,,,0.5635819813236329,0.5552777281558264,,
IDRiD_63_0_1536,,,,,0.37507168800659396,0.2638515330752057,,
IDRiD_63_0_2560,0.5212234706454051,0.47148503667580544,0.0,0.0,,,,
IDRiD_63_0_3072,,,0.0,0.0,,,,
IDRiD_63_1024_1024,,,,,0.7042759611866306,0.6611570247822373,,
IDRiD_63_1024_1536,,,,,0.719272656550373,0.8104525035519836,,
IDRiD_63_1024_3072,0.614577424835301,0.6002770082936212,,,,,,
IDRiD_63_1024_3584,0.0,0.0,,,,,,
IDRiD_63_1024_512,0.720589853629134,0.6592831252384357,,,,,,
IDRiD_63_1536_1536,,,0.0,0.0,0.6259060825519728,0.9744847889132008,,
IDRiD_63_1536_2048,,,,,0.0,0.0,,
IDRiD_63_1536_2560,,,,,0.0,0.0,,
IDRiD_63_1536_3072,,,,,0.3895061728274844,0.3011933174080576,,
IDRiD_63_1536_512,0.04038577456177258,0.05234374999591064,,,,,,
IDRiD_63_2048_1536,,,,,0.0,0.0,,
IDRiD_63_2048_2048,,,,,0.23354958294176206,0.17512161222463093,,
IDRiD_63_512_1024,,,,,0.6346043027260982,0.6089581125265704,,
IDRiD_63_512_1536,,,,,0.6957280755793082,0.6743474257827796,,
IDRiD_64_0_1024,,,0.0,0.0,0.337552742568558,0.5240174670200797,0.5742105438641695,0.4129496402857892
IDRiD_64_0_1536,0.5348122202742369,0.4898061020780595,0.0,0.0,0.4571428571310903,0.7893333332631703,,
IDRiD_64_0_2048,0.02099737532729669,0.010610079575194768,,,0.6684118171600022,0.8585574933427538,,
IDRiD_64_0_2560,,,,,0.6779517562133749,0.6119174942236885,,
IDRiD_64_0_3072,,,,,0.38290788011193627,0.6634615383339497,,
IDRiD_64_0_512,,,0.0,0.0,0.0,0.0,,
IDRiD_64_1024_1536,,,0.0,0.0,0.0,0.0,,
IDRiD_64_1024_2048,,,0.0,0.0,0.0,0.0,,
IDRiD_64_1024_2560,,,0.0,0.0,0.5132690705669805,0.45371344413576986,,
IDRiD_64_1024_3072,,,0.0,0.0,0.40676691728813574,0.454494539331994,,
IDRiD_64_1536_0,,,0.0,0.0,,,,
IDRiD_64_1536_2048,0.0,0.0,0.0,0.0,0.0,0.0,,
IDRiD_64_1536_2560,0.0,0.0,,,0.0,0.0,,
IDRiD_64_1536_3072,,,0.0,0.0,0.8090322580123205,0.8624484180381777,,
IDRiD_64_2048_1536,,,0.0,0.0,0.5418980312904859,0.7591937764936636,,
IDRiD_64_2048_2560,0.16813099041365684,0.20009505702946542,0.0,0.0,0.0,0.0,0.7474277232373665,0.7378938253464471
IDRiD_64_2048_3072,0.0,0.0,0.0,0.0,0.6591458500677562,0.7895752894228619,,
IDRiD_64_512_1024,,,0.0,0.0,,,,
IDRiD_64_512_1536,,,,,0.4824788230027531,0.585415990472948,,
IDRiD_64_512_2048,,,0.0,0.0,0.432229213659297,0.48203724953233257,,
IDRiD_64_512_2560,,,0.0,0.0,0.5781650435624622,0.5335014977056046,,
IDRiD_64_512_3072,,,0.0,0.0,0.0,0.0,,
IDRiD_65_0_1024,,,0.0,0.0,0.0,0.0,,
IDRiD_65_0_1536,,,0.0,0.0,,,,
IDRiD_65_0_2048,0.613284804339705,0.4693593314436379,0.0,0.0,0.3346512284618095,0.44700113163157296,,
IDRiD_65_0_2560,0.6493656285856585,0.5293841090489242,0.0,0.0,0.7890233106878424,0.7944147355440039,,
IDRiD_65_0_3072,0.24168618266412914,0.16923581501576793,0.0,0.0,0.0,0.0,,
IDRiD_65_0_3584,0.34583821803365544,0.28808593747186656,0.0,0.0,,,,
IDRiD_65_0_512,,,0.0,0.0,0.0,0.0,,
IDRiD_65_1024_1024,,,0.0,0.0,0.2435747040605356,0.4982547992801809,,
IDRiD_65_1024_1536,0.3051872528424009,0.2148706190561785,0.0,0.0,0.0,0.0,,
IDRiD_65_1024_2048,0.4785276073557169,0.4604370760999639,0.0,0.0,0.7235362204880571,0.8179842970677103,,
IDRiD_65_1024_2560,0.6139385379602886,0.600571700804187,0.0,0.0,0.1975096607957992,0.5943152454268462,,
IDRiD_65_1024_3072,0.4930977360438129,0.4469469469245772,0.0,0.0,0.2699146514911992,0.695373339409282,,
IDRiD_65_1024_3584,0.5615267377870152,0.9444939812540238,0.0,0.0,,,,
IDRiD_65_1536_1024,,,0.0,0.0,0.5457243554020986,0.5767496569187072,,
IDRiD_65_1536_1536,,,0.0,0.0,0.3378753165279407,0.5555114987884413,,
IDRiD_65_1536_2048,0.777183600666834,0.8449612402009095,0.0,0.0,0.37721582793936637,0.6490315119789236,,
IDRiD_65_1536_2560,,,0.0,0.0,0.0,0.0,,
IDRiD_65_1536_3072,0.6074007219942509,0.6743486973272196,0.0,0.0,0.412799999977984,0.5045632333110087,,
IDRiD_65_1536_3584,0.030652167215996652,0.9999999998994975,0.0,0.0,,,,
IDRiD_65_1536_512,,,,,0.5160239000403035,0.44600938965042214,,
IDRiD_65_2048_1536,,,0.0,0.0,,,,
IDRiD_65_2048_2048,,,,,0.2735229759000522,0.7485029935637707,,
IDRiD_65_2048_2560,0.6870723136611145,0.8456635556374764,,,,,,
IDRiD_65_2048_3072,,,0.0,0.0,0.540298507382045,0.43301435396339366,,
IDRiD_65_512_1024,,,0.0,0.0,,,,
IDRiD_65_512_1536,,,,,0.5081048926758137,0.6336547972226304,,
IDRiD_65_512_2048,0.0,0.0,,,0.5733212600649416,0.6897935779737409,,
IDRiD_65_512_2560,0.0,0.0,0.0,0.0,0.37794356146365266,0.44304182508831874,,
IDRiD_65_512_3072,,,0.0,0.0,0.14493905670184234,0.5542046605314889,,
IDRiD_65_512_3584,0.8074074073887174,0.722153209079828,0.0,0.0,,,,
IDRiD_66_0_1024,,,0.0,0.0,0.5740292988113493,0.5867984879154755,,
IDRiD_66_0_1536,,,0.0,0.0,0.30744982662280707,0.2870315872025303,,
IDRiD_66_0_2048,,,0.0,0.0,0.0,0.0,,
IDRiD_66_0_2560,,,,,0.0,0.0,,
IDRiD_66_0_512,,,0.0,0.0,,,,
IDRiD_66_1024_0,,,,,0.14591051581231376,0.10372771474458155,,
IDRiD_66_1024_1024,,,0.0,0.0,0.8636041425333357,0.9485618068561373,,
IDRiD_66_1024_1536,0.0726672171698871,0.050458715590543726,0.0,0.0,0.716489476032611,0.8064840318588309,,
IDRiD_66_1024_2048,,,0.0,0.0,0.725926952664437,0.8694372198540541,,
IDRiD_66_1024_2560,,,,,0.5792879437648659,0.5017142857120803,,
IDRiD_66_1024_512,0.5441676104036193,0.4390132480384188,0.0,0.0,0.5497994652360477,0.5340909090822388,,
IDRiD_66_1536_1024,0.44355697549404804,0.3632795464298614,0.0,0.0,0.7523356343403577,0.696956527137078,,
IDRiD_66_1536_1536,,,0.0,0.0,0.80938751045684,0.9582647105693286,,
IDRiD_66_1536_2048,,,,,0.7625936404555574,0.7467417061598363,,
IDRiD_66_1536_2560,,,0.0,0.0,0.3597027971949366,0.46470920381339864,,
IDRiD_66_1536_512,,,,,0.7227061493554032,0.6187497686790083,,
IDRiD_66_2048_1024,,,,,0.7323987003224462,0.76879667103542,,
IDRiD_66_2048_1536,,,,,0.6446983629272974,0.6668329799135161,,
IDRiD_66_2048_512,,,,,0.5310365310207592,0.5764023210460089,,
IDRiD_66_512_0,,,,,0.0,0.0,,
IDRiD_66_512_1024,0.24559016913687212,0.14405021543622507,0.0,0.0,0.6399599976915592,0.6684746579869655,,
IDRiD_66_512_1536,,,0.0,0.0,0.8118198365667859,0.9057902823114021,,
IDRiD_66_512_2048,,,0.0,0.0,0.7447932956407677,0.783214424259503,,
IDRiD_66_512_2560,,,,,0.5370764762774726,0.5212326193062526,,
IDRiD_66_512_512,,,,,0.5788831248063326,0.606651742878087,,
IDRiD_67_0_1024,0.8348558941569763,0.8311660786185701,0.0,0.0,0.0,0.0,,
IDRiD_67_0_1536,0.30092236740775735,0.3650917003362591,0.0,0.0,0.11901197604345015,0.10571808509935385,0.6906382558925456,0.9999999999928582
IDRiD_67_0_2048,0.6101213121805898,0.7909253331318733,0.0,0.0,,,,
IDRiD_67_0_512,,,0.0,0.0,,,,
IDRiD_67_1024_1024,0.6151003394756774,0.6790966884839253,0.0,0.0,,,,
IDRiD_67_1024_1536,0.43138008325051946,0.325190692282271,,,0.25537050445919934,0.17901861251509243,,
IDRiD_67_1024_2048,0.0,0.0,0.0,0.0,,,,
IDRiD_67_1024_2560,,,0.0,0.0,0.0,0.0,,
IDRiD_67_1024_512,0.8018457802044885,0.7302486065613985,0.0,0.0,,,,
IDRiD_67_1536_1024,0.5144320879637984,0.521799746507962,,,0.33870129869543375,0.3583730304009391,,
IDRiD_67_1536_1536,0.0,0.0,0.0,0.0,0.575975389710486,0.7408872992866533,,
IDRiD_67_1536_2048,0.0,0.0,0.0,0.0,0.7770593196295458,0.9407760380571288,,
IDRiD_67_1536_2560,0.5600933488860356,0.4776119402905869,,,0.0,0.0,,
IDRiD_67_1536_512,0.0,0.0,0.0,0.0,,,,
IDRiD_67_2048_1024,0.6774948785464515,0.5711818406090738,0.0,0.0,0.0,0.0,,
IDRiD_67_2048_1536,0.7369799243499527,0.6884555276164405,,,0.0,0.0,,
IDRiD_67_2048_2048,0.0,0.0,0.0,0.0,,,,
IDRiD_67_2048_2560,0.5144047205652759,0.711815561891276,,,,,,
IDRiD_67_2048_512,0.4611844495523654,0.3268108479174938,,,,,,
IDRiD_67_512_1024,0.8941475422818465,0.876060063791519,0.0,0.0,0.0,0.0,,
IDRiD_67_512_1536,0.4048429392378238,0.48219032428917874,0.0,0.0,0.03797468354029803,0.07142857140022676,,
IDRiD_67_512_2048,0.7000892795800423,0.8340014726267364,0.0,0.0,,,,
IDRiD_67_512_2560,,,0.0,0.0,,,,
IDRiD_67_512_512,0.5670646445028819,0.49801624786514237,0.0,0.0,0.4643423137508445,0.6053719007013694,,
IDRiD_68_0_1536,,,0.0,0.0,,,,
IDRiD_68_0_2560,0.6900064336227214,0.7421289355236751,,,,,,
IDRiD_68_1024_0,0.7709698558314981,0.6679078310224279,,,,,,
IDRiD_68_1024_1536,0.0,0.0,0.0,0.0,,,,
IDRiD_68_1024_2048,0.0,0.0,0.0,0.0,0.0,0.0,,
IDRiD_68_1024_2560,0.0,0.0,,,0.44739783877223455,0.8592557251498447,,
IDRiD_68_1024_3072,0.5834681396702172,0.6321819425390545,0.0,0.0,,,,
IDRiD_68_1024_512,0.0,0.0,,,,,,
IDRiD_68_1536_0,0.3578915843048922,0.24504442925328063,,,,,,
IDRiD_68_1536_1536,0.23905632812012592,0.27332343479167703,,,,,,
IDRiD_68_1536_2048,0.5762321872125082,0.5766392799174387,,,,,,
IDRiD_68_1536_2560,0.6095329802593233,0.6265071081504712,,,0.35139964263396667,0.24789915965344964,,
IDRiD_68_1536_3072,0.1450883002205504,0.9958333333144729,,,,,,
IDRiD_68_1536_512,0.6808198261666643,0.5791287840914221,,,,,,
IDRiD_68_2048_0,0.0,0.0,,,,,,
IDRiD_68_2048_1536,,,0.0,0.0,0.0,0.0,,
IDRiD_68_2048_2048,0.6172488259681602,0.6849111863349249,0.0,0.0,0.0,0.0,,
IDRiD_68_2048_2560,,,,,0.0,0.0,0.6964595983172416,0.9902773350282101
IDRiD_68_2048_512,0.8717101570129241,0.9208457576547816,,,,,,
IDRiD_68_512_1536,,,0.0,0.0,,,,
IDRiD_68_512_2048,0.5067626256338389,0.4185283869616825,0.0,0.0,0.6480760129577048,0.7160901045799187,0.5269736589834478,0.7994416007352321
IDRiD_68_512_2560,0.7417514051540663,0.8472018033828559,0.0,0.0,0.0,0.0,,
IDRiD_68_512_3072,0.03400860117690695,0.18345543344983348,0.0,0.0,,,,
IDRiD_69_0_1024,0.23923838224636404,0.14337314780551091,,,,,,
IDRiD_69_0_1536,0.8197930682497256,0.8915032459872658,,,,,,
IDRiD_69_0_2048,0.6617137196612717,0.7305242843310998,0.0,0.0,0.7575617521677257,0.9939361271998791,,
IDRiD_69_0_2560,0.0,0.0,0.0,0.0,0.41131815042019887,0.8842729967702453,,
IDRiD_69_0_3072,0.2881980426005285,0.7342329128561387,,,,,,
IDRiD_69_0_512,0.0,0.0,0.0,0.0,,,,
IDRiD_69_1024_1024,,,0.0,0.0,0.0,0.0,,
IDRiD_69_1024_1536,0.4655994134152169,0.41557591622583356,0.0,0.0,0.3115875069288875,0.519088669942748,,
IDRiD_69_1024_2048,0.5721107927343348,0.524403589395395,0.0,0.0,0.43636611649012286,0.7268802544793582,,
IDRiD_69_1024_2560,0.43746912156899487,0.4201037449366137,0.0,0.0,0.5170362357891554,0.618770226497167,,
IDRiD_69_1024_3072,0.5989219404951304,0.45537340617925404,,,0.0,0.0,,
IDRiD_69_1536_0,0.2247043363847106,0.15066079293826776,0.0,0.0,,,,
IDRiD_69_1536_1536,,,0.0,0.0,0.1392733563993761,0.26379027852191206,,
IDRiD_69_1536_2048,0.40652818990896866,0.3109161056032157,0.0,0.0,0.4650926631065614,0.6705710102243568,,
IDRiD_69_1536_2560,0.4076900782493702,0.6187683284276021,,,,,,
IDRiD_69_1536_3072,,,0.0,0.0,,,,
IDRiD_69_2048_1024,0.6145196472991044,0.5043114315944516,,,,,,
IDRiD_69_2048_1536,0.5490445515068626,0.4383481718375868,,,0.0,0.0,,
IDRiD_69_2048_2048,0.5131367694493013,0.8539679368683315,0.0,0.0,0.0,0.0,,
IDRiD_69_2048_2560,,,0.0,0.0,,,,
IDRiD_69_2048_3072,,,0.0,0.0,,,,
IDRiD_69_512_1024,0.19641993226582133,0.4720930232192176,0.0,0.0,0.0,0.0,,
IDRiD_69_512_1536,0.5944496028000159,0.6902252036250546,0.0,0.0,0.1528156784878984,0.1641791044688604,,
IDRiD_69_512_2048,0.7007270389220517,0.7927484332990558,0.0,0.0,0.0,0.0,,
IDRiD_69_512_2560,0.500445785609696,0.4946112655019683,0.0,0.0,0.0,0.0,,
IDRiD_69_512_3072,0.5666608422106704,0.6798742138222249,,,0.0,0.0,,
IDRiD_69_512_512,,,0.0,0.0,,,,
IDRiD_70_0_1536,0.8349052110047165,0.8488957768142407,,,0.0,0.0,,
IDRiD_70_1024_1024,0.0,0.0,0.0,0.0,0.0,0.0,0.0,0.0
IDRiD_70_1024_1536,0.7959369094337877,0.7906498194931577,0.0,0.0,0.0,0.0,,
IDRiD_70_1024_2048,0.6461128387325978,0.7417380660803399,0.0,0.0,0.0,0.0,,
IDRiD_70_1024_512,0.29951690820757093,0.5441888619525309,0.0,0.0,,,0.9106113033424803,0.927533910066605
IDRiD_70_1536_0,,,0.0,0.0,,,,
IDRiD_70_1536_1024,0.0,0.0,,,0.0,0.0,,
IDRiD_70_1536_1536,0.7024045347859007,0.8198050793140798,0.0,0.0,,,,
IDRiD_70_1536_2048,0.7147292169467151,0.7004732927180207,0.0,0.0,0.4882020881546497,0.3587001737334311,,
IDRiD_70_1536_512,,,0.0,0.0,,,,
IDRiD_70_2048_512,,,0.0,0.0,,,,
IDRiD_70_512_0,0.7212608157997139,0.5640405992960832,,,,,,
IDRiD_70_512_1024,,,0.0,0.0,,,,
IDRiD_70_512_1536,0.7447852237309867,0.7402696514818937,0.0,0.0,0.0,0.0,,
IDRiD_70_512_2048,,,,,0.4720600500338272,0.32357649210327977,,
IDRiD_70_512_512,0.36492949110527373,0.29771908762909727,0.0,0.0,,,0.028678304238507535,0.01774006941697879
IDRiD_71_0_1024,0.0,0.0,0.0,0.0,0.0,0.0,,
IDRiD_71_0_1536,,,0.0,0.0,,,,
IDRiD_71_0_2048,,,0.0,0.0,0.0,0.0,,
IDRiD_71_0_2560,0.3054037100084891,0.20332915697032797,,,,,,
IDRiD_71_0_512,,,0.0,0.0,0.28858267715967356,0.49293880292582787,,
IDRiD_71_1024_0,0.0,0.0,0.0,0.0,0.07944389274285563,0.06339144214526285,,
IDRiD_71_1024_1024,0.0,0.0,0.0,0.0,0.6354398663689733,0.768712637869359,0.0,0.0
IDRiD_71_1024_1536,,,0.0,0.0,0.5414687357030807,0.62093454926462,,
IDRiD_71_1024_2048,,,0.0,0.0,0.0,0.0,,
IDRiD_71_1024_512,,,0.0,0.0,0.4319509250483507,0.410582470067548,0.0,0.0
IDRiD_71_1536_0,0.0,0.0,,,0.0,0.0,,
IDRiD_71_1536_1024,0.3990325236702396,0.32009577278467555,0.0,0.0,0.747835290226064,0.903131490652016,,
IDRiD_71_1536_1536,,,0.0,0.0,0.6415499944861605,0.6722305648569237,,
IDRiD_71_1536_2048,,,0.0,0.0,0.5237549049168503,0.6195372750554193,,
IDRiD_71_1536_2560,,,,,0.0,0.0,,
IDRiD_71_1536_3072,,,0.0,0.0,,,,
IDRiD_71_1536_512,0.0,0.0,0.0,0.0,0.7172436701846191,0.9251826989432617,,
IDRiD_71_2048_0,,,,,0.0,0.0,,
IDRiD_71_2048_1024,0.0,0.0,0.0,0.0,0.4806004242111907,0.43343143025053893,,
IDRiD_71_2048_1536,,,,,0.4031979581097395,0.4900547445210761,,
IDRiD_71_2048_2048,,,0.0,0.0,0.46092464216018686,0.5003248159322182,,
IDRiD_71_2048_3072,0.3511056669437747,0.7480769230563715,,,,,,
IDRiD_71_2048_512,0.28107283035018454,0.6146876489931002,0.0,0.0,0.525312499991792,0.6298239040603288,,
IDRiD_71_512_0,,,,,0.0,0.0,,
IDRiD_71_512_1024,0.6437902483841417,0.49807829180785657,0.0,0.0,0.6083485289014422,0.5673315562039954,,
IDRiD_71_512_1536,0.0,0.0,0.0,0.0,0.5421539713183049,0.6188762479612389,,
IDRiD_71_512_2048,0.0,0.0,0.0,0.0,0.015984955335402683,0.015624999998563878,,
IDRiD_71_512_512,0.3198982431010422,0.5803288145203251,0.0,0.0,0.43158029103630596,0.5574608408811631,0.0,0.0
IDRiD_72_0_1024,,,0.0,0.0,,,,
IDRiD_72_0_1536,,,0.0,0.0,0.0,0.0,,
IDRiD_72_0_2048,0.0,0.0,0.0,0.0,0.30788177338637596,0.25389302638768496,,
IDRiD_72_0_2560,,,0.0,0.0,0.0,0.0,0.2923829208030832,0.18035947509061284
IDRiD_72_0_3072,,,0.0,0.0,0.0,0.0,,
IDRiD_72_0_512,,,0.0,0.0,,,,
IDRiD_72_1024_0,,,,,0.0,0.0,,
IDRiD_72_1024_2048,0.0,0.0,,,0.5098565878434944,0.4888255311276664,,
IDRiD_72_1024_2560,0.6322521699309844,0.49772236872458114,,,0.8174939916303667,0.8361760242741355,,
IDRiD_72_1024_3072,0.0,0.0,0.0,0.0,0.5359338969971567,0.5907646684899224,,
IDRiD_72_1024_512,,,,,0.0,0.0,,
IDRiD_72_1536_1024,,,0.0,0.0,0.6510532150685829,0.5854935194270814,,
IDRiD_72_1536_1536,,,0.0,0.0,0.6252258763778379,0.6450410141204295,,
IDRiD_72_1536_2048,,,0.0,0.0,0.7684044394644934,0.8077602354786847,,
IDRiD_72_1536_2560,,,,,0.7227810037319541,0.7478074292590913,,
IDRiD_72_1536_3072,0.0,0.0,0.0,0.0,0.7654572079390858,0.8115637848227147,,
IDRiD_72_2048_1024,,,,,0.0,0.0,,
IDRiD_72_2048_1536,0.07055630935270607,0.03682719546220578,,,0.5600212935704014,0.8225175918043379,,
IDRiD_72_2048_2048,0.0,0.0,0.0,0.0,,,,
IDRiD_72_2048_2560,,,0.0,0.0,0.0,0.0,,
IDRiD_72_2048_3072,,,0.0,0.0,0.0,0.0,,
IDRiD_72_512_0,,,,,0.46328358208402043,0.4699612402986928,,
IDRiD_72_512_1536,,,,,0.1083265966017697,0.08862433862043104,,
IDRiD_72_512_2048,0.48770764116360743,0.3594515180842849,0.0,0.0,0.5581970835158103,0.5809418690177769,,
IDRiD_72_512_2560,,,0.0,0.0,0.0,0.0,,
IDRiD_72_512_3072,,,,,0.2870708546279375,0.3837890624625206,,
IDRiD_72_512_512,,,0.0,0.0,0.3708386841808669,0.3679670652741038,,
IDRiD_73_0_1024,,,0.0,0.0,,,,
IDRiD_73_0_1536,,,0.0,0.0,0.0,0.0,,
IDRiD_73_1024_1024,,,0.0,0.0,,,,
IDRiD_73_1024_1536,,,0.0,0.0,0.5968410150103982,0.8587928464657678,,
IDRiD_73_1024_2048,,,0.0,0.0,0.35639145679450457,0.8089725035008724,,
IDRiD_73_1024_2560,,,0.0,0.0,,,,
IDRiD_73_1536_1024,0.8257222739926393,0.7231809701408211,0.0,0.0,0.39899833053426553,0.39767054905177446,0.8962843806837998,0.9214835701067049
IDRiD_73_1536_1536,0.00712468193347966,0.0035750766086018854,0.0,0.0,0.43650572145027894,0.7674190381975056,,
IDRiD_73_1536_2048,,,0.0,0.0,0.5346960731432303,0.5419847327948754,,
IDRiD_73_1536_2560,,,0.0,0.0,,,,
IDRiD_73_1536_3072,0.0,0.0,,,,,,
IDRiD_73_1536_512,0.21006738009472584,0.23873873871723073,,,,,,
IDRiD_73_2048_1024,,,,,,,0.8528813559177478,0.9469326307509623
IDRiD_73_2048_1536,,,0.0,0.0,,,,
IDRiD_73_2048_2048,0.0,0.0,0.0,0.0,,,,
IDRiD_73_2048_2560,0.5284299090714014,0.430942895076783,0.0,0.0,,,0.5915492957713152,0.9383378015918081
IDRiD_73_2048_3072,0.7148033126232332,0.5864949037289567,0.0,0.0,,,,
IDRiD_73_512_1024,,,0.0,0.0,,,,
IDRiD_73_512_1536,0.25469728599480185,0.2570224718740137,0.0,0.0,0.40038684719105533,0.6189368770558493,,
IDRiD_73_512_2048,0.0,0.0,0.0,0.0,0.0,0.0,,
IDRiD_73_512_2560,0.49447353109398057,0.38955087072506406,,,,,,
IDRiD_74_0_2048,0.0,0.0,0.0,0.0,0.043504531719425706,0.029435813570773846,,
IDRiD_74_0_2560,,,0.0,0.0,0.0,0.0,,
IDRiD_74_0_3072,,,0.0,0.0,,,,
IDRiD_74_0_512,,,0.0,0.0,,,,
IDRiD_74_1024_1024,,,0.0,0.0,,,,
IDRiD_74_1024_1536,,,0.0,0.0,,,0.4929853181036461,0.3271270837808278
IDRiD_74_1024_2048,0.0,0.0,0.0,0.0,0.0,0.0,0.5842287379241626,0.6436597110496124
IDRiD_74_1024_2560,0.6238683127539925,0.6456558773355445,0.0,0.0,0.45223279648195247,0.5129748806204489,,
IDRiD_74_1024_3072,0.38444948293765163,0.47701386029261683,0.0,0.0,0.41939494404725247,0.5358277444216086,,
IDRiD_74_1536_0,,,0.0,0.0,,,,
IDRiD_74_1536_1024,,,0.0,0.0,,,,
IDRiD_74_1536_2048,,,0.0,0.0,0.525647003960564,0.7285506543750436,,
IDRiD_74_1536_2560,0.47827490476804,0.33660487095295705,0.0,0.0,0.0,0.0,,
IDRiD_74_1536_3072,0.24481787938032226,0.14312786754295703,0.0,0.0,0.0,0.0,,
IDRiD_74_2048_1536,0.4269284712362713,0.6722614840395528,0.0,0.0,,,,
IDRiD_74_2048_2048,0.5078888054065313,0.4306154449193393,0.0,0.0,,,,
IDRiD_74_2048_2560,0.7355160992541252,0.652347700454359,0.0,0.0,0.5196950444396635,0.785028790636271,,
IDRiD_74_2048_3072,0.8254460822182808,0.7780621571927583,0.0,0.0,,,,
IDRiD_74_2048_512,,,0.0,0.0,,,,
IDRiD_74_512_1024,,,0.0,0.0,,,,
IDRiD_74_512_1536,,,0.0,0.0,,,,
IDRiD_74_512_2048,0.0,0.0,0.0,0.0,0.08194343727041539,0.046752172112256844,,
IDRiD_74_512_2560,0.442225392290984,0.2957502168205421,0.0,0.0,0.2917490118559057,0.3616044090575382,,
IDRiD_74_512_3072,,,0.0,0.0,,,,
IDRiD_74_512_512,,,0.0,0.0,,,,
IDRiD_75_0_1024,0.4881063869592797,0.36745628877090447,0.0,0.0,,,,
IDRiD_75_0_1536,0.7641527537871267,0.6616376445522953,0.0,0.0,0.29780361756144047,0.25413450935754495,,
IDRiD_75_0_2048,0.618994509262959,0.45026210683693046,,,0.7310434218895865,0.7346938775191189,,
IDRiD_75_0_2560,0.15279060561877833,0.09158494147276836,0.0,0.0,,,,
IDRiD_75_0_512,0.22700035247701797,0.2701342281652572,0.0,0.0,,,,
IDRiD_75_1024_0,,,0.0,0.0,0.0,0.0,,
IDRiD_75_1024_1024,0.6920733396073113,0.8342681623820211,0.0,0.0,0.0,0.0,,
IDRiD_75_1024_1536,0.0,0.0,0.0,0.0,0.0,0.0,,
IDRiD_75_1024_2048,,,0.0,0.0,0.3933121018795133,0.29439809293272967,,
IDRiD_75_1024_512,0.0,0.0,0.0,0.0,,,,
IDRiD_75_1536_0,,,0.0,0.0,,,,
IDRiD_75_1536_1024,0.2908496731946936,0.17699701689834282,0.0,0.0,0.22779729050537895,0.155054644798152,,
IDRiD_75_1536_1536,,,0.0,0.0,0.0,0.0,,
IDRiD_75_1536_2048,,,0.0,0.0,0.0,0.0,,
IDRiD_75_1536_2560,0.15259853505273283,0.4514963880055987,0.0,0.0,,,,
IDRiD_75_1536_3072,0.3421987351612042,0.4216481639534234,,,,,,
IDRiD_75_1536_512,,,0.0,0.0,,,,
IDRiD_75_2048_1024,0.756356551380844,0.6543064216980565,0.0,0.0,0.0,0.0,0.7595653364954819,0.6475671467446666
IDRiD_75_2048_1536,0.3766460785412347,0.5144858325210289,0.0,0.0,,,,
IDRiD_75_2048_2048,0.18874643873971703,0.34595300256580247,0.0,0.0,,,,
IDRiD_75_2048_2560,0.40617639360892205,0.5209801946787184,0.0,0.0,,,,
IDRiD_75_2048_3072,0.8231870964302299,0.7834850783996371,0.0,0.0,,,,
IDRiD_75_2048_512,0.6529486920808758,0.7790436456871143,0.0,0.0,0.0,0.0,0.0,0.0
IDRiD_75_512_0,,,0.0,0.0,,,,
IDRiD_75_512_1024,0.60305409368818,0.6728917982157703,0.0,0.0,0.465853798154068,0.5283043365291054,,
IDRiD_75_512_1536,,,0.0,0.0,0.0,0.0,,
IDRiD_75_512_2048,0.6849524642040765,0.8157209786357179,0.0,0.0,0.5295614428898434,0.6757066462690716,,
IDRiD_75_512_2560,0.7790619238171558,0.6894849956165765,,,,,,
IDRiD_75_512_512,,,0.0,0.0,,,,
IDRiD_76_0_1024,0.0,0.0,0.0,0.0,,,,
IDRiD_76_0_1536,0.3260985022825971,0.3386776494790124,0.0,0.0,,,,
IDRiD_76_0_2560,0.0,0.0,0.0,0.0,,,,
IDRiD_76_0_512,0.2304932735374329,0.2948938611420026,,,,,,
IDRiD_76_1024_0,,,0.0,0.0,,,,
IDRiD_76_1024_1024,0.1752653301873875,0.22162162161749074,0.0,0.0,0.5096507728786505,0.5952904088622694,,
IDRiD_76_1024_1536,,,0.0,0.0,0.7530210454802917,0.7096609085001963,,
IDRiD_76_1024_2048,0.0,0.0,0.0,0.0,0.45461365340482723,0.40332778700820876,,
IDRiD_76_1024_3072,,,0.0,0.0,,,,
IDRiD_76_1024_3584,,,0.0,0.0,,,,
IDRiD_76_1024_512,0.3254217047271918,0.21397722810730316,0.0,0.0,0.30506953790595476,0.44041450775775864,,
IDRiD_76_1536_0,,,0.0,0.0,,,,
IDRiD_76_1536_1024,,,0.0,0.0,0.7510309695126101,0.832481849952205,,
IDRiD_76_1536_1536,,,0.0,0.0,,,,
IDRiD_76_1536_2048,0.5896624472418338,0.41810022436731115,0.0,0.0,,,,
IDRiD_76_1536_2560,0.9205446047457778,0.8635150590761815,0.0,0.0,,,,
IDRiD_76_1536_3072,,,,,0.0,0.0,,
IDRiD_76_1536_512,0.17945742057029263,0.11803435114391188,0.0,0.0,0.44207317072609154,0.3047285464044706,,
IDRiD_76_2048_1024,,,0.0,0.0,,,,
IDRiD_76_2048_1536,,,0.0,0.0,,,,
IDRiD_76_2048_2560,,,0.0,0.0,0.15168578380151765,0.0856963317878745,,
IDRiD_76_2048_3072,,,0.0,0.0,,,,
IDRiD_76_2048_512,0.6838203227163554,0.5464049250720594,0.0,0.0,,,,
IDRiD_76_512_0,0.6537493708944704,0.5392278953698951,0.0,0.0,,,,
IDRiD_76_512_1024,0.4912175797855503,0.4661654135272214,0.0,0.0,0.0,0.0,,
IDRiD_76_512_1536,0.6405451447962941,0.6778264228514596,0.0,0.0,,,,
IDRiD_76_512_2048,,,0.0,0.0,,,,
IDRiD_76_512_3072,,,0.0,0.0,,,,
IDRiD_76_512_512,0.6647745190721667,0.6564251608748926,0.0,0.0,0.0,0.0,,
IDRiD_77_0_1024,,,0.0,0.0,0.0,0.0,,
IDRiD_77_0_1536,0.0,0.0,0.0,0.0,0.2947925860460491,0.27725511896639427,,
IDRiD_77_0_2048,0.14035667106885438,0.15304285199580406,,,0.0,0.0,,
IDRiD_77_0_2560,0.678205732399305,0.5986687845049643,0.0,0.0,0.0,0.0,,
IDRiD_77_0_3072,,,0.0,0.0,0.0,0.0,,
IDRiD_77_0_512,,,0.0,0.0,,,,
IDRiD_77_1024_0,,,0.0,0.0,,,,
IDRiD_77_1024_1024,,,0.0,0.0,0.21135371177193416,0.5148936168021729,,
IDRiD_77_1024_1536,0.0,0.0,0.0,0.0,0.6991537245403627,0.7490285941977233,,
IDRiD_77_1024_2048,0.0,0.0,,,0.4584779706213821,0.4074513526244079,,
IDRiD_77_1024_2560,,,,,0.0,0.0,,
IDRiD_77_1024_3072,0.5424354243470949,0.8288360853472077,0.0,0.0,0.0,0.0,,
IDRiD_77_1024_3584,,,,,0.0,0.0,,
IDRiD_77_1024_512,,,0.0,0.0,,,,
IDRiD_77_1536_1024,0.3607815770983677,0.24760536397281585,0.0,0.0,0.0,0.0,,
IDRiD_77_1536_1536,,,,,0.38045801525555856,0.4198113207264278,,
IDRiD_77_1536_2048,,,0.0,0.0,0.0,0.0,,
IDRiD_77_1536_512,0.708010335911411,0.611079136681855,0.0,0.0,0.3757512411761726,0.3503898635392205,,
IDRiD_77_2048_0,,,0.0,0.0,,,,
IDRiD_77_2048_1024,0.0,0.0,0.0,0.0,0.19921938526427696,0.14893617021095518,,
IDRiD_77_2048_1536,,,0.0,0.0,0.46913172663471225,0.3984856982501827,,
IDRiD_77_2048_2048,,,0.0,0.0,0.3339404978647863,0.25392428438347536,,
IDRiD_77_2048_512,,,0.0,0.0,0.0,0.0,,
IDRiD_77_512_1024,,,0.0,0.0,0.0,0.0,,
IDRiD_77_512_1536,0.0,0.0,0.0,0.0,0.4249285636762581,0.3478621343103881,,
IDRiD_77_512_2048,,,,,0.40414847161351447,0.3233470172039187,,
IDRiD_77_512_2560,0.2558294470182658,0.1470137825308565,,,0.2852360227621333,0.22068727335139549,,
IDRiD_77_512_3072,,,0.0,0.0,0.0,0.0,,
IDRiD_77_512_512,0.0,0.0,0.0,0.0,,,,
IDRiD_78_0_1024,,,0.0,0.0,,,,
IDRiD_78_0_1536,,,0.0,0.0,,,,
IDRiD_78_0_2048,0.0,0.0,0.0,0.0,0.0,0.0,,
IDRiD_78_0_2560,0.5630459126413652,0.3918329176935214,0.0,0.0,0.34587517477853136,0.31065190089838274,,
IDRiD_78_0_3072,,,0.0,0.0,0.0,0.0,,
IDRiD_78_0_512,0.0,0.0,,,,,,
IDRiD_78_1024_0,,,0.0,0.0,,,,
IDRiD_78_1024_1024,,,,,0.26975945014864605,0.276895943513775,,
IDRiD_78_1024_1536,,,,,0.0,0.0,,
IDRiD_78_1024_2048,0.1656839941576089,0.09032467340954167,0.0,0.0,0.47412930798877756,0.4660350375318907,,
IDRiD_78_1024_2560,0.11181849750999168,0.059688581314141266,0.0,0.0,0.4870959444375928,0.48518233836804864,,
IDRiD_78_1024_3072,,,0.0,0.0,,,,
IDRiD_78_1024_512,,,0.0,0.0,,,,
IDRiD_78_1536_1536,,,0.0,0.0,,,,
IDRiD_78_1536_2048,0.415471218441702,0.2622049048759522,0.0,0.0,0.05963791266988083,0.0335128665449723,,
IDRiD_78_1536_2560,0.0,0.0,0.0,0.0,0.05608283002346494,0.03785672684695068,,
IDRiD_78_1536_3072,,,0.0,0.0,0.0,0.0,,
IDRiD_78_2048_1024,,,0.0,0.0,,,,
IDRiD_78_2048_2048,,,0.0,0.0,,,,
IDRiD_78_2048_2560,0.0,0.0,0.0,0.0,,,,
IDRiD_78_2048_3072,0.0,0.0,,,0.0,0.0,,
IDRiD_78_2048_512,,,0.0,0.0,0.0,0.0,,
IDRiD_78_512_0,,,0.0,0.0,,,,
IDRiD_78_512_1536,,,0.0,0.0,,,,
IDRiD_78_512_2048,,,0.0,0.0,0.664514121215544,0.6850886339909958,,
IDRiD_78_512_2560,0.26322489391610165,0.15159661127279572,0.0,0.0,0.5782007049701967,0.6560671584819919,,
IDRiD_78_512_3072,,,,,0.1417237648743083,0.35824977208941433,,
IDRiD_78_512_512,,,0.0,0.0,0.0,0.0,,
IDRiD_79_0_1024,,,0.0,0.0,0.0,0.0,,
IDRiD_79_0_1536,0.4715104715049548,0.44678492238477197,0.0,0.0,0.0,0.0,,
IDRiD_79_0_2048,0.6035753964185074,0.44510650975055704,0.0,0.0,,,,
IDRiD_79_0_2560,0.49093381686087517,0.3394558676006804,0.0,0.0,0.385135135118871,0.6951219511135485,,
IDRiD_79_0_512,0.7026894565906837,0.9776679167920616,0.0,0.0,,,,
IDRiD_79_1024_0,0.7226700419644083,0.6288695652101,,,,,,
IDRiD_79_1024_1024,0.0,0.0,0.0,0.0,0.48907146178507926,0.42925170067443197,,
IDRiD_79_1024_1536,0.0,0.0,,,0.5104009449405447,0.4850336742269265,,
IDRiD_79_1024_2048,,,0.0,0.0,0.5886669384397234,0.7284651280019112,,
IDRiD_79_1024_2560,0.0,0.0,0.0,0.0,0.677628352389774,0.7430091701531585,,
IDRiD_79_1024_3072,,,,,0.6568936921477883,0.609753675003876,,
IDRiD_79_1536_0,,,,,0.40069084627805074,0.5021645021373288,,
IDRiD_79_1536_1024,0.0,0.0,0.0,0.0,0.3874288810515462,0.3004201680546042,,
IDRiD_79_1536_1536,0.3093622794905453,0.1829855537573848,0.0,0.0,0.6373097006680934,0.7157134007816819,,
IDRiD_79_1536_2048,,,0.0,0.0,0.6470023137177169,0.7404000990934584,,
IDRiD_79_1536_2560,0.3202112337897213,0.21391917895401158,0.0,0.0,0.9058951039050848,0.8951943375111908,,
IDRiD_79_1536_3072,0.7932502515643887,0.735889702709063,0.0,0.0,0.6303107939112601,0.5865523798694787,,
IDRiD_79_1536_512,,,,,0.0,0.0,,
IDRiD_79_2048_1024,0.0,0.0,0.0,0.0,0.5027800780728406,0.4983583489564175,,
IDRiD_79_2048_1536,,,0.0,0.0,0.5682639199863614,0.5975762903390833,,
IDRiD_79_2048_2048,0.0,0.0,0.0,0.0,0.5300561413099751,0.47604992928441214,,
IDRiD_79_2048_2560,0.6008488814192199,0.5083414378655768,,,0.7746852704111373,0.9245747277852432,,
IDRiD_79_2048_3072,0.0,0.0,0.0,0.0,0.5027602091159918,0.5698657384338648,,
IDRiD_79_2048_512,0.0,0.0,0.0,0.0,0.22844344902257074,0.18681318677897196,,
IDRiD_79_512_0,0.6839600190304145,0.5412429378429144,,,0.153846153761623,0.09395973148056394,,
IDRiD_79_512_1024,0.0,0.0,0.0,0.0,0.5541457011534221,0.5485058466749999,,
IDRiD_79_512_1536,,,0.0,0.0,0.2973633440476223,0.2539543057940696,,
IDRiD_79_512_2048,0.0,0.0,0.0,0.0,0.40358335863341055,0.5127314814617002,,
IDRiD_79_512_2560,0.730350665036751,0.5845915601786841,0.0,0.0,0.5557228076033605,0.6166027465024677,,
IDRiD_79_512_3072,0.6831421005977305,0.6718749999611183,0.0,0.0,0.6672334998334867,0.6750537634263429,,
IDRiD_79_512_512,,,0.0,0.0,0.0,0.0,,
IDRiD_80_0_2048,0.8274593338470583,0.7441225982426184,,,,,,
IDRiD_80_0_2560,,,0.0,0.0,0.0,0.0,,
IDRiD_80_0_3072,,,,,0.0,0.0,,
IDRiD_80_1024_2048,,,,,0.0,0.0,,
IDRiD_80_1024_2560,,,,,0.0,0.0,,
IDRiD_80_1536_1536,,,0.0,0.0,,,,
IDRiD_80_1536_2048,,,,,0.0,0.0,,
IDRiD_80_1536_2560,,,,,0.0,0.0,,
IDRiD_80_1536_3072,,,,,0.36845348118493815,0.30020080318271075,,
IDRiD_80_2048_1536,,,,,0.0,0.0,,
IDRiD_80_2048_2048,,,0.0,0.0,,,,
IDRiD_80_2048_3072,,,0.0,0.0,0.0,0.0,,
IDRiD_80_512_2560,,,,,0.0,0.0,,
